review_date,product_name,category,source,author_name,rating,review_text
2023-01-01,Moisturising Sunscreen SPF50,Beauty,App Store,Priya S.,5,Good value for money. Very happy with it.
2023-01-01,Noise Cancelling Headphones,Electronics,Amazon,Ishaan B.,3,Decent product. Does exactly what it says.
2023-01-01,Leather Wallet Slim,Fashion,Flipkart,Aditya R.,3,Average quality. Not bad but not great either.
2023-01-02,Running Sports Shoes,Fashion,App Store,Karan V.,5,Extremely happy! Highly recommend to everyone.
2023-01-03,Non-Stick Frying Pan 26cm,Home & Living,Website,Kavya N.,5,Sturdy build and works perfectly. 5 stars!
2023-01-03,Running Sports Shoes,Fashion,Google Reviews,Ravi C.,4,Overall a great buy. Minor issues but nothing major.
2023-01-03,Laptop Stand Adjustable,Electronics,App Store,Shruti R.,3,Not as impressive as I expected. Just okay.
2023-01-03,Under Eye Cream Dark Circles,Beauty,App Store,Meera J.,4,Overall a great buy. Minor issues but nothing major.
2023-01-04,Cotton Round Neck T-Shirt,Fashion,App Store,Vikram T.,5,Outstanding quality. Totally worth the price.
2023-01-05,Webcam HD 1080p,Electronics,App Store,Meera J.,4,Excellent value. A minor quibble but overall great.
2023-01-05,Running Sports Shoes,Fashion,Google Reviews,Deepa M.,5,Excellent product. Zero complaints at all.
2023-01-05,Webcam HD 1080p,Electronics,Website,Rohan D.,5,Excellent product. Zero complaints at all.
2023-01-05,Mechanical Keyboard RGB,Electronics,Website,Sneha P.,5,Outstanding quality. Totally worth the price.
2023-01-06,Mechanical Keyboard RGB,Electronics,Google Reviews,Kavya N.,4,Very good product. Mostly happy with it.
2023-01-07,Scented Soy Wax Candle,Home & Living,Google Reviews,Nisha L.,4,Good experience. Would buy from here again.
2023-01-08,Non-Stick Frying Pan 26cm,Home & Living,Google Reviews,Karan V.,3,Okay for the price. Could be improved though.
2023-01-08,Webcam HD 1080p,Electronics,Amazon,Nikhil J.,5,Good value for money. Very happy with it.
2023-01-09,Running Sports Shoes,Fashion,Website,Dhruv A.,5,Absolutely love this! Works exactly as described.
2023-01-09,Bamboo Cutting Board Set,Home & Living,Google Reviews,Shruti R.,4,Works well. Delivery was faster than expected.
2023-01-09,Casual Denim Jacket,Fashion,Flipkart,Kartik P.,1,Does not work at all. Completely useless.
2023-01-10,USB-C Fast Charging Cable,Electronics,Flipkart,Ravi C.,2,Very disappointing. Returned the product.
2023-01-10,Casual Denim Jacket,Fashion,Flipkart,Shruti R.,2,Customer support was unhelpful. Frustrating.
2023-01-10,Sunglasses UV400 Polarized,Fashion,Google Reviews,Aditya R.,4,Good quality. Packaging was neat and tidy.
2023-01-11,Stainless Steel Water Bottle 1L,Home & Living,App Store,Ananya G.,4,"Good product, minor packaging damage but item fine."
2023-01-11,Non-Stick Frying Pan 26cm,Home & Living,Flipkart,Nisha L.,1,Broke after first use. Very fragile build.
2023-01-12,Leather Wallet Slim,Fashion,Google Reviews,Suresh B.,5,Fantastic product. Looks great and works well.
2023-01-12,Webcam HD 1080p,Electronics,App Store,Kavya N.,2,Broke sooner than expected. Very unhappy.
2023-01-12,Natural Aloe Vera Gel 200ml,Beauty,App Store,Meera J.,3,Average experience. Product works but barely.
2023-01-12,Vitamin C Face Serum 30ml,Beauty,App Store,Deepa M.,5,Works like a charm. Very pleased with this.
2023-01-13,Laptop Stand Adjustable,Electronics,Flipkart,Vikram T.,5,Absolutely love this! Works exactly as described.
2023-01-13,Moisturising Sunscreen SPF50,Beauty,App Store,Aditya R.,1,Extremely poor quality. Total waste of money.
2023-01-13,Moisturising Sunscreen SPF50,Beauty,Amazon,Pooja S.,4,Solid build quality. Would recommend to a friend.
2023-01-13,Non-Stick Frying Pan 26cm,Home & Living,Amazon,Arjun M.,3,Decent product. Does exactly what it says.
2023-01-14,Mechanical Keyboard RGB,Electronics,Website,Arjun M.,5,My family loves it. Great purchase overall.
2023-01-15,Stainless Steel Water Bottle 1L,Home & Living,App Store,Sneha P.,5,Fantastic product. Looks great and works well.
2023-01-15,Non-Stick Frying Pan 26cm,Home & Living,Amazon,Ravi C.,2,Very disappointing. Returned the product.
2023-01-15,Laptop Stand Adjustable,Electronics,Google Reviews,Shruti R.,4,Works well. Delivery was faster than expected.
2023-01-16,Cotton Round Neck T-Shirt,Fashion,Amazon,Ishaan B.,5,Good value for money. Very happy with it.
2023-01-16,Casual Denim Jacket,Fashion,App Store,Suresh B.,4,Overall a great buy. Minor issues but nothing major.
2023-01-17,Laptop Stand Adjustable,Electronics,Google Reviews,Ananya G.,4,Really satisfied. A few small things could be better.
2023-01-17,Bamboo Cutting Board Set,Home & Living,Website,Meera J.,5,Extremely happy! Highly recommend to everyone.
2023-01-17,Non-Stick Frying Pan 26cm,Home & Living,Flipkart,Deepa M.,2,Customer support was unhelpful. Frustrating.
2023-01-17,Scented Soy Wax Candle,Home & Living,Flipkart,Karan V.,5,Excellent product. Zero complaints at all.
2023-01-17,Running Sports Shoes,Fashion,Amazon,Shruti R.,5,Brilliant product. Delivered on time too.
2023-01-18,Cotton Round Neck T-Shirt,Fashion,Website,Rohan D.,3,Average quality. Not bad but not great either.
2023-01-18,Laptop Stand Adjustable,Electronics,Amazon,Sonal M.,5,Good value for money. Very happy with it.
2023-01-19,Slim Fit Chino Pants,Fashion,Flipkart,Deepa M.,4,Really satisfied. A few small things could be better.
2023-01-19,Mechanical Keyboard RGB,Electronics,Amazon,Shruti R.,3,Average quality. Not bad but not great either.
2023-01-20,Laptop Stand Adjustable,Electronics,Website,Arjun M.,4,Really satisfied. A few small things could be better.
2023-01-20,Non-Stick Frying Pan 26cm,Home & Living,Google Reviews,Sonal M.,5,Good value for money. Very happy with it.
2023-01-20,Cotton Round Neck T-Shirt,Fashion,App Store,Arjun M.,4,Very good product. Mostly happy with it.
2023-01-23,Running Sports Shoes,Fashion,Amazon,Varun D.,3,Average experience. Product works but barely.
2023-01-23,Bamboo Cutting Board Set,Home & Living,App Store,Tanya K.,4,Good quality. Packaging was neat and tidy.
2023-01-24,Slim Fit Chino Pants,Fashion,Amazon,Deepa M.,5,My family loves it. Great purchase overall.
2023-01-24,Under Eye Cream Dark Circles,Beauty,Google Reviews,Aisha K.,3,Decent product. Does exactly what it says.
2023-01-24,Noise Cancelling Headphones,Electronics,Website,Dhruv A.,4,Very good product. Mostly happy with it.
2023-01-24,USB-C Fast Charging Cable,Electronics,Google Reviews,Sneha P.,4,Overall a great buy. Minor issues but nothing major.
2023-01-25,Moisturising Sunscreen SPF50,Beauty,Amazon,Ananya G.,5,Fantastic product. Looks great and works well.
2023-01-27,Webcam HD 1080p,Electronics,App Store,Tanya K.,4,Overall a great buy. Minor issues but nothing major.
2023-01-27,Webcam HD 1080p,Electronics,Flipkart,Nisha L.,2,Does not match the description at all.
2023-01-27,Natural Aloe Vera Gel 200ml,Beauty,Website,Aisha K.,5,Best purchase this year. Amazing quality.
2023-01-28,Casual Denim Jacket,Fashion,Google Reviews,Meera J.,5,Fantastic product. Looks great and works well.
2023-01-28,Wireless Bluetooth Earbuds,Electronics,App Store,Karan V.,5,Fantastic product. Looks great and works well.
2023-01-29,Portable Phone Charger 20000mAh,Electronics,App Store,Dhruv A.,2,Broke sooner than expected. Very unhappy.
2023-01-29,Memory Foam Pillow,Home & Living,Flipkart,Aditya R.,4,Solid build quality. Would recommend to a friend.
2023-01-29,Scented Soy Wax Candle,Home & Living,Flipkart,Ravi C.,5,Good value for money. Very happy with it.
2023-01-30,Webcam HD 1080p,Electronics,Website,Shruti R.,5,Brilliant product. Delivered on time too.
2023-01-30,Wireless Bluetooth Earbuds,Electronics,Google Reviews,Ravi C.,5,Works like a charm. Very pleased with this.
2023-01-31,Portable Phone Charger 20000mAh,Electronics,Google Reviews,Rahul K.,5,Brilliant product. Delivered on time too.
2023-01-31,Noise Cancelling Headphones,Electronics,Amazon,Tanya K.,4,Works well. Delivery was faster than expected.
2023-01-31,Memory Foam Pillow,Home & Living,Google Reviews,Kartik P.,3,Okay for the price. Could be improved though.
2023-02-01,Webcam HD 1080p,Electronics,Website,Rahul K.,4,"Good product, minor packaging damage but item fine."
2023-02-01,Noise Cancelling Headphones,Electronics,App Store,Aisha K.,5,Very satisfied with my purchase. Fast delivery too.
2023-02-03,Running Sports Shoes,Fashion,Amazon,Aditya R.,5,Very satisfied with my purchase. Fast delivery too.
2023-02-03,Natural Aloe Vera Gel 200ml,Beauty,Google Reviews,Deepa M.,5,Exceeded my expectations. Highly recommend!
2023-02-04,Stainless Steel Water Bottle 1L,Home & Living,Google Reviews,Ishaan B.,5,Outstanding quality. Totally worth the price.
2023-02-04,Under Eye Cream Dark Circles,Beauty,Google Reviews,Aisha K.,4,Very good product. Mostly happy with it.
2023-02-04,Laptop Stand Adjustable,Electronics,Flipkart,Aditya R.,4,"Good product, minor packaging damage but item fine."
2023-02-04,Wireless Bluetooth Earbuds,Electronics,Amazon,Shruti R.,5,My family loves it. Great purchase overall.
2023-02-04,Slim Fit Chino Pants,Fashion,Amazon,Meera J.,2,Quality is very low. Would not buy again.
2023-02-05,Scented Soy Wax Candle,Home & Living,Website,Aditya R.,5,Exceeded my expectations. Highly recommend!
2023-02-05,Casual Denim Jacket,Fashion,Website,Kavya N.,4,Very good product. Mostly happy with it.
2023-02-05,Portable Phone Charger 20000mAh,Electronics,Google Reviews,Varun D.,4,Solid build quality. Would recommend to a friend.
2023-02-05,Stainless Steel Water Bottle 1L,Home & Living,App Store,Dhruv A.,5,Best purchase this year. Amazing quality.
2023-02-05,Scented Soy Wax Candle,Home & Living,Website,Tanya K.,4,Good quality. Packaging was neat and tidy.
2023-02-06,Noise Cancelling Headphones,Electronics,Flipkart,Sneha P.,5,Exceeded my expectations. Highly recommend!
2023-02-06,Collagen Face Sheet Mask Pack,Beauty,Flipkart,Vikram T.,5,Fantastic product. Looks great and works well.
2023-02-06,Wireless Bluetooth Earbuds,Electronics,Flipkart,Rohan D.,4,Works well. Delivery was faster than expected.
2023-02-07,Scented Soy Wax Candle,Home & Living,Flipkart,Deepa M.,2,Customer support was unhelpful. Frustrating.
2023-02-07,Smart LED Desk Lamp,Electronics,Amazon,Ishaan B.,4,Happy with the purchase. Works as expected.
2023-02-08,Smart LED Desk Lamp,Electronics,Flipkart,Karan V.,5,Great quality for the price. Will buy again.
2023-02-08,Collagen Face Sheet Mask Pack,Beauty,Flipkart,Deepa M.,3,Decent product. Does exactly what it says.
2023-02-08,Collagen Face Sheet Mask Pack,Beauty,Website,Kartik P.,5,Very satisfied with my purchase. Fast delivery too.
2023-02-08,Stainless Steel Water Bottle 1L,Home & Living,Flipkart,Suresh B.,4,Excellent value. A minor quibble but overall great.
2023-02-08,Vitamin C Face Serum 30ml,Beauty,Google Reviews,Ravi C.,4,Really satisfied. A few small things could be better.
2023-02-09,Under Eye Cream Dark Circles,Beauty,Google Reviews,Nikhil J.,5,Outstanding quality. Totally worth the price.
2023-02-09,Running Sports Shoes,Fashion,Amazon,Kavya N.,5,Good value for money. Very happy with it.
2023-02-09,Leather Wallet Slim,Fashion,Flipkart,Kavya N.,5,Best purchase this year. Amazing quality.
2023-02-10,Bamboo Cutting Board Set,Home & Living,Amazon,Aditya R.,1,Extremely poor quality. Total waste of money.
2023-02-10,Memory Foam Pillow,Home & Living,Flipkart,Sonal M.,5,Sturdy build and works perfectly. 5 stars!
2023-02-10,Running Sports Shoes,Fashion,Google Reviews,Nikhil J.,5,My family loves it. Great purchase overall.
2023-02-11,Memory Foam Pillow,Home & Living,Website,Ishaan B.,4,Good quality. Packaging was neat and tidy.
2023-02-11,Mechanical Keyboard RGB,Electronics,Google Reviews,Pooja S.,5,Fantastic product. Looks great and works well.
2023-02-11,Casual Denim Jacket,Fashion,Google Reviews,Shruti R.,4,Good experience. Would buy from here again.
2023-02-11,Portable Phone Charger 20000mAh,Electronics,Website,Pooja S.,4,Solid build quality. Would recommend to a friend.
2023-02-12,Moisturising Sunscreen SPF50,Beauty,Amazon,Rahul K.,4,Good experience. Would buy from here again.
2023-02-12,USB-C Fast Charging Cable,Electronics,App Store,Dhruv A.,5,Great quality for the price. Will buy again.
2023-02-13,Casual Denim Jacket,Fashion,Flipkart,Priya S.,5,Works like a charm. Very pleased with this.
2023-02-13,Casual Denim Jacket,Fashion,Amazon,Nisha L.,3,Not as impressive as I expected. Just okay.
2023-02-13,Laptop Stand Adjustable,Electronics,Amazon,Aisha K.,3,Decent product. Does exactly what it says.
2023-02-15,Mechanical Keyboard RGB,Electronics,Amazon,Deepa M.,4,"Good product, minor packaging damage but item fine."
2023-02-15,Mechanical Keyboard RGB,Electronics,Flipkart,Aisha K.,4,Good quality. Packaging was neat and tidy.
2023-02-15,Under Eye Cream Dark Circles,Beauty,Google Reviews,Aditya R.,5,Very satisfied with my purchase. Fast delivery too.
2023-02-16,Cotton Round Neck T-Shirt,Fashion,Website,Karan V.,4,"Good product, minor packaging damage but item fine."
2023-02-16,Memory Foam Pillow,Home & Living,Google Reviews,Suresh B.,5,Extremely happy! Highly recommend to everyone.
2023-02-16,Slim Fit Chino Pants,Fashion,Website,Pooja S.,5,Extremely happy! Highly recommend to everyone.
2023-02-16,Scented Soy Wax Candle,Home & Living,Google Reviews,Arjun M.,4,Works well. Delivery was faster than expected.
2023-02-16,Collagen Face Sheet Mask Pack,Beauty,Flipkart,Dhruv A.,5,My family loves it. Great purchase overall.
2023-02-17,Bamboo Cutting Board Set,Home & Living,Website,Pooja S.,4,Solid build quality. Would recommend to a friend.
2023-02-17,Laptop Stand Adjustable,Electronics,Amazon,Pooja S.,3,Average quality. Not bad but not great either.
2023-02-18,Vitamin C Face Serum 30ml,Beauty,Amazon,Sneha P.,5,My family loves it. Great purchase overall.
2023-02-18,Scented Soy Wax Candle,Home & Living,Flipkart,Pooja S.,5,Perfect for my needs. Great quality.
2023-02-19,Sunglasses UV400 Polarized,Fashion,Flipkart,Shruti R.,5,Good value for money. Very happy with it.
2023-02-19,Running Sports Shoes,Fashion,Amazon,Aditya R.,5,Fantastic product. Looks great and works well.
2023-02-19,Memory Foam Pillow,Home & Living,Amazon,Ravi C.,3,It is fine. Nothing outstanding about it.
2023-02-19,Mechanical Keyboard RGB,Electronics,App Store,Suresh B.,2,Not worth the money. Poor quality overall.
2023-02-20,Wireless Bluetooth Earbuds,Electronics,Website,Aditya R.,4,Really satisfied. A few small things could be better.
2023-02-20,Non-Stick Frying Pan 26cm,Home & Living,App Store,Karan V.,5,Very satisfied with my purchase. Fast delivery too.
2023-02-20,Portable Phone Charger 20000mAh,Electronics,Flipkart,Nikhil J.,4,Overall a great buy. Minor issues but nothing major.
2023-02-20,Cotton Round Neck T-Shirt,Fashion,Amazon,Kartik P.,4,Solid build quality. Would recommend to a friend.
2023-02-21,Casual Denim Jacket,Fashion,Website,Ananya G.,4,Good quality. Packaging was neat and tidy.
2023-02-21,Webcam HD 1080p,Electronics,Amazon,Varun D.,5,Extremely happy! Highly recommend to everyone.
2023-02-23,Smart LED Desk Lamp,Electronics,Flipkart,Dhruv A.,3,Okay for the price. Could be improved though.
2023-02-24,Smart LED Desk Lamp,Electronics,Amazon,Sonal M.,5,Outstanding quality. Totally worth the price.
2023-02-25,Mechanical Keyboard RGB,Electronics,Website,Nisha L.,5,Fantastic product. Looks great and works well.
2023-02-25,Slim Fit Chino Pants,Fashion,Flipkart,Arjun M.,5,Perfect for my needs. Great quality.
2023-02-26,USB-C Fast Charging Cable,Electronics,Google Reviews,Dhruv A.,5,Excellent product. Zero complaints at all.
2023-02-26,Laptop Stand Adjustable,Electronics,Flipkart,Ananya G.,4,Solid build quality. Would recommend to a friend.
2023-02-26,Running Sports Shoes,Fashion,Flipkart,Nikhil J.,5,Works like a charm. Very pleased with this.
2023-02-27,Vitamin C Face Serum 30ml,Beauty,Website,Kartik P.,5,Perfect for my needs. Great quality.
2023-02-27,Slim Fit Chino Pants,Fashion,Website,Nisha L.,4,Excellent value. A minor quibble but overall great.
2023-03-01,Bamboo Cutting Board Set,Home & Living,Amazon,Vikram T.,4,Happy with the purchase. Works as expected.
2023-03-02,Stainless Steel Water Bottle 1L,Home & Living,App Store,Vikram T.,5,Great quality for the price. Will buy again.
2023-03-03,Vitamin C Face Serum 30ml,Beauty,Website,Shruti R.,1,Stopped working within a week. Very disappointed.
2023-03-04,Running Sports Shoes,Fashion,Flipkart,Ananya G.,4,Very good product. Mostly happy with it.
2023-03-04,Memory Foam Pillow,Home & Living,Website,Priya S.,5,Fantastic product. Looks great and works well.
2023-03-05,Under Eye Cream Dark Circles,Beauty,Google Reviews,Deepa M.,4,Happy with the purchase. Works as expected.
2023-03-06,Vitamin C Face Serum 30ml,Beauty,App Store,Aditya R.,2,Very disappointing. Returned the product.
2023-03-06,Casual Denim Jacket,Fashion,Google Reviews,Pooja S.,5,Sturdy build and works perfectly. 5 stars!
2023-03-08,Non-Stick Frying Pan 26cm,Home & Living,App Store,Kavya N.,3,Average experience. Product works but barely.
2023-03-08,Slim Fit Chino Pants,Fashion,Google Reviews,Rahul K.,3,Average quality. Not bad but not great either.
2023-03-09,Bamboo Cutting Board Set,Home & Living,Google Reviews,Ishaan B.,5,Exceeded my expectations. Highly recommend!
2023-03-09,Scented Soy Wax Candle,Home & Living,Amazon,Aditya R.,3,Packaging was a little damaged but the item is fine.
2023-03-10,Scented Soy Wax Candle,Home & Living,Amazon,Deepa M.,5,Exceeded my expectations. Highly recommend!
2023-03-10,Portable Phone Charger 20000mAh,Electronics,Amazon,Shruti R.,5,Brilliant product. Delivered on time too.
2023-03-10,Leather Wallet Slim,Fashion,Flipkart,Pooja S.,5,Perfect for my needs. Great quality.
2023-03-11,Vitamin C Face Serum 30ml,Beauty,Amazon,Aditya R.,4,"Good product, minor packaging damage but item fine."
2023-03-11,Mechanical Keyboard RGB,Electronics,Flipkart,Ravi C.,5,Sturdy build and works perfectly. 5 stars!
2023-03-11,USB-C Fast Charging Cable,Electronics,App Store,Ravi C.,2,Does not match the description at all.
2023-03-11,Stainless Steel Water Bottle 1L,Home & Living,Google Reviews,Vikram T.,3,Packaging was a little damaged but the item is fine.
2023-03-11,Cotton Round Neck T-Shirt,Fashion,App Store,Varun D.,5,Outstanding quality. Totally worth the price.
2023-03-11,USB-C Fast Charging Cable,Electronics,App Store,Rohan D.,4,Overall a great buy. Minor issues but nothing major.
2023-03-12,Mechanical Keyboard RGB,Electronics,Amazon,Nisha L.,1,Broke after first use. Very fragile build.
2023-03-12,Vitamin C Face Serum 30ml,Beauty,App Store,Kartik P.,4,Excellent value. A minor quibble but overall great.
2023-03-13,Cotton Round Neck T-Shirt,Fashion,App Store,Karan V.,4,Excellent value. A minor quibble but overall great.
2023-03-13,Collagen Face Sheet Mask Pack,Beauty,Flipkart,Deepa M.,5,Fantastic product. Looks great and works well.
2023-03-13,Collagen Face Sheet Mask Pack,Beauty,Flipkart,Vikram T.,5,Great quality for the price. Will buy again.
2023-03-13,Under Eye Cream Dark Circles,Beauty,Flipkart,Meera J.,5,Brilliant product. Delivered on time too.
2023-03-14,Leather Wallet Slim,Fashion,Amazon,Shruti R.,5,Great quality for the price. Will buy again.
2023-03-15,Collagen Face Sheet Mask Pack,Beauty,Website,Sneha P.,4,Good quality. Packaging was neat and tidy.
2023-03-15,Leather Wallet Slim,Fashion,Flipkart,Sonal M.,3,Average quality. Not bad but not great either.
2023-03-15,Sunglasses UV400 Polarized,Fashion,App Store,Varun D.,5,Extremely happy! Highly recommend to everyone.
2023-03-15,Non-Stick Frying Pan 26cm,Home & Living,Flipkart,Kartik P.,5,Works like a charm. Very pleased with this.
2023-03-16,Mechanical Keyboard RGB,Electronics,App Store,Kartik P.,4,Solid build quality. Would recommend to a friend.
2023-03-17,Slim Fit Chino Pants,Fashion,Flipkart,Tanya K.,3,Packaging was a little damaged but the item is fine.
2023-03-17,Laptop Stand Adjustable,Electronics,App Store,Ishaan B.,3,Average quality. Not bad but not great either.
2023-03-17,Moisturising Sunscreen SPF50,Beauty,App Store,Sonal M.,4,"Good product, minor packaging damage but item fine."
2023-03-17,Collagen Face Sheet Mask Pack,Beauty,Flipkart,Pooja S.,3,It is fine. Nothing outstanding about it.
2023-03-20,Portable Phone Charger 20000mAh,Electronics,Google Reviews,Kartik P.,5,Extremely happy! Highly recommend to everyone.
2023-03-21,Laptop Stand Adjustable,Electronics,App Store,Karan V.,4,"Good product, minor packaging damage but item fine."
2023-03-21,Leather Wallet Slim,Fashion,Flipkart,Aditya R.,5,Very satisfied with my purchase. Fast delivery too.
2023-03-21,Cotton Round Neck T-Shirt,Fashion,Google Reviews,Aditya R.,4,Excellent value. A minor quibble but overall great.
2023-03-21,Mechanical Keyboard RGB,Electronics,App Store,Suresh B.,2,Quality is very low. Would not buy again.
2023-03-21,Memory Foam Pillow,Home & Living,Google Reviews,Ishaan B.,5,Absolutely love this! Works exactly as described.
2023-03-22,USB-C Fast Charging Cable,Electronics,Website,Varun D.,4,"Good product, minor packaging damage but item fine."
2023-03-23,Portable Phone Charger 20000mAh,Electronics,Flipkart,Nisha L.,5,Best purchase this year. Amazing quality.
2023-03-23,Non-Stick Frying Pan 26cm,Home & Living,Website,Rohan D.,4,"Good product, minor packaging damage but item fine."
2023-03-23,Sunglasses UV400 Polarized,Fashion,Website,Deepa M.,5,Best purchase this year. Amazing quality.
2023-03-24,USB-C Fast Charging Cable,Electronics,Flipkart,Meera J.,5,Outstanding quality. Totally worth the price.
2023-03-24,Vitamin C Face Serum 30ml,Beauty,Google Reviews,Nisha L.,5,Very satisfied with my purchase. Fast delivery too.
2023-03-25,Non-Stick Frying Pan 26cm,Home & Living,Amazon,Rohan D.,5,Best purchase this year. Amazing quality.
2023-03-25,Wireless Bluetooth Earbuds,Electronics,Amazon,Kavya N.,5,Good value for money. Very happy with it.
2023-03-25,Memory Foam Pillow,Home & Living,Amazon,Nikhil J.,4,Overall a great buy. Minor issues but nothing major.
2023-03-25,Laptop Stand Adjustable,Electronics,Flipkart,Vikram T.,5,Sturdy build and works perfectly. 5 stars!
2023-03-26,Memory Foam Pillow,Home & Living,Amazon,Kavya N.,5,Best purchase this year. Amazing quality.
2023-03-26,USB-C Fast Charging Cable,Electronics,Website,Sonal M.,5,Outstanding quality. Totally worth the price.
2023-03-26,Stainless Steel Water Bottle 1L,Home & Living,App Store,Nisha L.,4,Overall a great buy. Minor issues but nothing major.
2023-03-26,Smart LED Desk Lamp,Electronics,App Store,Varun D.,3,Packaging was a little damaged but the item is fine.
2023-03-26,Collagen Face Sheet Mask Pack,Beauty,Flipkart,Kavya N.,5,Outstanding quality. Totally worth the price.
2023-03-27,Mechanical Keyboard RGB,Electronics,App Store,Karan V.,2,Not worth the money. Poor quality overall.
2023-03-28,Bamboo Cutting Board Set,Home & Living,Amazon,Ananya G.,5,Fantastic product. Looks great and works well.
2023-03-28,Mechanical Keyboard RGB,Electronics,Amazon,Ishaan B.,2,Very disappointing. Returned the product.
2023-03-28,Mechanical Keyboard RGB,Electronics,Google Reviews,Dhruv A.,1,Stopped working within a week. Very disappointed.
2023-03-28,Sunglasses UV400 Polarized,Fashion,Website,Aisha K.,5,Exceeded my expectations. Highly recommend!
2023-03-28,Portable Phone Charger 20000mAh,Electronics,Flipkart,Shruti R.,4,"Good product, minor packaging damage but item fine."
2023-03-29,Laptop Stand Adjustable,Electronics,Website,Rahul K.,4,"Good product, minor packaging damage but item fine."
2023-03-29,Slim Fit Chino Pants,Fashion,Google Reviews,Suresh B.,4,Good quality. Packaging was neat and tidy.
2023-03-29,Vitamin C Face Serum 30ml,Beauty,App Store,Rahul K.,5,Very satisfied with my purchase. Fast delivery too.
2023-03-29,Smart LED Desk Lamp,Electronics,Google Reviews,Arjun M.,4,Really satisfied. A few small things could be better.
2023-03-30,Casual Denim Jacket,Fashion,App Store,Pooja S.,5,Perfect for my needs. Great quality.
2023-03-30,Scented Soy Wax Candle,Home & Living,Website,Sonal M.,4,Very good product. Mostly happy with it.
2023-03-30,Laptop Stand Adjustable,Electronics,Flipkart,Rahul K.,5,Works like a charm. Very pleased with this.
2023-03-30,Mechanical Keyboard RGB,Electronics,Amazon,Ravi C.,5,Extremely happy! Highly recommend to everyone.
2023-03-30,Collagen Face Sheet Mask Pack,Beauty,App Store,Varun D.,4,Overall a great buy. Minor issues but nothing major.
2023-03-31,USB-C Fast Charging Cable,Electronics,Website,Ishaan B.,3,Works as expected. No major complaints.
2023-03-31,Non-Stick Frying Pan 26cm,Home & Living,App Store,Aditya R.,4,Happy with the purchase. Works as expected.
2023-03-31,Running Sports Shoes,Fashion,Google Reviews,Rahul K.,5,Great quality for the price. Will buy again.
2023-03-31,USB-C Fast Charging Cable,Electronics,App Store,Kartik P.,3,Decent product. Does exactly what it says.
2023-03-31,Laptop Stand Adjustable,Electronics,App Store,Aisha K.,5,Very satisfied with my purchase. Fast delivery too.
2023-04-01,Slim Fit Chino Pants,Fashion,Website,Suresh B.,1,Does not work at all. Completely useless.
2023-04-02,Moisturising Sunscreen SPF50,Beauty,Website,Aditya R.,5,My family loves it. Great purchase overall.
2023-04-02,Vitamin C Face Serum 30ml,Beauty,Amazon,Suresh B.,4,Really satisfied. A few small things could be better.
2023-04-02,Laptop Stand Adjustable,Electronics,Flipkart,Kavya N.,5,Excellent product. Zero complaints at all.
2023-04-03,Wireless Bluetooth Earbuds,Electronics,Website,Pooja S.,3,It is fine. Nothing outstanding about it.
2023-04-03,Stainless Steel Water Bottle 1L,Home & Living,Google Reviews,Deepa M.,3,Okay for the price. Could be improved though.
2023-04-03,Portable Phone Charger 20000mAh,Electronics,App Store,Varun D.,3,Not as impressive as I expected. Just okay.
2023-04-04,Collagen Face Sheet Mask Pack,Beauty,Amazon,Ishaan B.,4,Happy with the purchase. Works as expected.
2023-04-05,Portable Phone Charger 20000mAh,Electronics,Google Reviews,Meera J.,3,Packaging was a little damaged but the item is fine.
2023-04-05,Sunglasses UV400 Polarized,Fashion,Google Reviews,Aditya R.,5,Excellent product. Zero complaints at all.
2023-04-05,Webcam HD 1080p,Electronics,Google Reviews,Suresh B.,4,Happy with the purchase. Works as expected.
2023-04-05,Noise Cancelling Headphones,Electronics,Flipkart,Aditya R.,4,Good quality. Packaging was neat and tidy.
2023-04-06,Sunglasses UV400 Polarized,Fashion,Amazon,Sonal M.,5,Sturdy build and works perfectly. 5 stars!
2023-04-06,Webcam HD 1080p,Electronics,Amazon,Sneha P.,4,Solid build quality. Would recommend to a friend.
2023-04-07,Bamboo Cutting Board Set,Home & Living,Google Reviews,Pooja S.,3,Works as expected. No major complaints.
2023-04-08,Wireless Bluetooth Earbuds,Electronics,Amazon,Rohan D.,5,Great quality for the price. Will buy again.
2023-04-08,Natural Aloe Vera Gel 200ml,Beauty,Website,Ananya G.,4,Good experience. Would buy from here again.
2023-04-08,Memory Foam Pillow,Home & Living,Google Reviews,Priya S.,3,It is fine. Nothing outstanding about it.
2023-04-09,Collagen Face Sheet Mask Pack,Beauty,Google Reviews,Nikhil J.,5,Works like a charm. Very pleased with this.
2023-04-09,Portable Phone Charger 20000mAh,Electronics,App Store,Priya S.,4,Happy with the purchase. Works as expected.
2023-04-09,USB-C Fast Charging Cable,Electronics,Amazon,Deepa M.,5,Works like a charm. Very pleased with this.
2023-04-09,Cotton Round Neck T-Shirt,Fashion,App Store,Dhruv A.,5,Good value for money. Very happy with it.
2023-04-09,Sunglasses UV400 Polarized,Fashion,Website,Pooja S.,4,Very good product. Mostly happy with it.
2023-04-10,Wireless Bluetooth Earbuds,Electronics,Website,Aisha K.,2,Not worth the money. Poor quality overall.
2023-04-10,Moisturising Sunscreen SPF50,Beauty,Flipkart,Nikhil J.,5,Best purchase this year. Amazing quality.
2023-04-11,Casual Denim Jacket,Fashion,Google Reviews,Ravi C.,5,Absolutely love this! Works exactly as described.
2023-04-11,Under Eye Cream Dark Circles,Beauty,Flipkart,Kartik P.,5,Outstanding quality. Totally worth the price.
2023-04-12,Slim Fit Chino Pants,Fashion,Flipkart,Karan V.,1,Extremely poor quality. Total waste of money.
2023-04-12,Collagen Face Sheet Mask Pack,Beauty,Flipkart,Rahul K.,3,Not as impressive as I expected. Just okay.
2023-04-13,USB-C Fast Charging Cable,Electronics,Amazon,Ishaan B.,5,Good value for money. Very happy with it.
2023-04-13,Smart LED Desk Lamp,Electronics,Flipkart,Meera J.,4,Works well. Delivery was faster than expected.
2023-04-13,Leather Wallet Slim,Fashion,Amazon,Rohan D.,5,Excellent product. Zero complaints at all.
2023-04-14,Bamboo Cutting Board Set,Home & Living,Flipkart,Varun D.,5,Sturdy build and works perfectly. 5 stars!
2023-04-14,Wireless Bluetooth Earbuds,Electronics,App Store,Vikram T.,5,Outstanding quality. Totally worth the price.
2023-04-17,Wireless Bluetooth Earbuds,Electronics,Flipkart,Sneha P.,3,It is fine. Nothing outstanding about it.
2023-04-17,Natural Aloe Vera Gel 200ml,Beauty,Amazon,Suresh B.,5,Absolutely love this! Works exactly as described.
2023-04-17,Leather Wallet Slim,Fashion,App Store,Ravi C.,5,Best purchase this year. Amazing quality.
2023-04-18,Stainless Steel Water Bottle 1L,Home & Living,Google Reviews,Varun D.,5,Absolutely love this! Works exactly as described.
2023-04-19,Noise Cancelling Headphones,Electronics,App Store,Priya S.,5,Great quality for the price. Will buy again.
2023-04-19,Under Eye Cream Dark Circles,Beauty,App Store,Meera J.,4,Overall a great buy. Minor issues but nothing major.
2023-04-20,Collagen Face Sheet Mask Pack,Beauty,Website,Vikram T.,2,Customer support was unhelpful. Frustrating.
2023-04-20,USB-C Fast Charging Cable,Electronics,Website,Sneha P.,2,Very disappointing. Returned the product.
2023-04-21,Scented Soy Wax Candle,Home & Living,Amazon,Nisha L.,5,Great quality for the price. Will buy again.
2023-04-22,Moisturising Sunscreen SPF50,Beauty,Website,Vikram T.,5,Outstanding quality. Totally worth the price.
2023-04-22,Stainless Steel Water Bottle 1L,Home & Living,Flipkart,Ananya G.,4,Very good product. Mostly happy with it.
2023-04-22,Laptop Stand Adjustable,Electronics,Website,Rohan D.,2,Quality is very low. Would not buy again.
2023-04-23,Casual Denim Jacket,Fashion,App Store,Ishaan B.,4,Really satisfied. A few small things could be better.
2023-04-24,Scented Soy Wax Candle,Home & Living,Amazon,Sonal M.,2,Broke sooner than expected. Very unhappy.
2023-04-24,Moisturising Sunscreen SPF50,Beauty,Google Reviews,Pooja S.,4,Good experience. Would buy from here again.
2023-04-24,Under Eye Cream Dark Circles,Beauty,Website,Ananya G.,5,Works like a charm. Very pleased with this.
2023-04-24,Non-Stick Frying Pan 26cm,Home & Living,Google Reviews,Aditya R.,3,Not as impressive as I expected. Just okay.
2023-04-24,Slim Fit Chino Pants,Fashion,Flipkart,Aisha K.,4,Overall a great buy. Minor issues but nothing major.
2023-04-24,Casual Denim Jacket,Fashion,Amazon,Ishaan B.,5,Fantastic product. Looks great and works well.
2023-04-25,Natural Aloe Vera Gel 200ml,Beauty,Amazon,Nisha L.,3,Okay for the price. Could be improved though.
2023-04-25,Under Eye Cream Dark Circles,Beauty,Flipkart,Ravi C.,3,Okay for the price. Could be improved though.
2023-04-25,Memory Foam Pillow,Home & Living,Flipkart,Dhruv A.,4,Works well. Delivery was faster than expected.
2023-04-25,Under Eye Cream Dark Circles,Beauty,Website,Sonal M.,1,Never buying from here again. Terrible product.
2023-04-25,Cotton Round Neck T-Shirt,Fashion,Google Reviews,Tanya K.,3,Not as impressive as I expected. Just okay.
2023-04-25,Under Eye Cream Dark Circles,Beauty,App Store,Ravi C.,3,Packaging was a little damaged but the item is fine.
2023-04-26,Wireless Bluetooth Earbuds,Electronics,Amazon,Vikram T.,2,Customer support was unhelpful. Frustrating.
2023-04-27,Casual Denim Jacket,Fashion,Google Reviews,Shruti R.,4,Really satisfied. A few small things could be better.
2023-04-27,Natural Aloe Vera Gel 200ml,Beauty,Website,Nisha L.,3,Packaging was a little damaged but the item is fine.
2023-04-28,Collagen Face Sheet Mask Pack,Beauty,Amazon,Rahul K.,2,Very disappointing. Returned the product.
2023-04-28,Stainless Steel Water Bottle 1L,Home & Living,App Store,Suresh B.,3,It is fine. Nothing outstanding about it.
2023-04-28,Stainless Steel Water Bottle 1L,Home & Living,Website,Aditya R.,1,Never buying from here again. Terrible product.
2023-04-28,Scented Soy Wax Candle,Home & Living,Website,Suresh B.,5,Extremely happy! Highly recommend to everyone.
2023-04-29,Leather Wallet Slim,Fashion,App Store,Kartik P.,5,Extremely happy! Highly recommend to everyone.
2023-04-29,Non-Stick Frying Pan 26cm,Home & Living,Amazon,Ananya G.,4,Works well. Delivery was faster than expected.
2023-04-29,Noise Cancelling Headphones,Electronics,Amazon,Rohan D.,5,Outstanding quality. Totally worth the price.
2023-04-29,Cotton Round Neck T-Shirt,Fashion,Flipkart,Rahul K.,5,Best purchase this year. Amazing quality.
2023-04-30,Bamboo Cutting Board Set,Home & Living,Amazon,Nisha L.,5,Great quality for the price. Will buy again.
2023-04-30,USB-C Fast Charging Cable,Electronics,Amazon,Varun D.,1,Never buying from here again. Terrible product.
2023-05-01,Cotton Round Neck T-Shirt,Fashion,Amazon,Aisha K.,5,Outstanding quality. Totally worth the price.
2023-05-01,Smart LED Desk Lamp,Electronics,Website,Karan V.,1,Worst purchase I have made. Very regretful.
2023-05-02,Bamboo Cutting Board Set,Home & Living,Website,Nikhil J.,5,Sturdy build and works perfectly. 5 stars!
2023-05-02,Mechanical Keyboard RGB,Electronics,Google Reviews,Suresh B.,1,Does not work at all. Completely useless.
2023-05-03,Bamboo Cutting Board Set,Home & Living,Amazon,Rohan D.,5,Outstanding quality. Totally worth the price.
2023-05-04,Under Eye Cream Dark Circles,Beauty,Amazon,Suresh B.,4,Good experience. Would buy from here again.
2023-05-04,Running Sports Shoes,Fashion,Amazon,Tanya K.,4,Happy with the purchase. Works as expected.
2023-05-05,Vitamin C Face Serum 30ml,Beauty,Amazon,Suresh B.,5,Brilliant product. Delivered on time too.
2023-05-05,Smart LED Desk Lamp,Electronics,Amazon,Rohan D.,4,Happy with the purchase. Works as expected.
2023-05-06,Portable Phone Charger 20000mAh,Electronics,Amazon,Suresh B.,3,Not as impressive as I expected. Just okay.
2023-05-06,Non-Stick Frying Pan 26cm,Home & Living,App Store,Nisha L.,4,Excellent value. A minor quibble but overall great.
2023-05-06,Scented Soy Wax Candle,Home & Living,Website,Meera J.,1,Never buying from here again. Terrible product.
2023-05-07,Moisturising Sunscreen SPF50,Beauty,Website,Vikram T.,4,Very good product. Mostly happy with it.
2023-05-07,Leather Wallet Slim,Fashion,App Store,Varun D.,4,Excellent value. A minor quibble but overall great.
2023-05-07,Webcam HD 1080p,Electronics,Website,Shruti R.,5,Excellent product. Zero complaints at all.
2023-05-08,Under Eye Cream Dark Circles,Beauty,Amazon,Meera J.,4,"Good product, minor packaging damage but item fine."
2023-05-08,Smart LED Desk Lamp,Electronics,App Store,Deepa M.,3,Average quality. Not bad but not great either.
2023-05-08,Under Eye Cream Dark Circles,Beauty,Google Reviews,Deepa M.,3,Works as expected. No major complaints.
2023-05-08,Sunglasses UV400 Polarized,Fashion,App Store,Nisha L.,5,Outstanding quality. Totally worth the price.
2023-05-08,Moisturising Sunscreen SPF50,Beauty,Website,Karan V.,5,Outstanding quality. Totally worth the price.
2023-05-09,USB-C Fast Charging Cable,Electronics,Amazon,Sneha P.,5,Perfect for my needs. Great quality.
2023-05-09,Stainless Steel Water Bottle 1L,Home & Living,Website,Varun D.,1,Does not work at all. Completely useless.
2023-05-10,USB-C Fast Charging Cable,Electronics,Website,Nikhil J.,4,Really satisfied. A few small things could be better.
2023-05-10,Memory Foam Pillow,Home & Living,Website,Priya S.,5,Absolutely love this! Works exactly as described.
2023-05-10,Portable Phone Charger 20000mAh,Electronics,Website,Kartik P.,2,Not worth the money. Poor quality overall.
2023-05-11,Running Sports Shoes,Fashion,Flipkart,Kartik P.,5,Fantastic product. Looks great and works well.
2023-05-12,Leather Wallet Slim,Fashion,Flipkart,Karan V.,5,Exceeded my expectations. Highly recommend!
2023-05-12,Vitamin C Face Serum 30ml,Beauty,Amazon,Ishaan B.,5,Good value for money. Very happy with it.
2023-05-13,Stainless Steel Water Bottle 1L,Home & Living,Amazon,Ishaan B.,5,Works like a charm. Very pleased with this.
2023-05-13,Non-Stick Frying Pan 26cm,Home & Living,Amazon,Dhruv A.,5,Absolutely love this! Works exactly as described.
2023-05-13,Under Eye Cream Dark Circles,Beauty,Website,Kavya N.,3,Works as expected. No major complaints.
2023-05-13,Scented Soy Wax Candle,Home & Living,Google Reviews,Karan V.,5,Fantastic product. Looks great and works well.
2023-05-14,Bamboo Cutting Board Set,Home & Living,Website,Ishaan B.,5,My family loves it. Great purchase overall.
2023-05-15,Collagen Face Sheet Mask Pack,Beauty,Flipkart,Rahul K.,5,Brilliant product. Delivered on time too.
2023-05-16,Noise Cancelling Headphones,Electronics,Amazon,Suresh B.,5,Good value for money. Very happy with it.
2023-05-17,Vitamin C Face Serum 30ml,Beauty,App Store,Deepa M.,2,Broke sooner than expected. Very unhappy.
2023-05-17,Cotton Round Neck T-Shirt,Fashion,Website,Ishaan B.,5,Outstanding quality. Totally worth the price.
2023-05-18,Under Eye Cream Dark Circles,Beauty,Website,Aditya R.,4,Good quality. Packaging was neat and tidy.
2023-05-19,Bamboo Cutting Board Set,Home & Living,App Store,Rahul K.,2,Not worth the money. Poor quality overall.
2023-05-20,Stainless Steel Water Bottle 1L,Home & Living,Website,Tanya K.,5,Excellent product. Zero complaints at all.
2023-05-21,Sunglasses UV400 Polarized,Fashion,Google Reviews,Karan V.,3,Average quality. Not bad but not great either.
2023-05-21,Collagen Face Sheet Mask Pack,Beauty,Website,Arjun M.,5,Great quality for the price. Will buy again.
2023-05-22,Noise Cancelling Headphones,Electronics,Website,Ananya G.,4,Good quality. Packaging was neat and tidy.
2023-05-22,Wireless Bluetooth Earbuds,Electronics,Website,Kavya N.,5,Brilliant product. Delivered on time too.
2023-05-22,Casual Denim Jacket,Fashion,Website,Priya S.,5,Brilliant product. Delivered on time too.
2023-05-23,Bamboo Cutting Board Set,Home & Living,App Store,Ravi C.,1,Broke after first use. Very fragile build.
2023-05-23,Slim Fit Chino Pants,Fashion,Flipkart,Kartik P.,4,Very good product. Mostly happy with it.
2023-05-24,Scented Soy Wax Candle,Home & Living,Website,Pooja S.,4,"Good product, minor packaging damage but item fine."
2023-05-25,Moisturising Sunscreen SPF50,Beauty,Flipkart,Sneha P.,5,Very satisfied with my purchase. Fast delivery too.
2023-05-27,Bamboo Cutting Board Set,Home & Living,Amazon,Pooja S.,5,Exceeded my expectations. Highly recommend!
2023-05-27,Moisturising Sunscreen SPF50,Beauty,Google Reviews,Ravi C.,5,Very satisfied with my purchase. Fast delivery too.
2023-05-28,Leather Wallet Slim,Fashion,Website,Ishaan B.,4,Happy with the purchase. Works as expected.
2023-05-28,Webcam HD 1080p,Electronics,Website,Suresh B.,5,Good value for money. Very happy with it.
2023-05-28,Under Eye Cream Dark Circles,Beauty,Flipkart,Priya S.,4,Really satisfied. A few small things could be better.
2023-05-29,Memory Foam Pillow,Home & Living,Amazon,Rohan D.,5,Very satisfied with my purchase. Fast delivery too.
2023-05-29,Webcam HD 1080p,Electronics,Amazon,Suresh B.,5,Very satisfied with my purchase. Fast delivery too.
2023-05-29,Leather Wallet Slim,Fashion,Amazon,Vikram T.,4,Excellent value. A minor quibble but overall great.
2023-05-29,Moisturising Sunscreen SPF50,Beauty,Website,Pooja S.,5,Sturdy build and works perfectly. 5 stars!
2023-05-30,Stainless Steel Water Bottle 1L,Home & Living,Amazon,Sneha P.,2,Does not match the description at all.
2023-05-31,Non-Stick Frying Pan 26cm,Home & Living,Website,Rahul K.,4,"Good product, minor packaging damage but item fine."
2023-06-01,Smart LED Desk Lamp,Electronics,Website,Nikhil J.,5,Sturdy build and works perfectly. 5 stars!
2023-06-02,Portable Phone Charger 20000mAh,Electronics,App Store,Suresh B.,5,Very satisfied with my purchase. Fast delivery too.
2023-06-02,Cotton Round Neck T-Shirt,Fashion,Flipkart,Dhruv A.,4,Good quality. Packaging was neat and tidy.
2023-06-02,Noise Cancelling Headphones,Electronics,App Store,Varun D.,3,Works as expected. No major complaints.
2023-06-03,Wireless Bluetooth Earbuds,Electronics,Website,Tanya K.,5,Excellent product. Zero complaints at all.
2023-06-04,Bamboo Cutting Board Set,Home & Living,App Store,Arjun M.,5,My family loves it. Great purchase overall.
2023-06-04,Memory Foam Pillow,Home & Living,Amazon,Nikhil J.,4,Good quality. Packaging was neat and tidy.
2023-06-05,Leather Wallet Slim,Fashion,App Store,Shruti R.,5,Extremely happy! Highly recommend to everyone.
2023-06-05,Stainless Steel Water Bottle 1L,Home & Living,App Store,Arjun M.,4,Works well. Delivery was faster than expected.
2023-06-05,Under Eye Cream Dark Circles,Beauty,App Store,Kartik P.,4,Very good product. Mostly happy with it.
2023-06-05,Noise Cancelling Headphones,Electronics,App Store,Sneha P.,1,Customer support refused to help. Awful experience.
2023-06-06,Sunglasses UV400 Polarized,Fashion,App Store,Priya S.,5,Fantastic product. Looks great and works well.
2023-06-07,Natural Aloe Vera Gel 200ml,Beauty,Google Reviews,Arjun M.,5,Excellent product. Zero complaints at all.
2023-06-07,Bamboo Cutting Board Set,Home & Living,Flipkart,Ravi C.,3,Average experience. Product works but barely.
2023-06-08,Vitamin C Face Serum 30ml,Beauty,Google Reviews,Arjun M.,5,Great quality for the price. Will buy again.
2023-06-08,Non-Stick Frying Pan 26cm,Home & Living,Flipkart,Rahul K.,5,My family loves it. Great purchase overall.
2023-06-10,Natural Aloe Vera Gel 200ml,Beauty,Google Reviews,Kavya N.,4,Happy with the purchase. Works as expected.
2023-06-10,Stainless Steel Water Bottle 1L,Home & Living,Flipkart,Sonal M.,5,Good value for money. Very happy with it.
2023-06-10,Casual Denim Jacket,Fashion,Website,Meera J.,3,Decent product. Does exactly what it says.
2023-06-11,Casual Denim Jacket,Fashion,Website,Sonal M.,4,Really satisfied. A few small things could be better.
2023-06-11,Vitamin C Face Serum 30ml,Beauty,Google Reviews,Nisha L.,4,Good experience. Would buy from here again.
2023-06-11,Moisturising Sunscreen SPF50,Beauty,Google Reviews,Vikram T.,4,Overall a great buy. Minor issues but nothing major.
2023-06-11,Under Eye Cream Dark Circles,Beauty,App Store,Nikhil J.,5,Fantastic product. Looks great and works well.
2023-06-11,Collagen Face Sheet Mask Pack,Beauty,Flipkart,Meera J.,5,Absolutely love this! Works exactly as described.
2023-06-11,Collagen Face Sheet Mask Pack,Beauty,Amazon,Karan V.,4,Happy with the purchase. Works as expected.
2023-06-12,Under Eye Cream Dark Circles,Beauty,Website,Rahul K.,4,Very good product. Mostly happy with it.
2023-06-12,Cotton Round Neck T-Shirt,Fashion,App Store,Deepa M.,3,Okay for the price. Could be improved though.
2023-06-13,Non-Stick Frying Pan 26cm,Home & Living,Website,Arjun M.,5,Extremely happy! Highly recommend to everyone.
2023-06-13,Wireless Bluetooth Earbuds,Electronics,Website,Dhruv A.,5,Extremely happy! Highly recommend to everyone.
2023-06-13,Laptop Stand Adjustable,Electronics,App Store,Priya S.,5,Extremely happy! Highly recommend to everyone.
2023-06-14,Natural Aloe Vera Gel 200ml,Beauty,Website,Nikhil J.,4,Good quality. Packaging was neat and tidy.
2023-06-14,Mechanical Keyboard RGB,Electronics,Amazon,Vikram T.,5,Perfect for my needs. Great quality.
2023-06-14,Sunglasses UV400 Polarized,Fashion,Website,Aditya R.,3,Works as expected. No major complaints.
2023-06-14,Memory Foam Pillow,Home & Living,Flipkart,Nikhil J.,4,Good experience. Would buy from here again.
2023-06-15,Cotton Round Neck T-Shirt,Fashion,Google Reviews,Ishaan B.,4,Solid build quality. Would recommend to a friend.
2023-06-15,Portable Phone Charger 20000mAh,Electronics,App Store,Sonal M.,5,Outstanding quality. Totally worth the price.
2023-06-15,Cotton Round Neck T-Shirt,Fashion,Flipkart,Vikram T.,5,Extremely happy! Highly recommend to everyone.
2023-06-16,Laptop Stand Adjustable,Electronics,Website,Kartik P.,4,Works well. Delivery was faster than expected.
2023-06-16,Cotton Round Neck T-Shirt,Fashion,Google Reviews,Nikhil J.,4,Solid build quality. Would recommend to a friend.
2023-06-16,Memory Foam Pillow,Home & Living,Google Reviews,Karan V.,5,Very satisfied with my purchase. Fast delivery too.
2023-06-17,Leather Wallet Slim,Fashion,Amazon,Arjun M.,4,Happy with the purchase. Works as expected.
2023-06-17,Scented Soy Wax Candle,Home & Living,Amazon,Tanya K.,4,Good experience. Would buy from here again.
2023-06-18,Vitamin C Face Serum 30ml,Beauty,Website,Nisha L.,1,Worst purchase I have made. Very regretful.
2023-06-19,USB-C Fast Charging Cable,Electronics,Amazon,Ishaan B.,4,"Good product, minor packaging damage but item fine."
2023-06-19,Running Sports Shoes,Fashion,Flipkart,Tanya K.,4,Overall a great buy. Minor issues but nothing major.
2023-06-19,Collagen Face Sheet Mask Pack,Beauty,Google Reviews,Nikhil J.,4,Overall a great buy. Minor issues but nothing major.
2023-06-19,Smart LED Desk Lamp,Electronics,Website,Nisha L.,3,Works as expected. No major complaints.
2023-06-19,Under Eye Cream Dark Circles,Beauty,Amazon,Kavya N.,4,Solid build quality. Would recommend to a friend.
2023-06-20,Stainless Steel Water Bottle 1L,Home & Living,Flipkart,Ananya G.,3,Decent product. Does exactly what it says.
2023-06-20,Running Sports Shoes,Fashion,Amazon,Suresh B.,5,Great quality for the price. Will buy again.
2023-06-20,Stainless Steel Water Bottle 1L,Home & Living,Flipkart,Ravi C.,4,Happy with the purchase. Works as expected.
2023-06-21,Bamboo Cutting Board Set,Home & Living,Amazon,Rahul K.,4,Good quality. Packaging was neat and tidy.
2023-06-22,Stainless Steel Water Bottle 1L,Home & Living,Flipkart,Ravi C.,4,Works well. Delivery was faster than expected.
2023-06-23,Wireless Bluetooth Earbuds,Electronics,Website,Sonal M.,5,Outstanding quality. Totally worth the price.
2023-06-24,Memory Foam Pillow,Home & Living,Amazon,Aditya R.,4,Happy with the purchase. Works as expected.
2023-06-24,Webcam HD 1080p,Electronics,Amazon,Shruti R.,5,Extremely happy! Highly recommend to everyone.
2023-06-25,Smart LED Desk Lamp,Electronics,Amazon,Tanya K.,3,Decent product. Does exactly what it says.
2023-06-25,Under Eye Cream Dark Circles,Beauty,Flipkart,Sneha P.,5,Perfect for my needs. Great quality.
2023-06-25,Laptop Stand Adjustable,Electronics,Google Reviews,Rohan D.,5,Great quality for the price. Will buy again.
2023-06-25,Leather Wallet Slim,Fashion,Flipkart,Dhruv A.,4,Excellent value. A minor quibble but overall great.
2023-06-27,Sunglasses UV400 Polarized,Fashion,Amazon,Priya S.,4,Good quality. Packaging was neat and tidy.
2023-06-27,Portable Phone Charger 20000mAh,Electronics,Amazon,Ishaan B.,2,Broke sooner than expected. Very unhappy.
2023-06-27,Mechanical Keyboard RGB,Electronics,Google Reviews,Aditya R.,5,Excellent product. Zero complaints at all.
2023-06-28,Laptop Stand Adjustable,Electronics,Amazon,Aditya R.,5,Very satisfied with my purchase. Fast delivery too.
2023-06-28,Slim Fit Chino Pants,Fashion,Website,Vikram T.,5,Perfect for my needs. Great quality.
2023-06-29,Noise Cancelling Headphones,Electronics,Amazon,Deepa M.,4,Good quality. Packaging was neat and tidy.
2023-06-29,Smart LED Desk Lamp,Electronics,Google Reviews,Sonal M.,5,Works like a charm. Very pleased with this.
2023-06-30,Casual Denim Jacket,Fashion,Google Reviews,Kartik P.,4,Happy with the purchase. Works as expected.
2023-06-30,Non-Stick Frying Pan 26cm,Home & Living,Website,Kavya N.,5,Sturdy build and works perfectly. 5 stars!
2023-07-02,Under Eye Cream Dark Circles,Beauty,Website,Ravi C.,4,Happy with the purchase. Works as expected.
2023-07-02,Leather Wallet Slim,Fashion,Google Reviews,Karan V.,5,My family loves it. Great purchase overall.
2023-07-03,Running Sports Shoes,Fashion,Google Reviews,Kartik P.,3,Decent product. Does exactly what it says.
2023-07-03,Mechanical Keyboard RGB,Electronics,Flipkart,Rohan D.,3,Not as impressive as I expected. Just okay.
2023-07-04,Mechanical Keyboard RGB,Electronics,Flipkart,Karan V.,4,Happy with the purchase. Works as expected.
2023-07-04,Smart LED Desk Lamp,Electronics,Flipkart,Nikhil J.,5,Absolutely love this! Works exactly as described.
2023-07-05,Slim Fit Chino Pants,Fashion,Website,Deepa M.,4,Good quality. Packaging was neat and tidy.
2023-07-05,Smart LED Desk Lamp,Electronics,Flipkart,Deepa M.,5,Fantastic product. Looks great and works well.
2023-07-07,Casual Denim Jacket,Fashion,App Store,Sneha P.,5,Exceeded my expectations. Highly recommend!
2023-07-07,Bamboo Cutting Board Set,Home & Living,Website,Dhruv A.,5,Brilliant product. Delivered on time too.
2023-07-08,Running Sports Shoes,Fashion,Website,Suresh B.,5,Sturdy build and works perfectly. 5 stars!
2023-07-08,Moisturising Sunscreen SPF50,Beauty,Flipkart,Kavya N.,1,Stopped working within a week. Very disappointed.
2023-07-09,Collagen Face Sheet Mask Pack,Beauty,Flipkart,Dhruv A.,4,"Good product, minor packaging damage but item fine."
2023-07-10,Bamboo Cutting Board Set,Home & Living,Flipkart,Ishaan B.,5,Best purchase this year. Amazing quality.
2023-07-10,Sunglasses UV400 Polarized,Fashion,Google Reviews,Varun D.,3,Average experience. Product works but barely.
2023-07-10,USB-C Fast Charging Cable,Electronics,Google Reviews,Sneha P.,5,Excellent product. Zero complaints at all.
2023-07-11,Slim Fit Chino Pants,Fashion,Website,Meera J.,2,Customer support was unhelpful. Frustrating.
2023-07-11,Vitamin C Face Serum 30ml,Beauty,Website,Rahul K.,4,Excellent value. A minor quibble but overall great.
2023-07-12,Sunglasses UV400 Polarized,Fashion,Website,Ravi C.,5,Excellent product. Zero complaints at all.
2023-07-12,Wireless Bluetooth Earbuds,Electronics,App Store,Karan V.,4,Good experience. Would buy from here again.
2023-07-12,Under Eye Cream Dark Circles,Beauty,App Store,Priya S.,1,Stopped working within a week. Very disappointed.
2023-07-12,Stainless Steel Water Bottle 1L,Home & Living,App Store,Nikhil J.,4,Excellent value. A minor quibble but overall great.
2023-07-13,Noise Cancelling Headphones,Electronics,App Store,Arjun M.,3,Works as expected. No major complaints.
2023-07-14,Slim Fit Chino Pants,Fashion,Google Reviews,Pooja S.,5,Perfect for my needs. Great quality.
2023-07-14,Leather Wallet Slim,Fashion,Google Reviews,Arjun M.,5,Outstanding quality. Totally worth the price.
2023-07-14,Slim Fit Chino Pants,Fashion,Website,Kartik P.,5,Absolutely love this! Works exactly as described.
2023-07-14,USB-C Fast Charging Cable,Electronics,Flipkart,Pooja S.,5,Best purchase this year. Amazing quality.
2023-07-14,Under Eye Cream Dark Circles,Beauty,Amazon,Priya S.,4,Good experience. Would buy from here again.
2023-07-15,Noise Cancelling Headphones,Electronics,Website,Priya S.,5,Outstanding quality. Totally worth the price.
2023-07-15,Wireless Bluetooth Earbuds,Electronics,Flipkart,Rahul K.,5,Extremely happy! Highly recommend to everyone.
2023-07-15,Moisturising Sunscreen SPF50,Beauty,Amazon,Nisha L.,4,Excellent value. A minor quibble but overall great.
2023-07-15,Mechanical Keyboard RGB,Electronics,App Store,Rahul K.,5,Perfect for my needs. Great quality.
2023-07-16,Memory Foam Pillow,Home & Living,Google Reviews,Nikhil J.,5,Perfect for my needs. Great quality.
2023-07-18,USB-C Fast Charging Cable,Electronics,App Store,Sneha P.,5,Exceeded my expectations. Highly recommend!
2023-07-18,Webcam HD 1080p,Electronics,App Store,Karan V.,5,Good value for money. Very happy with it.
2023-07-18,Natural Aloe Vera Gel 200ml,Beauty,Amazon,Kavya N.,4,Very good product. Mostly happy with it.
2023-07-18,Wireless Bluetooth Earbuds,Electronics,App Store,Varun D.,3,It is fine. Nothing outstanding about it.
2023-07-18,Webcam HD 1080p,Electronics,Website,Varun D.,5,Works like a charm. Very pleased with this.
2023-07-18,Bamboo Cutting Board Set,Home & Living,App Store,Rohan D.,3,Decent product. Does exactly what it says.
2023-07-19,USB-C Fast Charging Cable,Electronics,Google Reviews,Kartik P.,4,Overall a great buy. Minor issues but nothing major.
2023-07-19,Stainless Steel Water Bottle 1L,Home & Living,Google Reviews,Kavya N.,5,My family loves it. Great purchase overall.
2023-07-21,Moisturising Sunscreen SPF50,Beauty,Google Reviews,Arjun M.,5,Good value for money. Very happy with it.
2023-07-21,Non-Stick Frying Pan 26cm,Home & Living,Website,Arjun M.,4,Solid build quality. Would recommend to a friend.
2023-07-22,Webcam HD 1080p,Electronics,Amazon,Rohan D.,4,Excellent value. A minor quibble but overall great.
2023-07-22,Slim Fit Chino Pants,Fashion,Website,Tanya K.,5,Exceeded my expectations. Highly recommend!
2023-07-22,USB-C Fast Charging Cable,Electronics,Google Reviews,Nisha L.,1,Stopped working within a week. Very disappointed.
2023-07-23,Portable Phone Charger 20000mAh,Electronics,App Store,Sneha P.,4,Very good product. Mostly happy with it.
2023-07-24,Running Sports Shoes,Fashion,Amazon,Aditya R.,4,Overall a great buy. Minor issues but nothing major.
2023-07-24,Natural Aloe Vera Gel 200ml,Beauty,App Store,Priya S.,5,Great quality for the price. Will buy again.
2023-07-24,Sunglasses UV400 Polarized,Fashion,Amazon,Nisha L.,4,Good experience. Would buy from here again.
2023-07-24,Sunglasses UV400 Polarized,Fashion,Amazon,Ravi C.,3,Works as expected. No major complaints.
2023-07-25,Natural Aloe Vera Gel 200ml,Beauty,Google Reviews,Arjun M.,4,Very good product. Mostly happy with it.
2023-07-25,Webcam HD 1080p,Electronics,App Store,Kavya N.,5,Exceeded my expectations. Highly recommend!
2023-07-25,Noise Cancelling Headphones,Electronics,App Store,Kartik P.,2,Broke sooner than expected. Very unhappy.
2023-07-26,Under Eye Cream Dark Circles,Beauty,App Store,Ishaan B.,5,My family loves it. Great purchase overall.
2023-07-27,Leather Wallet Slim,Fashion,Amazon,Dhruv A.,3,Average experience. Product works but barely.
2023-07-27,Cotton Round Neck T-Shirt,Fashion,Flipkart,Aditya R.,3,Works as expected. No major complaints.
2023-07-28,Memory Foam Pillow,Home & Living,Google Reviews,Ishaan B.,4,Excellent value. A minor quibble but overall great.
2023-07-28,Running Sports Shoes,Fashion,Amazon,Aditya R.,5,Great quality for the price. Will buy again.
2023-07-28,Casual Denim Jacket,Fashion,Google Reviews,Nisha L.,2,Customer support was unhelpful. Frustrating.
2023-07-29,Under Eye Cream Dark Circles,Beauty,App Store,Deepa M.,4,"Good product, minor packaging damage but item fine."
2023-07-30,Natural Aloe Vera Gel 200ml,Beauty,Google Reviews,Rahul K.,5,Works like a charm. Very pleased with this.
2023-07-30,Memory Foam Pillow,Home & Living,Website,Varun D.,4,Overall a great buy. Minor issues but nothing major.
2023-07-30,Mechanical Keyboard RGB,Electronics,Flipkart,Meera J.,3,Packaging was a little damaged but the item is fine.
2023-07-31,Sunglasses UV400 Polarized,Fashion,Website,Pooja S.,3,Not as impressive as I expected. Just okay.
2023-08-01,Webcam HD 1080p,Electronics,Google Reviews,Sneha P.,5,Good value for money. Very happy with it.
2023-08-02,Natural Aloe Vera Gel 200ml,Beauty,App Store,Rahul K.,4,Solid build quality. Would recommend to a friend.
2023-08-02,Noise Cancelling Headphones,Electronics,Flipkart,Kavya N.,4,Excellent value. A minor quibble but overall great.
2023-08-02,Slim Fit Chino Pants,Fashion,Amazon,Deepa M.,5,Best purchase this year. Amazing quality.
2023-08-02,Wireless Bluetooth Earbuds,Electronics,Flipkart,Ananya G.,4,Happy with the purchase. Works as expected.
2023-08-02,Webcam HD 1080p,Electronics,Google Reviews,Ishaan B.,5,Extremely happy! Highly recommend to everyone.
2023-08-03,Non-Stick Frying Pan 26cm,Home & Living,Amazon,Karan V.,5,Best purchase this year. Amazing quality.
2023-08-03,Scented Soy Wax Candle,Home & Living,Flipkart,Suresh B.,3,Packaging was a little damaged but the item is fine.
2023-08-03,Bamboo Cutting Board Set,Home & Living,Amazon,Varun D.,4,Very good product. Mostly happy with it.
2023-08-03,Collagen Face Sheet Mask Pack,Beauty,Google Reviews,Sonal M.,5,Outstanding quality. Totally worth the price.
2023-08-04,Moisturising Sunscreen SPF50,Beauty,Amazon,Meera J.,5,Sturdy build and works perfectly. 5 stars!
2023-08-04,USB-C Fast Charging Cable,Electronics,Website,Ishaan B.,5,Great quality for the price. Will buy again.
2023-08-04,Stainless Steel Water Bottle 1L,Home & Living,App Store,Ravi C.,5,Great quality for the price. Will buy again.
2023-08-04,Leather Wallet Slim,Fashion,Flipkart,Tanya K.,5,Good value for money. Very happy with it.
2023-08-05,Smart LED Desk Lamp,Electronics,Website,Priya S.,3,Average quality. Not bad but not great either.
2023-08-05,Memory Foam Pillow,Home & Living,App Store,Sonal M.,4,Overall a great buy. Minor issues but nothing major.
2023-08-05,Scented Soy Wax Candle,Home & Living,Amazon,Nisha L.,5,Exceeded my expectations. Highly recommend!
2023-08-05,Non-Stick Frying Pan 26cm,Home & Living,Flipkart,Aisha K.,4,Excellent value. A minor quibble but overall great.
2023-08-06,Webcam HD 1080p,Electronics,Amazon,Ananya G.,5,Fantastic product. Looks great and works well.
2023-08-06,Leather Wallet Slim,Fashion,Website,Aisha K.,4,Excellent value. A minor quibble but overall great.
2023-08-06,Memory Foam Pillow,Home & Living,Amazon,Kartik P.,5,Absolutely love this! Works exactly as described.
2023-08-07,Casual Denim Jacket,Fashion,Google Reviews,Deepa M.,4,Overall a great buy. Minor issues but nothing major.
2023-08-07,Cotton Round Neck T-Shirt,Fashion,Flipkart,Sneha P.,5,Fantastic product. Looks great and works well.
2023-08-08,Cotton Round Neck T-Shirt,Fashion,App Store,Aditya R.,1,Broke after first use. Very fragile build.
2023-08-08,Sunglasses UV400 Polarized,Fashion,Google Reviews,Suresh B.,4,"Good product, minor packaging damage but item fine."
2023-08-08,Scented Soy Wax Candle,Home & Living,Website,Kavya N.,5,My family loves it. Great purchase overall.
2023-08-09,Scented Soy Wax Candle,Home & Living,Flipkart,Pooja S.,5,Exceeded my expectations. Highly recommend!
2023-08-10,Under Eye Cream Dark Circles,Beauty,Amazon,Ananya G.,4,Happy with the purchase. Works as expected.
2023-08-10,Moisturising Sunscreen SPF50,Beauty,Flipkart,Nikhil J.,4,Very good product. Mostly happy with it.
2023-08-10,Collagen Face Sheet Mask Pack,Beauty,Website,Pooja S.,3,Average experience. Product works but barely.
2023-08-10,USB-C Fast Charging Cable,Electronics,Flipkart,Ishaan B.,3,Okay for the price. Could be improved though.
2023-08-11,Under Eye Cream Dark Circles,Beauty,Amazon,Ananya G.,5,Sturdy build and works perfectly. 5 stars!
2023-08-11,Moisturising Sunscreen SPF50,Beauty,Amazon,Sneha P.,4,Happy with the purchase. Works as expected.
2023-08-12,Collagen Face Sheet Mask Pack,Beauty,Google Reviews,Nikhil J.,4,Excellent value. A minor quibble but overall great.
2023-08-12,Moisturising Sunscreen SPF50,Beauty,Flipkart,Nisha L.,5,Absolutely love this! Works exactly as described.
2023-08-13,Mechanical Keyboard RGB,Electronics,Google Reviews,Dhruv A.,5,Perfect for my needs. Great quality.
2023-08-13,Collagen Face Sheet Mask Pack,Beauty,Google Reviews,Pooja S.,3,Not as impressive as I expected. Just okay.
2023-08-16,Memory Foam Pillow,Home & Living,Google Reviews,Dhruv A.,5,Sturdy build and works perfectly. 5 stars!
2023-08-16,Collagen Face Sheet Mask Pack,Beauty,Amazon,Meera J.,5,Brilliant product. Delivered on time too.
2023-08-17,Laptop Stand Adjustable,Electronics,Website,Ravi C.,5,Excellent product. Zero complaints at all.
2023-08-17,Moisturising Sunscreen SPF50,Beauty,Website,Sonal M.,5,Great quality for the price. Will buy again.
2023-08-18,Collagen Face Sheet Mask Pack,Beauty,Website,Sneha P.,5,Great quality for the price. Will buy again.
2023-08-18,Wireless Bluetooth Earbuds,Electronics,Website,Arjun M.,4,Works well. Delivery was faster than expected.
2023-08-18,USB-C Fast Charging Cable,Electronics,App Store,Kartik P.,5,Perfect for my needs. Great quality.
2023-08-19,Webcam HD 1080p,Electronics,Flipkart,Shruti R.,5,Very satisfied with my purchase. Fast delivery too.
2023-08-19,Stainless Steel Water Bottle 1L,Home & Living,Amazon,Kartik P.,4,Really satisfied. A few small things could be better.
2023-08-20,Mechanical Keyboard RGB,Electronics,Flipkart,Pooja S.,5,Excellent product. Zero complaints at all.
2023-08-20,Sunglasses UV400 Polarized,Fashion,Website,Ravi C.,5,Excellent product. Zero complaints at all.
2023-08-21,Smart LED Desk Lamp,Electronics,Website,Ravi C.,3,Decent product. Does exactly what it says.
2023-08-23,Slim Fit Chino Pants,Fashion,Google Reviews,Aditya R.,4,Good quality. Packaging was neat and tidy.
2023-08-23,Smart LED Desk Lamp,Electronics,App Store,Ishaan B.,5,Brilliant product. Delivered on time too.
2023-08-23,Webcam HD 1080p,Electronics,Website,Varun D.,2,Customer support was unhelpful. Frustrating.
2023-08-23,Cotton Round Neck T-Shirt,Fashion,Amazon,Pooja S.,2,Does not match the description at all.
2023-08-24,Smart LED Desk Lamp,Electronics,Flipkart,Arjun M.,4,Excellent value. A minor quibble but overall great.
2023-08-24,Stainless Steel Water Bottle 1L,Home & Living,Google Reviews,Sonal M.,4,Really satisfied. A few small things could be better.
2023-08-24,Portable Phone Charger 20000mAh,Electronics,App Store,Meera J.,5,Sturdy build and works perfectly. 5 stars!
2023-08-24,Collagen Face Sheet Mask Pack,Beauty,Website,Rahul K.,2,Customer support was unhelpful. Frustrating.
2023-08-24,Portable Phone Charger 20000mAh,Electronics,Flipkart,Aditya R.,5,Excellent product. Zero complaints at all.
2023-08-24,Memory Foam Pillow,Home & Living,Google Reviews,Meera J.,5,Exceeded my expectations. Highly recommend!
2023-08-25,Stainless Steel Water Bottle 1L,Home & Living,Website,Nikhil J.,4,Good experience. Would buy from here again.
2023-08-25,Mechanical Keyboard RGB,Electronics,App Store,Pooja S.,4,"Good product, minor packaging damage but item fine."
2023-08-25,Stainless Steel Water Bottle 1L,Home & Living,Website,Priya S.,3,It is fine. Nothing outstanding about it.
2023-08-26,Memory Foam Pillow,Home & Living,Website,Ravi C.,3,Packaging was a little damaged but the item is fine.
2023-08-27,Noise Cancelling Headphones,Electronics,Flipkart,Aisha K.,4,Works well. Delivery was faster than expected.
2023-08-27,Casual Denim Jacket,Fashion,App Store,Pooja S.,5,Great quality for the price. Will buy again.
2023-08-28,Wireless Bluetooth Earbuds,Electronics,Amazon,Kavya N.,4,Works well. Delivery was faster than expected.
2023-08-29,Smart LED Desk Lamp,Electronics,Google Reviews,Tanya K.,5,Absolutely love this! Works exactly as described.
2023-08-29,Mechanical Keyboard RGB,Electronics,App Store,Rahul K.,5,Fantastic product. Looks great and works well.
2023-08-29,Stainless Steel Water Bottle 1L,Home & Living,Google Reviews,Ravi C.,5,Fantastic product. Looks great and works well.
2023-08-30,Natural Aloe Vera Gel 200ml,Beauty,Website,Deepa M.,3,It is fine. Nothing outstanding about it.
2023-08-30,Sunglasses UV400 Polarized,Fashion,Amazon,Kartik P.,5,Best purchase this year. Amazing quality.
2023-08-31,Sunglasses UV400 Polarized,Fashion,Amazon,Priya S.,3,Decent product. Does exactly what it says.
2023-08-31,Laptop Stand Adjustable,Electronics,App Store,Dhruv A.,5,Outstanding quality. Totally worth the price.
2023-09-02,Collagen Face Sheet Mask Pack,Beauty,Website,Vikram T.,5,Sturdy build and works perfectly. 5 stars!
2023-09-02,Under Eye Cream Dark Circles,Beauty,Amazon,Rohan D.,5,Works like a charm. Very pleased with this.
2023-09-03,Bamboo Cutting Board Set,Home & Living,App Store,Kartik P.,5,Fantastic product. Looks great and works well.
2023-09-03,Running Sports Shoes,Fashion,Google Reviews,Arjun M.,4,Excellent value. A minor quibble but overall great.
2023-09-04,Leather Wallet Slim,Fashion,Google Reviews,Kavya N.,4,Very good product. Mostly happy with it.
2023-09-04,Bamboo Cutting Board Set,Home & Living,Website,Pooja S.,4,Very good product. Mostly happy with it.
2023-09-05,Portable Phone Charger 20000mAh,Electronics,Amazon,Dhruv A.,5,Good value for money. Very happy with it.
2023-09-05,Slim Fit Chino Pants,Fashion,App Store,Sonal M.,5,Fantastic product. Looks great and works well.
2023-09-05,Smart LED Desk Lamp,Electronics,Flipkart,Vikram T.,1,Customer support refused to help. Awful experience.
2023-09-06,Memory Foam Pillow,Home & Living,Amazon,Ananya G.,5,Absolutely love this! Works exactly as described.
2023-09-06,Webcam HD 1080p,Electronics,Google Reviews,Ananya G.,5,Perfect for my needs. Great quality.
2023-09-06,Slim Fit Chino Pants,Fashion,Flipkart,Vikram T.,5,Exceeded my expectations. Highly recommend!
2023-09-06,Natural Aloe Vera Gel 200ml,Beauty,App Store,Priya S.,4,Works well. Delivery was faster than expected.
2023-09-07,Scented Soy Wax Candle,Home & Living,App Store,Ananya G.,2,Very disappointing. Returned the product.
2023-09-07,USB-C Fast Charging Cable,Electronics,App Store,Karan V.,5,Fantastic product. Looks great and works well.
2023-09-07,Mechanical Keyboard RGB,Electronics,App Store,Shruti R.,5,My family loves it. Great purchase overall.
2023-09-08,Casual Denim Jacket,Fashion,Flipkart,Ravi C.,5,Perfect for my needs. Great quality.
2023-09-08,Non-Stick Frying Pan 26cm,Home & Living,App Store,Nikhil J.,4,Good quality. Packaging was neat and tidy.
2023-09-09,Wireless Bluetooth Earbuds,Electronics,App Store,Vikram T.,4,Works well. Delivery was faster than expected.
2023-09-09,Wireless Bluetooth Earbuds,Electronics,Google Reviews,Nisha L.,5,Extremely happy! Highly recommend to everyone.
2023-09-09,USB-C Fast Charging Cable,Electronics,Website,Aisha K.,5,Works like a charm. Very pleased with this.
2023-09-10,Smart LED Desk Lamp,Electronics,Google Reviews,Pooja S.,3,Decent product. Does exactly what it says.
2023-09-10,Wireless Bluetooth Earbuds,Electronics,App Store,Ishaan B.,3,Works as expected. No major complaints.
2023-09-11,Slim Fit Chino Pants,Fashion,Google Reviews,Sneha P.,4,Good quality. Packaging was neat and tidy.
2023-09-11,Cotton Round Neck T-Shirt,Fashion,Flipkart,Tanya K.,5,Good value for money. Very happy with it.
2023-09-11,Non-Stick Frying Pan 26cm,Home & Living,Amazon,Vikram T.,3,Not as impressive as I expected. Just okay.
2023-09-12,Bamboo Cutting Board Set,Home & Living,Amazon,Kartik P.,5,Works like a charm. Very pleased with this.
2023-09-12,Sunglasses UV400 Polarized,Fashion,Website,Sneha P.,4,Very good product. Mostly happy with it.
2023-09-12,USB-C Fast Charging Cable,Electronics,Website,Vikram T.,4,Overall a great buy. Minor issues but nothing major.
2023-09-13,Non-Stick Frying Pan 26cm,Home & Living,Website,Deepa M.,5,Excellent product. Zero complaints at all.
2023-09-14,Collagen Face Sheet Mask Pack,Beauty,App Store,Kartik P.,5,Exceeded my expectations. Highly recommend!
2023-09-14,Casual Denim Jacket,Fashion,Flipkart,Karan V.,2,Does not match the description at all.
2023-09-14,Collagen Face Sheet Mask Pack,Beauty,Google Reviews,Shruti R.,2,Broke sooner than expected. Very unhappy.
2023-09-14,Casual Denim Jacket,Fashion,Flipkart,Rohan D.,4,Excellent value. A minor quibble but overall great.
2023-09-14,Casual Denim Jacket,Fashion,Website,Meera J.,5,Works like a charm. Very pleased with this.
2023-09-15,Memory Foam Pillow,Home & Living,Flipkart,Kartik P.,3,Works as expected. No major complaints.
2023-09-15,Moisturising Sunscreen SPF50,Beauty,Google Reviews,Rohan D.,4,Solid build quality. Would recommend to a friend.
2023-09-15,Cotton Round Neck T-Shirt,Fashion,Amazon,Ravi C.,4,Very good product. Mostly happy with it.
2023-09-15,Moisturising Sunscreen SPF50,Beauty,Google Reviews,Rahul K.,4,Overall a great buy. Minor issues but nothing major.
2023-09-15,Sunglasses UV400 Polarized,Fashion,App Store,Ravi C.,5,Best purchase this year. Amazing quality.
2023-09-16,Non-Stick Frying Pan 26cm,Home & Living,Google Reviews,Deepa M.,5,Good value for money. Very happy with it.
2023-09-17,Slim Fit Chino Pants,Fashion,Amazon,Nikhil J.,4,Happy with the purchase. Works as expected.
2023-09-17,Bamboo Cutting Board Set,Home & Living,Flipkart,Suresh B.,5,Perfect for my needs. Great quality.
2023-09-18,Moisturising Sunscreen SPF50,Beauty,App Store,Priya S.,4,Happy with the purchase. Works as expected.
2023-09-18,Leather Wallet Slim,Fashion,Amazon,Sonal M.,5,Sturdy build and works perfectly. 5 stars!
2023-09-19,Memory Foam Pillow,Home & Living,Amazon,Karan V.,4,Very good product. Mostly happy with it.
2023-09-21,Bamboo Cutting Board Set,Home & Living,Website,Sonal M.,4,Very good product. Mostly happy with it.
2023-09-21,Under Eye Cream Dark Circles,Beauty,Website,Vikram T.,5,Exceeded my expectations. Highly recommend!
2023-09-22,Running Sports Shoes,Fashion,Google Reviews,Sonal M.,5,My family loves it. Great purchase overall.
2023-09-22,Cotton Round Neck T-Shirt,Fashion,Google Reviews,Shruti R.,3,Works as expected. No major complaints.
2023-09-22,Cotton Round Neck T-Shirt,Fashion,App Store,Karan V.,3,Decent product. Does exactly what it says.
2023-09-22,Natural Aloe Vera Gel 200ml,Beauty,Website,Pooja S.,4,Good quality. Packaging was neat and tidy.
2023-09-23,Vitamin C Face Serum 30ml,Beauty,Amazon,Ishaan B.,5,Works like a charm. Very pleased with this.
2023-09-23,Portable Phone Charger 20000mAh,Electronics,Google Reviews,Nisha L.,3,Okay for the price. Could be improved though.
2023-09-23,Noise Cancelling Headphones,Electronics,App Store,Ishaan B.,4,Really satisfied. A few small things could be better.
2023-09-24,Vitamin C Face Serum 30ml,Beauty,App Store,Aisha K.,1,Customer support refused to help. Awful experience.
2023-09-24,Scented Soy Wax Candle,Home & Living,Amazon,Arjun M.,3,It is fine. Nothing outstanding about it.
2023-09-24,Scented Soy Wax Candle,Home & Living,Amazon,Varun D.,4,Good experience. Would buy from here again.
2023-09-24,Natural Aloe Vera Gel 200ml,Beauty,Flipkart,Shruti R.,5,Absolutely love this! Works exactly as described.
2023-09-24,Collagen Face Sheet Mask Pack,Beauty,Google Reviews,Nisha L.,5,Absolutely love this! Works exactly as described.
2023-09-25,Mechanical Keyboard RGB,Electronics,Amazon,Sonal M.,5,Works like a charm. Very pleased with this.
2023-09-25,Leather Wallet Slim,Fashion,App Store,Ravi C.,3,Okay for the price. Could be improved though.
2023-09-25,Scented Soy Wax Candle,Home & Living,Website,Suresh B.,3,Works as expected. No major complaints.
2023-09-25,Cotton Round Neck T-Shirt,Fashion,Flipkart,Sneha P.,4,Works well. Delivery was faster than expected.
2023-09-26,Noise Cancelling Headphones,Electronics,App Store,Karan V.,5,Excellent product. Zero complaints at all.
2023-09-26,Collagen Face Sheet Mask Pack,Beauty,Flipkart,Ravi C.,4,Works well. Delivery was faster than expected.
2023-09-26,Stainless Steel Water Bottle 1L,Home & Living,App Store,Kavya N.,4,Really satisfied. A few small things could be better.
2023-09-27,Mechanical Keyboard RGB,Electronics,Google Reviews,Suresh B.,4,Overall a great buy. Minor issues but nothing major.
2023-09-27,Casual Denim Jacket,Fashion,Google Reviews,Priya S.,5,Good value for money. Very happy with it.
2023-09-29,Bamboo Cutting Board Set,Home & Living,Flipkart,Arjun M.,5,Brilliant product. Delivered on time too.
2023-09-29,Smart LED Desk Lamp,Electronics,App Store,Tanya K.,5,Sturdy build and works perfectly. 5 stars!
2023-09-30,Smart LED Desk Lamp,Electronics,Website,Ishaan B.,5,Outstanding quality. Totally worth the price.
2023-09-30,Running Sports Shoes,Fashion,Google Reviews,Pooja S.,5,Brilliant product. Delivered on time too.
2023-10-01,Leather Wallet Slim,Fashion,App Store,Sneha P.,5,Works like a charm. Very pleased with this.
2023-10-01,Collagen Face Sheet Mask Pack,Beauty,Google Reviews,Pooja S.,5,Brilliant product. Delivered on time too.
2023-10-01,Leather Wallet Slim,Fashion,Google Reviews,Arjun M.,3,Works as expected. No major complaints.
2023-10-02,USB-C Fast Charging Cable,Electronics,Flipkart,Kavya N.,5,Extremely happy! Highly recommend to everyone.
2023-10-02,Running Sports Shoes,Fashion,Amazon,Pooja S.,5,Good value for money. Very happy with it.
2023-10-02,Cotton Round Neck T-Shirt,Fashion,Google Reviews,Vikram T.,5,Extremely happy! Highly recommend to everyone.
2023-10-03,Slim Fit Chino Pants,Fashion,Amazon,Aditya R.,4,Excellent value. A minor quibble but overall great.
2023-10-03,Wireless Bluetooth Earbuds,Electronics,Website,Rahul K.,4,Overall a great buy. Minor issues but nothing major.
2023-10-03,Noise Cancelling Headphones,Electronics,Amazon,Rohan D.,5,Excellent product. Zero complaints at all.
2023-10-03,Stainless Steel Water Bottle 1L,Home & Living,Website,Varun D.,5,Exceeded my expectations. Highly recommend!
2023-10-04,Noise Cancelling Headphones,Electronics,Google Reviews,Tanya K.,5,Extremely happy! Highly recommend to everyone.
2023-10-05,Laptop Stand Adjustable,Electronics,Website,Tanya K.,4,"Good product, minor packaging damage but item fine."
2023-10-05,Leather Wallet Slim,Fashion,Flipkart,Aisha K.,3,Average experience. Product works but barely.
2023-10-05,Scented Soy Wax Candle,Home & Living,Website,Meera J.,5,Perfect for my needs. Great quality.
2023-10-05,Smart LED Desk Lamp,Electronics,App Store,Ananya G.,4,Solid build quality. Would recommend to a friend.
2023-10-06,Laptop Stand Adjustable,Electronics,App Store,Nikhil J.,5,Works like a charm. Very pleased with this.
2023-10-06,Leather Wallet Slim,Fashion,Website,Rohan D.,4,Good experience. Would buy from here again.
2023-10-06,Portable Phone Charger 20000mAh,Electronics,Google Reviews,Deepa M.,5,Absolutely love this! Works exactly as described.
2023-10-07,Running Sports Shoes,Fashion,Website,Dhruv A.,5,Works like a charm. Very pleased with this.
2023-10-08,Webcam HD 1080p,Electronics,Amazon,Nisha L.,4,Good quality. Packaging was neat and tidy.
2023-10-08,Cotton Round Neck T-Shirt,Fashion,Amazon,Suresh B.,5,Absolutely love this! Works exactly as described.
2023-10-08,Noise Cancelling Headphones,Electronics,App Store,Ravi C.,1,Customer support refused to help. Awful experience.
2023-10-09,Casual Denim Jacket,Fashion,Google Reviews,Deepa M.,3,Decent product. Does exactly what it says.
2023-10-09,Wireless Bluetooth Earbuds,Electronics,Website,Sonal M.,4,Excellent value. A minor quibble but overall great.
2023-10-09,Vitamin C Face Serum 30ml,Beauty,Google Reviews,Ravi C.,4,Happy with the purchase. Works as expected.
2023-10-09,Smart LED Desk Lamp,Electronics,Flipkart,Pooja S.,5,Fantastic product. Looks great and works well.
2023-10-09,Slim Fit Chino Pants,Fashion,Website,Pooja S.,4,Overall a great buy. Minor issues but nothing major.
2023-10-10,Leather Wallet Slim,Fashion,Google Reviews,Nisha L.,5,Brilliant product. Delivered on time too.
2023-10-10,Vitamin C Face Serum 30ml,Beauty,App Store,Ravi C.,5,Perfect for my needs. Great quality.
2023-10-12,Laptop Stand Adjustable,Electronics,Amazon,Ishaan B.,3,Works as expected. No major complaints.
2023-10-12,Non-Stick Frying Pan 26cm,Home & Living,Website,Sneha P.,4,Overall a great buy. Minor issues but nothing major.
2023-10-14,Sunglasses UV400 Polarized,Fashion,App Store,Pooja S.,2,Customer support was unhelpful. Frustrating.
2023-10-14,Noise Cancelling Headphones,Electronics,Flipkart,Ananya G.,5,My family loves it. Great purchase overall.
2023-10-14,USB-C Fast Charging Cable,Electronics,Google Reviews,Karan V.,4,"Good product, minor packaging damage but item fine."
2023-10-14,Portable Phone Charger 20000mAh,Electronics,Flipkart,Meera J.,3,It is fine. Nothing outstanding about it.
2023-10-15,Webcam HD 1080p,Electronics,App Store,Pooja S.,5,My family loves it. Great purchase overall.
2023-10-16,Moisturising Sunscreen SPF50,Beauty,Website,Dhruv A.,4,Good experience. Would buy from here again.
2023-10-16,Stainless Steel Water Bottle 1L,Home & Living,App Store,Kavya N.,3,Works as expected. No major complaints.
2023-10-16,Stainless Steel Water Bottle 1L,Home & Living,App Store,Sonal M.,4,Solid build quality. Would recommend to a friend.
2023-10-16,Non-Stick Frying Pan 26cm,Home & Living,Amazon,Ananya G.,4,Works well. Delivery was faster than expected.
2023-10-17,Bamboo Cutting Board Set,Home & Living,Amazon,Kartik P.,4,Solid build quality. Would recommend to a friend.
2023-10-17,USB-C Fast Charging Cable,Electronics,Amazon,Rohan D.,4,Solid build quality. Would recommend to a friend.
2023-10-17,Cotton Round Neck T-Shirt,Fashion,Website,Shruti R.,5,Great quality for the price. Will buy again.
2023-10-18,Bamboo Cutting Board Set,Home & Living,Google Reviews,Karan V.,5,Sturdy build and works perfectly. 5 stars!
2023-10-18,Running Sports Shoes,Fashion,App Store,Kartik P.,4,Overall a great buy. Minor issues but nothing major.
2023-10-19,USB-C Fast Charging Cable,Electronics,Google Reviews,Sneha P.,5,Sturdy build and works perfectly. 5 stars!
2023-10-19,Under Eye Cream Dark Circles,Beauty,Google Reviews,Ananya G.,5,Very satisfied with my purchase. Fast delivery too.
2023-10-19,Sunglasses UV400 Polarized,Fashion,App Store,Sonal M.,2,Not worth the money. Poor quality overall.
2023-10-19,Memory Foam Pillow,Home & Living,Amazon,Deepa M.,5,Best purchase this year. Amazing quality.
2023-10-20,Bamboo Cutting Board Set,Home & Living,Google Reviews,Priya S.,2,Does not match the description at all.
2023-10-21,Slim Fit Chino Pants,Fashion,Flipkart,Sonal M.,5,Exceeded my expectations. Highly recommend!
2023-10-22,Noise Cancelling Headphones,Electronics,Google Reviews,Rahul K.,5,Absolutely love this! Works exactly as described.
2023-10-22,Noise Cancelling Headphones,Electronics,Website,Shruti R.,4,"Good product, minor packaging damage but item fine."
2023-10-22,Natural Aloe Vera Gel 200ml,Beauty,App Store,Kavya N.,4,Solid build quality. Would recommend to a friend.
2023-10-23,Webcam HD 1080p,Electronics,Google Reviews,Rohan D.,5,Perfect for my needs. Great quality.
2023-10-23,Leather Wallet Slim,Fashion,Google Reviews,Sonal M.,2,Customer support was unhelpful. Frustrating.
2023-10-24,Cotton Round Neck T-Shirt,Fashion,Website,Vikram T.,5,My family loves it. Great purchase overall.
2023-10-25,Portable Phone Charger 20000mAh,Electronics,Google Reviews,Nikhil J.,5,My family loves it. Great purchase overall.
2023-10-25,Casual Denim Jacket,Fashion,Website,Pooja S.,4,"Good product, minor packaging damage but item fine."
2023-10-25,Moisturising Sunscreen SPF50,Beauty,Flipkart,Dhruv A.,3,Average quality. Not bad but not great either.
2023-10-26,Casual Denim Jacket,Fashion,Google Reviews,Vikram T.,5,My family loves it. Great purchase overall.
2023-10-26,Non-Stick Frying Pan 26cm,Home & Living,Flipkart,Rahul K.,1,Never buying from here again. Terrible product.
2023-10-26,Bamboo Cutting Board Set,Home & Living,Amazon,Nikhil J.,4,Good quality. Packaging was neat and tidy.
2023-10-27,Stainless Steel Water Bottle 1L,Home & Living,Website,Meera J.,5,Excellent product. Zero complaints at all.
2023-10-27,Webcam HD 1080p,Electronics,Flipkart,Kavya N.,3,Average experience. Product works but barely.
2023-10-27,Moisturising Sunscreen SPF50,Beauty,Flipkart,Karan V.,5,Best purchase this year. Amazing quality.
2023-10-27,Vitamin C Face Serum 30ml,Beauty,App Store,Karan V.,4,"Good product, minor packaging damage but item fine."
2023-10-28,Slim Fit Chino Pants,Fashion,Flipkart,Aditya R.,4,Solid build quality. Would recommend to a friend.
2023-10-28,Cotton Round Neck T-Shirt,Fashion,Flipkart,Meera J.,4,Very good product. Mostly happy with it.
2023-10-28,USB-C Fast Charging Cable,Electronics,App Store,Arjun M.,4,Good experience. Would buy from here again.
2023-10-28,Portable Phone Charger 20000mAh,Electronics,App Store,Deepa M.,3,Average experience. Product works but barely.
2023-10-28,Memory Foam Pillow,Home & Living,Flipkart,Pooja S.,4,Overall a great buy. Minor issues but nothing major.
2023-10-29,Bamboo Cutting Board Set,Home & Living,App Store,Kartik P.,4,Really satisfied. A few small things could be better.
2023-10-29,Wireless Bluetooth Earbuds,Electronics,App Store,Aisha K.,4,Really satisfied. A few small things could be better.
2023-10-29,Leather Wallet Slim,Fashion,Flipkart,Nisha L.,5,Outstanding quality. Totally worth the price.
2023-10-29,USB-C Fast Charging Cable,Electronics,Google Reviews,Suresh B.,5,Good value for money. Very happy with it.
2023-10-30,USB-C Fast Charging Cable,Electronics,Flipkart,Ananya G.,4,"Good product, minor packaging damage but item fine."
2023-10-30,Running Sports Shoes,Fashion,Website,Kavya N.,5,Excellent product. Zero complaints at all.
2023-10-31,Laptop Stand Adjustable,Electronics,Flipkart,Ravi C.,4,Happy with the purchase. Works as expected.
2023-10-31,Noise Cancelling Headphones,Electronics,Website,Deepa M.,5,Outstanding quality. Totally worth the price.
2023-11-01,Collagen Face Sheet Mask Pack,Beauty,Amazon,Rahul K.,3,Average experience. Product works but barely.
2023-11-01,USB-C Fast Charging Cable,Electronics,App Store,Aditya R.,4,Solid build quality. Would recommend to a friend.
2023-11-01,USB-C Fast Charging Cable,Electronics,Flipkart,Ravi C.,5,Extremely happy! Highly recommend to everyone.
2023-11-02,Stainless Steel Water Bottle 1L,Home & Living,Flipkart,Sneha P.,4,Happy with the purchase. Works as expected.
2023-11-02,Non-Stick Frying Pan 26cm,Home & Living,App Store,Tanya K.,3,Average experience. Product works but barely.
2023-11-03,Under Eye Cream Dark Circles,Beauty,Flipkart,Aditya R.,4,Happy with the purchase. Works as expected.
2023-11-03,Webcam HD 1080p,Electronics,Flipkart,Meera J.,4,Overall a great buy. Minor issues but nothing major.
2023-11-03,Bamboo Cutting Board Set,Home & Living,Flipkart,Shruti R.,4,Happy with the purchase. Works as expected.
2023-11-04,Vitamin C Face Serum 30ml,Beauty,Amazon,Vikram T.,4,Overall a great buy. Minor issues but nothing major.
2023-11-04,Laptop Stand Adjustable,Electronics,Website,Aisha K.,4,Really satisfied. A few small things could be better.
2023-11-05,Slim Fit Chino Pants,Fashion,Website,Meera J.,5,Extremely happy! Highly recommend to everyone.
2023-11-05,Leather Wallet Slim,Fashion,Amazon,Meera J.,4,Happy with the purchase. Works as expected.
2023-11-05,Collagen Face Sheet Mask Pack,Beauty,Website,Rohan D.,2,Very disappointing. Returned the product.
2023-11-06,Scented Soy Wax Candle,Home & Living,Amazon,Meera J.,3,Average quality. Not bad but not great either.
2023-11-06,Portable Phone Charger 20000mAh,Electronics,Website,Nikhil J.,3,Average quality. Not bad but not great either.
2023-11-06,Wireless Bluetooth Earbuds,Electronics,Amazon,Nisha L.,5,Great quality for the price. Will buy again.
2023-11-06,Vitamin C Face Serum 30ml,Beauty,App Store,Ravi C.,4,Excellent value. A minor quibble but overall great.
2023-11-07,Laptop Stand Adjustable,Electronics,App Store,Rohan D.,3,It is fine. Nothing outstanding about it.
2023-11-07,Running Sports Shoes,Fashion,App Store,Arjun M.,2,Not worth the money. Poor quality overall.
2023-11-08,Sunglasses UV400 Polarized,Fashion,App Store,Varun D.,5,Very satisfied with my purchase. Fast delivery too.
2023-11-08,Under Eye Cream Dark Circles,Beauty,App Store,Deepa M.,2,Very disappointing. Returned the product.
2023-11-09,Slim Fit Chino Pants,Fashion,Flipkart,Rahul K.,3,Average experience. Product works but barely.
2023-11-10,Slim Fit Chino Pants,Fashion,Amazon,Arjun M.,3,Decent product. Does exactly what it says.
2023-11-10,Moisturising Sunscreen SPF50,Beauty,App Store,Kartik P.,5,Extremely happy! Highly recommend to everyone.
2023-11-11,Moisturising Sunscreen SPF50,Beauty,Flipkart,Shruti R.,4,Overall a great buy. Minor issues but nothing major.
2023-11-11,Scented Soy Wax Candle,Home & Living,App Store,Rahul K.,1,Never buying from here again. Terrible product.
2023-11-12,Mechanical Keyboard RGB,Electronics,Flipkart,Meera J.,4,Really satisfied. A few small things could be better.
2023-11-13,Natural Aloe Vera Gel 200ml,Beauty,Amazon,Nikhil J.,3,It is fine. Nothing outstanding about it.
2023-11-13,Vitamin C Face Serum 30ml,Beauty,Website,Ananya G.,4,"Good product, minor packaging damage but item fine."
2023-11-13,Non-Stick Frying Pan 26cm,Home & Living,Website,Kartik P.,3,Not as impressive as I expected. Just okay.
2023-11-14,Mechanical Keyboard RGB,Electronics,Flipkart,Kartik P.,4,Very good product. Mostly happy with it.
2023-11-14,Webcam HD 1080p,Electronics,Google Reviews,Dhruv A.,4,Very good product. Mostly happy with it.
2023-11-14,Smart LED Desk Lamp,Electronics,Google Reviews,Suresh B.,4,Overall a great buy. Minor issues but nothing major.
2023-11-15,USB-C Fast Charging Cable,Electronics,Flipkart,Karan V.,5,Great quality for the price. Will buy again.
2023-11-15,Smart LED Desk Lamp,Electronics,Amazon,Ananya G.,3,Okay for the price. Could be improved though.
2023-11-15,Casual Denim Jacket,Fashion,Flipkart,Aisha K.,5,Excellent product. Zero complaints at all.
2023-11-15,Non-Stick Frying Pan 26cm,Home & Living,Flipkart,Ravi C.,4,Solid build quality. Would recommend to a friend.
2023-11-16,Portable Phone Charger 20000mAh,Electronics,Google Reviews,Sneha P.,5,Extremely happy! Highly recommend to everyone.
2023-11-16,Portable Phone Charger 20000mAh,Electronics,Website,Rahul K.,2,Customer support was unhelpful. Frustrating.
2023-11-17,Casual Denim Jacket,Fashion,Flipkart,Aisha K.,5,Good value for money. Very happy with it.
2023-11-17,Moisturising Sunscreen SPF50,Beauty,Google Reviews,Meera J.,5,Brilliant product. Delivered on time too.
2023-11-17,Wireless Bluetooth Earbuds,Electronics,Amazon,Arjun M.,5,Best purchase this year. Amazing quality.
2023-11-17,Natural Aloe Vera Gel 200ml,Beauty,Flipkart,Suresh B.,4,Overall a great buy. Minor issues but nothing major.
2023-11-18,Collagen Face Sheet Mask Pack,Beauty,Amazon,Nisha L.,5,Best purchase this year. Amazing quality.
2023-11-18,Mechanical Keyboard RGB,Electronics,Google Reviews,Rahul K.,5,Good value for money. Very happy with it.
2023-11-19,Webcam HD 1080p,Electronics,Website,Aisha K.,4,Good experience. Would buy from here again.
2023-11-20,USB-C Fast Charging Cable,Electronics,Website,Varun D.,5,Extremely happy! Highly recommend to everyone.
2023-11-20,Slim Fit Chino Pants,Fashion,Flipkart,Tanya K.,4,Solid build quality. Would recommend to a friend.
2023-11-21,Cotton Round Neck T-Shirt,Fashion,Flipkart,Dhruv A.,4,Really satisfied. A few small things could be better.
2023-11-21,Cotton Round Neck T-Shirt,Fashion,Flipkart,Vikram T.,5,Brilliant product. Delivered on time too.
2023-11-21,Wireless Bluetooth Earbuds,Electronics,Website,Ananya G.,4,"Good product, minor packaging damage but item fine."
2023-11-21,Smart LED Desk Lamp,Electronics,Flipkart,Tanya K.,3,Not as impressive as I expected. Just okay.
2023-11-22,Smart LED Desk Lamp,Electronics,Flipkart,Meera J.,3,It is fine. Nothing outstanding about it.
2023-11-22,Collagen Face Sheet Mask Pack,Beauty,App Store,Aisha K.,1,Extremely poor quality. Total waste of money.
2023-11-23,Slim Fit Chino Pants,Fashion,Website,Suresh B.,3,Average experience. Product works but barely.
2023-11-24,Noise Cancelling Headphones,Electronics,Flipkart,Aditya R.,4,Good experience. Would buy from here again.
2023-11-24,Smart LED Desk Lamp,Electronics,Website,Nikhil J.,5,Exceeded my expectations. Highly recommend!
2023-11-26,Natural Aloe Vera Gel 200ml,Beauty,Website,Aisha K.,5,My family loves it. Great purchase overall.
2023-11-26,Moisturising Sunscreen SPF50,Beauty,Amazon,Sneha P.,5,My family loves it. Great purchase overall.
2023-11-27,Vitamin C Face Serum 30ml,Beauty,Website,Aditya R.,5,Brilliant product. Delivered on time too.
2023-11-27,Under Eye Cream Dark Circles,Beauty,App Store,Sonal M.,5,My family loves it. Great purchase overall.
2023-11-27,Stainless Steel Water Bottle 1L,Home & Living,App Store,Kartik P.,5,Brilliant product. Delivered on time too.
2023-11-27,Under Eye Cream Dark Circles,Beauty,Flipkart,Deepa M.,5,Excellent product. Zero complaints at all.
2023-11-28,Under Eye Cream Dark Circles,Beauty,Flipkart,Nisha L.,5,Absolutely love this! Works exactly as described.
2023-11-29,Collagen Face Sheet Mask Pack,Beauty,Amazon,Rohan D.,4,Works well. Delivery was faster than expected.
2023-11-30,Portable Phone Charger 20000mAh,Electronics,App Store,Ishaan B.,5,My family loves it. Great purchase overall.
2023-11-30,Casual Denim Jacket,Fashion,Google Reviews,Karan V.,3,Not as impressive as I expected. Just okay.
2023-12-01,Noise Cancelling Headphones,Electronics,Amazon,Sonal M.,5,My family loves it. Great purchase overall.
2023-12-02,Portable Phone Charger 20000mAh,Electronics,Flipkart,Rahul K.,4,"Good product, minor packaging damage but item fine."
2023-12-02,Webcam HD 1080p,Electronics,Flipkart,Aisha K.,3,Average experience. Product works but barely.
2023-12-03,Webcam HD 1080p,Electronics,Google Reviews,Varun D.,4,Excellent value. A minor quibble but overall great.
2023-12-03,Sunglasses UV400 Polarized,Fashion,Website,Tanya K.,5,My family loves it. Great purchase overall.
2023-12-03,Mechanical Keyboard RGB,Electronics,Google Reviews,Kavya N.,5,Extremely happy! Highly recommend to everyone.
2023-12-03,Mechanical Keyboard RGB,Electronics,App Store,Nisha L.,4,Overall a great buy. Minor issues but nothing major.
2023-12-03,Natural Aloe Vera Gel 200ml,Beauty,Amazon,Karan V.,5,Great quality for the price. Will buy again.
2023-12-04,Slim Fit Chino Pants,Fashion,Amazon,Ishaan B.,4,"Good product, minor packaging damage but item fine."
2023-12-05,Under Eye Cream Dark Circles,Beauty,Amazon,Deepa M.,5,Excellent product. Zero complaints at all.
2023-12-05,Noise Cancelling Headphones,Electronics,Flipkart,Vikram T.,3,Not as impressive as I expected. Just okay.
2023-12-05,Wireless Bluetooth Earbuds,Electronics,Flipkart,Suresh B.,4,Good experience. Would buy from here again.
2023-12-05,Noise Cancelling Headphones,Electronics,Amazon,Deepa M.,5,Fantastic product. Looks great and works well.
2023-12-06,Laptop Stand Adjustable,Electronics,Google Reviews,Aisha K.,5,Works like a charm. Very pleased with this.
2023-12-06,Sunglasses UV400 Polarized,Fashion,Amazon,Kavya N.,3,It is fine. Nothing outstanding about it.
2023-12-07,Sunglasses UV400 Polarized,Fashion,Flipkart,Nisha L.,4,Works well. Delivery was faster than expected.
2023-12-08,Moisturising Sunscreen SPF50,Beauty,App Store,Pooja S.,5,Very satisfied with my purchase. Fast delivery too.
2023-12-08,Sunglasses UV400 Polarized,Fashion,Flipkart,Aditya R.,3,It is fine. Nothing outstanding about it.
2023-12-09,Cotton Round Neck T-Shirt,Fashion,Flipkart,Sonal M.,5,Perfect for my needs. Great quality.
2023-12-09,Running Sports Shoes,Fashion,Amazon,Vikram T.,3,Decent product. Does exactly what it says.
2023-12-09,Slim Fit Chino Pants,Fashion,Website,Aisha K.,4,Really satisfied. A few small things could be better.
2023-12-09,Memory Foam Pillow,Home & Living,Google Reviews,Aditya R.,5,Great quality for the price. Will buy again.
2023-12-10,Cotton Round Neck T-Shirt,Fashion,Amazon,Dhruv A.,1,Never buying from here again. Terrible product.
2023-12-10,Laptop Stand Adjustable,Electronics,Flipkart,Pooja S.,5,Absolutely love this! Works exactly as described.
2023-12-10,Vitamin C Face Serum 30ml,Beauty,Amazon,Rahul K.,5,Excellent product. Zero complaints at all.
2023-12-10,Laptop Stand Adjustable,Electronics,Google Reviews,Karan V.,4,Very good product. Mostly happy with it.
2023-12-10,Under Eye Cream Dark Circles,Beauty,Website,Sonal M.,5,My family loves it. Great purchase overall.
2023-12-11,Scented Soy Wax Candle,Home & Living,Website,Kavya N.,3,Not as impressive as I expected. Just okay.
2023-12-12,Stainless Steel Water Bottle 1L,Home & Living,Flipkart,Arjun M.,3,It is fine. Nothing outstanding about it.
2023-12-12,Leather Wallet Slim,Fashion,Amazon,Shruti R.,3,It is fine. Nothing outstanding about it.
2023-12-12,Smart LED Desk Lamp,Electronics,Amazon,Karan V.,4,Really satisfied. A few small things could be better.
2023-12-13,USB-C Fast Charging Cable,Electronics,App Store,Dhruv A.,5,My family loves it. Great purchase overall.
2023-12-13,Scented Soy Wax Candle,Home & Living,Flipkart,Rahul K.,5,Extremely happy! Highly recommend to everyone.
2023-12-13,Casual Denim Jacket,Fashion,App Store,Tanya K.,3,Average quality. Not bad but not great either.
2023-12-14,Collagen Face Sheet Mask Pack,Beauty,Website,Shruti R.,3,Okay for the price. Could be improved though.
2023-12-14,Leather Wallet Slim,Fashion,Flipkart,Rohan D.,4,Really satisfied. A few small things could be better.
2023-12-15,Under Eye Cream Dark Circles,Beauty,Google Reviews,Sonal M.,4,Good quality. Packaging was neat and tidy.
2023-12-16,Webcam HD 1080p,Electronics,Flipkart,Ishaan B.,4,Overall a great buy. Minor issues but nothing major.
2023-12-16,Moisturising Sunscreen SPF50,Beauty,Amazon,Dhruv A.,5,Outstanding quality. Totally worth the price.
2023-12-17,Sunglasses UV400 Polarized,Fashion,Google Reviews,Shruti R.,5,Good value for money. Very happy with it.
2023-12-17,Under Eye Cream Dark Circles,Beauty,App Store,Shruti R.,5,Best purchase this year. Amazing quality.
2023-12-17,Portable Phone Charger 20000mAh,Electronics,Amazon,Pooja S.,5,Sturdy build and works perfectly. 5 stars!
2023-12-18,Casual Denim Jacket,Fashion,Flipkart,Nisha L.,5,Works like a charm. Very pleased with this.
2023-12-18,Natural Aloe Vera Gel 200ml,Beauty,Flipkart,Pooja S.,1,Does not work at all. Completely useless.
2023-12-18,Casual Denim Jacket,Fashion,App Store,Kartik P.,5,Perfect for my needs. Great quality.
2023-12-19,Under Eye Cream Dark Circles,Beauty,App Store,Ravi C.,4,Works well. Delivery was faster than expected.
2023-12-20,Bamboo Cutting Board Set,Home & Living,Flipkart,Aisha K.,4,Overall a great buy. Minor issues but nothing major.
2023-12-20,Collagen Face Sheet Mask Pack,Beauty,Website,Arjun M.,4,Good quality. Packaging was neat and tidy.
2023-12-20,Sunglasses UV400 Polarized,Fashion,Flipkart,Ravi C.,5,Best purchase this year. Amazing quality.
2023-12-20,Webcam HD 1080p,Electronics,Flipkart,Ishaan B.,5,Best purchase this year. Amazing quality.
2023-12-21,Memory Foam Pillow,Home & Living,Website,Aisha K.,5,Sturdy build and works perfectly. 5 stars!
2023-12-21,Collagen Face Sheet Mask Pack,Beauty,App Store,Nikhil J.,4,Good quality. Packaging was neat and tidy.
2023-12-22,Vitamin C Face Serum 30ml,Beauty,Amazon,Kavya N.,5,Good value for money. Very happy with it.
2023-12-22,Laptop Stand Adjustable,Electronics,Website,Priya S.,5,Good value for money. Very happy with it.
2023-12-22,Webcam HD 1080p,Electronics,Amazon,Aisha K.,5,My family loves it. Great purchase overall.
2023-12-22,Memory Foam Pillow,Home & Living,Website,Ravi C.,4,Really satisfied. A few small things could be better.
2023-12-22,Scented Soy Wax Candle,Home & Living,Google Reviews,Rahul K.,5,Sturdy build and works perfectly. 5 stars!
2023-12-22,Noise Cancelling Headphones,Electronics,Flipkart,Tanya K.,4,Happy with the purchase. Works as expected.
2023-12-22,Collagen Face Sheet Mask Pack,Beauty,Google Reviews,Nikhil J.,4,Works well. Delivery was faster than expected.
2023-12-23,Natural Aloe Vera Gel 200ml,Beauty,Flipkart,Arjun M.,5,Best purchase this year. Amazing quality.
2023-12-24,Leather Wallet Slim,Fashion,Website,Kavya N.,2,Does not match the description at all.
2023-12-24,Non-Stick Frying Pan 26cm,Home & Living,Flipkart,Karan V.,3,Average experience. Product works but barely.
2023-12-24,Portable Phone Charger 20000mAh,Electronics,Amazon,Dhruv A.,2,Not worth the money. Poor quality overall.
2023-12-24,Moisturising Sunscreen SPF50,Beauty,Google Reviews,Tanya K.,2,Not worth the money. Poor quality overall.
2023-12-25,Portable Phone Charger 20000mAh,Electronics,App Store,Vikram T.,5,Good value for money. Very happy with it.
2023-12-26,Under Eye Cream Dark Circles,Beauty,Flipkart,Tanya K.,1,Stopped working within a week. Very disappointed.
2023-12-26,USB-C Fast Charging Cable,Electronics,Website,Shruti R.,5,Outstanding quality. Totally worth the price.
2023-12-27,Moisturising Sunscreen SPF50,Beauty,Flipkart,Nisha L.,5,Great quality for the price. Will buy again.
2023-12-28,Cotton Round Neck T-Shirt,Fashion,Flipkart,Priya S.,5,Perfect for my needs. Great quality.
2023-12-28,Natural Aloe Vera Gel 200ml,Beauty,Amazon,Karan V.,5,Very satisfied with my purchase. Fast delivery too.
2023-12-28,Vitamin C Face Serum 30ml,Beauty,Amazon,Dhruv A.,5,Extremely happy! Highly recommend to everyone.
2023-12-29,Running Sports Shoes,Fashion,Flipkart,Varun D.,5,Works like a charm. Very pleased with this.
2023-12-30,Smart LED Desk Lamp,Electronics,Website,Kavya N.,4,Very good product. Mostly happy with it.
2023-12-30,Portable Phone Charger 20000mAh,Electronics,Google Reviews,Aisha K.,5,Best purchase this year. Amazing quality.
2023-12-31,Leather Wallet Slim,Fashion,Flipkart,Ishaan B.,3,Average quality. Not bad but not great either.
2024-01-01,Non-Stick Frying Pan 26cm,Home & Living,Amazon,Sneha P.,2,Customer support was unhelpful. Frustrating.
2024-01-01,Leather Wallet Slim,Fashion,Google Reviews,Priya S.,4,Works well. Delivery was faster than expected.
2024-01-01,Smart LED Desk Lamp,Electronics,Amazon,Dhruv A.,3,Packaging was a little damaged but the item is fine.
2024-01-02,Stainless Steel Water Bottle 1L,Home & Living,Flipkart,Kartik P.,5,Fantastic product. Looks great and works well.
2024-01-02,Slim Fit Chino Pants,Fashion,Amazon,Tanya K.,5,My family loves it. Great purchase overall.
2024-01-02,Cotton Round Neck T-Shirt,Fashion,App Store,Ishaan B.,5,Outstanding quality. Totally worth the price.
2024-01-02,Vitamin C Face Serum 30ml,Beauty,Website,Suresh B.,5,Great quality for the price. Will buy again.
2024-01-03,Running Sports Shoes,Fashion,Amazon,Vikram T.,4,Really satisfied. A few small things could be better.
2024-01-04,Noise Cancelling Headphones,Electronics,Flipkart,Varun D.,4,Good quality. Packaging was neat and tidy.
2024-01-04,Webcam HD 1080p,Electronics,Website,Kartik P.,3,Packaging was a little damaged but the item is fine.
2024-01-04,Memory Foam Pillow,Home & Living,Amazon,Nikhil J.,5,Absolutely love this! Works exactly as described.
2024-01-05,Natural Aloe Vera Gel 200ml,Beauty,Flipkart,Arjun M.,5,Absolutely love this! Works exactly as described.
2024-01-05,Collagen Face Sheet Mask Pack,Beauty,App Store,Priya S.,4,Good quality. Packaging was neat and tidy.
2024-01-05,Slim Fit Chino Pants,Fashion,Amazon,Karan V.,4,Really satisfied. A few small things could be better.
2024-01-05,Portable Phone Charger 20000mAh,Electronics,Amazon,Nisha L.,5,Best purchase this year. Amazing quality.
2024-01-05,Running Sports Shoes,Fashion,Flipkart,Karan V.,5,Perfect for my needs. Great quality.
2024-01-05,Noise Cancelling Headphones,Electronics,Flipkart,Dhruv A.,5,Best purchase this year. Amazing quality.
2024-01-05,Vitamin C Face Serum 30ml,Beauty,App Store,Vikram T.,5,Extremely happy! Highly recommend to everyone.
2024-01-05,Memory Foam Pillow,Home & Living,Google Reviews,Suresh B.,4,Very good product. Mostly happy with it.
2024-01-05,Bamboo Cutting Board Set,Home & Living,Website,Arjun M.,5,Exceeded my expectations. Highly recommend!
2024-01-05,Webcam HD 1080p,Electronics,Google Reviews,Priya S.,5,Extremely happy! Highly recommend to everyone.
2024-01-07,Vitamin C Face Serum 30ml,Beauty,Website,Kartik P.,2,Very disappointing. Returned the product.
2024-01-07,Memory Foam Pillow,Home & Living,Flipkart,Suresh B.,3,Okay for the price. Could be improved though.
2024-01-08,Sunglasses UV400 Polarized,Fashion,Amazon,Rohan D.,4,Overall a great buy. Minor issues but nothing major.
2024-01-09,Leather Wallet Slim,Fashion,Website,Ananya G.,4,Happy with the purchase. Works as expected.
2024-01-09,Laptop Stand Adjustable,Electronics,Flipkart,Ananya G.,3,It is fine. Nothing outstanding about it.
2024-01-09,Vitamin C Face Serum 30ml,Beauty,Amazon,Pooja S.,5,Great quality for the price. Will buy again.
2024-01-10,Portable Phone Charger 20000mAh,Electronics,Flipkart,Varun D.,5,My family loves it. Great purchase overall.
2024-01-11,Webcam HD 1080p,Electronics,Flipkart,Vikram T.,2,Very disappointing. Returned the product.
2024-01-12,Slim Fit Chino Pants,Fashion,App Store,Priya S.,4,Excellent value. A minor quibble but overall great.
2024-01-12,Collagen Face Sheet Mask Pack,Beauty,Amazon,Dhruv A.,5,Very satisfied with my purchase. Fast delivery too.
2024-01-12,USB-C Fast Charging Cable,Electronics,Flipkart,Dhruv A.,4,Very good product. Mostly happy with it.
2024-01-13,Memory Foam Pillow,Home & Living,Google Reviews,Karan V.,5,Exceeded my expectations. Highly recommend!
2024-01-13,Scented Soy Wax Candle,Home & Living,Flipkart,Ravi C.,4,Happy with the purchase. Works as expected.
2024-01-13,Bamboo Cutting Board Set,Home & Living,Amazon,Tanya K.,5,Works like a charm. Very pleased with this.
2024-01-14,USB-C Fast Charging Cable,Electronics,App Store,Nisha L.,3,Works as expected. No major complaints.
2024-01-14,Mechanical Keyboard RGB,Electronics,Amazon,Pooja S.,4,Overall a great buy. Minor issues but nothing major.
2024-01-14,Cotton Round Neck T-Shirt,Fashion,Google Reviews,Aditya R.,5,Excellent product. Zero complaints at all.
2024-01-15,Slim Fit Chino Pants,Fashion,Flipkart,Rahul K.,5,Absolutely love this! Works exactly as described.
2024-01-16,Non-Stick Frying Pan 26cm,Home & Living,Amazon,Ananya G.,3,Decent product. Does exactly what it says.
2024-01-16,Slim Fit Chino Pants,Fashion,Amazon,Varun D.,4,Really satisfied. A few small things could be better.
2024-01-16,Vitamin C Face Serum 30ml,Beauty,App Store,Dhruv A.,5,Good value for money. Very happy with it.
2024-01-17,Stainless Steel Water Bottle 1L,Home & Living,Google Reviews,Nisha L.,5,Absolutely love this! Works exactly as described.
2024-01-18,Wireless Bluetooth Earbuds,Electronics,Google Reviews,Meera J.,5,Outstanding quality. Totally worth the price.
2024-01-19,Collagen Face Sheet Mask Pack,Beauty,App Store,Priya S.,5,Good value for money. Very happy with it.
2024-01-19,Webcam HD 1080p,Electronics,App Store,Vikram T.,5,Good value for money. Very happy with it.
2024-01-20,Stainless Steel Water Bottle 1L,Home & Living,Google Reviews,Rohan D.,3,Average quality. Not bad but not great either.
2024-01-20,Slim Fit Chino Pants,Fashion,Flipkart,Ravi C.,4,Really satisfied. A few small things could be better.
2024-01-20,Mechanical Keyboard RGB,Electronics,Amazon,Sneha P.,4,Happy with the purchase. Works as expected.
2024-01-21,Running Sports Shoes,Fashion,Flipkart,Nisha L.,5,Perfect for my needs. Great quality.
2024-01-21,Stainless Steel Water Bottle 1L,Home & Living,Amazon,Ishaan B.,3,It is fine. Nothing outstanding about it.
2024-01-23,Bamboo Cutting Board Set,Home & Living,Website,Aditya R.,5,Outstanding quality. Totally worth the price.
2024-01-23,Leather Wallet Slim,Fashion,Google Reviews,Kavya N.,5,My family loves it. Great purchase overall.
2024-01-23,Non-Stick Frying Pan 26cm,Home & Living,Flipkart,Sonal M.,3,Packaging was a little damaged but the item is fine.
2024-01-23,Natural Aloe Vera Gel 200ml,Beauty,App Store,Deepa M.,3,Works as expected. No major complaints.
2024-01-24,Mechanical Keyboard RGB,Electronics,App Store,Sonal M.,4,"Good product, minor packaging damage but item fine."
2024-01-25,Under Eye Cream Dark Circles,Beauty,Google Reviews,Nisha L.,4,Really satisfied. A few small things could be better.
2024-01-25,Memory Foam Pillow,Home & Living,App Store,Pooja S.,4,"Good product, minor packaging damage but item fine."
2024-01-25,Bamboo Cutting Board Set,Home & Living,Website,Aisha K.,4,Good experience. Would buy from here again.
2024-01-27,Natural Aloe Vera Gel 200ml,Beauty,Flipkart,Aisha K.,1,Never buying from here again. Terrible product.
2024-01-27,Natural Aloe Vera Gel 200ml,Beauty,Flipkart,Sonal M.,5,Best purchase this year. Amazing quality.
2024-01-28,Sunglasses UV400 Polarized,Fashion,App Store,Shruti R.,5,Very satisfied with my purchase. Fast delivery too.
2024-01-28,Noise Cancelling Headphones,Electronics,Google Reviews,Vikram T.,5,My family loves it. Great purchase overall.
2024-01-28,Wireless Bluetooth Earbuds,Electronics,App Store,Kavya N.,5,Extremely happy! Highly recommend to everyone.
2024-01-28,Wireless Bluetooth Earbuds,Electronics,Flipkart,Ishaan B.,1,Broke after first use. Very fragile build.
2024-01-28,Casual Denim Jacket,Fashion,Amazon,Dhruv A.,4,Excellent value. A minor quibble but overall great.
2024-01-29,Vitamin C Face Serum 30ml,Beauty,Website,Rohan D.,5,Works like a charm. Very pleased with this.
2024-01-29,Noise Cancelling Headphones,Electronics,Flipkart,Shruti R.,5,Great quality for the price. Will buy again.
2024-01-29,Wireless Bluetooth Earbuds,Electronics,Amazon,Aditya R.,4,Works well. Delivery was faster than expected.
2024-02-02,Wireless Bluetooth Earbuds,Electronics,Flipkart,Priya S.,4,Excellent value. A minor quibble but overall great.
2024-02-03,Noise Cancelling Headphones,Electronics,Google Reviews,Vikram T.,5,Exceeded my expectations. Highly recommend!
2024-02-04,Smart LED Desk Lamp,Electronics,Google Reviews,Aditya R.,5,Outstanding quality. Totally worth the price.
2024-02-04,USB-C Fast Charging Cable,Electronics,Flipkart,Tanya K.,5,Exceeded my expectations. Highly recommend!
2024-02-04,Sunglasses UV400 Polarized,Fashion,Amazon,Karan V.,5,Absolutely love this! Works exactly as described.
2024-02-04,Slim Fit Chino Pants,Fashion,Amazon,Vikram T.,2,Broke sooner than expected. Very unhappy.
2024-02-04,Collagen Face Sheet Mask Pack,Beauty,Google Reviews,Sonal M.,4,Works well. Delivery was faster than expected.
2024-02-04,Portable Phone Charger 20000mAh,Electronics,App Store,Kavya N.,5,Excellent product. Zero complaints at all.
2024-02-05,Noise Cancelling Headphones,Electronics,Google Reviews,Vikram T.,2,Broke sooner than expected. Very unhappy.
2024-02-05,Cotton Round Neck T-Shirt,Fashion,App Store,Varun D.,3,Not as impressive as I expected. Just okay.
2024-02-05,Cotton Round Neck T-Shirt,Fashion,Flipkart,Rohan D.,4,"Good product, minor packaging damage but item fine."
2024-02-05,Under Eye Cream Dark Circles,Beauty,Amazon,Varun D.,5,Sturdy build and works perfectly. 5 stars!
2024-02-06,Moisturising Sunscreen SPF50,Beauty,Flipkart,Kartik P.,5,Excellent product. Zero complaints at all.
2024-02-07,Memory Foam Pillow,Home & Living,Website,Suresh B.,3,Okay for the price. Could be improved though.
2024-02-07,Sunglasses UV400 Polarized,Fashion,Website,Ishaan B.,4,Good quality. Packaging was neat and tidy.
2024-02-07,Portable Phone Charger 20000mAh,Electronics,Google Reviews,Priya S.,5,Perfect for my needs. Great quality.
2024-02-07,Memory Foam Pillow,Home & Living,Flipkart,Kavya N.,2,Quality is very low. Would not buy again.
2024-02-07,Mechanical Keyboard RGB,Electronics,Google Reviews,Aditya R.,5,Absolutely love this! Works exactly as described.
2024-02-09,Slim Fit Chino Pants,Fashion,Flipkart,Shruti R.,5,Absolutely love this! Works exactly as described.
2024-02-10,Bamboo Cutting Board Set,Home & Living,Website,Ishaan B.,3,Not as impressive as I expected. Just okay.
2024-02-12,Stainless Steel Water Bottle 1L,Home & Living,Amazon,Karan V.,4,Good experience. Would buy from here again.
2024-02-12,Noise Cancelling Headphones,Electronics,App Store,Suresh B.,5,Outstanding quality. Totally worth the price.
2024-02-12,Sunglasses UV400 Polarized,Fashion,Website,Sneha P.,4,Works well. Delivery was faster than expected.
2024-02-14,Sunglasses UV400 Polarized,Fashion,Website,Priya S.,1,Extremely poor quality. Total waste of money.
2024-02-14,Webcam HD 1080p,Electronics,Amazon,Sonal M.,4,Excellent value. A minor quibble but overall great.
2024-02-14,Smart LED Desk Lamp,Electronics,Website,Pooja S.,4,Happy with the purchase. Works as expected.
2024-02-14,USB-C Fast Charging Cable,Electronics,Flipkart,Deepa M.,4,Excellent value. A minor quibble but overall great.
2024-02-15,Laptop Stand Adjustable,Electronics,Flipkart,Tanya K.,5,Brilliant product. Delivered on time too.
2024-02-15,Wireless Bluetooth Earbuds,Electronics,Amazon,Meera J.,3,Okay for the price. Could be improved though.
2024-02-15,Moisturising Sunscreen SPF50,Beauty,Google Reviews,Sonal M.,5,Excellent product. Zero complaints at all.
2024-02-18,Bamboo Cutting Board Set,Home & Living,Amazon,Nisha L.,3,Works as expected. No major complaints.
2024-02-18,Wireless Bluetooth Earbuds,Electronics,Website,Meera J.,3,Not as impressive as I expected. Just okay.
2024-02-19,Wireless Bluetooth Earbuds,Electronics,Website,Nisha L.,5,Works like a charm. Very pleased with this.
2024-02-19,Noise Cancelling Headphones,Electronics,Flipkart,Arjun M.,5,Very satisfied with my purchase. Fast delivery too.
2024-02-19,Slim Fit Chino Pants,Fashion,Google Reviews,Nisha L.,5,Best purchase this year. Amazing quality.
2024-02-20,USB-C Fast Charging Cable,Electronics,App Store,Suresh B.,3,Works as expected. No major complaints.
2024-02-20,Moisturising Sunscreen SPF50,Beauty,Amazon,Sonal M.,2,Not worth the money. Poor quality overall.
2024-02-21,Moisturising Sunscreen SPF50,Beauty,Google Reviews,Vikram T.,5,Best purchase this year. Amazing quality.
2024-02-22,Cotton Round Neck T-Shirt,Fashion,Amazon,Deepa M.,4,Good experience. Would buy from here again.
2024-02-23,Natural Aloe Vera Gel 200ml,Beauty,Amazon,Vikram T.,4,Happy with the purchase. Works as expected.
2024-02-23,Bamboo Cutting Board Set,Home & Living,App Store,Kavya N.,5,Brilliant product. Delivered on time too.
2024-02-24,Sunglasses UV400 Polarized,Fashion,Flipkart,Sneha P.,4,Good quality. Packaging was neat and tidy.
2024-02-24,Bamboo Cutting Board Set,Home & Living,Website,Priya S.,5,Absolutely love this! Works exactly as described.
2024-02-25,Memory Foam Pillow,Home & Living,Amazon,Ishaan B.,3,Packaging was a little damaged but the item is fine.
2024-02-25,Moisturising Sunscreen SPF50,Beauty,Google Reviews,Meera J.,3,Average experience. Product works but barely.
2024-02-26,Vitamin C Face Serum 30ml,Beauty,Google Reviews,Sonal M.,3,Not as impressive as I expected. Just okay.
2024-02-27,Slim Fit Chino Pants,Fashion,Flipkart,Arjun M.,5,Outstanding quality. Totally worth the price.
2024-02-27,Wireless Bluetooth Earbuds,Electronics,Flipkart,Priya S.,4,Works well. Delivery was faster than expected.
2024-02-28,Casual Denim Jacket,Fashion,Flipkart,Varun D.,5,Very satisfied with my purchase. Fast delivery too.
2024-02-28,Laptop Stand Adjustable,Electronics,Flipkart,Ravi C.,5,Sturdy build and works perfectly. 5 stars!
2024-02-28,Mechanical Keyboard RGB,Electronics,App Store,Rahul K.,5,Sturdy build and works perfectly. 5 stars!
2024-02-28,Sunglasses UV400 Polarized,Fashion,Website,Vikram T.,5,Good value for money. Very happy with it.
2024-02-29,Laptop Stand Adjustable,Electronics,Flipkart,Rohan D.,3,Packaging was a little damaged but the item is fine.
2024-02-29,Bamboo Cutting Board Set,Home & Living,Website,Aditya R.,5,Works like a charm. Very pleased with this.
2024-02-29,USB-C Fast Charging Cable,Electronics,Google Reviews,Ishaan B.,4,Good experience. Would buy from here again.
2024-03-01,Bamboo Cutting Board Set,Home & Living,App Store,Priya S.,3,Decent product. Does exactly what it says.
2024-03-01,Natural Aloe Vera Gel 200ml,Beauty,App Store,Sneha P.,2,Customer support was unhelpful. Frustrating.
2024-03-02,Moisturising Sunscreen SPF50,Beauty,Google Reviews,Arjun M.,3,Average quality. Not bad but not great either.
2024-03-03,Slim Fit Chino Pants,Fashion,Amazon,Karan V.,5,Extremely happy! Highly recommend to everyone.
2024-03-04,Smart LED Desk Lamp,Electronics,Amazon,Sneha P.,3,Packaging was a little damaged but the item is fine.
2024-03-04,Bamboo Cutting Board Set,Home & Living,App Store,Rohan D.,4,"Good product, minor packaging damage but item fine."
2024-03-04,Under Eye Cream Dark Circles,Beauty,App Store,Rohan D.,5,Absolutely love this! Works exactly as described.
2024-03-04,Smart LED Desk Lamp,Electronics,Amazon,Ishaan B.,3,Okay for the price. Could be improved though.
2024-03-05,Non-Stick Frying Pan 26cm,Home & Living,Google Reviews,Sonal M.,5,Sturdy build and works perfectly. 5 stars!
2024-03-05,Mechanical Keyboard RGB,Electronics,Google Reviews,Suresh B.,5,Perfect for my needs. Great quality.
2024-03-05,Non-Stick Frying Pan 26cm,Home & Living,Flipkart,Meera J.,3,Packaging was a little damaged but the item is fine.
2024-03-08,Slim Fit Chino Pants,Fashion,Amazon,Deepa M.,4,Really satisfied. A few small things could be better.
2024-03-09,Wireless Bluetooth Earbuds,Electronics,Flipkart,Aditya R.,4,Overall a great buy. Minor issues but nothing major.
2024-03-09,Stainless Steel Water Bottle 1L,Home & Living,Flipkart,Varun D.,5,My family loves it. Great purchase overall.
2024-03-09,Moisturising Sunscreen SPF50,Beauty,Flipkart,Vikram T.,4,Really satisfied. A few small things could be better.
2024-03-09,Smart LED Desk Lamp,Electronics,App Store,Deepa M.,3,Not as impressive as I expected. Just okay.
2024-03-09,Vitamin C Face Serum 30ml,Beauty,Amazon,Kavya N.,5,Sturdy build and works perfectly. 5 stars!
2024-03-09,Running Sports Shoes,Fashion,Amazon,Nisha L.,3,Not as impressive as I expected. Just okay.
2024-03-10,Webcam HD 1080p,Electronics,Google Reviews,Karan V.,5,My family loves it. Great purchase overall.
2024-03-10,Laptop Stand Adjustable,Electronics,Flipkart,Sneha P.,4,Happy with the purchase. Works as expected.
2024-03-11,Mechanical Keyboard RGB,Electronics,Flipkart,Kavya N.,5,Works like a charm. Very pleased with this.
2024-03-11,USB-C Fast Charging Cable,Electronics,App Store,Tanya K.,4,Very good product. Mostly happy with it.
2024-03-12,Slim Fit Chino Pants,Fashion,App Store,Ravi C.,3,It is fine. Nothing outstanding about it.
2024-03-12,Laptop Stand Adjustable,Electronics,Website,Aditya R.,5,Great quality for the price. Will buy again.
2024-03-12,Leather Wallet Slim,Fashion,Flipkart,Arjun M.,5,Outstanding quality. Totally worth the price.
2024-03-13,Cotton Round Neck T-Shirt,Fashion,Google Reviews,Ananya G.,3,Works as expected. No major complaints.
2024-03-13,Running Sports Shoes,Fashion,App Store,Pooja S.,5,Excellent product. Zero complaints at all.
2024-03-14,Natural Aloe Vera Gel 200ml,Beauty,App Store,Sonal M.,4,Good experience. Would buy from here again.
2024-03-14,Casual Denim Jacket,Fashion,App Store,Meera J.,4,Happy with the purchase. Works as expected.
2024-03-15,Natural Aloe Vera Gel 200ml,Beauty,Website,Arjun M.,3,Packaging was a little damaged but the item is fine.
2024-03-15,Portable Phone Charger 20000mAh,Electronics,Amazon,Kavya N.,5,Works like a charm. Very pleased with this.
2024-03-16,Running Sports Shoes,Fashion,Flipkart,Shruti R.,5,Extremely happy! Highly recommend to everyone.
2024-03-16,Webcam HD 1080p,Electronics,Website,Arjun M.,1,Stopped working within a week. Very disappointed.
2024-03-17,Under Eye Cream Dark Circles,Beauty,Website,Aisha K.,3,Not as impressive as I expected. Just okay.
2024-03-17,Laptop Stand Adjustable,Electronics,Flipkart,Pooja S.,3,Average experience. Product works but barely.
2024-03-17,Non-Stick Frying Pan 26cm,Home & Living,App Store,Aisha K.,5,Excellent product. Zero complaints at all.
2024-03-18,Wireless Bluetooth Earbuds,Electronics,Flipkart,Deepa M.,5,Extremely happy! Highly recommend to everyone.
2024-03-18,Cotton Round Neck T-Shirt,Fashion,Amazon,Kartik P.,3,Not as impressive as I expected. Just okay.
2024-03-18,Casual Denim Jacket,Fashion,Google Reviews,Pooja S.,3,Not as impressive as I expected. Just okay.
2024-03-18,Portable Phone Charger 20000mAh,Electronics,Google Reviews,Arjun M.,4,Excellent value. A minor quibble but overall great.
2024-03-18,Casual Denim Jacket,Fashion,Amazon,Nisha L.,4,Works well. Delivery was faster than expected.
2024-03-18,Bamboo Cutting Board Set,Home & Living,App Store,Sonal M.,5,Works like a charm. Very pleased with this.
2024-03-19,Mechanical Keyboard RGB,Electronics,Google Reviews,Vikram T.,5,Fantastic product. Looks great and works well.
2024-03-20,Bamboo Cutting Board Set,Home & Living,App Store,Aditya R.,4,Works well. Delivery was faster than expected.
2024-03-20,Sunglasses UV400 Polarized,Fashion,Website,Arjun M.,4,Overall a great buy. Minor issues but nothing major.
2024-03-20,USB-C Fast Charging Cable,Electronics,Google Reviews,Aisha K.,4,Good quality. Packaging was neat and tidy.
2024-03-20,Memory Foam Pillow,Home & Living,Flipkart,Tanya K.,1,Does not work at all. Completely useless.
2024-03-20,USB-C Fast Charging Cable,Electronics,Amazon,Ravi C.,4,Very good product. Mostly happy with it.
2024-03-21,Casual Denim Jacket,Fashion,App Store,Nikhil J.,3,Decent product. Does exactly what it says.
2024-03-22,Natural Aloe Vera Gel 200ml,Beauty,Amazon,Shruti R.,5,Excellent product. Zero complaints at all.
2024-03-22,Memory Foam Pillow,Home & Living,Google Reviews,Arjun M.,4,Overall a great buy. Minor issues but nothing major.
2024-03-22,Leather Wallet Slim,Fashion,Google Reviews,Varun D.,5,Perfect for my needs. Great quality.
2024-03-22,Stainless Steel Water Bottle 1L,Home & Living,Flipkart,Pooja S.,5,Great quality for the price. Will buy again.
2024-03-22,Mechanical Keyboard RGB,Electronics,Google Reviews,Ishaan B.,4,Very good product. Mostly happy with it.
2024-03-24,Noise Cancelling Headphones,Electronics,Amazon,Vikram T.,5,Absolutely love this! Works exactly as described.
2024-03-24,Scented Soy Wax Candle,Home & Living,Flipkart,Aisha K.,5,Exceeded my expectations. Highly recommend!
2024-03-24,USB-C Fast Charging Cable,Electronics,Google Reviews,Ishaan B.,4,"Good product, minor packaging damage but item fine."
2024-03-25,Stainless Steel Water Bottle 1L,Home & Living,App Store,Pooja S.,1,Broke after first use. Very fragile build.
2024-03-25,Mechanical Keyboard RGB,Electronics,App Store,Tanya K.,5,Works like a charm. Very pleased with this.
2024-03-25,USB-C Fast Charging Cable,Electronics,Website,Arjun M.,4,Happy with the purchase. Works as expected.
2024-03-26,Wireless Bluetooth Earbuds,Electronics,Amazon,Nikhil J.,4,Very good product. Mostly happy with it.
2024-03-26,Collagen Face Sheet Mask Pack,Beauty,Amazon,Sneha P.,4,Overall a great buy. Minor issues but nothing major.
2024-03-26,Wireless Bluetooth Earbuds,Electronics,Flipkart,Rohan D.,3,Decent product. Does exactly what it says.
2024-03-26,Mechanical Keyboard RGB,Electronics,Google Reviews,Nikhil J.,3,Average experience. Product works but barely.
2024-03-26,Moisturising Sunscreen SPF50,Beauty,Website,Sneha P.,5,Sturdy build and works perfectly. 5 stars!
2024-03-27,Sunglasses UV400 Polarized,Fashion,Google Reviews,Dhruv A.,5,Fantastic product. Looks great and works well.
2024-03-27,Collagen Face Sheet Mask Pack,Beauty,Website,Kavya N.,5,My family loves it. Great purchase overall.
2024-03-28,Cotton Round Neck T-Shirt,Fashion,Google Reviews,Sonal M.,5,Fantastic product. Looks great and works well.
2024-03-28,Under Eye Cream Dark Circles,Beauty,Google Reviews,Shruti R.,5,My family loves it. Great purchase overall.
2024-03-28,Laptop Stand Adjustable,Electronics,Flipkart,Meera J.,5,Good value for money. Very happy with it.
2024-03-28,Natural Aloe Vera Gel 200ml,Beauty,Amazon,Tanya K.,5,Sturdy build and works perfectly. 5 stars!
2024-03-30,Webcam HD 1080p,Electronics,Website,Ravi C.,3,Average quality. Not bad but not great either.
2024-03-30,Cotton Round Neck T-Shirt,Fashion,Flipkart,Dhruv A.,4,Happy with the purchase. Works as expected.
2024-03-30,Leather Wallet Slim,Fashion,Website,Rahul K.,3,Okay for the price. Could be improved though.
2024-03-31,Laptop Stand Adjustable,Electronics,Website,Ishaan B.,4,Good quality. Packaging was neat and tidy.
2024-04-01,Leather Wallet Slim,Fashion,App Store,Varun D.,5,Very satisfied with my purchase. Fast delivery too.
2024-04-02,Memory Foam Pillow,Home & Living,Amazon,Rahul K.,4,Excellent value. A minor quibble but overall great.
2024-04-02,Smart LED Desk Lamp,Electronics,Flipkart,Rohan D.,5,Sturdy build and works perfectly. 5 stars!
2024-04-02,Non-Stick Frying Pan 26cm,Home & Living,Flipkart,Suresh B.,5,Excellent product. Zero complaints at all.
2024-04-03,Moisturising Sunscreen SPF50,Beauty,Flipkart,Tanya K.,3,Average experience. Product works but barely.
2024-04-03,Stainless Steel Water Bottle 1L,Home & Living,Flipkart,Aditya R.,4,"Good product, minor packaging damage but item fine."
2024-04-04,USB-C Fast Charging Cable,Electronics,Google Reviews,Deepa M.,4,Really satisfied. A few small things could be better.
2024-04-06,Casual Denim Jacket,Fashion,Amazon,Kavya N.,3,Decent product. Does exactly what it says.
2024-04-07,Cotton Round Neck T-Shirt,Fashion,Google Reviews,Aditya R.,4,Solid build quality. Would recommend to a friend.
2024-04-08,Under Eye Cream Dark Circles,Beauty,Flipkart,Nisha L.,1,Worst purchase I have made. Very regretful.
2024-04-08,Scented Soy Wax Candle,Home & Living,Google Reviews,Karan V.,5,Best purchase this year. Amazing quality.
2024-04-08,Under Eye Cream Dark Circles,Beauty,Website,Varun D.,1,Customer support refused to help. Awful experience.
2024-04-09,Cotton Round Neck T-Shirt,Fashion,Amazon,Ishaan B.,5,Absolutely love this! Works exactly as described.
2024-04-09,Running Sports Shoes,Fashion,Google Reviews,Sonal M.,5,Extremely happy! Highly recommend to everyone.
2024-04-10,Scented Soy Wax Candle,Home & Living,App Store,Sonal M.,5,Perfect for my needs. Great quality.
2024-04-10,Casual Denim Jacket,Fashion,Flipkart,Rohan D.,4,Good quality. Packaging was neat and tidy.
2024-04-10,Cotton Round Neck T-Shirt,Fashion,App Store,Sonal M.,3,Packaging was a little damaged but the item is fine.
2024-04-11,Under Eye Cream Dark Circles,Beauty,Flipkart,Kavya N.,5,Works like a charm. Very pleased with this.
2024-04-11,Non-Stick Frying Pan 26cm,Home & Living,Google Reviews,Nikhil J.,5,Sturdy build and works perfectly. 5 stars!
2024-04-12,USB-C Fast Charging Cable,Electronics,Amazon,Deepa M.,3,It is fine. Nothing outstanding about it.
2024-04-12,Mechanical Keyboard RGB,Electronics,Flipkart,Rahul K.,3,Average quality. Not bad but not great either.
2024-04-13,Casual Denim Jacket,Fashion,App Store,Varun D.,4,Overall a great buy. Minor issues but nothing major.
2024-04-15,Smart LED Desk Lamp,Electronics,App Store,Arjun M.,4,Good experience. Would buy from here again.
2024-04-15,Moisturising Sunscreen SPF50,Beauty,App Store,Kartik P.,4,Really satisfied. A few small things could be better.
2024-04-16,Collagen Face Sheet Mask Pack,Beauty,Website,Karan V.,5,Great quality for the price. Will buy again.
2024-04-17,Mechanical Keyboard RGB,Electronics,Website,Sneha P.,3,Average quality. Not bad but not great either.
2024-04-17,Vitamin C Face Serum 30ml,Beauty,Amazon,Sneha P.,5,Brilliant product. Delivered on time too.
2024-04-17,Webcam HD 1080p,Electronics,Google Reviews,Sneha P.,5,Fantastic product. Looks great and works well.
2024-04-18,Mechanical Keyboard RGB,Electronics,Website,Deepa M.,4,Good experience. Would buy from here again.
2024-04-20,Non-Stick Frying Pan 26cm,Home & Living,Amazon,Nisha L.,5,Sturdy build and works perfectly. 5 stars!
2024-04-20,Leather Wallet Slim,Fashion,Flipkart,Rohan D.,5,My family loves it. Great purchase overall.
2024-04-20,Non-Stick Frying Pan 26cm,Home & Living,App Store,Pooja S.,5,Great quality for the price. Will buy again.
2024-04-20,Laptop Stand Adjustable,Electronics,Flipkart,Pooja S.,5,Great quality for the price. Will buy again.
2024-04-21,Sunglasses UV400 Polarized,Fashion,Amazon,Rahul K.,4,Happy with the purchase. Works as expected.
2024-04-21,Webcam HD 1080p,Electronics,Flipkart,Meera J.,4,"Good product, minor packaging damage but item fine."
2024-04-21,Vitamin C Face Serum 30ml,Beauty,Website,Varun D.,3,Not as impressive as I expected. Just okay.
2024-04-21,Casual Denim Jacket,Fashion,Amazon,Arjun M.,4,Very good product. Mostly happy with it.
2024-04-21,Scented Soy Wax Candle,Home & Living,Amazon,Kartik P.,5,Outstanding quality. Totally worth the price.
2024-04-22,Webcam HD 1080p,Electronics,Amazon,Karan V.,3,Decent product. Does exactly what it says.
2024-04-23,Mechanical Keyboard RGB,Electronics,Google Reviews,Tanya K.,5,My family loves it. Great purchase overall.
2024-04-23,Stainless Steel Water Bottle 1L,Home & Living,Amazon,Varun D.,5,Excellent product. Zero complaints at all.
2024-04-24,Wireless Bluetooth Earbuds,Electronics,Flipkart,Aditya R.,3,Okay for the price. Could be improved though.
2024-04-24,Laptop Stand Adjustable,Electronics,Google Reviews,Shruti R.,2,Quality is very low. Would not buy again.
2024-04-24,Bamboo Cutting Board Set,Home & Living,Website,Aisha K.,4,Really satisfied. A few small things could be better.
2024-04-25,Leather Wallet Slim,Fashion,App Store,Aisha K.,5,Great quality for the price. Will buy again.
2024-04-25,Cotton Round Neck T-Shirt,Fashion,Flipkart,Meera J.,2,Quality is very low. Would not buy again.
2024-04-25,Bamboo Cutting Board Set,Home & Living,Website,Nisha L.,5,Good value for money. Very happy with it.
2024-04-25,Laptop Stand Adjustable,Electronics,App Store,Ananya G.,5,Absolutely love this! Works exactly as described.
2024-04-26,Laptop Stand Adjustable,Electronics,App Store,Nikhil J.,5,Works like a charm. Very pleased with this.
2024-04-26,Natural Aloe Vera Gel 200ml,Beauty,Website,Sonal M.,5,Excellent product. Zero complaints at all.
2024-04-26,Memory Foam Pillow,Home & Living,Amazon,Deepa M.,4,"Good product, minor packaging damage but item fine."
2024-04-27,Natural Aloe Vera Gel 200ml,Beauty,App Store,Nisha L.,5,Good value for money. Very happy with it.
2024-04-27,Casual Denim Jacket,Fashion,Amazon,Shruti R.,5,Outstanding quality. Totally worth the price.
2024-04-27,USB-C Fast Charging Cable,Electronics,App Store,Kartik P.,2,Very disappointing. Returned the product.
2024-04-28,Slim Fit Chino Pants,Fashion,Flipkart,Arjun M.,3,Packaging was a little damaged but the item is fine.
2024-04-28,Casual Denim Jacket,Fashion,Amazon,Priya S.,4,Very good product. Mostly happy with it.
2024-04-28,Leather Wallet Slim,Fashion,Flipkart,Dhruv A.,5,My family loves it. Great purchase overall.
2024-04-29,Portable Phone Charger 20000mAh,Electronics,App Store,Deepa M.,5,Outstanding quality. Totally worth the price.
2024-04-29,Noise Cancelling Headphones,Electronics,Website,Kartik P.,5,Fantastic product. Looks great and works well.
2024-04-30,Laptop Stand Adjustable,Electronics,Flipkart,Tanya K.,5,Exceeded my expectations. Highly recommend!
2024-05-01,Wireless Bluetooth Earbuds,Electronics,Flipkart,Tanya K.,5,Good value for money. Very happy with it.
2024-05-01,Webcam HD 1080p,Electronics,Website,Aisha K.,4,Good quality. Packaging was neat and tidy.
2024-05-01,Non-Stick Frying Pan 26cm,Home & Living,Google Reviews,Vikram T.,1,Broke after first use. Very fragile build.
2024-05-01,Smart LED Desk Lamp,Electronics,Website,Deepa M.,5,Sturdy build and works perfectly. 5 stars!
2024-05-01,Noise Cancelling Headphones,Electronics,Amazon,Ravi C.,4,Very good product. Mostly happy with it.
2024-05-01,Under Eye Cream Dark Circles,Beauty,Website,Ravi C.,4,Good quality. Packaging was neat and tidy.
2024-05-02,Mechanical Keyboard RGB,Electronics,App Store,Tanya K.,4,Good quality. Packaging was neat and tidy.
2024-05-03,Non-Stick Frying Pan 26cm,Home & Living,Flipkart,Nikhil J.,4,Excellent value. A minor quibble but overall great.
2024-05-03,Slim Fit Chino Pants,Fashion,Google Reviews,Karan V.,2,Very disappointing. Returned the product.
2024-05-03,Leather Wallet Slim,Fashion,App Store,Varun D.,4,Excellent value. A minor quibble but overall great.
2024-05-03,Collagen Face Sheet Mask Pack,Beauty,App Store,Priya S.,4,Good experience. Would buy from here again.
2024-05-04,USB-C Fast Charging Cable,Electronics,App Store,Nisha L.,5,Great quality for the price. Will buy again.
2024-05-04,Laptop Stand Adjustable,Electronics,Amazon,Meera J.,4,Works well. Delivery was faster than expected.
2024-05-04,Laptop Stand Adjustable,Electronics,Website,Varun D.,3,Average quality. Not bad but not great either.
2024-05-05,USB-C Fast Charging Cable,Electronics,Flipkart,Dhruv A.,4,Happy with the purchase. Works as expected.
2024-05-06,Portable Phone Charger 20000mAh,Electronics,Website,Sneha P.,4,Really satisfied. A few small things could be better.
2024-05-06,Mechanical Keyboard RGB,Electronics,Flipkart,Aisha K.,4,Excellent value. A minor quibble but overall great.
2024-05-07,Laptop Stand Adjustable,Electronics,Amazon,Nisha L.,4,Really satisfied. A few small things could be better.
2024-05-07,USB-C Fast Charging Cable,Electronics,Flipkart,Kartik P.,5,Best purchase this year. Amazing quality.
2024-05-08,Laptop Stand Adjustable,Electronics,Google Reviews,Sonal M.,4,Works well. Delivery was faster than expected.
2024-05-08,Natural Aloe Vera Gel 200ml,Beauty,Flipkart,Ananya G.,5,Works like a charm. Very pleased with this.
2024-05-08,Casual Denim Jacket,Fashion,Google Reviews,Priya S.,4,Works well. Delivery was faster than expected.
2024-05-08,Under Eye Cream Dark Circles,Beauty,Flipkart,Deepa M.,1,Worst purchase I have made. Very regretful.
2024-05-09,Sunglasses UV400 Polarized,Fashion,Amazon,Ananya G.,3,It is fine. Nothing outstanding about it.
2024-05-09,Running Sports Shoes,Fashion,Amazon,Kartik P.,3,Not as impressive as I expected. Just okay.
2024-05-09,Vitamin C Face Serum 30ml,Beauty,Website,Karan V.,5,Absolutely love this! Works exactly as described.
2024-05-10,Wireless Bluetooth Earbuds,Electronics,Website,Meera J.,1,Extremely poor quality. Total waste of money.
2024-05-11,Cotton Round Neck T-Shirt,Fashion,Flipkart,Aditya R.,4,Really satisfied. A few small things could be better.
2024-05-11,Bamboo Cutting Board Set,Home & Living,Flipkart,Ishaan B.,4,Good quality. Packaging was neat and tidy.
2024-05-11,Casual Denim Jacket,Fashion,Website,Shruti R.,2,Very disappointing. Returned the product.
2024-05-12,Sunglasses UV400 Polarized,Fashion,Google Reviews,Ishaan B.,4,Very good product. Mostly happy with it.
2024-05-12,Cotton Round Neck T-Shirt,Fashion,Amazon,Meera J.,4,Very good product. Mostly happy with it.
2024-05-12,Noise Cancelling Headphones,Electronics,Google Reviews,Karan V.,5,Brilliant product. Delivered on time too.
2024-05-12,Collagen Face Sheet Mask Pack,Beauty,Amazon,Pooja S.,4,Good quality. Packaging was neat and tidy.
2024-05-13,Memory Foam Pillow,Home & Living,Website,Sneha P.,3,Decent product. Does exactly what it says.
2024-05-13,Scented Soy Wax Candle,Home & Living,App Store,Sonal M.,1,Customer support refused to help. Awful experience.
2024-05-13,Scented Soy Wax Candle,Home & Living,App Store,Aditya R.,4,Good experience. Would buy from here again.
2024-05-14,Casual Denim Jacket,Fashion,App Store,Karan V.,5,Great quality for the price. Will buy again.
2024-05-15,Leather Wallet Slim,Fashion,Website,Deepa M.,5,Very satisfied with my purchase. Fast delivery too.
2024-05-16,Noise Cancelling Headphones,Electronics,App Store,Suresh B.,5,Sturdy build and works perfectly. 5 stars!
2024-05-16,Bamboo Cutting Board Set,Home & Living,Amazon,Ravi C.,5,Perfect for my needs. Great quality.
2024-05-16,Moisturising Sunscreen SPF50,Beauty,App Store,Aisha K.,4,Good experience. Would buy from here again.
2024-05-17,Bamboo Cutting Board Set,Home & Living,App Store,Suresh B.,4,Really satisfied. A few small things could be better.
2024-05-17,Slim Fit Chino Pants,Fashion,Amazon,Ravi C.,5,Brilliant product. Delivered on time too.
2024-05-17,Vitamin C Face Serum 30ml,Beauty,Amazon,Sonal M.,4,"Good product, minor packaging damage but item fine."
2024-05-17,Wireless Bluetooth Earbuds,Electronics,Website,Meera J.,5,Perfect for my needs. Great quality.
2024-05-18,Under Eye Cream Dark Circles,Beauty,Website,Arjun M.,5,Exceeded my expectations. Highly recommend!
2024-05-18,Moisturising Sunscreen SPF50,Beauty,Amazon,Nisha L.,5,Best purchase this year. Amazing quality.
2024-05-19,USB-C Fast Charging Cable,Electronics,Website,Ananya G.,3,Okay for the price. Could be improved though.
2024-05-19,Bamboo Cutting Board Set,Home & Living,Website,Ishaan B.,5,Extremely happy! Highly recommend to everyone.
2024-05-19,USB-C Fast Charging Cable,Electronics,Flipkart,Deepa M.,2,Broke sooner than expected. Very unhappy.
2024-05-19,Non-Stick Frying Pan 26cm,Home & Living,Google Reviews,Kartik P.,2,Quality is very low. Would not buy again.
2024-05-20,Slim Fit Chino Pants,Fashion,Amazon,Kavya N.,5,Best purchase this year. Amazing quality.
2024-05-20,Under Eye Cream Dark Circles,Beauty,Flipkart,Rohan D.,5,Very satisfied with my purchase. Fast delivery too.
2024-05-21,Non-Stick Frying Pan 26cm,Home & Living,Website,Meera J.,3,Average experience. Product works but barely.
2024-05-21,Noise Cancelling Headphones,Electronics,Flipkart,Pooja S.,3,Packaging was a little damaged but the item is fine.
2024-05-22,Portable Phone Charger 20000mAh,Electronics,App Store,Ananya G.,5,Absolutely love this! Works exactly as described.
2024-05-22,Noise Cancelling Headphones,Electronics,Google Reviews,Nisha L.,4,Good experience. Would buy from here again.
2024-05-22,Leather Wallet Slim,Fashion,Website,Meera J.,5,Very satisfied with my purchase. Fast delivery too.
2024-05-23,Stainless Steel Water Bottle 1L,Home & Living,Google Reviews,Ravi C.,5,Brilliant product. Delivered on time too.
2024-05-23,Collagen Face Sheet Mask Pack,Beauty,App Store,Varun D.,5,Fantastic product. Looks great and works well.
2024-05-24,Moisturising Sunscreen SPF50,Beauty,Website,Kartik P.,5,Best purchase this year. Amazing quality.
2024-05-24,Casual Denim Jacket,Fashion,Google Reviews,Dhruv A.,5,Sturdy build and works perfectly. 5 stars!
2024-05-24,Slim Fit Chino Pants,Fashion,Amazon,Rohan D.,5,Sturdy build and works perfectly. 5 stars!
2024-05-25,Scented Soy Wax Candle,Home & Living,App Store,Rahul K.,5,Excellent product. Zero complaints at all.
2024-05-25,Casual Denim Jacket,Fashion,Website,Meera J.,5,Great quality for the price. Will buy again.
2024-05-25,Sunglasses UV400 Polarized,Fashion,Flipkart,Sneha P.,4,Works well. Delivery was faster than expected.
2024-05-25,Memory Foam Pillow,Home & Living,Amazon,Shruti R.,5,Extremely happy! Highly recommend to everyone.
2024-05-25,Stainless Steel Water Bottle 1L,Home & Living,Amazon,Suresh B.,5,Absolutely love this! Works exactly as described.
2024-05-26,Laptop Stand Adjustable,Electronics,Amazon,Kartik P.,5,Extremely happy! Highly recommend to everyone.
2024-05-26,Collagen Face Sheet Mask Pack,Beauty,Google Reviews,Kartik P.,5,Very satisfied with my purchase. Fast delivery too.
2024-05-26,Slim Fit Chino Pants,Fashion,Flipkart,Vikram T.,4,Works well. Delivery was faster than expected.
2024-05-27,Leather Wallet Slim,Fashion,Google Reviews,Pooja S.,2,Quality is very low. Would not buy again.
2024-05-27,Cotton Round Neck T-Shirt,Fashion,Flipkart,Shruti R.,5,My family loves it. Great purchase overall.
2024-05-27,Cotton Round Neck T-Shirt,Fashion,Google Reviews,Rohan D.,5,Sturdy build and works perfectly. 5 stars!
2024-05-27,Laptop Stand Adjustable,Electronics,Google Reviews,Ravi C.,4,Good experience. Would buy from here again.
2024-05-28,USB-C Fast Charging Cable,Electronics,Amazon,Ananya G.,4,Works well. Delivery was faster than expected.
2024-05-28,Stainless Steel Water Bottle 1L,Home & Living,Amazon,Nikhil J.,5,Excellent product. Zero complaints at all.
2024-05-29,Noise Cancelling Headphones,Electronics,Google Reviews,Suresh B.,4,Happy with the purchase. Works as expected.
2024-05-29,Noise Cancelling Headphones,Electronics,Flipkart,Karan V.,4,Really satisfied. A few small things could be better.
2024-05-30,Collagen Face Sheet Mask Pack,Beauty,Website,Suresh B.,5,Good value for money. Very happy with it.
2024-05-30,Smart LED Desk Lamp,Electronics,Website,Karan V.,4,Solid build quality. Would recommend to a friend.
2024-05-30,Portable Phone Charger 20000mAh,Electronics,App Store,Deepa M.,4,Works well. Delivery was faster than expected.
2024-05-30,Sunglasses UV400 Polarized,Fashion,Website,Sneha P.,3,Decent product. Does exactly what it says.
2024-05-31,Moisturising Sunscreen SPF50,Beauty,Google Reviews,Rohan D.,3,Average quality. Not bad but not great either.
2024-05-31,Scented Soy Wax Candle,Home & Living,Website,Priya S.,5,Very satisfied with my purchase. Fast delivery too.
2024-06-01,Under Eye Cream Dark Circles,Beauty,Flipkart,Rohan D.,4,Works well. Delivery was faster than expected.
2024-06-01,Non-Stick Frying Pan 26cm,Home & Living,Amazon,Shruti R.,5,Fantastic product. Looks great and works well.
2024-06-01,Bamboo Cutting Board Set,Home & Living,App Store,Deepa M.,5,Excellent product. Zero complaints at all.
2024-06-02,Laptop Stand Adjustable,Electronics,Amazon,Pooja S.,4,"Good product, minor packaging damage but item fine."
2024-06-02,Laptop Stand Adjustable,Electronics,Website,Ravi C.,3,Okay for the price. Could be improved though.
2024-06-02,Memory Foam Pillow,Home & Living,App Store,Meera J.,4,Good experience. Would buy from here again.
2024-06-02,Cotton Round Neck T-Shirt,Fashion,Google Reviews,Varun D.,5,Extremely happy! Highly recommend to everyone.
2024-06-02,Vitamin C Face Serum 30ml,Beauty,Flipkart,Kavya N.,4,Solid build quality. Would recommend to a friend.
2024-06-03,Casual Denim Jacket,Fashion,Google Reviews,Dhruv A.,4,Excellent value. A minor quibble but overall great.
2024-06-04,Scented Soy Wax Candle,Home & Living,Website,Sneha P.,4,"Good product, minor packaging damage but item fine."
2024-06-04,Cotton Round Neck T-Shirt,Fashion,Amazon,Arjun M.,4,Works well. Delivery was faster than expected.
2024-06-04,Mechanical Keyboard RGB,Electronics,Website,Ananya G.,2,Customer support was unhelpful. Frustrating.
2024-06-05,Scented Soy Wax Candle,Home & Living,Flipkart,Ravi C.,3,Not as impressive as I expected. Just okay.
2024-06-05,Cotton Round Neck T-Shirt,Fashion,Flipkart,Dhruv A.,5,My family loves it. Great purchase overall.
2024-06-07,Sunglasses UV400 Polarized,Fashion,Flipkart,Karan V.,4,Good experience. Would buy from here again.
2024-06-07,Running Sports Shoes,Fashion,Google Reviews,Rahul K.,4,Good quality. Packaging was neat and tidy.
2024-06-08,Running Sports Shoes,Fashion,Amazon,Varun D.,5,Best purchase this year. Amazing quality.
2024-06-08,Memory Foam Pillow,Home & Living,Google Reviews,Aditya R.,3,Decent product. Does exactly what it says.
2024-06-08,USB-C Fast Charging Cable,Electronics,Website,Sonal M.,3,Decent product. Does exactly what it says.
2024-06-09,Noise Cancelling Headphones,Electronics,Flipkart,Rohan D.,2,Quality is very low. Would not buy again.
2024-06-09,Moisturising Sunscreen SPF50,Beauty,App Store,Ishaan B.,5,Excellent product. Zero complaints at all.
2024-06-09,Leather Wallet Slim,Fashion,Flipkart,Rohan D.,5,My family loves it. Great purchase overall.
2024-06-10,Running Sports Shoes,Fashion,Amazon,Pooja S.,4,Works well. Delivery was faster than expected.
2024-06-10,Leather Wallet Slim,Fashion,Google Reviews,Pooja S.,3,Works as expected. No major complaints.
2024-06-10,Webcam HD 1080p,Electronics,Flipkart,Ravi C.,5,Fantastic product. Looks great and works well.
2024-06-10,Smart LED Desk Lamp,Electronics,App Store,Ananya G.,4,Good quality. Packaging was neat and tidy.
2024-06-10,Scented Soy Wax Candle,Home & Living,Google Reviews,Vikram T.,5,My family loves it. Great purchase overall.
2024-06-11,Slim Fit Chino Pants,Fashion,App Store,Aisha K.,5,Good value for money. Very happy with it.
2024-06-11,Noise Cancelling Headphones,Electronics,Flipkart,Pooja S.,5,Absolutely love this! Works exactly as described.
2024-06-11,Memory Foam Pillow,Home & Living,Flipkart,Aisha K.,4,Good experience. Would buy from here again.
2024-06-11,Moisturising Sunscreen SPF50,Beauty,Flipkart,Ishaan B.,1,Customer support refused to help. Awful experience.
2024-06-12,Portable Phone Charger 20000mAh,Electronics,Website,Deepa M.,4,Happy with the purchase. Works as expected.
2024-06-13,Non-Stick Frying Pan 26cm,Home & Living,Website,Dhruv A.,5,My family loves it. Great purchase overall.
2024-06-13,Wireless Bluetooth Earbuds,Electronics,Flipkart,Pooja S.,2,Quality is very low. Would not buy again.
2024-06-14,Memory Foam Pillow,Home & Living,Website,Kavya N.,5,Fantastic product. Looks great and works well.
2024-06-14,Natural Aloe Vera Gel 200ml,Beauty,Website,Meera J.,5,Fantastic product. Looks great and works well.
2024-06-14,Running Sports Shoes,Fashion,Website,Priya S.,4,"Good product, minor packaging damage but item fine."
2024-06-15,Bamboo Cutting Board Set,Home & Living,App Store,Suresh B.,2,Broke sooner than expected. Very unhappy.
2024-06-15,Vitamin C Face Serum 30ml,Beauty,App Store,Meera J.,4,Very good product. Mostly happy with it.
2024-06-16,Mechanical Keyboard RGB,Electronics,App Store,Karan V.,5,Best purchase this year. Amazing quality.
2024-06-16,Sunglasses UV400 Polarized,Fashion,App Store,Kartik P.,2,Very disappointing. Returned the product.
2024-06-17,Memory Foam Pillow,Home & Living,Website,Aditya R.,4,Overall a great buy. Minor issues but nothing major.
2024-06-18,Cotton Round Neck T-Shirt,Fashion,Google Reviews,Varun D.,1,Never buying from here again. Terrible product.
2024-06-19,Non-Stick Frying Pan 26cm,Home & Living,Website,Tanya K.,5,My family loves it. Great purchase overall.
2024-06-19,Scented Soy Wax Candle,Home & Living,Google Reviews,Nisha L.,2,Not worth the money. Poor quality overall.
2024-06-19,Moisturising Sunscreen SPF50,Beauty,Amazon,Kavya N.,2,Broke sooner than expected. Very unhappy.
2024-06-20,Under Eye Cream Dark Circles,Beauty,Flipkart,Rahul K.,5,Very satisfied with my purchase. Fast delivery too.
2024-06-20,Casual Denim Jacket,Fashion,Amazon,Sneha P.,1,Worst purchase I have made. Very regretful.
2024-06-20,Leather Wallet Slim,Fashion,Flipkart,Nisha L.,5,Perfect for my needs. Great quality.
2024-06-20,Noise Cancelling Headphones,Electronics,Amazon,Karan V.,5,Very satisfied with my purchase. Fast delivery too.
2024-06-21,Stainless Steel Water Bottle 1L,Home & Living,Google Reviews,Ananya G.,5,Brilliant product. Delivered on time too.
2024-06-21,Wireless Bluetooth Earbuds,Electronics,Flipkart,Rahul K.,5,Good value for money. Very happy with it.
2024-06-22,Non-Stick Frying Pan 26cm,Home & Living,Website,Rohan D.,4,Excellent value. A minor quibble but overall great.
2024-06-22,Non-Stick Frying Pan 26cm,Home & Living,Website,Rohan D.,5,Good value for money. Very happy with it.
2024-06-22,Bamboo Cutting Board Set,Home & Living,Website,Sonal M.,5,Great quality for the price. Will buy again.
2024-06-22,Natural Aloe Vera Gel 200ml,Beauty,Flipkart,Nikhil J.,4,Very good product. Mostly happy with it.
2024-06-23,Under Eye Cream Dark Circles,Beauty,Amazon,Kavya N.,4,Really satisfied. A few small things could be better.
2024-06-23,Cotton Round Neck T-Shirt,Fashion,Website,Suresh B.,5,Sturdy build and works perfectly. 5 stars!
2024-06-23,Laptop Stand Adjustable,Electronics,App Store,Suresh B.,4,Happy with the purchase. Works as expected.
2024-06-23,Webcam HD 1080p,Electronics,Flipkart,Aditya R.,5,Good value for money. Very happy with it.
2024-06-23,Stainless Steel Water Bottle 1L,Home & Living,Google Reviews,Suresh B.,4,Very good product. Mostly happy with it.
2024-06-24,Stainless Steel Water Bottle 1L,Home & Living,Google Reviews,Pooja S.,2,Broke sooner than expected. Very unhappy.
2024-06-24,Slim Fit Chino Pants,Fashion,Amazon,Tanya K.,4,Good experience. Would buy from here again.
2024-06-25,USB-C Fast Charging Cable,Electronics,Flipkart,Ravi C.,5,Extremely happy! Highly recommend to everyone.
2024-06-25,Casual Denim Jacket,Fashion,App Store,Vikram T.,5,Fantastic product. Looks great and works well.
2024-06-25,USB-C Fast Charging Cable,Electronics,Amazon,Ananya G.,4,Solid build quality. Would recommend to a friend.
2024-06-25,Webcam HD 1080p,Electronics,Website,Kartik P.,3,Not as impressive as I expected. Just okay.
2024-06-25,Webcam HD 1080p,Electronics,App Store,Rohan D.,4,Very good product. Mostly happy with it.
2024-06-26,Vitamin C Face Serum 30ml,Beauty,Google Reviews,Sonal M.,5,Great quality for the price. Will buy again.
2024-06-26,Slim Fit Chino Pants,Fashion,Flipkart,Nikhil J.,4,Really satisfied. A few small things could be better.
2024-06-26,Moisturising Sunscreen SPF50,Beauty,App Store,Priya S.,3,It is fine. Nothing outstanding about it.
2024-06-27,Scented Soy Wax Candle,Home & Living,Website,Tanya K.,5,Brilliant product. Delivered on time too.
2024-06-27,Running Sports Shoes,Fashion,Google Reviews,Sneha P.,4,Overall a great buy. Minor issues but nothing major.
2024-06-27,Natural Aloe Vera Gel 200ml,Beauty,Amazon,Vikram T.,4,Works well. Delivery was faster than expected.
2024-06-29,Collagen Face Sheet Mask Pack,Beauty,Website,Ananya G.,5,Outstanding quality. Totally worth the price.
2024-06-30,Slim Fit Chino Pants,Fashion,Google Reviews,Deepa M.,4,Very good product. Mostly happy with it.
2024-06-30,Scented Soy Wax Candle,Home & Living,Flipkart,Ravi C.,5,Works like a charm. Very pleased with this.
2024-06-30,Bamboo Cutting Board Set,Home & Living,App Store,Sonal M.,5,Excellent product. Zero complaints at all.
2024-06-30,USB-C Fast Charging Cable,Electronics,App Store,Meera J.,5,My family loves it. Great purchase overall.
2024-07-01,Noise Cancelling Headphones,Electronics,Flipkart,Dhruv A.,4,Happy with the purchase. Works as expected.
2024-07-02,Stainless Steel Water Bottle 1L,Home & Living,App Store,Shruti R.,5,Absolutely love this! Works exactly as described.
2024-07-02,Webcam HD 1080p,Electronics,Flipkart,Kartik P.,5,Works like a charm. Very pleased with this.
2024-07-02,Cotton Round Neck T-Shirt,Fashion,App Store,Rahul K.,5,Perfect for my needs. Great quality.
2024-07-02,Moisturising Sunscreen SPF50,Beauty,Google Reviews,Deepa M.,3,Decent product. Does exactly what it says.
2024-07-02,Collagen Face Sheet Mask Pack,Beauty,Flipkart,Ravi C.,5,Exceeded my expectations. Highly recommend!
2024-07-02,Mechanical Keyboard RGB,Electronics,Flipkart,Ishaan B.,5,Absolutely love this! Works exactly as described.
2024-07-02,Casual Denim Jacket,Fashion,Google Reviews,Nikhil J.,2,Very disappointing. Returned the product.
2024-07-03,Under Eye Cream Dark Circles,Beauty,App Store,Nikhil J.,5,Extremely happy! Highly recommend to everyone.
2024-07-04,Non-Stick Frying Pan 26cm,Home & Living,Amazon,Aisha K.,5,Exceeded my expectations. Highly recommend!
2024-07-04,Noise Cancelling Headphones,Electronics,Flipkart,Tanya K.,3,Average quality. Not bad but not great either.
2024-07-05,Webcam HD 1080p,Electronics,Amazon,Karan V.,5,Fantastic product. Looks great and works well.
2024-07-06,Stainless Steel Water Bottle 1L,Home & Living,Google Reviews,Pooja S.,5,Fantastic product. Looks great and works well.
2024-07-06,Vitamin C Face Serum 30ml,Beauty,App Store,Dhruv A.,5,My family loves it. Great purchase overall.
2024-07-06,Leather Wallet Slim,Fashion,Flipkart,Sonal M.,5,Absolutely love this! Works exactly as described.
2024-07-07,Portable Phone Charger 20000mAh,Electronics,Google Reviews,Varun D.,4,Happy with the purchase. Works as expected.
2024-07-08,Cotton Round Neck T-Shirt,Fashion,Google Reviews,Varun D.,5,Good value for money. Very happy with it.
2024-07-08,Under Eye Cream Dark Circles,Beauty,Website,Nisha L.,3,Average quality. Not bad but not great either.
2024-07-09,Cotton Round Neck T-Shirt,Fashion,Amazon,Pooja S.,4,Very good product. Mostly happy with it.
2024-07-09,Stainless Steel Water Bottle 1L,Home & Living,App Store,Varun D.,4,Overall a great buy. Minor issues but nothing major.
2024-07-09,Webcam HD 1080p,Electronics,App Store,Arjun M.,4,Really satisfied. A few small things could be better.
2024-07-10,Leather Wallet Slim,Fashion,App Store,Sonal M.,4,Excellent value. A minor quibble but overall great.
2024-07-10,USB-C Fast Charging Cable,Electronics,Website,Deepa M.,3,Okay for the price. Could be improved though.
2024-07-10,Collagen Face Sheet Mask Pack,Beauty,Flipkart,Ananya G.,4,Solid build quality. Would recommend to a friend.
2024-07-11,Natural Aloe Vera Gel 200ml,Beauty,Website,Sonal M.,4,Excellent value. A minor quibble but overall great.
2024-07-11,Laptop Stand Adjustable,Electronics,Website,Shruti R.,4,Really satisfied. A few small things could be better.
2024-07-11,Sunglasses UV400 Polarized,Fashion,Website,Sonal M.,5,Very satisfied with my purchase. Fast delivery too.
2024-07-11,Scented Soy Wax Candle,Home & Living,Amazon,Kartik P.,5,Best purchase this year. Amazing quality.
2024-07-11,Stainless Steel Water Bottle 1L,Home & Living,Amazon,Priya S.,3,Average quality. Not bad but not great either.
2024-07-12,Moisturising Sunscreen SPF50,Beauty,Google Reviews,Sonal M.,2,Broke sooner than expected. Very unhappy.
2024-07-12,Vitamin C Face Serum 30ml,Beauty,Flipkart,Aisha K.,5,Brilliant product. Delivered on time too.
2024-07-12,Cotton Round Neck T-Shirt,Fashion,Website,Arjun M.,4,Excellent value. A minor quibble but overall great.
2024-07-13,Bamboo Cutting Board Set,Home & Living,Google Reviews,Arjun M.,2,Quality is very low. Would not buy again.
2024-07-13,Wireless Bluetooth Earbuds,Electronics,Google Reviews,Ishaan B.,2,Very disappointing. Returned the product.
2024-07-13,Wireless Bluetooth Earbuds,Electronics,Website,Varun D.,5,My family loves it. Great purchase overall.
2024-07-14,Memory Foam Pillow,Home & Living,Flipkart,Arjun M.,1,Worst purchase I have made. Very regretful.
2024-07-14,Wireless Bluetooth Earbuds,Electronics,App Store,Pooja S.,5,Absolutely love this! Works exactly as described.
2024-07-16,Casual Denim Jacket,Fashion,Website,Ishaan B.,5,Best purchase this year. Amazing quality.
2024-07-16,Natural Aloe Vera Gel 200ml,Beauty,Amazon,Shruti R.,5,Best purchase this year. Amazing quality.
2024-07-16,Cotton Round Neck T-Shirt,Fashion,Flipkart,Suresh B.,2,Broke sooner than expected. Very unhappy.
2024-07-17,Slim Fit Chino Pants,Fashion,App Store,Ishaan B.,4,Very good product. Mostly happy with it.
2024-07-17,Running Sports Shoes,Fashion,Google Reviews,Pooja S.,5,Excellent product. Zero complaints at all.
2024-07-17,Laptop Stand Adjustable,Electronics,Google Reviews,Aisha K.,5,Very satisfied with my purchase. Fast delivery too.
2024-07-17,Cotton Round Neck T-Shirt,Fashion,Flipkart,Pooja S.,5,Excellent product. Zero complaints at all.
2024-07-18,Memory Foam Pillow,Home & Living,Amazon,Sonal M.,4,Solid build quality. Would recommend to a friend.
2024-07-18,Scented Soy Wax Candle,Home & Living,Google Reviews,Ravi C.,4,Good quality. Packaging was neat and tidy.
2024-07-19,Wireless Bluetooth Earbuds,Electronics,Google Reviews,Nikhil J.,5,Works like a charm. Very pleased with this.
2024-07-19,Laptop Stand Adjustable,Electronics,Flipkart,Suresh B.,4,Solid build quality. Would recommend to a friend.
2024-07-20,Casual Denim Jacket,Fashion,Website,Aisha K.,1,Extremely poor quality. Total waste of money.
2024-07-20,Running Sports Shoes,Fashion,Google Reviews,Ishaan B.,5,Great quality for the price. Will buy again.
2024-07-20,Stainless Steel Water Bottle 1L,Home & Living,Google Reviews,Shruti R.,4,Very good product. Mostly happy with it.
2024-07-20,Cotton Round Neck T-Shirt,Fashion,Google Reviews,Rohan D.,3,Works as expected. No major complaints.
2024-07-20,Memory Foam Pillow,Home & Living,Website,Deepa M.,4,Very good product. Mostly happy with it.
2024-07-21,Scented Soy Wax Candle,Home & Living,Google Reviews,Rahul K.,3,Works as expected. No major complaints.
2024-07-21,Running Sports Shoes,Fashion,Amazon,Rahul K.,5,Exceeded my expectations. Highly recommend!
2024-07-22,Noise Cancelling Headphones,Electronics,Amazon,Ishaan B.,5,Perfect for my needs. Great quality.
2024-07-22,Non-Stick Frying Pan 26cm,Home & Living,Website,Aisha K.,5,Outstanding quality. Totally worth the price.
2024-07-22,Stainless Steel Water Bottle 1L,Home & Living,App Store,Suresh B.,3,Decent product. Does exactly what it says.
2024-07-22,Moisturising Sunscreen SPF50,Beauty,Amazon,Pooja S.,5,Outstanding quality. Totally worth the price.
2024-07-23,Non-Stick Frying Pan 26cm,Home & Living,Google Reviews,Nisha L.,4,Very good product. Mostly happy with it.
2024-07-23,Webcam HD 1080p,Electronics,Flipkart,Ananya G.,4,Good quality. Packaging was neat and tidy.
2024-07-23,Mechanical Keyboard RGB,Electronics,Website,Kavya N.,4,Good quality. Packaging was neat and tidy.
2024-07-24,Casual Denim Jacket,Fashion,Amazon,Kavya N.,4,Happy with the purchase. Works as expected.
2024-07-24,Natural Aloe Vera Gel 200ml,Beauty,App Store,Nisha L.,3,It is fine. Nothing outstanding about it.
2024-07-25,Slim Fit Chino Pants,Fashion,Google Reviews,Rohan D.,4,Overall a great buy. Minor issues but nothing major.
2024-07-25,Moisturising Sunscreen SPF50,Beauty,Amazon,Kavya N.,4,Works well. Delivery was faster than expected.
2024-07-25,Moisturising Sunscreen SPF50,Beauty,Amazon,Rahul K.,5,Very satisfied with my purchase. Fast delivery too.
2024-07-25,Smart LED Desk Lamp,Electronics,App Store,Nikhil J.,5,Excellent product. Zero complaints at all.
2024-07-26,Running Sports Shoes,Fashion,Google Reviews,Ravi C.,3,It is fine. Nothing outstanding about it.
2024-07-26,Wireless Bluetooth Earbuds,Electronics,Amazon,Ravi C.,3,Not as impressive as I expected. Just okay.
2024-07-26,Natural Aloe Vera Gel 200ml,Beauty,Amazon,Pooja S.,5,Good value for money. Very happy with it.
2024-07-26,Smart LED Desk Lamp,Electronics,Google Reviews,Vikram T.,5,Good value for money. Very happy with it.
2024-07-26,Casual Denim Jacket,Fashion,Amazon,Vikram T.,5,Brilliant product. Delivered on time too.
2024-07-27,Wireless Bluetooth Earbuds,Electronics,Flipkart,Aditya R.,4,"Good product, minor packaging damage but item fine."
2024-07-27,Slim Fit Chino Pants,Fashion,Google Reviews,Priya S.,5,Absolutely love this! Works exactly as described.
2024-07-27,Smart LED Desk Lamp,Electronics,App Store,Sneha P.,4,Happy with the purchase. Works as expected.
2024-07-27,Mechanical Keyboard RGB,Electronics,App Store,Deepa M.,4,Overall a great buy. Minor issues but nothing major.
2024-07-28,Smart LED Desk Lamp,Electronics,Amazon,Aditya R.,3,Not as impressive as I expected. Just okay.
2024-07-29,Collagen Face Sheet Mask Pack,Beauty,Google Reviews,Rahul K.,3,Average experience. Product works but barely.
2024-07-29,Slim Fit Chino Pants,Fashion,Website,Ishaan B.,5,Perfect for my needs. Great quality.
2024-07-29,Running Sports Shoes,Fashion,Flipkart,Meera J.,3,Not as impressive as I expected. Just okay.
2024-07-30,Bamboo Cutting Board Set,Home & Living,Flipkart,Kavya N.,5,Absolutely love this! Works exactly as described.
2024-07-31,Scented Soy Wax Candle,Home & Living,Google Reviews,Nisha L.,4,Very good product. Mostly happy with it.
2024-08-01,Running Sports Shoes,Fashion,App Store,Rahul K.,4,Really satisfied. A few small things could be better.
2024-08-01,Mechanical Keyboard RGB,Electronics,Google Reviews,Deepa M.,5,Excellent product. Zero complaints at all.
2024-08-02,Laptop Stand Adjustable,Electronics,Flipkart,Priya S.,2,Not worth the money. Poor quality overall.
2024-08-03,Running Sports Shoes,Fashion,Amazon,Vikram T.,4,Overall a great buy. Minor issues but nothing major.
2024-08-03,Memory Foam Pillow,Home & Living,Amazon,Pooja S.,2,Not worth the money. Poor quality overall.
2024-08-04,Stainless Steel Water Bottle 1L,Home & Living,Website,Tanya K.,5,Brilliant product. Delivered on time too.
2024-08-04,Laptop Stand Adjustable,Electronics,Website,Shruti R.,4,Really satisfied. A few small things could be better.
2024-08-04,Scented Soy Wax Candle,Home & Living,Amazon,Deepa M.,5,My family loves it. Great purchase overall.
2024-08-04,Stainless Steel Water Bottle 1L,Home & Living,Google Reviews,Vikram T.,4,Very good product. Mostly happy with it.
2024-08-04,Natural Aloe Vera Gel 200ml,Beauty,Website,Tanya K.,5,Excellent product. Zero complaints at all.
2024-08-05,Wireless Bluetooth Earbuds,Electronics,Amazon,Nisha L.,4,Good experience. Would buy from here again.
2024-08-05,Smart LED Desk Lamp,Electronics,App Store,Dhruv A.,4,Overall a great buy. Minor issues but nothing major.
2024-08-06,Portable Phone Charger 20000mAh,Electronics,Website,Dhruv A.,4,Overall a great buy. Minor issues but nothing major.
2024-08-06,Under Eye Cream Dark Circles,Beauty,Amazon,Shruti R.,5,Great quality for the price. Will buy again.
2024-08-06,Running Sports Shoes,Fashion,Amazon,Vikram T.,3,It is fine. Nothing outstanding about it.
2024-08-06,Scented Soy Wax Candle,Home & Living,Amazon,Rahul K.,5,Good value for money. Very happy with it.
2024-08-06,Under Eye Cream Dark Circles,Beauty,App Store,Sonal M.,3,Average experience. Product works but barely.
2024-08-07,Wireless Bluetooth Earbuds,Electronics,Google Reviews,Sonal M.,5,Best purchase this year. Amazing quality.
2024-08-08,Smart LED Desk Lamp,Electronics,Google Reviews,Aisha K.,5,Best purchase this year. Amazing quality.
2024-08-08,Laptop Stand Adjustable,Electronics,Website,Vikram T.,2,Broke sooner than expected. Very unhappy.
2024-08-08,Wireless Bluetooth Earbuds,Electronics,Website,Nikhil J.,5,Brilliant product. Delivered on time too.
2024-08-08,Running Sports Shoes,Fashion,Flipkart,Tanya K.,4,Works well. Delivery was faster than expected.
2024-08-08,Natural Aloe Vera Gel 200ml,Beauty,App Store,Deepa M.,5,Brilliant product. Delivered on time too.
2024-08-09,Vitamin C Face Serum 30ml,Beauty,Website,Rohan D.,4,"Good product, minor packaging damage but item fine."
2024-08-09,USB-C Fast Charging Cable,Electronics,App Store,Sneha P.,1,Does not work at all. Completely useless.
2024-08-12,Moisturising Sunscreen SPF50,Beauty,Flipkart,Ishaan B.,5,Outstanding quality. Totally worth the price.
2024-08-12,Webcam HD 1080p,Electronics,Google Reviews,Ananya G.,4,Solid build quality. Would recommend to a friend.
2024-08-12,Non-Stick Frying Pan 26cm,Home & Living,App Store,Aisha K.,4,Really satisfied. A few small things could be better.
2024-08-14,USB-C Fast Charging Cable,Electronics,Google Reviews,Ananya G.,5,My family loves it. Great purchase overall.
2024-08-15,Moisturising Sunscreen SPF50,Beauty,Amazon,Dhruv A.,4,Solid build quality. Would recommend to a friend.
2024-08-16,Under Eye Cream Dark Circles,Beauty,App Store,Karan V.,5,Perfect for my needs. Great quality.
2024-08-16,Laptop Stand Adjustable,Electronics,Google Reviews,Aditya R.,5,Best purchase this year. Amazing quality.
2024-08-16,Mechanical Keyboard RGB,Electronics,App Store,Aditya R.,3,It is fine. Nothing outstanding about it.
2024-08-16,Under Eye Cream Dark Circles,Beauty,Google Reviews,Kartik P.,5,Great quality for the price. Will buy again.
2024-08-18,Webcam HD 1080p,Electronics,App Store,Priya S.,3,Decent product. Does exactly what it says.
2024-08-19,Wireless Bluetooth Earbuds,Electronics,App Store,Meera J.,4,Works well. Delivery was faster than expected.
2024-08-20,Moisturising Sunscreen SPF50,Beauty,Website,Meera J.,4,Works well. Delivery was faster than expected.
2024-08-21,Bamboo Cutting Board Set,Home & Living,Website,Rohan D.,4,Good quality. Packaging was neat and tidy.
2024-08-21,Casual Denim Jacket,Fashion,App Store,Suresh B.,5,Exceeded my expectations. Highly recommend!
2024-08-22,Moisturising Sunscreen SPF50,Beauty,Flipkart,Aisha K.,3,Average quality. Not bad but not great either.
2024-08-22,Running Sports Shoes,Fashion,Website,Suresh B.,3,Works as expected. No major complaints.
2024-08-22,Casual Denim Jacket,Fashion,Google Reviews,Suresh B.,5,Fantastic product. Looks great and works well.
2024-08-22,Sunglasses UV400 Polarized,Fashion,Flipkart,Arjun M.,5,Excellent product. Zero complaints at all.
2024-08-22,Mechanical Keyboard RGB,Electronics,Amazon,Sneha P.,4,Works well. Delivery was faster than expected.
2024-08-22,Vitamin C Face Serum 30ml,Beauty,App Store,Priya S.,4,Solid build quality. Would recommend to a friend.
2024-08-23,Cotton Round Neck T-Shirt,Fashion,Google Reviews,Ravi C.,5,Extremely happy! Highly recommend to everyone.
2024-08-23,Wireless Bluetooth Earbuds,Electronics,App Store,Nisha L.,5,Works like a charm. Very pleased with this.
2024-08-24,Slim Fit Chino Pants,Fashion,App Store,Dhruv A.,4,Good experience. Would buy from here again.
2024-08-25,Vitamin C Face Serum 30ml,Beauty,Google Reviews,Karan V.,4,Happy with the purchase. Works as expected.
2024-08-26,Portable Phone Charger 20000mAh,Electronics,Website,Tanya K.,5,Extremely happy! Highly recommend to everyone.
2024-08-27,Leather Wallet Slim,Fashion,App Store,Shruti R.,5,Great quality for the price. Will buy again.
2024-08-27,USB-C Fast Charging Cable,Electronics,Website,Sneha P.,5,Exceeded my expectations. Highly recommend!
2024-08-28,Non-Stick Frying Pan 26cm,Home & Living,App Store,Rohan D.,4,Good quality. Packaging was neat and tidy.
2024-08-29,Mechanical Keyboard RGB,Electronics,App Store,Deepa M.,5,Works like a charm. Very pleased with this.
2024-08-29,Under Eye Cream Dark Circles,Beauty,App Store,Vikram T.,5,Perfect for my needs. Great quality.
2024-08-30,Stainless Steel Water Bottle 1L,Home & Living,Amazon,Aditya R.,2,Does not match the description at all.
2024-08-30,Stainless Steel Water Bottle 1L,Home & Living,Website,Nikhil J.,2,Does not match the description at all.
2024-09-01,Memory Foam Pillow,Home & Living,Amazon,Meera J.,4,Happy with the purchase. Works as expected.
2024-09-01,Collagen Face Sheet Mask Pack,Beauty,Website,Aisha K.,4,Very good product. Mostly happy with it.
2024-09-01,Memory Foam Pillow,Home & Living,Website,Ananya G.,5,Very satisfied with my purchase. Fast delivery too.
2024-09-02,Scented Soy Wax Candle,Home & Living,App Store,Suresh B.,5,My family loves it. Great purchase overall.
2024-09-02,Casual Denim Jacket,Fashion,Website,Sonal M.,5,Outstanding quality. Totally worth the price.
2024-09-03,Portable Phone Charger 20000mAh,Electronics,Amazon,Varun D.,5,Exceeded my expectations. Highly recommend!
2024-09-03,Bamboo Cutting Board Set,Home & Living,App Store,Aditya R.,4,Excellent value. A minor quibble but overall great.
2024-09-03,Portable Phone Charger 20000mAh,Electronics,Flipkart,Ananya G.,4,Good quality. Packaging was neat and tidy.
2024-09-04,Wireless Bluetooth Earbuds,Electronics,Amazon,Nisha L.,5,Fantastic product. Looks great and works well.
2024-09-05,USB-C Fast Charging Cable,Electronics,App Store,Aisha K.,5,Excellent product. Zero complaints at all.
2024-09-05,Leather Wallet Slim,Fashion,App Store,Nisha L.,4,Good experience. Would buy from here again.
2024-09-06,Portable Phone Charger 20000mAh,Electronics,Amazon,Pooja S.,5,Fantastic product. Looks great and works well.
2024-09-06,Noise Cancelling Headphones,Electronics,Google Reviews,Rahul K.,3,Average quality. Not bad but not great either.
2024-09-07,Memory Foam Pillow,Home & Living,App Store,Vikram T.,5,Excellent product. Zero complaints at all.
2024-09-07,Memory Foam Pillow,Home & Living,App Store,Karan V.,5,Extremely happy! Highly recommend to everyone.
2024-09-07,Sunglasses UV400 Polarized,Fashion,Flipkart,Pooja S.,4,Solid build quality. Would recommend to a friend.
2024-09-07,Casual Denim Jacket,Fashion,Website,Sneha P.,4,Solid build quality. Would recommend to a friend.
2024-09-08,Scented Soy Wax Candle,Home & Living,Flipkart,Ravi C.,5,Extremely happy! Highly recommend to everyone.
2024-09-08,Moisturising Sunscreen SPF50,Beauty,Flipkart,Ananya G.,5,Very satisfied with my purchase. Fast delivery too.
2024-09-10,Natural Aloe Vera Gel 200ml,Beauty,App Store,Suresh B.,5,Perfect for my needs. Great quality.
2024-09-10,Webcam HD 1080p,Electronics,Google Reviews,Arjun M.,5,Works like a charm. Very pleased with this.
2024-09-10,Natural Aloe Vera Gel 200ml,Beauty,Flipkart,Pooja S.,4,Happy with the purchase. Works as expected.
2024-09-10,Sunglasses UV400 Polarized,Fashion,Flipkart,Sneha P.,4,Really satisfied. A few small things could be better.
2024-09-11,Casual Denim Jacket,Fashion,Flipkart,Sneha P.,5,Exceeded my expectations. Highly recommend!
2024-09-12,Running Sports Shoes,Fashion,Website,Ananya G.,4,Very good product. Mostly happy with it.
2024-09-12,Natural Aloe Vera Gel 200ml,Beauty,App Store,Sonal M.,3,Decent product. Does exactly what it says.
2024-09-12,Stainless Steel Water Bottle 1L,Home & Living,App Store,Varun D.,5,Outstanding quality. Totally worth the price.
2024-09-12,Scented Soy Wax Candle,Home & Living,Google Reviews,Priya S.,5,Brilliant product. Delivered on time too.
2024-09-13,Bamboo Cutting Board Set,Home & Living,Google Reviews,Meera J.,4,Really satisfied. A few small things could be better.
2024-09-14,Noise Cancelling Headphones,Electronics,Flipkart,Ravi C.,2,Quality is very low. Would not buy again.
2024-09-14,Moisturising Sunscreen SPF50,Beauty,Google Reviews,Sonal M.,4,Really satisfied. A few small things could be better.
2024-09-14,Portable Phone Charger 20000mAh,Electronics,Website,Deepa M.,5,Great quality for the price. Will buy again.
2024-09-15,Moisturising Sunscreen SPF50,Beauty,Amazon,Shruti R.,4,Happy with the purchase. Works as expected.
2024-09-15,Sunglasses UV400 Polarized,Fashion,App Store,Deepa M.,4,Happy with the purchase. Works as expected.
2024-09-15,Moisturising Sunscreen SPF50,Beauty,Google Reviews,Rahul K.,5,Sturdy build and works perfectly. 5 stars!
2024-09-15,Bamboo Cutting Board Set,Home & Living,Amazon,Kavya N.,5,Works like a charm. Very pleased with this.
2024-09-16,Portable Phone Charger 20000mAh,Electronics,Amazon,Varun D.,1,Broke after first use. Very fragile build.
2024-09-16,Laptop Stand Adjustable,Electronics,Flipkart,Aisha K.,4,"Good product, minor packaging damage but item fine."
2024-09-17,Memory Foam Pillow,Home & Living,Google Reviews,Karan V.,4,Overall a great buy. Minor issues but nothing major.
2024-09-17,Noise Cancelling Headphones,Electronics,Flipkart,Ananya G.,5,Absolutely love this! Works exactly as described.
2024-09-18,Wireless Bluetooth Earbuds,Electronics,App Store,Nikhil J.,5,Sturdy build and works perfectly. 5 stars!
2024-09-18,Slim Fit Chino Pants,Fashion,Flipkart,Karan V.,5,Best purchase this year. Amazing quality.
2024-09-19,Running Sports Shoes,Fashion,App Store,Kartik P.,4,Solid build quality. Would recommend to a friend.
2024-09-19,Noise Cancelling Headphones,Electronics,App Store,Sneha P.,1,Broke after first use. Very fragile build.
2024-09-20,Moisturising Sunscreen SPF50,Beauty,App Store,Vikram T.,1,Does not work at all. Completely useless.
2024-09-21,Moisturising Sunscreen SPF50,Beauty,App Store,Shruti R.,1,Customer support refused to help. Awful experience.
2024-09-21,Portable Phone Charger 20000mAh,Electronics,Flipkart,Rohan D.,5,Outstanding quality. Totally worth the price.
2024-09-22,Wireless Bluetooth Earbuds,Electronics,Website,Tanya K.,4,"Good product, minor packaging damage but item fine."
2024-09-22,Memory Foam Pillow,Home & Living,Amazon,Aditya R.,4,Happy with the purchase. Works as expected.
2024-09-23,Cotton Round Neck T-Shirt,Fashion,App Store,Tanya K.,3,Average experience. Product works but barely.
2024-09-23,Casual Denim Jacket,Fashion,Google Reviews,Aisha K.,3,It is fine. Nothing outstanding about it.
2024-09-23,Slim Fit Chino Pants,Fashion,Website,Nikhil J.,2,Very disappointing. Returned the product.
2024-09-24,Memory Foam Pillow,Home & Living,Flipkart,Sneha P.,5,Excellent product. Zero complaints at all.
2024-09-24,Wireless Bluetooth Earbuds,Electronics,Flipkart,Vikram T.,2,Broke sooner than expected. Very unhappy.
2024-09-25,Slim Fit Chino Pants,Fashion,Website,Meera J.,2,Not worth the money. Poor quality overall.
2024-09-25,Scented Soy Wax Candle,Home & Living,Website,Rohan D.,5,Fantastic product. Looks great and works well.
2024-09-25,Collagen Face Sheet Mask Pack,Beauty,App Store,Tanya K.,5,Good value for money. Very happy with it.
2024-09-26,Portable Phone Charger 20000mAh,Electronics,App Store,Nikhil J.,4,Very good product. Mostly happy with it.
2024-09-26,Natural Aloe Vera Gel 200ml,Beauty,Google Reviews,Priya S.,4,Overall a great buy. Minor issues but nothing major.
2024-09-26,Wireless Bluetooth Earbuds,Electronics,Flipkart,Priya S.,2,Does not match the description at all.
2024-09-27,Moisturising Sunscreen SPF50,Beauty,Flipkart,Kartik P.,4,Excellent value. A minor quibble but overall great.
2024-09-27,Casual Denim Jacket,Fashion,Flipkart,Kartik P.,5,Absolutely love this! Works exactly as described.
2024-09-27,Sunglasses UV400 Polarized,Fashion,Amazon,Meera J.,5,Good value for money. Very happy with it.
2024-09-27,Leather Wallet Slim,Fashion,Flipkart,Dhruv A.,4,"Good product, minor packaging damage but item fine."
2024-09-28,Smart LED Desk Lamp,Electronics,Amazon,Varun D.,3,Packaging was a little damaged but the item is fine.
2024-09-28,Smart LED Desk Lamp,Electronics,Amazon,Rahul K.,4,Works well. Delivery was faster than expected.
2024-09-28,Natural Aloe Vera Gel 200ml,Beauty,Amazon,Tanya K.,2,Not worth the money. Poor quality overall.
2024-09-28,Sunglasses UV400 Polarized,Fashion,Google Reviews,Suresh B.,5,Exceeded my expectations. Highly recommend!
2024-09-29,Under Eye Cream Dark Circles,Beauty,App Store,Arjun M.,5,Fantastic product. Looks great and works well.
2024-09-29,Webcam HD 1080p,Electronics,App Store,Sneha P.,4,Excellent value. A minor quibble but overall great.
2024-09-29,Portable Phone Charger 20000mAh,Electronics,App Store,Aditya R.,5,Outstanding quality. Totally worth the price.
2024-09-30,Cotton Round Neck T-Shirt,Fashion,App Store,Kavya N.,3,Packaging was a little damaged but the item is fine.
2024-09-30,Casual Denim Jacket,Fashion,App Store,Aditya R.,5,Extremely happy! Highly recommend to everyone.
2024-09-30,Collagen Face Sheet Mask Pack,Beauty,Google Reviews,Ravi C.,5,Great quality for the price. Will buy again.
2024-09-30,Slim Fit Chino Pants,Fashion,Google Reviews,Ananya G.,5,Sturdy build and works perfectly. 5 stars!
2024-10-01,Slim Fit Chino Pants,Fashion,Website,Varun D.,2,Broke sooner than expected. Very unhappy.
2024-10-02,Smart LED Desk Lamp,Electronics,Website,Tanya K.,5,Best purchase this year. Amazing quality.
2024-10-03,Noise Cancelling Headphones,Electronics,App Store,Karan V.,5,Brilliant product. Delivered on time too.
2024-10-03,Webcam HD 1080p,Electronics,Website,Meera J.,4,Overall a great buy. Minor issues but nothing major.
2024-10-04,Stainless Steel Water Bottle 1L,Home & Living,Flipkart,Ravi C.,5,Fantastic product. Looks great and works well.
2024-10-04,Memory Foam Pillow,Home & Living,Google Reviews,Varun D.,1,Extremely poor quality. Total waste of money.
2024-10-06,Mechanical Keyboard RGB,Electronics,Website,Rohan D.,2,Customer support was unhelpful. Frustrating.
2024-10-06,Natural Aloe Vera Gel 200ml,Beauty,Amazon,Dhruv A.,5,Extremely happy! Highly recommend to everyone.
2024-10-07,Casual Denim Jacket,Fashion,App Store,Meera J.,5,Very satisfied with my purchase. Fast delivery too.
2024-10-07,Leather Wallet Slim,Fashion,Amazon,Vikram T.,4,Really satisfied. A few small things could be better.
2024-10-07,Laptop Stand Adjustable,Electronics,Flipkart,Sonal M.,3,Okay for the price. Could be improved though.
2024-10-08,Vitamin C Face Serum 30ml,Beauty,Website,Varun D.,5,My family loves it. Great purchase overall.
2024-10-08,Noise Cancelling Headphones,Electronics,Google Reviews,Rohan D.,5,Exceeded my expectations. Highly recommend!
2024-10-08,Running Sports Shoes,Fashion,App Store,Nisha L.,5,Very satisfied with my purchase. Fast delivery too.
2024-10-08,USB-C Fast Charging Cable,Electronics,App Store,Priya S.,4,Solid build quality. Would recommend to a friend.
2024-10-08,Leather Wallet Slim,Fashion,Google Reviews,Sonal M.,3,Packaging was a little damaged but the item is fine.
2024-10-09,Portable Phone Charger 20000mAh,Electronics,Flipkart,Arjun M.,4,Overall a great buy. Minor issues but nothing major.
2024-10-09,Leather Wallet Slim,Fashion,Google Reviews,Pooja S.,3,It is fine. Nothing outstanding about it.
2024-10-09,Portable Phone Charger 20000mAh,Electronics,Flipkart,Vikram T.,4,Very good product. Mostly happy with it.
2024-10-09,Smart LED Desk Lamp,Electronics,Google Reviews,Arjun M.,5,Great quality for the price. Will buy again.
2024-10-09,Bamboo Cutting Board Set,Home & Living,Website,Deepa M.,5,Brilliant product. Delivered on time too.
2024-10-11,Portable Phone Charger 20000mAh,Electronics,Google Reviews,Arjun M.,3,Decent product. Does exactly what it says.
2024-10-11,Wireless Bluetooth Earbuds,Electronics,Website,Tanya K.,5,Perfect for my needs. Great quality.
2024-10-11,Stainless Steel Water Bottle 1L,Home & Living,Website,Sneha P.,5,Outstanding quality. Totally worth the price.
2024-10-12,Sunglasses UV400 Polarized,Fashion,App Store,Nisha L.,5,Good value for money. Very happy with it.
2024-10-13,Vitamin C Face Serum 30ml,Beauty,Website,Nikhil J.,4,Really satisfied. A few small things could be better.
2024-10-14,Stainless Steel Water Bottle 1L,Home & Living,Google Reviews,Priya S.,5,Great quality for the price. Will buy again.
2024-10-15,Under Eye Cream Dark Circles,Beauty,Website,Vikram T.,4,Very good product. Mostly happy with it.
2024-10-15,Portable Phone Charger 20000mAh,Electronics,App Store,Aisha K.,3,Average quality. Not bad but not great either.
2024-10-16,Smart LED Desk Lamp,Electronics,App Store,Nisha L.,3,Average quality. Not bad but not great either.
2024-10-16,USB-C Fast Charging Cable,Electronics,Flipkart,Ravi C.,5,Excellent product. Zero complaints at all.
2024-10-16,Leather Wallet Slim,Fashion,Flipkart,Rahul K.,3,Decent product. Does exactly what it says.
2024-10-16,Vitamin C Face Serum 30ml,Beauty,Website,Rohan D.,4,Excellent value. A minor quibble but overall great.
2024-10-18,Bamboo Cutting Board Set,Home & Living,Google Reviews,Varun D.,2,Does not match the description at all.
2024-10-18,Stainless Steel Water Bottle 1L,Home & Living,Google Reviews,Aditya R.,5,Exceeded my expectations. Highly recommend!
2024-10-18,Casual Denim Jacket,Fashion,App Store,Nisha L.,5,Excellent product. Zero complaints at all.
2024-10-19,Memory Foam Pillow,Home & Living,Flipkart,Aisha K.,4,Solid build quality. Would recommend to a friend.
2024-10-19,Slim Fit Chino Pants,Fashion,Website,Tanya K.,4,Very good product. Mostly happy with it.
2024-10-20,Noise Cancelling Headphones,Electronics,App Store,Ishaan B.,3,It is fine. Nothing outstanding about it.
2024-10-20,Noise Cancelling Headphones,Electronics,App Store,Rahul K.,2,Customer support was unhelpful. Frustrating.
2024-10-20,Vitamin C Face Serum 30ml,Beauty,Amazon,Nikhil J.,4,Excellent value. A minor quibble but overall great.
2024-10-20,Sunglasses UV400 Polarized,Fashion,Flipkart,Karan V.,5,Exceeded my expectations. Highly recommend!
2024-10-20,Cotton Round Neck T-Shirt,Fashion,Website,Deepa M.,3,Not as impressive as I expected. Just okay.
2024-10-21,Smart LED Desk Lamp,Electronics,Google Reviews,Kavya N.,4,Good quality. Packaging was neat and tidy.
2024-10-21,Vitamin C Face Serum 30ml,Beauty,Flipkart,Nikhil J.,4,Very good product. Mostly happy with it.
2024-10-22,USB-C Fast Charging Cable,Electronics,Website,Arjun M.,4,Works well. Delivery was faster than expected.
2024-10-24,Memory Foam Pillow,Home & Living,App Store,Sneha P.,4,Excellent value. A minor quibble but overall great.
2024-10-24,Non-Stick Frying Pan 26cm,Home & Living,Google Reviews,Ananya G.,4,Good quality. Packaging was neat and tidy.
2024-10-24,Running Sports Shoes,Fashion,Website,Rahul K.,5,Sturdy build and works perfectly. 5 stars!
2024-10-24,Under Eye Cream Dark Circles,Beauty,Website,Rahul K.,5,Good value for money. Very happy with it.
2024-10-25,Leather Wallet Slim,Fashion,Flipkart,Nisha L.,5,Great quality for the price. Will buy again.
2024-10-25,Vitamin C Face Serum 30ml,Beauty,Flipkart,Rahul K.,4,Solid build quality. Would recommend to a friend.
2024-10-25,Moisturising Sunscreen SPF50,Beauty,Website,Priya S.,5,Perfect for my needs. Great quality.
2024-10-25,Stainless Steel Water Bottle 1L,Home & Living,Google Reviews,Deepa M.,2,Customer support was unhelpful. Frustrating.
2024-10-26,Laptop Stand Adjustable,Electronics,Google Reviews,Sonal M.,5,My family loves it. Great purchase overall.
2024-10-26,USB-C Fast Charging Cable,Electronics,Website,Tanya K.,5,Excellent product. Zero complaints at all.
2024-10-26,Laptop Stand Adjustable,Electronics,Flipkart,Ananya G.,5,Exceeded my expectations. Highly recommend!
2024-10-26,Leather Wallet Slim,Fashion,Amazon,Priya S.,3,Average experience. Product works but barely.
2024-10-26,Portable Phone Charger 20000mAh,Electronics,Google Reviews,Arjun M.,5,Exceeded my expectations. Highly recommend!
2024-10-26,Stainless Steel Water Bottle 1L,Home & Living,Website,Aditya R.,5,Extremely happy! Highly recommend to everyone.
2024-10-27,Non-Stick Frying Pan 26cm,Home & Living,Google Reviews,Arjun M.,4,Good experience. Would buy from here again.
2024-10-27,Stainless Steel Water Bottle 1L,Home & Living,Website,Rahul K.,5,Perfect for my needs. Great quality.
2024-10-28,Laptop Stand Adjustable,Electronics,Flipkart,Tanya K.,4,Very good product. Mostly happy with it.
2024-10-29,Running Sports Shoes,Fashion,Amazon,Rahul K.,5,My family loves it. Great purchase overall.
2024-10-29,Collagen Face Sheet Mask Pack,Beauty,Website,Deepa M.,5,Best purchase this year. Amazing quality.
2024-10-30,Casual Denim Jacket,Fashion,Google Reviews,Nikhil J.,3,Average quality. Not bad but not great either.
2024-10-31,Wireless Bluetooth Earbuds,Electronics,Flipkart,Ravi C.,3,Average quality. Not bad but not great either.
2024-11-01,Bamboo Cutting Board Set,Home & Living,App Store,Ananya G.,2,Broke sooner than expected. Very unhappy.
2024-11-02,Webcam HD 1080p,Electronics,App Store,Ishaan B.,4,Good quality. Packaging was neat and tidy.
2024-11-02,Moisturising Sunscreen SPF50,Beauty,Amazon,Arjun M.,5,Perfect for my needs. Great quality.
2024-11-02,Scented Soy Wax Candle,Home & Living,App Store,Sneha P.,4,Overall a great buy. Minor issues but nothing major.
2024-11-02,Slim Fit Chino Pants,Fashion,Google Reviews,Ravi C.,4,Happy with the purchase. Works as expected.
2024-11-02,Collagen Face Sheet Mask Pack,Beauty,Website,Dhruv A.,5,Best purchase this year. Amazing quality.
2024-11-02,Scented Soy Wax Candle,Home & Living,Website,Rohan D.,4,Happy with the purchase. Works as expected.
2024-11-03,Cotton Round Neck T-Shirt,Fashion,Website,Kartik P.,4,Excellent value. A minor quibble but overall great.
2024-11-04,Sunglasses UV400 Polarized,Fashion,Flipkart,Arjun M.,5,Exceeded my expectations. Highly recommend!
2024-11-04,Laptop Stand Adjustable,Electronics,Amazon,Vikram T.,3,Not as impressive as I expected. Just okay.
2024-11-05,Stainless Steel Water Bottle 1L,Home & Living,Website,Priya S.,3,Packaging was a little damaged but the item is fine.
2024-11-05,Bamboo Cutting Board Set,Home & Living,Flipkart,Rohan D.,4,Good quality. Packaging was neat and tidy.
2024-11-05,Webcam HD 1080p,Electronics,Flipkart,Sonal M.,5,Perfect for my needs. Great quality.
2024-11-06,Running Sports Shoes,Fashion,Google Reviews,Sneha P.,3,It is fine. Nothing outstanding about it.
2024-11-06,Collagen Face Sheet Mask Pack,Beauty,App Store,Aisha K.,5,Sturdy build and works perfectly. 5 stars!
2024-11-06,Collagen Face Sheet Mask Pack,Beauty,Flipkart,Meera J.,5,Extremely happy! Highly recommend to everyone.
2024-11-06,Moisturising Sunscreen SPF50,Beauty,Website,Tanya K.,4,Happy with the purchase. Works as expected.
2024-11-06,USB-C Fast Charging Cable,Electronics,Website,Vikram T.,5,Extremely happy! Highly recommend to everyone.
2024-11-06,Wireless Bluetooth Earbuds,Electronics,Amazon,Aisha K.,5,Brilliant product. Delivered on time too.
2024-11-07,Non-Stick Frying Pan 26cm,Home & Living,Google Reviews,Varun D.,3,Not as impressive as I expected. Just okay.
2024-11-07,Bamboo Cutting Board Set,Home & Living,Amazon,Kartik P.,4,"Good product, minor packaging damage but item fine."
2024-11-07,Natural Aloe Vera Gel 200ml,Beauty,Google Reviews,Pooja S.,5,Extremely happy! Highly recommend to everyone.
2024-11-08,Cotton Round Neck T-Shirt,Fashion,Flipkart,Ravi C.,2,Very disappointing. Returned the product.
2024-11-08,Under Eye Cream Dark Circles,Beauty,Website,Pooja S.,5,Perfect for my needs. Great quality.
2024-11-08,Wireless Bluetooth Earbuds,Electronics,Website,Vikram T.,5,Very satisfied with my purchase. Fast delivery too.
2024-11-08,Natural Aloe Vera Gel 200ml,Beauty,Flipkart,Karan V.,5,Extremely happy! Highly recommend to everyone.
2024-11-08,Memory Foam Pillow,Home & Living,Website,Varun D.,5,Outstanding quality. Totally worth the price.
2024-11-10,Stainless Steel Water Bottle 1L,Home & Living,App Store,Rohan D.,4,Good experience. Would buy from here again.
2024-11-10,Wireless Bluetooth Earbuds,Electronics,Google Reviews,Nisha L.,5,Extremely happy! Highly recommend to everyone.
2024-11-10,Noise Cancelling Headphones,Electronics,Flipkart,Ananya G.,5,Works like a charm. Very pleased with this.
2024-11-10,Noise Cancelling Headphones,Electronics,Google Reviews,Varun D.,5,Perfect for my needs. Great quality.
2024-11-11,Laptop Stand Adjustable,Electronics,App Store,Tanya K.,5,Good value for money. Very happy with it.
2024-11-11,Sunglasses UV400 Polarized,Fashion,App Store,Aditya R.,5,Fantastic product. Looks great and works well.
2024-11-12,Mechanical Keyboard RGB,Electronics,App Store,Varun D.,5,Fantastic product. Looks great and works well.
2024-11-12,Mechanical Keyboard RGB,Electronics,Website,Pooja S.,5,Good value for money. Very happy with it.
2024-11-13,Cotton Round Neck T-Shirt,Fashion,Flipkart,Arjun M.,4,Works well. Delivery was faster than expected.
2024-11-13,Smart LED Desk Lamp,Electronics,App Store,Sonal M.,5,Great quality for the price. Will buy again.
2024-11-14,Vitamin C Face Serum 30ml,Beauty,Google Reviews,Vikram T.,3,Okay for the price. Could be improved though.
2024-11-15,Bamboo Cutting Board Set,Home & Living,Google Reviews,Ishaan B.,4,"Good product, minor packaging damage but item fine."
2024-11-15,Moisturising Sunscreen SPF50,Beauty,Flipkart,Kartik P.,5,Exceeded my expectations. Highly recommend!
2024-11-15,Natural Aloe Vera Gel 200ml,Beauty,Flipkart,Tanya K.,5,Works like a charm. Very pleased with this.
2024-11-16,Moisturising Sunscreen SPF50,Beauty,Flipkart,Suresh B.,3,Not as impressive as I expected. Just okay.
2024-11-16,Vitamin C Face Serum 30ml,Beauty,Amazon,Meera J.,5,Perfect for my needs. Great quality.
2024-11-17,Cotton Round Neck T-Shirt,Fashion,Website,Karan V.,3,Okay for the price. Could be improved though.
2024-11-17,Stainless Steel Water Bottle 1L,Home & Living,Amazon,Priya S.,4,Excellent value. A minor quibble but overall great.
2024-11-17,Leather Wallet Slim,Fashion,Flipkart,Priya S.,4,Really satisfied. A few small things could be better.
2024-11-17,Noise Cancelling Headphones,Electronics,Website,Rohan D.,5,Absolutely love this! Works exactly as described.
2024-11-17,Running Sports Shoes,Fashion,Flipkart,Sneha P.,5,Exceeded my expectations. Highly recommend!
2024-11-17,Running Sports Shoes,Fashion,App Store,Ravi C.,3,Decent product. Does exactly what it says.
2024-11-18,Slim Fit Chino Pants,Fashion,Website,Meera J.,3,Packaging was a little damaged but the item is fine.
2024-11-18,Portable Phone Charger 20000mAh,Electronics,Amazon,Rahul K.,5,Works like a charm. Very pleased with this.
2024-11-19,Memory Foam Pillow,Home & Living,Google Reviews,Aditya R.,5,Brilliant product. Delivered on time too.
2024-11-19,Slim Fit Chino Pants,Fashion,Flipkart,Deepa M.,2,Very disappointing. Returned the product.
2024-11-20,Non-Stick Frying Pan 26cm,Home & Living,Website,Sneha P.,4,Excellent value. A minor quibble but overall great.
2024-11-20,Leather Wallet Slim,Fashion,Flipkart,Ravi C.,5,Great quality for the price. Will buy again.
2024-11-20,Noise Cancelling Headphones,Electronics,Amazon,Nisha L.,3,Decent product. Does exactly what it says.
2024-11-22,Mechanical Keyboard RGB,Electronics,Google Reviews,Ananya G.,5,Exceeded my expectations. Highly recommend!
2024-11-23,Portable Phone Charger 20000mAh,Electronics,Google Reviews,Vikram T.,4,Happy with the purchase. Works as expected.
2024-11-23,Running Sports Shoes,Fashion,Amazon,Shruti R.,4,Good quality. Packaging was neat and tidy.
2024-11-24,Non-Stick Frying Pan 26cm,Home & Living,Amazon,Nisha L.,5,Brilliant product. Delivered on time too.
2024-11-24,Running Sports Shoes,Fashion,Website,Kartik P.,5,Excellent product. Zero complaints at all.
2024-11-24,Stainless Steel Water Bottle 1L,Home & Living,App Store,Priya S.,5,Good value for money. Very happy with it.
2024-11-25,Bamboo Cutting Board Set,Home & Living,Flipkart,Vikram T.,5,Exceeded my expectations. Highly recommend!
2024-11-25,Wireless Bluetooth Earbuds,Electronics,Website,Dhruv A.,2,Very disappointing. Returned the product.
2024-11-26,Cotton Round Neck T-Shirt,Fashion,Website,Suresh B.,5,Sturdy build and works perfectly. 5 stars!
2024-11-26,Memory Foam Pillow,Home & Living,Amazon,Tanya K.,4,Very good product. Mostly happy with it.
2024-11-27,Under Eye Cream Dark Circles,Beauty,Flipkart,Suresh B.,4,Excellent value. A minor quibble but overall great.
2024-11-27,Natural Aloe Vera Gel 200ml,Beauty,Flipkart,Dhruv A.,2,Very disappointing. Returned the product.
2024-11-27,Vitamin C Face Serum 30ml,Beauty,Amazon,Arjun M.,1,Extremely poor quality. Total waste of money.
2024-11-27,Cotton Round Neck T-Shirt,Fashion,Amazon,Ishaan B.,5,Exceeded my expectations. Highly recommend!
2024-11-27,Non-Stick Frying Pan 26cm,Home & Living,Website,Rahul K.,5,Extremely happy! Highly recommend to everyone.
2024-11-28,Laptop Stand Adjustable,Electronics,Google Reviews,Ishaan B.,5,Best purchase this year. Amazing quality.
2024-11-28,Stainless Steel Water Bottle 1L,Home & Living,Website,Deepa M.,1,Extremely poor quality. Total waste of money.
2024-11-29,Collagen Face Sheet Mask Pack,Beauty,Google Reviews,Deepa M.,5,Excellent product. Zero complaints at all.
2024-11-29,Under Eye Cream Dark Circles,Beauty,Website,Tanya K.,5,Brilliant product. Delivered on time too.
2024-11-30,Laptop Stand Adjustable,Electronics,Google Reviews,Meera J.,4,Overall a great buy. Minor issues but nothing major.
2024-11-30,Moisturising Sunscreen SPF50,Beauty,Flipkart,Meera J.,5,My family loves it. Great purchase overall.
2024-11-30,Slim Fit Chino Pants,Fashion,Amazon,Karan V.,4,Happy with the purchase. Works as expected.
2024-12-01,Cotton Round Neck T-Shirt,Fashion,Website,Arjun M.,3,Packaging was a little damaged but the item is fine.
2024-12-01,Cotton Round Neck T-Shirt,Fashion,Amazon,Ishaan B.,4,Happy with the purchase. Works as expected.
2024-12-01,Vitamin C Face Serum 30ml,Beauty,Website,Arjun M.,4,Overall a great buy. Minor issues but nothing major.
2024-12-02,Stainless Steel Water Bottle 1L,Home & Living,Website,Varun D.,4,Happy with the purchase. Works as expected.
2024-12-02,Mechanical Keyboard RGB,Electronics,Amazon,Pooja S.,3,Not as impressive as I expected. Just okay.
2024-12-02,USB-C Fast Charging Cable,Electronics,Website,Meera J.,5,Absolutely love this! Works exactly as described.
2024-12-03,Sunglasses UV400 Polarized,Fashion,Website,Aisha K.,4,Good quality. Packaging was neat and tidy.
2024-12-03,Vitamin C Face Serum 30ml,Beauty,Website,Kavya N.,5,Excellent product. Zero complaints at all.
2024-12-03,Vitamin C Face Serum 30ml,Beauty,App Store,Kartik P.,4,Very good product. Mostly happy with it.
2024-12-04,Mechanical Keyboard RGB,Electronics,Google Reviews,Rahul K.,4,Works well. Delivery was faster than expected.
2024-12-05,Smart LED Desk Lamp,Electronics,Google Reviews,Rohan D.,5,Good value for money. Very happy with it.
2024-12-06,Memory Foam Pillow,Home & Living,App Store,Tanya K.,4,"Good product, minor packaging damage but item fine."
2024-12-07,Slim Fit Chino Pants,Fashion,Amazon,Nisha L.,4,Happy with the purchase. Works as expected.
2024-12-07,Mechanical Keyboard RGB,Electronics,Google Reviews,Ananya G.,4,"Good product, minor packaging damage but item fine."
2024-12-08,Sunglasses UV400 Polarized,Fashion,Website,Deepa M.,5,Great quality for the price. Will buy again.
2024-12-09,Memory Foam Pillow,Home & Living,Website,Varun D.,4,"Good product, minor packaging damage but item fine."
2024-12-09,Leather Wallet Slim,Fashion,Google Reviews,Dhruv A.,5,Extremely happy! Highly recommend to everyone.
2024-12-09,Vitamin C Face Serum 30ml,Beauty,Flipkart,Vikram T.,5,Good value for money. Very happy with it.
2024-12-09,Casual Denim Jacket,Fashion,Website,Varun D.,3,Not as impressive as I expected. Just okay.
2024-12-10,Stainless Steel Water Bottle 1L,Home & Living,Website,Arjun M.,5,Great quality for the price. Will buy again.
2024-12-10,Under Eye Cream Dark Circles,Beauty,Flipkart,Rohan D.,5,Fantastic product. Looks great and works well.
2024-12-11,Bamboo Cutting Board Set,Home & Living,Amazon,Ravi C.,2,Broke sooner than expected. Very unhappy.
2024-12-11,Collagen Face Sheet Mask Pack,Beauty,Flipkart,Sneha P.,5,My family loves it. Great purchase overall.
2024-12-12,Bamboo Cutting Board Set,Home & Living,Amazon,Tanya K.,4,Good quality. Packaging was neat and tidy.
2024-12-12,Noise Cancelling Headphones,Electronics,App Store,Shruti R.,5,Best purchase this year. Amazing quality.
2024-12-12,Running Sports Shoes,Fashion,Google Reviews,Rohan D.,4,Good quality. Packaging was neat and tidy.
2024-12-14,Scented Soy Wax Candle,Home & Living,Amazon,Sonal M.,4,Overall a great buy. Minor issues but nothing major.
2024-12-14,Portable Phone Charger 20000mAh,Electronics,Flipkart,Rahul K.,5,Outstanding quality. Totally worth the price.
2024-12-14,Collagen Face Sheet Mask Pack,Beauty,Amazon,Aisha K.,2,Customer support was unhelpful. Frustrating.
2024-12-15,Under Eye Cream Dark Circles,Beauty,App Store,Aditya R.,4,Works well. Delivery was faster than expected.
2024-12-15,Vitamin C Face Serum 30ml,Beauty,Amazon,Vikram T.,5,Absolutely love this! Works exactly as described.
2024-12-16,Collagen Face Sheet Mask Pack,Beauty,Google Reviews,Rohan D.,5,Outstanding quality. Totally worth the price.
2024-12-17,USB-C Fast Charging Cable,Electronics,Flipkart,Kavya N.,5,Excellent product. Zero complaints at all.
2024-12-17,Natural Aloe Vera Gel 200ml,Beauty,Flipkart,Vikram T.,3,Decent product. Does exactly what it says.
2024-12-17,Collagen Face Sheet Mask Pack,Beauty,Amazon,Dhruv A.,4,Works well. Delivery was faster than expected.
2024-12-18,Scented Soy Wax Candle,Home & Living,Amazon,Varun D.,5,Excellent product. Zero complaints at all.
2024-12-18,Smart LED Desk Lamp,Electronics,App Store,Suresh B.,5,Outstanding quality. Totally worth the price.
2024-12-19,Mechanical Keyboard RGB,Electronics,Website,Tanya K.,5,Fantastic product. Looks great and works well.
2024-12-19,Wireless Bluetooth Earbuds,Electronics,Website,Rohan D.,5,My family loves it. Great purchase overall.
2024-12-19,Portable Phone Charger 20000mAh,Electronics,Website,Varun D.,4,Excellent value. A minor quibble but overall great.
2024-12-19,Collagen Face Sheet Mask Pack,Beauty,Flipkart,Rohan D.,5,Sturdy build and works perfectly. 5 stars!
2024-12-20,Natural Aloe Vera Gel 200ml,Beauty,App Store,Sonal M.,2,Quality is very low. Would not buy again.
2024-12-20,Natural Aloe Vera Gel 200ml,Beauty,Website,Kavya N.,4,Good quality. Packaging was neat and tidy.
2024-12-20,Moisturising Sunscreen SPF50,Beauty,Amazon,Rohan D.,3,Decent product. Does exactly what it says.
2024-12-21,Scented Soy Wax Candle,Home & Living,Amazon,Shruti R.,5,Extremely happy! Highly recommend to everyone.
2024-12-21,Webcam HD 1080p,Electronics,Website,Rohan D.,1,Worst purchase I have made. Very regretful.
2024-12-21,Running Sports Shoes,Fashion,App Store,Deepa M.,5,Sturdy build and works perfectly. 5 stars!
2024-12-22,Running Sports Shoes,Fashion,Amazon,Meera J.,4,Happy with the purchase. Works as expected.
2024-12-22,Vitamin C Face Serum 30ml,Beauty,Google Reviews,Kartik P.,4,Good quality. Packaging was neat and tidy.
2024-12-22,Wireless Bluetooth Earbuds,Electronics,App Store,Kartik P.,5,Fantastic product. Looks great and works well.
2024-12-24,USB-C Fast Charging Cable,Electronics,App Store,Tanya K.,4,Good quality. Packaging was neat and tidy.
2024-12-24,Cotton Round Neck T-Shirt,Fashion,Website,Varun D.,5,Extremely happy! Highly recommend to everyone.
2024-12-24,Leather Wallet Slim,Fashion,Amazon,Rahul K.,5,Perfect for my needs. Great quality.
2024-12-24,Running Sports Shoes,Fashion,Google Reviews,Kartik P.,4,Overall a great buy. Minor issues but nothing major.
2024-12-25,Moisturising Sunscreen SPF50,Beauty,App Store,Rohan D.,2,Quality is very low. Would not buy again.
2024-12-26,USB-C Fast Charging Cable,Electronics,App Store,Priya S.,5,Very satisfied with my purchase. Fast delivery too.
2024-12-26,Bamboo Cutting Board Set,Home & Living,Amazon,Priya S.,4,Happy with the purchase. Works as expected.
2024-12-26,Natural Aloe Vera Gel 200ml,Beauty,Google Reviews,Sonal M.,4,Very good product. Mostly happy with it.
2024-12-27,Running Sports Shoes,Fashion,App Store,Ravi C.,4,Solid build quality. Would recommend to a friend.
2024-12-27,Bamboo Cutting Board Set,Home & Living,Google Reviews,Ananya G.,4,Very good product. Mostly happy with it.
2024-12-28,Smart LED Desk Lamp,Electronics,Google Reviews,Aisha K.,4,"Good product, minor packaging damage but item fine."
2024-12-28,Moisturising Sunscreen SPF50,Beauty,App Store,Sneha P.,5,Excellent product. Zero complaints at all.
2024-12-29,Noise Cancelling Headphones,Electronics,Google Reviews,Karan V.,5,Good value for money. Very happy with it.
2024-12-30,Sunglasses UV400 Polarized,Fashion,Google Reviews,Dhruv A.,5,Fantastic product. Looks great and works well.
2024-12-31,Non-Stick Frying Pan 26cm,Home & Living,App Store,Dhruv A.,5,Perfect for my needs. Great quality.
2024-12-31,Wireless Bluetooth Earbuds,Electronics,Flipkart,Vikram T.,4,Works well. Delivery was faster than expected.
2024-12-31,Cotton Round Neck T-Shirt,Fashion,App Store,Aditya R.,4,Good quality. Packaging was neat and tidy.
2025-01-01,Laptop Stand Adjustable,Electronics,App Store,Karan V.,5,Perfect for my needs. Great quality.
2025-01-01,Under Eye Cream Dark Circles,Beauty,Flipkart,Dhruv A.,5,Excellent product. Zero complaints at all.
2025-01-01,Vitamin C Face Serum 30ml,Beauty,Flipkart,Kavya N.,4,Excellent value. A minor quibble but overall great.
2025-01-01,Memory Foam Pillow,Home & Living,Website,Aditya R.,3,Average quality. Not bad but not great either.
2025-01-03,Mechanical Keyboard RGB,Electronics,Amazon,Sneha P.,5,Excellent product. Zero complaints at all.
2025-01-03,Leather Wallet Slim,Fashion,Flipkart,Karan V.,5,Good value for money. Very happy with it.
2025-01-04,Smart LED Desk Lamp,Electronics,Amazon,Meera J.,4,"Good product, minor packaging damage but item fine."
2025-01-04,Wireless Bluetooth Earbuds,Electronics,Amazon,Arjun M.,5,Best purchase this year. Amazing quality.
2025-01-04,Smart LED Desk Lamp,Electronics,Website,Pooja S.,5,Brilliant product. Delivered on time too.
2025-01-05,Non-Stick Frying Pan 26cm,Home & Living,Google Reviews,Sneha P.,3,Decent product. Does exactly what it says.
2025-01-05,Slim Fit Chino Pants,Fashion,App Store,Aisha K.,5,Brilliant product. Delivered on time too.
2025-01-05,Scented Soy Wax Candle,Home & Living,Flipkart,Meera J.,5,Absolutely love this! Works exactly as described.
2025-01-06,Wireless Bluetooth Earbuds,Electronics,Flipkart,Sonal M.,4,Really satisfied. A few small things could be better.
2025-01-06,Leather Wallet Slim,Fashion,Flipkart,Aditya R.,1,Extremely poor quality. Total waste of money.
2025-01-06,Bamboo Cutting Board Set,Home & Living,App Store,Aisha K.,4,"Good product, minor packaging damage but item fine."
2025-01-06,Sunglasses UV400 Polarized,Fashion,Website,Nikhil J.,4,Very good product. Mostly happy with it.
2025-01-06,Sunglasses UV400 Polarized,Fashion,Flipkart,Aditya R.,5,Exceeded my expectations. Highly recommend!
2025-01-07,Running Sports Shoes,Fashion,Amazon,Nikhil J.,3,Packaging was a little damaged but the item is fine.
2025-01-07,Wireless Bluetooth Earbuds,Electronics,Flipkart,Tanya K.,5,Fantastic product. Looks great and works well.
2025-01-07,Stainless Steel Water Bottle 1L,Home & Living,Amazon,Kartik P.,4,Works well. Delivery was faster than expected.
2025-01-08,Non-Stick Frying Pan 26cm,Home & Living,App Store,Varun D.,5,Brilliant product. Delivered on time too.
2025-01-09,Collagen Face Sheet Mask Pack,Beauty,Amazon,Suresh B.,5,Perfect for my needs. Great quality.
2025-01-10,Scented Soy Wax Candle,Home & Living,App Store,Kavya N.,5,Sturdy build and works perfectly. 5 stars!
2025-01-10,Moisturising Sunscreen SPF50,Beauty,Website,Arjun M.,5,Absolutely love this! Works exactly as described.
2025-01-10,Collagen Face Sheet Mask Pack,Beauty,Amazon,Dhruv A.,3,Okay for the price. Could be improved though.
2025-01-12,USB-C Fast Charging Cable,Electronics,Google Reviews,Deepa M.,5,Best purchase this year. Amazing quality.
2025-01-13,USB-C Fast Charging Cable,Electronics,Google Reviews,Kartik P.,5,Great quality for the price. Will buy again.
2025-01-13,Wireless Bluetooth Earbuds,Electronics,Amazon,Tanya K.,3,Packaging was a little damaged but the item is fine.
2025-01-14,Scented Soy Wax Candle,Home & Living,Google Reviews,Pooja S.,5,Absolutely love this! Works exactly as described.
2025-01-14,Vitamin C Face Serum 30ml,Beauty,Flipkart,Ananya G.,3,Not as impressive as I expected. Just okay.
2025-01-15,Noise Cancelling Headphones,Electronics,Google Reviews,Kavya N.,2,Broke sooner than expected. Very unhappy.
2025-01-16,Portable Phone Charger 20000mAh,Electronics,Amazon,Ananya G.,4,Overall a great buy. Minor issues but nothing major.
2025-01-16,Casual Denim Jacket,Fashion,Website,Nikhil J.,5,Great quality for the price. Will buy again.
2025-01-17,Slim Fit Chino Pants,Fashion,Website,Kartik P.,3,It is fine. Nothing outstanding about it.
2025-01-17,Running Sports Shoes,Fashion,App Store,Ananya G.,5,Works like a charm. Very pleased with this.
2025-01-17,Cotton Round Neck T-Shirt,Fashion,Google Reviews,Kartik P.,5,Works like a charm. Very pleased with this.
2025-01-18,USB-C Fast Charging Cable,Electronics,Website,Aisha K.,3,Packaging was a little damaged but the item is fine.
2025-01-18,Moisturising Sunscreen SPF50,Beauty,App Store,Varun D.,5,Perfect for my needs. Great quality.
2025-01-18,Noise Cancelling Headphones,Electronics,Google Reviews,Sneha P.,4,Really satisfied. A few small things could be better.
2025-01-18,Slim Fit Chino Pants,Fashion,Website,Aisha K.,5,Excellent product. Zero complaints at all.
2025-01-19,Cotton Round Neck T-Shirt,Fashion,Flipkart,Rohan D.,5,Extremely happy! Highly recommend to everyone.
2025-01-21,Noise Cancelling Headphones,Electronics,Website,Vikram T.,4,Works well. Delivery was faster than expected.
2025-01-21,Bamboo Cutting Board Set,Home & Living,Flipkart,Suresh B.,5,Outstanding quality. Totally worth the price.
2025-01-23,USB-C Fast Charging Cable,Electronics,Flipkart,Ananya G.,4,Solid build quality. Would recommend to a friend.
2025-01-23,Bamboo Cutting Board Set,Home & Living,Website,Kavya N.,4,Works well. Delivery was faster than expected.
2025-01-23,Cotton Round Neck T-Shirt,Fashion,Flipkart,Tanya K.,5,Perfect for my needs. Great quality.
2025-01-23,Running Sports Shoes,Fashion,Google Reviews,Nikhil J.,4,Very good product. Mostly happy with it.
2025-01-23,Leather Wallet Slim,Fashion,Google Reviews,Ishaan B.,4,Excellent value. A minor quibble but overall great.
2025-01-24,Stainless Steel Water Bottle 1L,Home & Living,Amazon,Rahul K.,3,Works as expected. No major complaints.
2025-01-25,Running Sports Shoes,Fashion,App Store,Sonal M.,5,Brilliant product. Delivered on time too.
2025-01-25,Natural Aloe Vera Gel 200ml,Beauty,Amazon,Arjun M.,4,Overall a great buy. Minor issues but nothing major.
2025-01-26,Under Eye Cream Dark Circles,Beauty,Google Reviews,Meera J.,5,Very satisfied with my purchase. Fast delivery too.
2025-01-28,Mechanical Keyboard RGB,Electronics,App Store,Kavya N.,4,Solid build quality. Would recommend to a friend.
2025-01-28,Scented Soy Wax Candle,Home & Living,Amazon,Aisha K.,3,Works as expected. No major complaints.
2025-01-29,Under Eye Cream Dark Circles,Beauty,Website,Ishaan B.,4,"Good product, minor packaging damage but item fine."
2025-01-29,Non-Stick Frying Pan 26cm,Home & Living,App Store,Vikram T.,5,Very satisfied with my purchase. Fast delivery too.
2025-01-29,Natural Aloe Vera Gel 200ml,Beauty,Website,Priya S.,4,Works well. Delivery was faster than expected.
2025-01-29,Bamboo Cutting Board Set,Home & Living,Amazon,Suresh B.,5,Best purchase this year. Amazing quality.
2025-01-29,Moisturising Sunscreen SPF50,Beauty,Website,Nisha L.,5,Great quality for the price. Will buy again.
2025-01-30,Vitamin C Face Serum 30ml,Beauty,Google Reviews,Karan V.,4,Good quality. Packaging was neat and tidy.
2025-01-31,Smart LED Desk Lamp,Electronics,Website,Pooja S.,4,Good quality. Packaging was neat and tidy.
2025-01-31,Vitamin C Face Serum 30ml,Beauty,Google Reviews,Aisha K.,5,Best purchase this year. Amazing quality.
2025-01-31,Webcam HD 1080p,Electronics,App Store,Rahul K.,5,Good value for money. Very happy with it.
2025-01-31,Moisturising Sunscreen SPF50,Beauty,Website,Meera J.,5,Perfect for my needs. Great quality.
2025-02-02,Bamboo Cutting Board Set,Home & Living,Website,Meera J.,5,Exceeded my expectations. Highly recommend!
2025-02-02,Laptop Stand Adjustable,Electronics,Flipkart,Sonal M.,4,Overall a great buy. Minor issues but nothing major.
2025-02-02,Under Eye Cream Dark Circles,Beauty,Amazon,Vikram T.,4,Good quality. Packaging was neat and tidy.
2025-02-03,Casual Denim Jacket,Fashion,Flipkart,Pooja S.,2,Very disappointing. Returned the product.
2025-02-03,Leather Wallet Slim,Fashion,Website,Sonal M.,1,Extremely poor quality. Total waste of money.
2025-02-04,Running Sports Shoes,Fashion,Amazon,Ishaan B.,5,Best purchase this year. Amazing quality.
2025-02-06,Under Eye Cream Dark Circles,Beauty,Amazon,Pooja S.,3,Not as impressive as I expected. Just okay.
2025-02-06,Natural Aloe Vera Gel 200ml,Beauty,App Store,Ravi C.,3,Average experience. Product works but barely.
2025-02-07,Smart LED Desk Lamp,Electronics,Google Reviews,Deepa M.,3,Not as impressive as I expected. Just okay.
2025-02-07,Mechanical Keyboard RGB,Electronics,Google Reviews,Priya S.,5,Excellent product. Zero complaints at all.
2025-02-07,Natural Aloe Vera Gel 200ml,Beauty,App Store,Karan V.,4,Solid build quality. Would recommend to a friend.
2025-02-08,Memory Foam Pillow,Home & Living,Flipkart,Rohan D.,4,Overall a great buy. Minor issues but nothing major.
2025-02-08,Bamboo Cutting Board Set,Home & Living,Amazon,Ravi C.,2,Quality is very low. Would not buy again.
2025-02-08,Natural Aloe Vera Gel 200ml,Beauty,Flipkart,Aisha K.,4,Works well. Delivery was faster than expected.
2025-02-09,Cotton Round Neck T-Shirt,Fashion,Flipkart,Deepa M.,4,Excellent value. A minor quibble but overall great.
2025-02-09,Casual Denim Jacket,Fashion,Amazon,Priya S.,5,Fantastic product. Looks great and works well.
2025-02-10,Memory Foam Pillow,Home & Living,Amazon,Ravi C.,4,Good quality. Packaging was neat and tidy.
2025-02-11,Moisturising Sunscreen SPF50,Beauty,App Store,Ishaan B.,3,Average experience. Product works but barely.
2025-02-11,Moisturising Sunscreen SPF50,Beauty,Amazon,Varun D.,4,"Good product, minor packaging damage but item fine."
2025-02-12,Bamboo Cutting Board Set,Home & Living,App Store,Varun D.,5,Very satisfied with my purchase. Fast delivery too.
2025-02-12,Wireless Bluetooth Earbuds,Electronics,App Store,Ananya G.,5,Exceeded my expectations. Highly recommend!
2025-02-12,Scented Soy Wax Candle,Home & Living,App Store,Aisha K.,1,Stopped working within a week. Very disappointed.
2025-02-12,Webcam HD 1080p,Electronics,Amazon,Meera J.,4,Good experience. Would buy from here again.
2025-02-12,Noise Cancelling Headphones,Electronics,Flipkart,Kavya N.,4,"Good product, minor packaging damage but item fine."
2025-02-13,Noise Cancelling Headphones,Electronics,Flipkart,Suresh B.,5,Brilliant product. Delivered on time too.
2025-02-14,Portable Phone Charger 20000mAh,Electronics,Flipkart,Pooja S.,3,Not as impressive as I expected. Just okay.
2025-02-14,Sunglasses UV400 Polarized,Fashion,Google Reviews,Dhruv A.,4,Really satisfied. A few small things could be better.
2025-02-14,Noise Cancelling Headphones,Electronics,App Store,Dhruv A.,4,Happy with the purchase. Works as expected.
2025-02-15,Cotton Round Neck T-Shirt,Fashion,App Store,Pooja S.,4,Solid build quality. Would recommend to a friend.
2025-02-15,Natural Aloe Vera Gel 200ml,Beauty,Flipkart,Nikhil J.,5,Extremely happy! Highly recommend to everyone.
2025-02-17,Scented Soy Wax Candle,Home & Living,Website,Arjun M.,5,My family loves it. Great purchase overall.
2025-02-18,Memory Foam Pillow,Home & Living,App Store,Meera J.,4,Happy with the purchase. Works as expected.
2025-02-19,Noise Cancelling Headphones,Electronics,Flipkart,Aditya R.,3,Average experience. Product works but barely.
2025-02-19,Moisturising Sunscreen SPF50,Beauty,Google Reviews,Varun D.,3,Average quality. Not bad but not great either.
2025-02-19,Vitamin C Face Serum 30ml,Beauty,Google Reviews,Shruti R.,3,Okay for the price. Could be improved though.
2025-02-19,Running Sports Shoes,Fashion,Flipkart,Nisha L.,5,My family loves it. Great purchase overall.
2025-02-19,Portable Phone Charger 20000mAh,Electronics,App Store,Pooja S.,3,Average experience. Product works but barely.
2025-02-20,Portable Phone Charger 20000mAh,Electronics,Google Reviews,Meera J.,3,It is fine. Nothing outstanding about it.
2025-02-20,Running Sports Shoes,Fashion,Flipkart,Nisha L.,3,It is fine. Nothing outstanding about it.
2025-02-21,Cotton Round Neck T-Shirt,Fashion,Google Reviews,Pooja S.,4,Happy with the purchase. Works as expected.
2025-02-22,Noise Cancelling Headphones,Electronics,Amazon,Ananya G.,1,Does not work at all. Completely useless.
2025-02-22,Slim Fit Chino Pants,Fashion,Google Reviews,Nikhil J.,4,Very good product. Mostly happy with it.
2025-02-22,Webcam HD 1080p,Electronics,Amazon,Suresh B.,5,Fantastic product. Looks great and works well.
2025-02-22,Sunglasses UV400 Polarized,Fashion,Website,Ananya G.,4,Overall a great buy. Minor issues but nothing major.
2025-02-23,Under Eye Cream Dark Circles,Beauty,App Store,Ananya G.,5,Perfect for my needs. Great quality.
2025-02-24,Portable Phone Charger 20000mAh,Electronics,Flipkart,Shruti R.,3,Decent product. Does exactly what it says.
2025-02-24,Running Sports Shoes,Fashion,Amazon,Karan V.,5,Sturdy build and works perfectly. 5 stars!
2025-02-25,Non-Stick Frying Pan 26cm,Home & Living,Google Reviews,Pooja S.,4,Really satisfied. A few small things could be better.
2025-02-25,Noise Cancelling Headphones,Electronics,Website,Rohan D.,4,"Good product, minor packaging damage but item fine."
2025-02-26,Under Eye Cream Dark Circles,Beauty,Google Reviews,Ishaan B.,3,Works as expected. No major complaints.
2025-02-26,Stainless Steel Water Bottle 1L,Home & Living,Amazon,Varun D.,5,Very satisfied with my purchase. Fast delivery too.
2025-02-27,Under Eye Cream Dark Circles,Beauty,Amazon,Ravi C.,4,Excellent value. A minor quibble but overall great.
2025-02-27,Portable Phone Charger 20000mAh,Electronics,App Store,Aisha K.,5,Best purchase this year. Amazing quality.
2025-02-27,Sunglasses UV400 Polarized,Fashion,Website,Aditya R.,5,Perfect for my needs. Great quality.
2025-02-28,Moisturising Sunscreen SPF50,Beauty,Google Reviews,Aditya R.,5,Outstanding quality. Totally worth the price.
2025-03-01,Scented Soy Wax Candle,Home & Living,Website,Priya S.,4,Very good product. Mostly happy with it.
2025-03-02,Non-Stick Frying Pan 26cm,Home & Living,Flipkart,Deepa M.,5,Sturdy build and works perfectly. 5 stars!
2025-03-02,Laptop Stand Adjustable,Electronics,Flipkart,Vikram T.,4,Works well. Delivery was faster than expected.
2025-03-03,Smart LED Desk Lamp,Electronics,App Store,Meera J.,4,Solid build quality. Would recommend to a friend.
2025-03-03,Scented Soy Wax Candle,Home & Living,Website,Ananya G.,5,Fantastic product. Looks great and works well.
2025-03-03,Cotton Round Neck T-Shirt,Fashion,Google Reviews,Aisha K.,1,Never buying from here again. Terrible product.
2025-03-03,Casual Denim Jacket,Fashion,Google Reviews,Sneha P.,5,Absolutely love this! Works exactly as described.
2025-03-04,Vitamin C Face Serum 30ml,Beauty,Website,Vikram T.,3,Okay for the price. Could be improved though.
2025-03-04,Cotton Round Neck T-Shirt,Fashion,Flipkart,Aditya R.,4,Overall a great buy. Minor issues but nothing major.
2025-03-05,Sunglasses UV400 Polarized,Fashion,Amazon,Aditya R.,1,Worst purchase I have made. Very regretful.
2025-03-05,Leather Wallet Slim,Fashion,Google Reviews,Meera J.,1,Customer support refused to help. Awful experience.
2025-03-06,Collagen Face Sheet Mask Pack,Beauty,Flipkart,Ravi C.,4,Good experience. Would buy from here again.
2025-03-06,Sunglasses UV400 Polarized,Fashion,App Store,Nisha L.,5,Perfect for my needs. Great quality.
2025-03-07,Portable Phone Charger 20000mAh,Electronics,Amazon,Nisha L.,5,Works like a charm. Very pleased with this.
2025-03-07,Laptop Stand Adjustable,Electronics,App Store,Nikhil J.,3,It is fine. Nothing outstanding about it.
2025-03-07,Laptop Stand Adjustable,Electronics,Website,Meera J.,5,Fantastic product. Looks great and works well.
2025-03-07,Under Eye Cream Dark Circles,Beauty,Flipkart,Varun D.,5,Absolutely love this! Works exactly as described.
2025-03-09,Moisturising Sunscreen SPF50,Beauty,Flipkart,Rohan D.,5,Best purchase this year. Amazing quality.
2025-03-10,Bamboo Cutting Board Set,Home & Living,Amazon,Ravi C.,5,Works like a charm. Very pleased with this.
2025-03-10,Memory Foam Pillow,Home & Living,Google Reviews,Varun D.,5,Brilliant product. Delivered on time too.
2025-03-10,Bamboo Cutting Board Set,Home & Living,Google Reviews,Varun D.,4,Happy with the purchase. Works as expected.
2025-03-10,Non-Stick Frying Pan 26cm,Home & Living,Flipkart,Aisha K.,5,Very satisfied with my purchase. Fast delivery too.
2025-03-11,Moisturising Sunscreen SPF50,Beauty,App Store,Meera J.,2,Broke sooner than expected. Very unhappy.
2025-03-11,Moisturising Sunscreen SPF50,Beauty,Google Reviews,Suresh B.,5,Great quality for the price. Will buy again.
2025-03-12,Cotton Round Neck T-Shirt,Fashion,Flipkart,Priya S.,5,Extremely happy! Highly recommend to everyone.
2025-03-13,Mechanical Keyboard RGB,Electronics,Amazon,Deepa M.,5,Exceeded my expectations. Highly recommend!
2025-03-14,Webcam HD 1080p,Electronics,Google Reviews,Karan V.,5,Absolutely love this! Works exactly as described.
2025-03-14,Sunglasses UV400 Polarized,Fashion,App Store,Priya S.,5,Best purchase this year. Amazing quality.
2025-03-14,Sunglasses UV400 Polarized,Fashion,Website,Suresh B.,3,Not as impressive as I expected. Just okay.
2025-03-15,Scented Soy Wax Candle,Home & Living,App Store,Rohan D.,4,Good quality. Packaging was neat and tidy.
2025-03-15,Wireless Bluetooth Earbuds,Electronics,Google Reviews,Priya S.,5,Sturdy build and works perfectly. 5 stars!
2025-03-15,Mechanical Keyboard RGB,Electronics,App Store,Sonal M.,5,Good value for money. Very happy with it.
2025-03-15,Noise Cancelling Headphones,Electronics,Google Reviews,Deepa M.,3,Packaging was a little damaged but the item is fine.
2025-03-15,Scented Soy Wax Candle,Home & Living,Google Reviews,Rohan D.,5,Extremely happy! Highly recommend to everyone.
2025-03-16,Wireless Bluetooth Earbuds,Electronics,Google Reviews,Aisha K.,4,"Good product, minor packaging damage but item fine."
2025-03-16,Running Sports Shoes,Fashion,Google Reviews,Tanya K.,4,Good experience. Would buy from here again.
2025-03-16,Leather Wallet Slim,Fashion,Flipkart,Kavya N.,3,Average quality. Not bad but not great either.
2025-03-16,Natural Aloe Vera Gel 200ml,Beauty,Website,Karan V.,4,Overall a great buy. Minor issues but nothing major.
2025-03-17,Slim Fit Chino Pants,Fashion,Flipkart,Pooja S.,5,Works like a charm. Very pleased with this.
2025-03-17,Memory Foam Pillow,Home & Living,Google Reviews,Kartik P.,5,Brilliant product. Delivered on time too.
2025-03-17,Non-Stick Frying Pan 26cm,Home & Living,Website,Meera J.,3,It is fine. Nothing outstanding about it.
2025-03-18,Mechanical Keyboard RGB,Electronics,Flipkart,Rohan D.,5,Great quality for the price. Will buy again.
2025-03-18,Scented Soy Wax Candle,Home & Living,Flipkart,Varun D.,5,Great quality for the price. Will buy again.
2025-03-19,Memory Foam Pillow,Home & Living,Website,Meera J.,5,Perfect for my needs. Great quality.
2025-03-19,Cotton Round Neck T-Shirt,Fashion,App Store,Ravi C.,4,Works well. Delivery was faster than expected.
2025-03-21,Vitamin C Face Serum 30ml,Beauty,Google Reviews,Suresh B.,4,Solid build quality. Would recommend to a friend.
2025-03-21,Mechanical Keyboard RGB,Electronics,App Store,Aditya R.,4,Good quality. Packaging was neat and tidy.
2025-03-23,USB-C Fast Charging Cable,Electronics,Amazon,Tanya K.,4,"Good product, minor packaging damage but item fine."
2025-03-23,Collagen Face Sheet Mask Pack,Beauty,Google Reviews,Ananya G.,5,Very satisfied with my purchase. Fast delivery too.
2025-03-23,Smart LED Desk Lamp,Electronics,Google Reviews,Nisha L.,4,Very good product. Mostly happy with it.
2025-03-23,Vitamin C Face Serum 30ml,Beauty,Google Reviews,Kavya N.,5,Sturdy build and works perfectly. 5 stars!
2025-03-23,Non-Stick Frying Pan 26cm,Home & Living,Website,Varun D.,3,It is fine. Nothing outstanding about it.
2025-03-23,Laptop Stand Adjustable,Electronics,Amazon,Ananya G.,3,Okay for the price. Could be improved though.
2025-03-24,Non-Stick Frying Pan 26cm,Home & Living,Flipkart,Shruti R.,4,Happy with the purchase. Works as expected.
2025-03-24,Vitamin C Face Serum 30ml,Beauty,App Store,Dhruv A.,5,Brilliant product. Delivered on time too.
2025-03-24,Memory Foam Pillow,Home & Living,Google Reviews,Nisha L.,5,Perfect for my needs. Great quality.
2025-03-24,Non-Stick Frying Pan 26cm,Home & Living,Amazon,Meera J.,4,Overall a great buy. Minor issues but nothing major.
2025-03-24,Sunglasses UV400 Polarized,Fashion,Google Reviews,Sneha P.,5,Exceeded my expectations. Highly recommend!
2025-03-24,Casual Denim Jacket,Fashion,App Store,Pooja S.,5,Exceeded my expectations. Highly recommend!
2025-03-25,Running Sports Shoes,Fashion,App Store,Vikram T.,5,Brilliant product. Delivered on time too.
2025-03-26,Portable Phone Charger 20000mAh,Electronics,Google Reviews,Varun D.,4,Very good product. Mostly happy with it.
2025-03-26,Cotton Round Neck T-Shirt,Fashion,Amazon,Karan V.,4,Good quality. Packaging was neat and tidy.
2025-03-27,Laptop Stand Adjustable,Electronics,Amazon,Ravi C.,5,Perfect for my needs. Great quality.
2025-03-28,Portable Phone Charger 20000mAh,Electronics,Website,Ravi C.,5,Absolutely love this! Works exactly as described.
2025-03-28,Wireless Bluetooth Earbuds,Electronics,App Store,Varun D.,4,"Good product, minor packaging damage but item fine."
2025-03-28,Non-Stick Frying Pan 26cm,Home & Living,App Store,Deepa M.,5,Good value for money. Very happy with it.
2025-03-29,Slim Fit Chino Pants,Fashion,App Store,Sneha P.,3,Not as impressive as I expected. Just okay.
2025-03-29,Slim Fit Chino Pants,Fashion,Flipkart,Rahul K.,1,Does not work at all. Completely useless.
2025-03-30,Collagen Face Sheet Mask Pack,Beauty,App Store,Rohan D.,5,Exceeded my expectations. Highly recommend!
2025-03-30,Non-Stick Frying Pan 26cm,Home & Living,App Store,Nisha L.,4,Very good product. Mostly happy with it.
2025-03-30,Bamboo Cutting Board Set,Home & Living,Flipkart,Rohan D.,4,Excellent value. A minor quibble but overall great.
2025-03-30,Noise Cancelling Headphones,Electronics,Flipkart,Kartik P.,4,Happy with the purchase. Works as expected.
2025-03-30,Laptop Stand Adjustable,Electronics,Google Reviews,Ravi C.,5,Best purchase this year. Amazing quality.
2025-03-31,Casual Denim Jacket,Fashion,Website,Ravi C.,5,Perfect for my needs. Great quality.
2025-03-31,Smart LED Desk Lamp,Electronics,Amazon,Kavya N.,3,Decent product. Does exactly what it says.
2025-03-31,Noise Cancelling Headphones,Electronics,Website,Arjun M.,4,Overall a great buy. Minor issues but nothing major.
2025-04-01,Slim Fit Chino Pants,Fashion,Google Reviews,Rohan D.,5,Great quality for the price. Will buy again.
2025-04-01,Vitamin C Face Serum 30ml,Beauty,Website,Ravi C.,3,Packaging was a little damaged but the item is fine.
2025-04-02,Bamboo Cutting Board Set,Home & Living,Amazon,Sonal M.,4,Solid build quality. Would recommend to a friend.
2025-04-02,Moisturising Sunscreen SPF50,Beauty,Flipkart,Nisha L.,2,Broke sooner than expected. Very unhappy.
2025-04-03,Vitamin C Face Serum 30ml,Beauty,Flipkart,Ravi C.,5,Outstanding quality. Totally worth the price.
2025-04-04,Natural Aloe Vera Gel 200ml,Beauty,App Store,Kartik P.,4,Very good product. Mostly happy with it.
2025-04-04,Memory Foam Pillow,Home & Living,Flipkart,Sonal M.,5,Very satisfied with my purchase. Fast delivery too.
2025-04-04,Webcam HD 1080p,Electronics,Amazon,Vikram T.,4,Good quality. Packaging was neat and tidy.
2025-04-05,Moisturising Sunscreen SPF50,Beauty,Flipkart,Nisha L.,3,Average experience. Product works but barely.
2025-04-05,Wireless Bluetooth Earbuds,Electronics,Flipkart,Karan V.,5,Absolutely love this! Works exactly as described.
2025-04-06,USB-C Fast Charging Cable,Electronics,App Store,Ananya G.,3,Works as expected. No major complaints.
2025-04-06,Webcam HD 1080p,Electronics,Amazon,Dhruv A.,5,Great quality for the price. Will buy again.
2025-04-07,Scented Soy Wax Candle,Home & Living,Amazon,Rahul K.,3,Average experience. Product works but barely.
2025-04-08,Casual Denim Jacket,Fashion,Website,Deepa M.,2,Broke sooner than expected. Very unhappy.
2025-04-08,Noise Cancelling Headphones,Electronics,Website,Ishaan B.,5,Absolutely love this! Works exactly as described.
2025-04-08,Under Eye Cream Dark Circles,Beauty,Amazon,Shruti R.,5,Absolutely love this! Works exactly as described.
2025-04-08,Scented Soy Wax Candle,Home & Living,Amazon,Ishaan B.,4,Overall a great buy. Minor issues but nothing major.
2025-04-08,Vitamin C Face Serum 30ml,Beauty,Website,Ishaan B.,5,Great quality for the price. Will buy again.
2025-04-09,Vitamin C Face Serum 30ml,Beauty,App Store,Arjun M.,2,Not worth the money. Poor quality overall.
2025-04-09,Moisturising Sunscreen SPF50,Beauty,App Store,Karan V.,5,Great quality for the price. Will buy again.
2025-04-10,Sunglasses UV400 Polarized,Fashion,Amazon,Shruti R.,5,Outstanding quality. Totally worth the price.
2025-04-10,Under Eye Cream Dark Circles,Beauty,Google Reviews,Vikram T.,5,Very satisfied with my purchase. Fast delivery too.
2025-04-10,Sunglasses UV400 Polarized,Fashion,Google Reviews,Dhruv A.,5,Good value for money. Very happy with it.
2025-04-11,Vitamin C Face Serum 30ml,Beauty,Flipkart,Rohan D.,5,Good value for money. Very happy with it.
2025-04-12,Slim Fit Chino Pants,Fashion,Website,Nikhil J.,5,Great quality for the price. Will buy again.
2025-04-12,Wireless Bluetooth Earbuds,Electronics,Website,Pooja S.,3,Works as expected. No major complaints.
2025-04-13,Cotton Round Neck T-Shirt,Fashion,App Store,Nikhil J.,3,It is fine. Nothing outstanding about it.
2025-04-14,Running Sports Shoes,Fashion,Amazon,Vikram T.,5,Absolutely love this! Works exactly as described.
2025-04-15,Under Eye Cream Dark Circles,Beauty,Amazon,Shruti R.,4,Good experience. Would buy from here again.
2025-04-15,Mechanical Keyboard RGB,Electronics,Website,Sneha P.,5,Works like a charm. Very pleased with this.
2025-04-15,Bamboo Cutting Board Set,Home & Living,Amazon,Ravi C.,4,Solid build quality. Would recommend to a friend.
2025-04-15,Slim Fit Chino Pants,Fashion,Amazon,Meera J.,5,Sturdy build and works perfectly. 5 stars!
2025-04-16,Vitamin C Face Serum 30ml,Beauty,Website,Ananya G.,5,Brilliant product. Delivered on time too.
2025-04-16,Cotton Round Neck T-Shirt,Fashion,App Store,Ravi C.,5,Outstanding quality. Totally worth the price.
2025-04-16,Stainless Steel Water Bottle 1L,Home & Living,Amazon,Priya S.,4,"Good product, minor packaging damage but item fine."
2025-04-17,Webcam HD 1080p,Electronics,Flipkart,Shruti R.,4,Really satisfied. A few small things could be better.
2025-04-17,Laptop Stand Adjustable,Electronics,Amazon,Kavya N.,4,Overall a great buy. Minor issues but nothing major.
2025-04-18,Under Eye Cream Dark Circles,Beauty,Amazon,Arjun M.,4,Good quality. Packaging was neat and tidy.
2025-04-18,Cotton Round Neck T-Shirt,Fashion,Flipkart,Ananya G.,4,Works well. Delivery was faster than expected.
2025-04-20,USB-C Fast Charging Cable,Electronics,Flipkart,Rahul K.,4,Works well. Delivery was faster than expected.
2025-04-20,Collagen Face Sheet Mask Pack,Beauty,Website,Ravi C.,5,Great quality for the price. Will buy again.
2025-04-20,Vitamin C Face Serum 30ml,Beauty,Flipkart,Vikram T.,4,"Good product, minor packaging damage but item fine."
2025-04-21,Webcam HD 1080p,Electronics,Google Reviews,Kartik P.,4,"Good product, minor packaging damage but item fine."
2025-04-21,Stainless Steel Water Bottle 1L,Home & Living,Amazon,Dhruv A.,4,Overall a great buy. Minor issues but nothing major.
2025-04-22,Mechanical Keyboard RGB,Electronics,Flipkart,Nisha L.,2,Quality is very low. Would not buy again.
2025-04-22,Cotton Round Neck T-Shirt,Fashion,App Store,Kavya N.,3,Average experience. Product works but barely.
2025-04-22,Smart LED Desk Lamp,Electronics,App Store,Ananya G.,5,Excellent product. Zero complaints at all.
2025-04-22,Webcam HD 1080p,Electronics,Google Reviews,Ravi C.,5,Outstanding quality. Totally worth the price.
2025-04-23,Webcam HD 1080p,Electronics,Google Reviews,Pooja S.,2,Does not match the description at all.
2025-04-24,Noise Cancelling Headphones,Electronics,Flipkart,Deepa M.,4,Overall a great buy. Minor issues but nothing major.
2025-04-24,Casual Denim Jacket,Fashion,App Store,Dhruv A.,4,"Good product, minor packaging damage but item fine."
2025-04-25,Scented Soy Wax Candle,Home & Living,Amazon,Ananya G.,4,Really satisfied. A few small things could be better.
2025-04-25,Non-Stick Frying Pan 26cm,Home & Living,Website,Meera J.,3,Average experience. Product works but barely.
2025-04-25,USB-C Fast Charging Cable,Electronics,Website,Rohan D.,4,Very good product. Mostly happy with it.
2025-04-25,Sunglasses UV400 Polarized,Fashion,App Store,Deepa M.,4,Happy with the purchase. Works as expected.
2025-04-25,Smart LED Desk Lamp,Electronics,Google Reviews,Nikhil J.,4,Good quality. Packaging was neat and tidy.
2025-04-26,USB-C Fast Charging Cable,Electronics,Website,Varun D.,5,Excellent product. Zero complaints at all.
2025-04-26,Running Sports Shoes,Fashion,Website,Rahul K.,2,Not worth the money. Poor quality overall.
2025-04-26,Wireless Bluetooth Earbuds,Electronics,Website,Varun D.,5,Very satisfied with my purchase. Fast delivery too.
2025-04-26,Scented Soy Wax Candle,Home & Living,Google Reviews,Sneha P.,3,Works as expected. No major complaints.
2025-04-26,Casual Denim Jacket,Fashion,App Store,Sneha P.,4,Solid build quality. Would recommend to a friend.
2025-04-26,Mechanical Keyboard RGB,Electronics,Google Reviews,Aisha K.,5,Great quality for the price. Will buy again.
2025-04-26,Moisturising Sunscreen SPF50,Beauty,Website,Ravi C.,3,Not as impressive as I expected. Just okay.
2025-04-26,Mechanical Keyboard RGB,Electronics,App Store,Meera J.,5,Exceeded my expectations. Highly recommend!
2025-04-26,Non-Stick Frying Pan 26cm,Home & Living,Flipkart,Vikram T.,5,Brilliant product. Delivered on time too.
2025-04-27,Webcam HD 1080p,Electronics,App Store,Nisha L.,3,Average experience. Product works but barely.
2025-04-28,Cotton Round Neck T-Shirt,Fashion,App Store,Tanya K.,4,"Good product, minor packaging damage but item fine."
2025-04-29,Wireless Bluetooth Earbuds,Electronics,App Store,Deepa M.,4,Excellent value. A minor quibble but overall great.
2025-04-29,Portable Phone Charger 20000mAh,Electronics,Google Reviews,Varun D.,5,Fantastic product. Looks great and works well.
2025-04-29,Leather Wallet Slim,Fashion,Amazon,Kartik P.,5,Great quality for the price. Will buy again.
2025-04-29,Scented Soy Wax Candle,Home & Living,Website,Suresh B.,4,Works well. Delivery was faster than expected.
2025-04-30,Smart LED Desk Lamp,Electronics,Flipkart,Varun D.,4,Overall a great buy. Minor issues but nothing major.
2025-05-01,USB-C Fast Charging Cable,Electronics,Flipkart,Suresh B.,5,Sturdy build and works perfectly. 5 stars!
2025-05-02,Casual Denim Jacket,Fashion,Flipkart,Pooja S.,5,Extremely happy! Highly recommend to everyone.
2025-05-03,Non-Stick Frying Pan 26cm,Home & Living,Flipkart,Arjun M.,3,Not as impressive as I expected. Just okay.
2025-05-04,Memory Foam Pillow,Home & Living,Website,Dhruv A.,4,Excellent value. A minor quibble but overall great.
2025-05-05,Running Sports Shoes,Fashion,Amazon,Rahul K.,5,Great quality for the price. Will buy again.
2025-05-05,Laptop Stand Adjustable,Electronics,App Store,Dhruv A.,2,Quality is very low. Would not buy again.
2025-05-05,Stainless Steel Water Bottle 1L,Home & Living,Flipkart,Meera J.,5,Very satisfied with my purchase. Fast delivery too.
2025-05-06,Cotton Round Neck T-Shirt,Fashion,Flipkart,Priya S.,5,Best purchase this year. Amazing quality.
2025-05-07,Casual Denim Jacket,Fashion,Website,Ishaan B.,3,Average experience. Product works but barely.
2025-05-08,Leather Wallet Slim,Fashion,App Store,Nisha L.,5,Works like a charm. Very pleased with this.
2025-05-08,Under Eye Cream Dark Circles,Beauty,Flipkart,Meera J.,5,Extremely happy! Highly recommend to everyone.
2025-05-09,Casual Denim Jacket,Fashion,Google Reviews,Pooja S.,1,Stopped working within a week. Very disappointed.
2025-05-09,Collagen Face Sheet Mask Pack,Beauty,Google Reviews,Suresh B.,4,Good experience. Would buy from here again.
2025-05-10,Cotton Round Neck T-Shirt,Fashion,Website,Ravi C.,4,Good experience. Would buy from here again.
2025-05-11,Vitamin C Face Serum 30ml,Beauty,Flipkart,Tanya K.,5,Exceeded my expectations. Highly recommend!
2025-05-12,Noise Cancelling Headphones,Electronics,Google Reviews,Ravi C.,1,Customer support refused to help. Awful experience.
2025-05-12,Smart LED Desk Lamp,Electronics,Website,Rahul K.,4,Really satisfied. A few small things could be better.
2025-05-12,Non-Stick Frying Pan 26cm,Home & Living,Amazon,Arjun M.,5,Works like a charm. Very pleased with this.
2025-05-12,Scented Soy Wax Candle,Home & Living,App Store,Sneha P.,4,"Good product, minor packaging damage but item fine."
2025-05-12,Wireless Bluetooth Earbuds,Electronics,Google Reviews,Priya S.,5,Very satisfied with my purchase. Fast delivery too.
2025-05-13,Natural Aloe Vera Gel 200ml,Beauty,Flipkart,Deepa M.,5,Sturdy build and works perfectly. 5 stars!
2025-05-13,Running Sports Shoes,Fashion,Website,Nikhil J.,5,Good value for money. Very happy with it.
2025-05-13,Cotton Round Neck T-Shirt,Fashion,Website,Tanya K.,2,Very disappointing. Returned the product.
2025-05-14,Collagen Face Sheet Mask Pack,Beauty,Flipkart,Karan V.,3,Works as expected. No major complaints.
2025-05-14,Vitamin C Face Serum 30ml,Beauty,Amazon,Nikhil J.,5,Works like a charm. Very pleased with this.
2025-05-15,Running Sports Shoes,Fashion,Amazon,Tanya K.,4,Good quality. Packaging was neat and tidy.
2025-05-15,Moisturising Sunscreen SPF50,Beauty,Flipkart,Sneha P.,5,Great quality for the price. Will buy again.
2025-05-16,Memory Foam Pillow,Home & Living,App Store,Ravi C.,5,Good value for money. Very happy with it.
2025-05-16,Natural Aloe Vera Gel 200ml,Beauty,App Store,Pooja S.,2,Customer support was unhelpful. Frustrating.
2025-05-16,Laptop Stand Adjustable,Electronics,Amazon,Sonal M.,4,Excellent value. A minor quibble but overall great.
2025-05-17,Cotton Round Neck T-Shirt,Fashion,App Store,Karan V.,3,Works as expected. No major complaints.
2025-05-17,Under Eye Cream Dark Circles,Beauty,Website,Aisha K.,4,Very good product. Mostly happy with it.
2025-05-18,USB-C Fast Charging Cable,Electronics,Flipkart,Priya S.,4,Solid build quality. Would recommend to a friend.
2025-05-18,Moisturising Sunscreen SPF50,Beauty,Google Reviews,Deepa M.,5,Best purchase this year. Amazing quality.
2025-05-18,Mechanical Keyboard RGB,Electronics,Amazon,Sneha P.,3,Average experience. Product works but barely.
2025-05-18,Non-Stick Frying Pan 26cm,Home & Living,Website,Arjun M.,4,"Good product, minor packaging damage but item fine."
2025-05-18,Laptop Stand Adjustable,Electronics,Google Reviews,Sonal M.,5,Good value for money. Very happy with it.
2025-05-18,Smart LED Desk Lamp,Electronics,Amazon,Nisha L.,5,Outstanding quality. Totally worth the price.
2025-05-19,Leather Wallet Slim,Fashion,Google Reviews,Ishaan B.,4,Very good product. Mostly happy with it.
2025-05-19,Collagen Face Sheet Mask Pack,Beauty,Website,Deepa M.,5,Fantastic product. Looks great and works well.
2025-05-21,Stainless Steel Water Bottle 1L,Home & Living,Amazon,Nikhil J.,5,Extremely happy! Highly recommend to everyone.
2025-05-21,Under Eye Cream Dark Circles,Beauty,Flipkart,Rohan D.,3,Packaging was a little damaged but the item is fine.
2025-05-22,Slim Fit Chino Pants,Fashion,Flipkart,Vikram T.,4,Very good product. Mostly happy with it.
2025-05-22,Non-Stick Frying Pan 26cm,Home & Living,Flipkart,Rohan D.,5,Outstanding quality. Totally worth the price.
2025-05-24,USB-C Fast Charging Cable,Electronics,Flipkart,Kavya N.,4,Really satisfied. A few small things could be better.
2025-05-24,Vitamin C Face Serum 30ml,Beauty,App Store,Deepa M.,3,Works as expected. No major complaints.
2025-05-24,Wireless Bluetooth Earbuds,Electronics,App Store,Dhruv A.,5,Good value for money. Very happy with it.
2025-05-25,USB-C Fast Charging Cable,Electronics,Flipkart,Rohan D.,5,Perfect for my needs. Great quality.
2025-05-26,Casual Denim Jacket,Fashion,App Store,Kartik P.,5,Outstanding quality. Totally worth the price.
2025-05-26,Memory Foam Pillow,Home & Living,App Store,Priya S.,4,Really satisfied. A few small things could be better.
2025-05-26,Vitamin C Face Serum 30ml,Beauty,Flipkart,Meera J.,5,Perfect for my needs. Great quality.
2025-05-27,Under Eye Cream Dark Circles,Beauty,Flipkart,Karan V.,5,Sturdy build and works perfectly. 5 stars!
2025-05-27,Portable Phone Charger 20000mAh,Electronics,Website,Tanya K.,4,Good experience. Would buy from here again.
2025-05-27,Non-Stick Frying Pan 26cm,Home & Living,Google Reviews,Karan V.,3,Works as expected. No major complaints.
2025-05-28,Sunglasses UV400 Polarized,Fashion,Website,Deepa M.,4,Good experience. Would buy from here again.
2025-05-28,Cotton Round Neck T-Shirt,Fashion,Google Reviews,Ananya G.,3,Works as expected. No major complaints.
2025-05-28,Casual Denim Jacket,Fashion,Amazon,Sneha P.,5,Fantastic product. Looks great and works well.
2025-05-30,Mechanical Keyboard RGB,Electronics,Flipkart,Rohan D.,5,Very satisfied with my purchase. Fast delivery too.
2025-05-31,Running Sports Shoes,Fashion,Amazon,Nisha L.,3,Works as expected. No major complaints.
2025-05-31,Mechanical Keyboard RGB,Electronics,Google Reviews,Kartik P.,4,Excellent value. A minor quibble but overall great.
2025-06-01,Memory Foam Pillow,Home & Living,App Store,Meera J.,4,Overall a great buy. Minor issues but nothing major.
2025-06-01,Leather Wallet Slim,Fashion,Amazon,Aisha K.,5,Very satisfied with my purchase. Fast delivery too.
2025-06-02,Natural Aloe Vera Gel 200ml,Beauty,Flipkart,Pooja S.,4,Excellent value. A minor quibble but overall great.
2025-06-02,Bamboo Cutting Board Set,Home & Living,Website,Meera J.,5,Absolutely love this! Works exactly as described.
2025-06-03,Collagen Face Sheet Mask Pack,Beauty,Amazon,Nikhil J.,5,Perfect for my needs. Great quality.
2025-06-03,Noise Cancelling Headphones,Electronics,Website,Kavya N.,5,Works like a charm. Very pleased with this.
2025-06-03,Noise Cancelling Headphones,Electronics,Google Reviews,Tanya K.,2,Not worth the money. Poor quality overall.
2025-06-06,Wireless Bluetooth Earbuds,Electronics,App Store,Ananya G.,1,Customer support refused to help. Awful experience.
2025-06-07,Memory Foam Pillow,Home & Living,Amazon,Aditya R.,4,"Good product, minor packaging damage but item fine."
2025-06-08,Moisturising Sunscreen SPF50,Beauty,Google Reviews,Kavya N.,5,Very satisfied with my purchase. Fast delivery too.
2025-06-08,Collagen Face Sheet Mask Pack,Beauty,Flipkart,Ananya G.,4,"Good product, minor packaging damage but item fine."
2025-06-08,Stainless Steel Water Bottle 1L,Home & Living,Website,Karan V.,5,Good value for money. Very happy with it.
2025-06-09,Cotton Round Neck T-Shirt,Fashion,Website,Kavya N.,5,Absolutely love this! Works exactly as described.
2025-06-09,Webcam HD 1080p,Electronics,Flipkart,Arjun M.,3,Average quality. Not bad but not great either.
2025-06-10,Laptop Stand Adjustable,Electronics,Google Reviews,Nikhil J.,4,Good experience. Would buy from here again.
2025-06-11,Laptop Stand Adjustable,Electronics,Google Reviews,Dhruv A.,4,Works well. Delivery was faster than expected.
2025-06-12,Laptop Stand Adjustable,Electronics,Amazon,Aditya R.,5,Good value for money. Very happy with it.
2025-06-12,Smart LED Desk Lamp,Electronics,App Store,Pooja S.,5,Great quality for the price. Will buy again.
2025-06-12,Noise Cancelling Headphones,Electronics,Google Reviews,Suresh B.,5,Absolutely love this! Works exactly as described.
2025-06-12,Bamboo Cutting Board Set,Home & Living,Amazon,Sonal M.,2,Customer support was unhelpful. Frustrating.
2025-06-13,Laptop Stand Adjustable,Electronics,Google Reviews,Ravi C.,2,Quality is very low. Would not buy again.
2025-06-13,Moisturising Sunscreen SPF50,Beauty,Flipkart,Priya S.,5,Good value for money. Very happy with it.
2025-06-14,Slim Fit Chino Pants,Fashion,Website,Suresh B.,2,Customer support was unhelpful. Frustrating.
2025-06-15,Bamboo Cutting Board Set,Home & Living,Google Reviews,Sonal M.,4,"Good product, minor packaging damage but item fine."
2025-06-15,Smart LED Desk Lamp,Electronics,Flipkart,Dhruv A.,5,Outstanding quality. Totally worth the price.
2025-06-15,Running Sports Shoes,Fashion,Amazon,Aditya R.,3,Okay for the price. Could be improved though.
2025-06-16,Wireless Bluetooth Earbuds,Electronics,Google Reviews,Pooja S.,4,Happy with the purchase. Works as expected.
2025-06-16,Sunglasses UV400 Polarized,Fashion,Google Reviews,Shruti R.,4,Excellent value. A minor quibble but overall great.
2025-06-16,Cotton Round Neck T-Shirt,Fashion,App Store,Ravi C.,4,Really satisfied. A few small things could be better.
2025-06-17,Slim Fit Chino Pants,Fashion,App Store,Varun D.,5,Good value for money. Very happy with it.
2025-06-17,USB-C Fast Charging Cable,Electronics,Website,Deepa M.,2,Quality is very low. Would not buy again.
2025-06-17,Moisturising Sunscreen SPF50,Beauty,Amazon,Rahul K.,5,Good value for money. Very happy with it.
2025-06-17,Webcam HD 1080p,Electronics,Google Reviews,Ananya G.,5,Best purchase this year. Amazing quality.
2025-06-18,USB-C Fast Charging Cable,Electronics,Google Reviews,Rahul K.,5,Good value for money. Very happy with it.
2025-06-19,Cotton Round Neck T-Shirt,Fashion,Google Reviews,Aditya R.,5,Extremely happy! Highly recommend to everyone.
2025-06-21,Moisturising Sunscreen SPF50,Beauty,App Store,Aisha K.,3,It is fine. Nothing outstanding about it.
2025-06-21,Moisturising Sunscreen SPF50,Beauty,Google Reviews,Ananya G.,1,Customer support refused to help. Awful experience.
2025-06-21,Running Sports Shoes,Fashion,Flipkart,Rohan D.,2,Quality is very low. Would not buy again.
2025-06-22,Non-Stick Frying Pan 26cm,Home & Living,Amazon,Tanya K.,4,Overall a great buy. Minor issues but nothing major.
2025-06-22,Under Eye Cream Dark Circles,Beauty,Google Reviews,Tanya K.,5,Exceeded my expectations. Highly recommend!
2025-06-22,Casual Denim Jacket,Fashion,Website,Varun D.,5,Great quality for the price. Will buy again.
2025-06-22,Casual Denim Jacket,Fashion,Google Reviews,Aditya R.,5,Extremely happy! Highly recommend to everyone.
2025-06-23,Mechanical Keyboard RGB,Electronics,Flipkart,Kavya N.,4,Very good product. Mostly happy with it.
2025-06-23,Bamboo Cutting Board Set,Home & Living,Google Reviews,Nisha L.,2,Does not match the description at all.
2025-06-23,Non-Stick Frying Pan 26cm,Home & Living,Flipkart,Aditya R.,5,Extremely happy! Highly recommend to everyone.
2025-06-23,Noise Cancelling Headphones,Electronics,App Store,Kartik P.,5,Absolutely love this! Works exactly as described.
2025-06-23,Slim Fit Chino Pants,Fashion,Amazon,Meera J.,4,"Good product, minor packaging damage but item fine."
2025-06-23,Vitamin C Face Serum 30ml,Beauty,Amazon,Deepa M.,5,Fantastic product. Looks great and works well.
2025-06-24,Webcam HD 1080p,Electronics,Google Reviews,Pooja S.,4,Happy with the purchase. Works as expected.
2025-06-24,Wireless Bluetooth Earbuds,Electronics,App Store,Pooja S.,5,Exceeded my expectations. Highly recommend!
2025-06-25,USB-C Fast Charging Cable,Electronics,Google Reviews,Vikram T.,4,Happy with the purchase. Works as expected.
2025-06-25,Sunglasses UV400 Polarized,Fashion,Amazon,Aditya R.,3,Okay for the price. Could be improved though.
2025-06-25,Slim Fit Chino Pants,Fashion,Website,Ravi C.,4,Really satisfied. A few small things could be better.
2025-06-25,Smart LED Desk Lamp,Electronics,Flipkart,Sonal M.,4,Good quality. Packaging was neat and tidy.
2025-06-25,Cotton Round Neck T-Shirt,Fashion,Website,Kartik P.,3,Decent product. Does exactly what it says.
2025-06-25,Cotton Round Neck T-Shirt,Fashion,App Store,Rahul K.,4,Really satisfied. A few small things could be better.
2025-06-25,Mechanical Keyboard RGB,Electronics,Amazon,Dhruv A.,5,Fantastic product. Looks great and works well.
2025-06-26,Under Eye Cream Dark Circles,Beauty,Amazon,Aisha K.,2,Very disappointing. Returned the product.
2025-06-26,Cotton Round Neck T-Shirt,Fashion,Google Reviews,Shruti R.,5,Absolutely love this! Works exactly as described.
2025-06-26,Cotton Round Neck T-Shirt,Fashion,App Store,Sneha P.,3,Packaging was a little damaged but the item is fine.
2025-06-27,Running Sports Shoes,Fashion,Google Reviews,Ananya G.,4,Happy with the purchase. Works as expected.
2025-06-28,Noise Cancelling Headphones,Electronics,Flipkart,Ishaan B.,4,Works well. Delivery was faster than expected.
2025-06-28,Sunglasses UV400 Polarized,Fashion,App Store,Aisha K.,5,My family loves it. Great purchase overall.
2025-06-29,Non-Stick Frying Pan 26cm,Home & Living,Amazon,Karan V.,5,Very satisfied with my purchase. Fast delivery too.
2025-06-29,Cotton Round Neck T-Shirt,Fashion,Website,Karan V.,5,My family loves it. Great purchase overall.
2025-06-30,Wireless Bluetooth Earbuds,Electronics,App Store,Kavya N.,2,Not worth the money. Poor quality overall.
2025-06-30,Collagen Face Sheet Mask Pack,Beauty,Amazon,Kavya N.,4,Good experience. Would buy from here again.
2025-06-30,Moisturising Sunscreen SPF50,Beauty,Website,Vikram T.,5,My family loves it. Great purchase overall.
2025-06-30,Moisturising Sunscreen SPF50,Beauty,App Store,Ravi C.,4,Overall a great buy. Minor issues but nothing major.
