date,product_name,category,quantity,unit_price,revenue
2023-01-01,Memory Foam Pillow,Home & Living,5,882.9,4414.5
2023-01-01,Under Eye Cream Dark Circles,Beauty,24,420.96,10103.04
2023-01-01,Sunglasses UV400 Polarized,Fashion,15,744.98,11174.7
2023-01-01,Smart LED Desk Lamp,Electronics,25,911.47,22786.75
2023-01-01,Vitamin C Face Serum 30ml,Beauty,10,699.09,6990.9
2023-01-02,Sunglasses UV400 Polarized,Fashion,4,817.34,3269.36
2023-01-02,Stainless Steel Water Bottle 1L,Home & Living,7,466.05,3262.35
2023-01-02,Mechanical Keyboard RGB,Electronics,12,2668.47,32021.64
2023-01-02,Bamboo Cutting Board Set,Home & Living,20,578.61,11572.2
2023-01-02,Non-Stick Frying Pan 26cm,Home & Living,4,780.58,3122.32
2023-01-02,Webcam HD 1080p,Electronics,12,1662.54,19950.48
2023-01-02,Casual Denim Jacket,Fashion,18,1526.88,27483.84
2023-01-02,Leather Wallet Slim,Fashion,13,572.07,7436.91
2023-01-02,Under Eye Cream Dark Circles,Beauty,8,476.97,3815.76
2023-01-02,Webcam HD 1080p,Electronics,2,1785.33,3570.66
2023-01-03,Scented Soy Wax Candle,Home & Living,11,340.77,3748.47
2023-01-03,Scented Soy Wax Candle,Home & Living,22,363.3,7992.6
2023-01-03,Slim Fit Chino Pants,Fashion,6,910.34,5462.04
2023-01-03,Stainless Steel Water Bottle 1L,Home & Living,4,488.48,1953.92
2023-01-03,Mechanical Keyboard RGB,Electronics,25,2527.76,63194.0
2023-01-03,Non-Stick Frying Pan 26cm,Home & Living,17,827.94,14074.98
2023-01-03,Under Eye Cream Dark Circles,Beauty,21,440.56,9251.76
2023-01-04,USB-C Fast Charging Cable,Electronics,2,266.29,532.58
2023-01-04,Natural Aloe Vera Gel 200ml,Beauty,23,236.11,5430.53
2023-01-04,Casual Denim Jacket,Fashion,24,1608.52,38604.48
2023-01-04,Webcam HD 1080p,Electronics,19,1789.9,34008.1
2023-01-04,Leather Wallet Slim,Fashion,5,632.37,3161.85
2023-01-04,Natural Aloe Vera Gel 200ml,Beauty,10,229.85,2298.5
2023-01-04,USB-C Fast Charging Cable,Electronics,5,308.17,1540.85
2023-01-04,Webcam HD 1080p,Electronics,13,1680.43,21845.59
2023-01-05,Smart LED Desk Lamp,Electronics,2,885.89,1771.78
2023-01-05,Noise Cancelling Headphones,Electronics,14,4196.14,58745.96
2023-01-05,Bamboo Cutting Board Set,Home & Living,25,598.31,14957.75
2023-01-05,Leather Wallet Slim,Fashion,18,567.83,10220.94
2023-01-05,USB-C Fast Charging Cable,Electronics,14,308.74,4322.36
2023-01-05,Sunglasses UV400 Polarized,Fashion,22,754.48,16598.56
2023-01-05,Vitamin C Face Serum 30ml,Beauty,5,661.38,3306.9
2023-01-05,Cotton Round Neck T-Shirt,Fashion,5,406.02,2030.1
2023-01-05,Slim Fit Chino Pants,Fashion,8,935.27,7482.16
2023-01-05,Bamboo Cutting Board Set,Home & Living,20,584.9,11698.0
2023-01-05,Running Sports Shoes,Fashion,25,2046.38,51159.5
2023-01-05,Collagen Face Sheet Mask Pack,Beauty,23,191.35,4401.05
2023-01-05,Noise Cancelling Headphones,Electronics,9,4116.1,37044.9
2023-01-06,Running Sports Shoes,Fashion,21,1937.85,40694.85
2023-01-06,Portable Phone Charger 20000mAh,Electronics,20,1596.1,31922.0
2023-01-06,Under Eye Cream Dark Circles,Beauty,2,454.22,908.44
2023-01-06,Leather Wallet Slim,Fashion,10,641.41,6414.1
2023-01-06,Portable Phone Charger 20000mAh,Electronics,6,1540.68,9244.08
2023-01-06,Wireless Bluetooth Earbuds,Electronics,17,1259.83,21417.11
2023-01-06,Under Eye Cream Dark Circles,Beauty,1,426.45,426.45
2023-01-07,USB-C Fast Charging Cable,Electronics,7,294.04,2058.28
2023-01-07,Scented Soy Wax Candle,Home & Living,25,365.46,9136.5
2023-01-07,Slim Fit Chino Pants,Fashion,6,924.64,5547.84
2023-01-07,Scented Soy Wax Candle,Home & Living,13,361.04,4693.52
2023-01-07,Noise Cancelling Headphones,Electronics,24,3768.04,90432.96
2023-01-07,Moisturising Sunscreen SPF50,Beauty,13,388.22,5046.86
2023-01-07,Scented Soy Wax Candle,Home & Living,22,375.73,8266.06
2023-01-07,Memory Foam Pillow,Home & Living,15,835.06,12525.9
2023-01-07,Stainless Steel Water Bottle 1L,Home & Living,17,509.26,8657.42
2023-01-07,Casual Denim Jacket,Fashion,7,1397.27,9780.89
2023-01-08,Collagen Face Sheet Mask Pack,Beauty,25,205.02,5125.5
2023-01-08,Non-Stick Frying Pan 26cm,Home & Living,15,784.76,11771.4
2023-01-08,Webcam HD 1080p,Electronics,25,1835.26,45881.5
2023-01-08,Sunglasses UV400 Polarized,Fashion,15,746.04,11190.6
2023-01-08,Laptop Stand Adjustable,Electronics,25,1832.74,45818.5
2023-01-08,Leather Wallet Slim,Fashion,11,553.24,6085.64
2023-01-08,Sunglasses UV400 Polarized,Fashion,16,824.76,13196.16
2023-01-08,Casual Denim Jacket,Fashion,6,1357.73,8146.38
2023-01-08,Mechanical Keyboard RGB,Electronics,19,2333.25,44331.75
2023-01-08,Memory Foam Pillow,Home & Living,24,894.82,21475.68
2023-01-08,Stainless Steel Water Bottle 1L,Home & Living,10,525.72,5257.2
2023-01-08,Stainless Steel Water Bottle 1L,Home & Living,11,492.39,5416.29
2023-01-08,Sunglasses UV400 Polarized,Fashion,20,847.66,16953.2
2023-01-08,Collagen Face Sheet Mask Pack,Beauty,20,194.53,3890.6
2023-01-08,USB-C Fast Charging Cable,Electronics,14,263.46,3688.44
2023-01-08,Bamboo Cutting Board Set,Home & Living,14,627.09,8779.26
2023-01-08,Webcam HD 1080p,Electronics,5,1813.93,9069.65
2023-01-09,Scented Soy Wax Candle,Home & Living,8,325.05,2600.4
2023-01-09,Natural Aloe Vera Gel 200ml,Beauty,3,262.31,786.93
2023-01-09,Leather Wallet Slim,Fashion,19,553.44,10515.36
2023-01-09,USB-C Fast Charging Cable,Electronics,17,313.99,5337.83
2023-01-09,Bamboo Cutting Board Set,Home & Living,15,565.6,8484.0
2023-01-09,Laptop Stand Adjustable,Electronics,22,1684.58,37060.76
2023-01-09,Memory Foam Pillow,Home & Living,10,886.65,8866.5
2023-01-09,Stainless Steel Water Bottle 1L,Home & Living,16,495.6,7929.6
2023-01-09,Scented Soy Wax Candle,Home & Living,22,334.46,7358.12
2023-01-09,Collagen Face Sheet Mask Pack,Beauty,9,195.72,1761.48
2023-01-09,Natural Aloe Vera Gel 200ml,Beauty,24,267.38,6417.12
2023-01-09,Bamboo Cutting Board Set,Home & Living,22,635.24,13975.28
2023-01-09,Non-Stick Frying Pan 26cm,Home & Living,9,748.01,6732.09
2023-01-09,Webcam HD 1080p,Electronics,6,1827.02,10962.12
2023-01-09,Casual Denim Jacket,Fashion,3,1442.69,4328.07
2023-01-09,Memory Foam Pillow,Home & Living,18,908.89,16360.02
2023-01-09,Vitamin C Face Serum 30ml,Beauty,3,695.92,2087.76
2023-01-10,Vitamin C Face Serum 30ml,Beauty,22,715.77,15746.94
2023-01-10,Memory Foam Pillow,Home & Living,16,836.55,13384.8
2023-01-10,Vitamin C Face Serum 30ml,Beauty,1,717.28,717.28
2023-01-10,Cotton Round Neck T-Shirt,Fashion,19,374.56,7116.64
2023-01-10,USB-C Fast Charging Cable,Electronics,10,293.03,2930.3
2023-01-10,Vitamin C Face Serum 30ml,Beauty,18,679.37,12228.66
2023-01-11,Memory Foam Pillow,Home & Living,11,907.43,9981.73
2023-01-11,Stainless Steel Water Bottle 1L,Home & Living,7,539.46,3776.22
2023-01-11,Moisturising Sunscreen SPF50,Beauty,4,399.69,1598.76
2023-01-11,Slim Fit Chino Pants,Fashion,3,874.9,2624.7
2023-01-11,Mechanical Keyboard RGB,Electronics,21,2478.14,52040.94
2023-01-11,Running Sports Shoes,Fashion,15,1979.74,29696.1
2023-01-11,Memory Foam Pillow,Home & Living,6,862.41,5174.46
2023-01-11,USB-C Fast Charging Cable,Electronics,24,276.53,6636.72
2023-01-11,Laptop Stand Adjustable,Electronics,21,1655.16,34758.36
2023-01-11,Laptop Stand Adjustable,Electronics,15,1881.72,28225.8
2023-01-11,Memory Foam Pillow,Home & Living,19,963.77,18311.63
2023-01-11,Portable Phone Charger 20000mAh,Electronics,16,1589.71,25435.36
2023-01-12,Laptop Stand Adjustable,Electronics,10,1809.68,18096.8
2023-01-12,Slim Fit Chino Pants,Fashion,22,929.2,20442.4
2023-01-12,Mechanical Keyboard RGB,Electronics,11,2698.42,29682.62
2023-01-12,Wireless Bluetooth Earbuds,Electronics,16,1204.42,19270.72
2023-01-12,Webcam HD 1080p,Electronics,9,1909.42,17184.78
2023-01-12,USB-C Fast Charging Cable,Electronics,2,266.34,532.68
2023-01-12,Portable Phone Charger 20000mAh,Electronics,11,1531.61,16847.71
2023-01-12,USB-C Fast Charging Cable,Electronics,5,283.61,1418.05
2023-01-12,Under Eye Cream Dark Circles,Beauty,4,461.81,1847.24
2023-01-13,Sunglasses UV400 Polarized,Fashion,5,831.14,4155.7
2023-01-13,Casual Denim Jacket,Fashion,5,1450.73,7253.65
2023-01-13,Non-Stick Frying Pan 26cm,Home & Living,8,742.84,5942.72
2023-01-13,Moisturising Sunscreen SPF50,Beauty,10,394.29,3942.9
2023-01-13,Under Eye Cream Dark Circles,Beauty,11,421.27,4633.97
2023-01-13,Sunglasses UV400 Polarized,Fashion,23,773.6,17792.8
2023-01-13,Collagen Face Sheet Mask Pack,Beauty,24,182.45,4378.8
2023-01-13,Wireless Bluetooth Earbuds,Electronics,4,1314.09,5256.36
2023-01-13,Portable Phone Charger 20000mAh,Electronics,24,1500.37,36008.88
2023-01-13,Sunglasses UV400 Polarized,Fashion,13,752.34,9780.42
2023-01-13,Slim Fit Chino Pants,Fashion,7,893.07,6251.49
2023-01-13,Scented Soy Wax Candle,Home & Living,25,333.57,8339.25
2023-01-13,Non-Stick Frying Pan 26cm,Home & Living,3,781.27,2343.81
2023-01-13,Laptop Stand Adjustable,Electronics,13,1728.18,22466.34
2023-01-13,Running Sports Shoes,Fashion,3,2093.73,6281.19
2023-01-14,Stainless Steel Water Bottle 1L,Home & Living,15,532.47,7987.05
2023-01-14,Natural Aloe Vera Gel 200ml,Beauty,7,261.26,1828.82
2023-01-14,Cotton Round Neck T-Shirt,Fashion,9,377.12,3394.08
2023-01-14,Slim Fit Chino Pants,Fashion,12,908.77,10905.24
2023-01-14,Webcam HD 1080p,Electronics,24,1745.43,41890.32
2023-01-14,Collagen Face Sheet Mask Pack,Beauty,6,189.78,1138.68
2023-01-14,Bamboo Cutting Board Set,Home & Living,22,612.84,13482.48
2023-01-14,Bamboo Cutting Board Set,Home & Living,22,604.61,13301.42
2023-01-14,Sunglasses UV400 Polarized,Fashion,8,822.41,6579.28
2023-01-14,Wireless Bluetooth Earbuds,Electronics,12,1240.78,14889.36
2023-01-14,Moisturising Sunscreen SPF50,Beauty,13,409.46,5322.98
2023-01-14,Leather Wallet Slim,Fashion,18,608.37,10950.66
2023-01-15,Slim Fit Chino Pants,Fashion,17,957.84,16283.28
2023-01-15,Vitamin C Face Serum 30ml,Beauty,12,687.27,8247.24
2023-01-15,Stainless Steel Water Bottle 1L,Home & Living,18,526.69,9480.42
2023-01-15,Portable Phone Charger 20000mAh,Electronics,12,1527.91,18334.92
2023-01-15,Casual Denim Jacket,Fashion,5,1458.96,7294.8
2023-01-15,Casual Denim Jacket,Fashion,6,1394.26,8365.56
2023-01-15,Under Eye Cream Dark Circles,Beauty,18,440.22,7923.96
2023-01-15,Mechanical Keyboard RGB,Electronics,24,2483.65,59607.6
2023-01-16,Portable Phone Charger 20000mAh,Electronics,11,1548.43,17032.73
2023-01-16,Collagen Face Sheet Mask Pack,Beauty,4,188.02,752.08
2023-01-16,Smart LED Desk Lamp,Electronics,14,890.4,12465.6
2023-01-16,Webcam HD 1080p,Electronics,19,1940.16,36863.04
2023-01-16,Wireless Bluetooth Earbuds,Electronics,16,1338.36,21413.76
2023-01-16,Non-Stick Frying Pan 26cm,Home & Living,16,803.68,12858.88
2023-01-16,Slim Fit Chino Pants,Fashion,24,887.67,21304.08
2023-01-16,Moisturising Sunscreen SPF50,Beauty,21,373.37,7840.77
2023-01-16,Casual Denim Jacket,Fashion,22,1423.3,31312.6
2023-01-16,Scented Soy Wax Candle,Home & Living,4,325.33,1301.32
2023-01-16,Vitamin C Face Serum 30ml,Beauty,10,728.49,7284.9
2023-01-16,Natural Aloe Vera Gel 200ml,Beauty,1,220.64,220.64
2023-01-16,Stainless Steel Water Bottle 1L,Home & Living,23,479.22,11022.06
2023-01-17,Scented Soy Wax Candle,Home & Living,2,366.22,732.44
2023-01-17,Natural Aloe Vera Gel 200ml,Beauty,19,250.95,4768.05
2023-01-17,Webcam HD 1080p,Electronics,12,1785.92,21431.04
2023-01-17,Natural Aloe Vera Gel 200ml,Beauty,7,248.95,1742.65
2023-01-17,Under Eye Cream Dark Circles,Beauty,17,421.04,7157.68
2023-01-17,Sunglasses UV400 Polarized,Fashion,11,730.74,8038.14
2023-01-17,Slim Fit Chino Pants,Fashion,23,856.1,19690.3
2023-01-17,USB-C Fast Charging Cable,Electronics,22,293.41,6455.02
2023-01-17,Casual Denim Jacket,Fashion,16,1582.16,25314.56
2023-01-18,Noise Cancelling Headphones,Electronics,4,3902.5,15610.0
2023-01-18,Mechanical Keyboard RGB,Electronics,17,2657.79,45182.43
2023-01-18,USB-C Fast Charging Cable,Electronics,12,275.07,3300.84
2023-01-18,Smart LED Desk Lamp,Electronics,15,897.74,13466.1
2023-01-18,Under Eye Cream Dark Circles,Beauty,19,458.45,8710.55
2023-01-18,Mechanical Keyboard RGB,Electronics,12,2585.31,31023.72
2023-01-18,Under Eye Cream Dark Circles,Beauty,16,459.2,7347.2
2023-01-18,Wireless Bluetooth Earbuds,Electronics,7,1337.09,9359.63
2023-01-18,Natural Aloe Vera Gel 200ml,Beauty,18,248.92,4480.56
2023-01-18,Moisturising Sunscreen SPF50,Beauty,7,370.28,2591.96
2023-01-19,Webcam HD 1080p,Electronics,17,1920.19,32643.23
2023-01-19,Bamboo Cutting Board Set,Home & Living,17,628.77,10689.09
2023-01-19,Stainless Steel Water Bottle 1L,Home & Living,2,522.24,1044.48
2023-01-19,Vitamin C Face Serum 30ml,Beauty,14,699.88,9798.32
2023-01-19,Leather Wallet Slim,Fashion,24,560.49,13451.76
2023-01-19,Portable Phone Charger 20000mAh,Electronics,13,1410.1,18331.3
2023-01-19,Vitamin C Face Serum 30ml,Beauty,13,696.05,9048.65
2023-01-19,Laptop Stand Adjustable,Electronics,21,1892.66,39745.86
2023-01-19,Sunglasses UV400 Polarized,Fashion,22,771.68,16976.96
2023-01-19,Memory Foam Pillow,Home & Living,8,865.45,6923.6
2023-01-19,Non-Stick Frying Pan 26cm,Home & Living,24,788.87,18932.88
2023-01-19,Scented Soy Wax Candle,Home & Living,10,342.19,3421.9
2023-01-20,Leather Wallet Slim,Fashion,7,618.01,4326.07
2023-01-20,Mechanical Keyboard RGB,Electronics,15,2311.52,34672.8
2023-01-20,Moisturising Sunscreen SPF50,Beauty,14,389.54,5453.56
2023-01-20,Non-Stick Frying Pan 26cm,Home & Living,10,765.35,7653.5
2023-01-20,Moisturising Sunscreen SPF50,Beauty,19,403.36,7663.84
2023-01-20,Stainless Steel Water Bottle 1L,Home & Living,17,465.45,7912.65
2023-01-20,Slim Fit Chino Pants,Fashion,6,935.76,5614.56
2023-01-20,Vitamin C Face Serum 30ml,Beauty,3,717.16,2151.48
2023-01-20,Laptop Stand Adjustable,Electronics,11,1676.5,18441.5
2023-01-20,Moisturising Sunscreen SPF50,Beauty,25,413.64,10341.0
2023-01-21,Casual Denim Jacket,Fashion,7,1547.31,10831.17
2023-01-21,Running Sports Shoes,Fashion,25,1992.65,49816.25
2023-01-21,Vitamin C Face Serum 30ml,Beauty,7,665.15,4656.05
2023-01-21,Webcam HD 1080p,Electronics,10,1907.58,19075.8
2023-01-21,Running Sports Shoes,Fashion,6,1854.37,11126.22
2023-01-21,Sunglasses UV400 Polarized,Fashion,3,841.67,2525.01
2023-01-21,Vitamin C Face Serum 30ml,Beauty,11,716.82,7885.02
2023-01-21,Under Eye Cream Dark Circles,Beauty,5,462.29,2311.45
2023-01-21,Natural Aloe Vera Gel 200ml,Beauty,19,269.92,5128.48
2023-01-22,Collagen Face Sheet Mask Pack,Beauty,14,193.4,2707.6
2023-01-22,Bamboo Cutting Board Set,Home & Living,17,606.74,10314.58
2023-01-22,USB-C Fast Charging Cable,Electronics,18,301.7,5430.6
2023-01-22,USB-C Fast Charging Cable,Electronics,24,262.77,6306.48
2023-01-22,Running Sports Shoes,Fashion,25,1981.55,49538.75
2023-01-22,Memory Foam Pillow,Home & Living,9,906.36,8157.24
2023-01-22,Scented Soy Wax Candle,Home & Living,20,363.7,7274.0
2023-01-23,Stainless Steel Water Bottle 1L,Home & Living,12,519.11,6229.32
2023-01-23,Scented Soy Wax Candle,Home & Living,21,371.04,7791.84
2023-01-23,Slim Fit Chino Pants,Fashion,22,930.78,20477.16
2023-01-23,Mechanical Keyboard RGB,Electronics,8,2534.99,20279.92
2023-01-23,Memory Foam Pillow,Home & Living,5,873.25,4366.25
2023-01-23,Vitamin C Face Serum 30ml,Beauty,9,709.45,6385.05
2023-01-23,Noise Cancelling Headphones,Electronics,22,3748.02,82456.44
2023-01-23,Cotton Round Neck T-Shirt,Fashion,21,392.7,8246.7
2023-01-23,Running Sports Shoes,Fashion,24,1902.2,45652.8
2023-01-23,Memory Foam Pillow,Home & Living,1,919.12,919.12
2023-01-23,Slim Fit Chino Pants,Fashion,6,911.59,5469.54
2023-01-23,Cotton Round Neck T-Shirt,Fashion,17,381.75,6489.75
2023-01-24,Wireless Bluetooth Earbuds,Electronics,23,1397.5,32142.5
2023-01-24,Sunglasses UV400 Polarized,Fashion,3,760.73,2282.19
2023-01-24,Bamboo Cutting Board Set,Home & Living,2,600.78,1201.56
2023-01-24,Running Sports Shoes,Fashion,8,1975.53,15804.24
2023-01-25,Wireless Bluetooth Earbuds,Electronics,10,1359.36,13593.6
2023-01-25,Laptop Stand Adjustable,Electronics,16,1738.67,27818.72
2023-01-25,Smart LED Desk Lamp,Electronics,1,897.07,897.07
2023-01-25,Webcam HD 1080p,Electronics,21,1873.74,39348.54
2023-01-25,Moisturising Sunscreen SPF50,Beauty,6,373.87,2243.22
2023-01-26,Noise Cancelling Headphones,Electronics,5,4132.69,20663.45
2023-01-26,Casual Denim Jacket,Fashion,23,1546.84,35577.32
2023-01-26,Scented Soy Wax Candle,Home & Living,2,361.04,722.08
2023-01-26,Leather Wallet Slim,Fashion,14,616.31,8628.34
2023-01-26,Casual Denim Jacket,Fashion,21,1428.88,30006.48
2023-01-26,Slim Fit Chino Pants,Fashion,5,883.17,4415.85
2023-01-26,Smart LED Desk Lamp,Electronics,23,873.42,20088.66
2023-01-26,Cotton Round Neck T-Shirt,Fashion,14,419.75,5876.5
2023-01-26,Moisturising Sunscreen SPF50,Beauty,17,383.63,6521.71
2023-01-26,Scented Soy Wax Candle,Home & Living,1,330.84,330.84
2023-01-26,USB-C Fast Charging Cable,Electronics,9,278.21,2503.89
2023-01-26,Natural Aloe Vera Gel 200ml,Beauty,6,262.66,1575.96
2023-01-26,Leather Wallet Slim,Fashion,16,642.71,10283.36
2023-01-26,Bamboo Cutting Board Set,Home & Living,12,560.46,6725.52
2023-01-26,USB-C Fast Charging Cable,Electronics,15,271.86,4077.9
2023-01-26,Running Sports Shoes,Fashion,11,1920.42,21124.62
2023-01-27,Cotton Round Neck T-Shirt,Fashion,8,377.06,3016.48
2023-01-27,Slim Fit Chino Pants,Fashion,4,931.11,3724.44
2023-01-27,Under Eye Cream Dark Circles,Beauty,23,477.84,10990.32
2023-01-27,Non-Stick Frying Pan 26cm,Home & Living,6,810.02,4860.12
2023-01-27,Scented Soy Wax Candle,Home & Living,25,377.73,9443.25
2023-01-27,Moisturising Sunscreen SPF50,Beauty,5,407.51,2037.55
2023-01-27,Noise Cancelling Headphones,Electronics,25,3895.33,97383.25
2023-01-27,Bamboo Cutting Board Set,Home & Living,23,598.37,13762.51
2023-01-27,Memory Foam Pillow,Home & Living,20,841.12,16822.4
2023-01-27,Non-Stick Frying Pan 26cm,Home & Living,3,747.5,2242.5
2023-01-27,Memory Foam Pillow,Home & Living,2,838.76,1677.52
2023-01-27,Under Eye Cream Dark Circles,Beauty,3,431.55,1294.65
2023-01-28,Cotton Round Neck T-Shirt,Fashion,19,373.7,7100.3
2023-01-28,Scented Soy Wax Candle,Home & Living,11,330.55,3636.05
2023-01-28,Natural Aloe Vera Gel 200ml,Beauty,3,241.3,723.9
2023-01-28,Portable Phone Charger 20000mAh,Electronics,8,1604.19,12833.52
2023-01-28,Portable Phone Charger 20000mAh,Electronics,24,1516.93,36406.32
2023-01-28,Collagen Face Sheet Mask Pack,Beauty,22,195.73,4306.06
2023-01-28,Non-Stick Frying Pan 26cm,Home & Living,16,796.96,12751.36
2023-01-28,Mechanical Keyboard RGB,Electronics,17,2328.04,39576.68
2023-01-28,Smart LED Desk Lamp,Electronics,22,919.05,20219.1
2023-01-28,Memory Foam Pillow,Home & Living,8,926.48,7411.84
2023-01-28,Webcam HD 1080p,Electronics,4,1852.26,7409.04
2023-01-28,Leather Wallet Slim,Fashion,25,628.47,15711.75
2023-01-28,Smart LED Desk Lamp,Electronics,24,939.2,22540.8
2023-01-29,Mechanical Keyboard RGB,Electronics,9,2433.91,21905.19
2023-01-29,Under Eye Cream Dark Circles,Beauty,6,462.57,2775.42
2023-01-29,Bamboo Cutting Board Set,Home & Living,17,564.21,9591.57
2023-01-29,Scented Soy Wax Candle,Home & Living,17,364.57,6197.69
2023-01-29,Running Sports Shoes,Fashion,22,2064.3,45414.6
2023-01-29,Sunglasses UV400 Polarized,Fashion,12,775.77,9309.24
2023-01-29,Memory Foam Pillow,Home & Living,7,852.84,5969.88
2023-01-29,USB-C Fast Charging Cable,Electronics,25,275.56,6889.0
2023-01-29,Non-Stick Frying Pan 26cm,Home & Living,17,849.32,14438.44
2023-01-29,Mechanical Keyboard RGB,Electronics,13,2581.61,33560.93
2023-01-29,Moisturising Sunscreen SPF50,Beauty,24,379.65,9111.6
2023-01-29,Collagen Face Sheet Mask Pack,Beauty,25,206.69,5167.25
2023-01-29,Casual Denim Jacket,Fashion,25,1462.29,36557.25
2023-01-30,Wireless Bluetooth Earbuds,Electronics,22,1302.99,28665.78
2023-01-30,Slim Fit Chino Pants,Fashion,4,905.35,3621.4
2023-01-30,Scented Soy Wax Candle,Home & Living,10,371.18,3711.8
2023-01-30,Scented Soy Wax Candle,Home & Living,23,360.23,8285.29
2023-01-30,Bamboo Cutting Board Set,Home & Living,2,553.17,1106.34
2023-01-30,Collagen Face Sheet Mask Pack,Beauty,15,212.25,3183.75
2023-01-30,Smart LED Desk Lamp,Electronics,16,888.49,14215.84
2023-01-30,Non-Stick Frying Pan 26cm,Home & Living,10,830.65,8306.5
2023-01-30,Mechanical Keyboard RGB,Electronics,9,2463.48,22171.32
2023-01-30,Casual Denim Jacket,Fashion,19,1507.79,28648.01
2023-01-31,Natural Aloe Vera Gel 200ml,Beauty,7,249.8,1748.6
2023-01-31,Vitamin C Face Serum 30ml,Beauty,5,679.23,3396.15
2023-01-31,Running Sports Shoes,Fashion,15,2038.44,30576.6
2023-01-31,Cotton Round Neck T-Shirt,Fashion,12,372.99,4475.88
2023-01-31,Smart LED Desk Lamp,Electronics,6,907.5,5445.0
2023-01-31,Mechanical Keyboard RGB,Electronics,7,2373.54,16614.78
2023-01-31,Under Eye Cream Dark Circles,Beauty,10,424.71,4247.1
2023-01-31,Noise Cancelling Headphones,Electronics,14,3876.47,54270.58
2023-01-31,Scented Soy Wax Candle,Home & Living,18,334.84,6027.12
2023-01-31,Casual Denim Jacket,Fashion,13,1395.77,18145.01
2023-01-31,Noise Cancelling Headphones,Electronics,22,3703.72,81481.84
2023-02-01,Laptop Stand Adjustable,Electronics,20,1887.94,37758.8
2023-02-01,Stainless Steel Water Bottle 1L,Home & Living,9,505.19,4546.71
2023-02-01,Casual Denim Jacket,Fashion,20,1387.74,27754.8
2023-02-01,Portable Phone Charger 20000mAh,Electronics,8,1521.97,12175.76
2023-02-01,Running Sports Shoes,Fashion,4,1907.89,7631.56
2023-02-02,Collagen Face Sheet Mask Pack,Beauty,10,199.5,1995.0
2023-02-02,Collagen Face Sheet Mask Pack,Beauty,12,189.15,2269.8
2023-02-02,Cotton Round Neck T-Shirt,Fashion,22,395.26,8695.72
2023-02-02,Cotton Round Neck T-Shirt,Fashion,3,396.97,1190.91
2023-02-02,Cotton Round Neck T-Shirt,Fashion,18,425.16,7652.88
2023-02-02,Vitamin C Face Serum 30ml,Beauty,4,663.12,2652.48
2023-02-02,Bamboo Cutting Board Set,Home & Living,18,624.74,11245.32
2023-02-02,Running Sports Shoes,Fashion,14,1858.78,26022.92
2023-02-02,Bamboo Cutting Board Set,Home & Living,12,584.58,7014.96
2023-02-02,Collagen Face Sheet Mask Pack,Beauty,9,207.4,1866.6
2023-02-02,Vitamin C Face Serum 30ml,Beauty,14,646.27,9047.78
2023-02-02,Laptop Stand Adjustable,Electronics,24,1681.88,40365.12
2023-02-02,Collagen Face Sheet Mask Pack,Beauty,23,211.27,4859.21
2023-02-02,Mechanical Keyboard RGB,Electronics,14,2460.08,34441.12
2023-02-03,Bamboo Cutting Board Set,Home & Living,16,571.12,9137.92
2023-02-03,Laptop Stand Adjustable,Electronics,12,1664.94,19979.28
2023-02-03,Natural Aloe Vera Gel 200ml,Beauty,3,228.87,686.61
2023-02-03,Collagen Face Sheet Mask Pack,Beauty,24,196.26,4710.24
2023-02-03,Memory Foam Pillow,Home & Living,14,936.06,13104.84
2023-02-03,Memory Foam Pillow,Home & Living,21,836.67,17570.07
2023-02-03,Mechanical Keyboard RGB,Electronics,2,2355.12,4710.24
2023-02-04,Bamboo Cutting Board Set,Home & Living,22,635.55,13982.1
2023-02-04,Vitamin C Face Serum 30ml,Beauty,9,746.77,6720.93
2023-02-04,Stainless Steel Water Bottle 1L,Home & Living,9,520.02,4680.18
2023-02-04,Running Sports Shoes,Fashion,14,1961.61,27462.54
2023-02-04,Scented Soy Wax Candle,Home & Living,25,320.24,8006.0
2023-02-04,Stainless Steel Water Bottle 1L,Home & Living,10,492.72,4927.2
2023-02-04,Mechanical Keyboard RGB,Electronics,16,2437.13,38994.08
2023-02-05,Leather Wallet Slim,Fashion,11,574.69,6321.59
2023-02-05,Slim Fit Chino Pants,Fashion,24,951.89,22845.36
2023-02-05,Leather Wallet Slim,Fashion,25,627.39,15684.75
2023-02-05,Memory Foam Pillow,Home & Living,6,929.98,5579.88
2023-02-05,Moisturising Sunscreen SPF50,Beauty,24,380.83,9139.92
2023-02-05,Cotton Round Neck T-Shirt,Fashion,15,429.85,6447.75
2023-02-05,Laptop Stand Adjustable,Electronics,25,1653.47,41336.75
2023-02-05,Natural Aloe Vera Gel 200ml,Beauty,3,242.74,728.22
2023-02-05,USB-C Fast Charging Cable,Electronics,19,285.95,5433.05
2023-02-05,Stainless Steel Water Bottle 1L,Home & Living,22,527.86,11612.92
2023-02-05,Non-Stick Frying Pan 26cm,Home & Living,23,823.45,18939.35
2023-02-05,Bamboo Cutting Board Set,Home & Living,20,593.02,11860.4
2023-02-06,Smart LED Desk Lamp,Electronics,11,890.87,9799.57
2023-02-06,Portable Phone Charger 20000mAh,Electronics,18,1468.41,26431.38
2023-02-06,USB-C Fast Charging Cable,Electronics,23,268.07,6165.61
2023-02-06,Sunglasses UV400 Polarized,Fashion,21,759.34,15946.14
2023-02-06,Running Sports Shoes,Fashion,19,1901.12,36121.28
2023-02-06,Memory Foam Pillow,Home & Living,10,851.4,8514.0
2023-02-06,Mechanical Keyboard RGB,Electronics,19,2432.75,46222.25
2023-02-07,Bamboo Cutting Board Set,Home & Living,5,600.8,3004.0
2023-02-07,Vitamin C Face Serum 30ml,Beauty,10,669.57,6695.7
2023-02-07,Cotton Round Neck T-Shirt,Fashion,2,420.29,840.58
2023-02-07,Running Sports Shoes,Fashion,18,2071.43,37285.74
2023-02-07,Mechanical Keyboard RGB,Electronics,21,2352.58,49404.18
2023-02-07,Running Sports Shoes,Fashion,25,1946.23,48655.75
2023-02-07,Cotton Round Neck T-Shirt,Fashion,18,407.95,7343.1
2023-02-07,Noise Cancelling Headphones,Electronics,2,4061.14,8122.28
2023-02-07,Stainless Steel Water Bottle 1L,Home & Living,23,508.48,11695.04
2023-02-07,Laptop Stand Adjustable,Electronics,7,1711.78,11982.46
2023-02-07,Portable Phone Charger 20000mAh,Electronics,20,1502.9,30058.0
2023-02-07,Cotton Round Neck T-Shirt,Fashion,12,386.83,4641.96
2023-02-08,Noise Cancelling Headphones,Electronics,20,4002.0,80040.0
2023-02-08,Portable Phone Charger 20000mAh,Electronics,4,1479.95,5919.8
2023-02-08,Stainless Steel Water Bottle 1L,Home & Living,25,508.8,12720.0
2023-02-08,Stainless Steel Water Bottle 1L,Home & Living,16,503.85,8061.6
2023-02-08,Stainless Steel Water Bottle 1L,Home & Living,9,524.11,4716.99
2023-02-08,Running Sports Shoes,Fashion,20,2012.1,40242.0
2023-02-08,Laptop Stand Adjustable,Electronics,9,1923.55,17311.95
2023-02-08,Leather Wallet Slim,Fashion,6,578.09,3468.54
2023-02-08,Running Sports Shoes,Fashion,2,1973.5,3947.0
2023-02-08,USB-C Fast Charging Cable,Electronics,15,316.22,4743.3
2023-02-08,Sunglasses UV400 Polarized,Fashion,16,830.14,13282.24
2023-02-08,Stainless Steel Water Bottle 1L,Home & Living,24,464.46,11147.04
2023-02-09,Memory Foam Pillow,Home & Living,25,941.73,23543.25
2023-02-09,Vitamin C Face Serum 30ml,Beauty,13,697.23,9063.99
2023-02-09,Scented Soy Wax Candle,Home & Living,7,367.85,2574.95
2023-02-09,Leather Wallet Slim,Fashion,14,579.86,8118.04
2023-02-09,Non-Stick Frying Pan 26cm,Home & Living,13,822.32,10690.16
2023-02-09,Moisturising Sunscreen SPF50,Beauty,10,424.17,4241.7
2023-02-10,Stainless Steel Water Bottle 1L,Home & Living,9,509.57,4586.13
2023-02-10,Sunglasses UV400 Polarized,Fashion,24,804.07,19297.68
2023-02-10,Mechanical Keyboard RGB,Electronics,11,2572.56,28298.16
2023-02-10,Collagen Face Sheet Mask Pack,Beauty,5,194.26,971.3
2023-02-10,USB-C Fast Charging Cable,Electronics,18,291.39,5245.02
2023-02-10,Moisturising Sunscreen SPF50,Beauty,14,410.0,5740.0
2023-02-10,Smart LED Desk Lamp,Electronics,20,924.14,18482.8
2023-02-10,Wireless Bluetooth Earbuds,Electronics,13,1323.96,17211.48
2023-02-11,Moisturising Sunscreen SPF50,Beauty,15,416.1,6241.5
2023-02-11,Moisturising Sunscreen SPF50,Beauty,4,406.36,1625.44
2023-02-11,Collagen Face Sheet Mask Pack,Beauty,7,181.74,1272.18
2023-02-11,Slim Fit Chino Pants,Fashion,8,939.38,7515.04
2023-02-11,Smart LED Desk Lamp,Electronics,15,876.7,13150.5
2023-02-11,Non-Stick Frying Pan 26cm,Home & Living,15,803.33,12049.95
2023-02-11,Non-Stick Frying Pan 26cm,Home & Living,23,802.22,18451.06
2023-02-11,USB-C Fast Charging Cable,Electronics,18,312.48,5624.64
2023-02-11,Laptop Stand Adjustable,Electronics,11,1889.35,20782.85
2023-02-11,Leather Wallet Slim,Fashion,25,559.49,13987.25
2023-02-11,Moisturising Sunscreen SPF50,Beauty,19,397.4,7550.6
2023-02-11,Stainless Steel Water Bottle 1L,Home & Living,12,485.94,5831.28
2023-02-11,Wireless Bluetooth Earbuds,Electronics,25,1270.71,31767.75
2023-02-11,Sunglasses UV400 Polarized,Fashion,24,838.9,20133.6
2023-02-11,Non-Stick Frying Pan 26cm,Home & Living,6,818.74,4912.44
2023-02-11,Portable Phone Charger 20000mAh,Electronics,13,1552.74,20185.62
2023-02-11,Cotton Round Neck T-Shirt,Fashion,21,386.28,8111.88
2023-02-11,Smart LED Desk Lamp,Electronics,7,865.71,6059.97
2023-02-12,Webcam HD 1080p,Electronics,25,1650.57,41264.25
2023-02-12,Running Sports Shoes,Fashion,8,2107.67,16861.36
2023-02-12,Leather Wallet Slim,Fashion,19,626.97,11912.43
2023-02-12,Vitamin C Face Serum 30ml,Beauty,18,668.07,12025.26
2023-02-12,Laptop Stand Adjustable,Electronics,18,1808.54,32553.72
2023-02-12,Slim Fit Chino Pants,Fashion,24,956.89,22965.36
2023-02-13,Vitamin C Face Serum 30ml,Beauty,5,744.6,3723.0
2023-02-13,Moisturising Sunscreen SPF50,Beauty,10,374.69,3746.9
2023-02-13,Sunglasses UV400 Polarized,Fashion,10,807.06,8070.6
2023-02-13,Wireless Bluetooth Earbuds,Electronics,21,1208.03,25368.63
2023-02-13,Memory Foam Pillow,Home & Living,24,923.26,22158.24
2023-02-13,Non-Stick Frying Pan 26cm,Home & Living,15,802.51,12037.65
2023-02-13,Memory Foam Pillow,Home & Living,10,841.23,8412.3
2023-02-13,Sunglasses UV400 Polarized,Fashion,17,792.75,13476.75
2023-02-13,Wireless Bluetooth Earbuds,Electronics,10,1281.44,12814.4
2023-02-13,USB-C Fast Charging Cable,Electronics,8,304.51,2436.08
2023-02-13,Non-Stick Frying Pan 26cm,Home & Living,10,772.67,7726.7
2023-02-14,Mechanical Keyboard RGB,Electronics,12,2544.77,30537.24
2023-02-14,Leather Wallet Slim,Fashion,6,556.43,3338.58
2023-02-14,Noise Cancelling Headphones,Electronics,22,3946.55,86824.1
2023-02-14,Natural Aloe Vera Gel 200ml,Beauty,9,253.62,2282.58
2023-02-14,Stainless Steel Water Bottle 1L,Home & Living,3,517.83,1553.49
2023-02-14,Natural Aloe Vera Gel 200ml,Beauty,24,230.01,5520.24
2023-02-14,Bamboo Cutting Board Set,Home & Living,20,607.5,12150.0
2023-02-15,Bamboo Cutting Board Set,Home & Living,21,615.54,12926.34
2023-02-15,Leather Wallet Slim,Fashion,13,646.33,8402.29
2023-02-15,Moisturising Sunscreen SPF50,Beauty,14,383.7,5371.8
2023-02-15,Wireless Bluetooth Earbuds,Electronics,6,1295.31,7771.86
2023-02-15,Webcam HD 1080p,Electronics,14,1821.87,25506.18
2023-02-15,Natural Aloe Vera Gel 200ml,Beauty,21,223.9,4701.9
2023-02-15,Noise Cancelling Headphones,Electronics,11,4205.96,46265.56
2023-02-16,Running Sports Shoes,Fashion,14,2104.68,29465.52
2023-02-16,Laptop Stand Adjustable,Electronics,14,1728.46,24198.44
2023-02-16,Sunglasses UV400 Polarized,Fashion,1,784.23,784.23
2023-02-16,Bamboo Cutting Board Set,Home & Living,16,577.58,9241.28
2023-02-16,Slim Fit Chino Pants,Fashion,15,830.68,12460.2
2023-02-16,Non-Stick Frying Pan 26cm,Home & Living,25,848.53,21213.25
2023-02-16,Leather Wallet Slim,Fashion,14,558.38,7817.32
2023-02-16,Sunglasses UV400 Polarized,Fashion,6,847.19,5083.14
2023-02-16,Portable Phone Charger 20000mAh,Electronics,8,1477.8,11822.4
2023-02-16,Sunglasses UV400 Polarized,Fashion,24,823.14,19755.36
2023-02-17,Moisturising Sunscreen SPF50,Beauty,7,392.43,2747.01
2023-02-17,Leather Wallet Slim,Fashion,4,556.5,2226.0
2023-02-17,Laptop Stand Adjustable,Electronics,19,1737.35,33009.65
2023-02-17,Running Sports Shoes,Fashion,22,1882.31,41410.82
2023-02-17,Portable Phone Charger 20000mAh,Electronics,22,1546.64,34026.08
2023-02-17,Memory Foam Pillow,Home & Living,13,834.58,10849.54
2023-02-17,Smart LED Desk Lamp,Electronics,1,853.51,853.51
2023-02-17,Collagen Face Sheet Mask Pack,Beauty,14,207.82,2909.48
2023-02-17,Bamboo Cutting Board Set,Home & Living,18,568.3,10229.4
2023-02-17,Collagen Face Sheet Mask Pack,Beauty,4,202.72,810.88
2023-02-17,Memory Foam Pillow,Home & Living,5,840.54,4202.7
2023-02-17,Wireless Bluetooth Earbuds,Electronics,16,1278.28,20452.48
2023-02-17,Under Eye Cream Dark Circles,Beauty,1,424.37,424.37
2023-02-17,Under Eye Cream Dark Circles,Beauty,19,461.76,8773.44
2023-02-17,Non-Stick Frying Pan 26cm,Home & Living,20,838.88,16777.6
2023-02-17,Leather Wallet Slim,Fashion,7,551.22,3858.54
2023-02-17,Sunglasses UV400 Polarized,Fashion,2,858.21,1716.42
2023-02-18,Slim Fit Chino Pants,Fashion,19,887.1,16854.9
2023-02-18,Scented Soy Wax Candle,Home & Living,7,344.55,2411.85
2023-02-18,Noise Cancelling Headphones,Electronics,17,4218.19,71709.23
2023-02-18,Stainless Steel Water Bottle 1L,Home & Living,25,465.55,11638.75
2023-02-18,Vitamin C Face Serum 30ml,Beauty,23,726.87,16718.01
2023-02-18,Natural Aloe Vera Gel 200ml,Beauty,21,244.71,5138.91
2023-02-18,USB-C Fast Charging Cable,Electronics,12,262.29,3147.48
2023-02-18,Smart LED Desk Lamp,Electronics,20,955.29,19105.8
2023-02-18,Stainless Steel Water Bottle 1L,Home & Living,15,467.39,7010.85
2023-02-18,Leather Wallet Slim,Fashion,18,614.13,11054.34
2023-02-18,Under Eye Cream Dark Circles,Beauty,9,411.21,3700.89
2023-02-18,Sunglasses UV400 Polarized,Fashion,14,780.44,10926.16
2023-02-19,Non-Stick Frying Pan 26cm,Home & Living,25,746.73,18668.25
2023-02-19,Stainless Steel Water Bottle 1L,Home & Living,23,504.88,11612.24
2023-02-19,Noise Cancelling Headphones,Electronics,17,4078.72,69338.24
2023-02-19,Running Sports Shoes,Fashion,19,1902.41,36145.79
2023-02-19,Portable Phone Charger 20000mAh,Electronics,16,1498.28,23972.48
2023-02-19,Non-Stick Frying Pan 26cm,Home & Living,3,781.11,2343.33
2023-02-19,Mechanical Keyboard RGB,Electronics,23,2557.77,58828.71
2023-02-19,Leather Wallet Slim,Fashion,18,632.55,11385.9
2023-02-19,Non-Stick Frying Pan 26cm,Home & Living,8,752.38,6019.04
2023-02-19,Under Eye Cream Dark Circles,Beauty,25,434.99,10874.75
2023-02-19,Bamboo Cutting Board Set,Home & Living,7,608.11,4256.77
2023-02-20,Laptop Stand Adjustable,Electronics,18,1784.29,32117.22
2023-02-20,Smart LED Desk Lamp,Electronics,21,952.15,19995.15
2023-02-20,Casual Denim Jacket,Fashion,4,1543.77,6175.08
2023-02-20,Natural Aloe Vera Gel 200ml,Beauty,16,222.39,3558.24
2023-02-20,Bamboo Cutting Board Set,Home & Living,20,562.62,11252.4
2023-02-20,Collagen Face Sheet Mask Pack,Beauty,23,213.11,4901.53
2023-02-20,Sunglasses UV400 Polarized,Fashion,17,778.84,13240.28
2023-02-20,Under Eye Cream Dark Circles,Beauty,7,476.76,3337.32
2023-02-20,Non-Stick Frying Pan 26cm,Home & Living,22,753.67,16580.74
2023-02-20,Running Sports Shoes,Fashion,24,1977.87,47468.88
2023-02-20,Sunglasses UV400 Polarized,Fashion,8,791.89,6335.12
2023-02-20,Laptop Stand Adjustable,Electronics,21,1884.91,39583.11
2023-02-20,Laptop Stand Adjustable,Electronics,4,1885.17,7540.68
2023-02-21,Leather Wallet Slim,Fashion,7,644.1,4508.7
2023-02-21,Webcam HD 1080p,Electronics,9,1822.29,16400.61
2023-02-21,Running Sports Shoes,Fashion,15,2014.17,30212.55
2023-02-21,USB-C Fast Charging Cable,Electronics,12,282.99,3395.88
2023-02-22,Under Eye Cream Dark Circles,Beauty,10,464.18,4641.8
2023-02-22,Non-Stick Frying Pan 26cm,Home & Living,18,825.72,14862.96
2023-02-22,Smart LED Desk Lamp,Electronics,15,865.25,12978.75
2023-02-22,Natural Aloe Vera Gel 200ml,Beauty,1,259.09,259.09
2023-02-22,Moisturising Sunscreen SPF50,Beauty,3,406.53,1219.59
2023-02-22,Bamboo Cutting Board Set,Home & Living,12,633.61,7603.32
2023-02-22,Stainless Steel Water Bottle 1L,Home & Living,3,468.23,1404.69
2023-02-22,Moisturising Sunscreen SPF50,Beauty,8,385.02,3080.16
2023-02-22,Running Sports Shoes,Fashion,22,2111.35,46449.7
2023-02-22,Under Eye Cream Dark Circles,Beauty,9,419.78,3778.02
2023-02-22,Slim Fit Chino Pants,Fashion,4,845.5,3382.0
2023-02-22,USB-C Fast Charging Cable,Electronics,1,283.98,283.98
2023-02-22,USB-C Fast Charging Cable,Electronics,20,289.77,5795.4
2023-02-22,Memory Foam Pillow,Home & Living,3,932.56,2797.68
2023-02-23,Running Sports Shoes,Fashion,24,2103.0,50472.0
2023-02-23,Non-Stick Frying Pan 26cm,Home & Living,14,771.13,10795.82
2023-02-23,Under Eye Cream Dark Circles,Beauty,1,448.02,448.02
2023-02-23,Webcam HD 1080p,Electronics,4,1670.99,6683.96
2023-02-23,Slim Fit Chino Pants,Fashion,14,889.15,12448.1
2023-02-23,Webcam HD 1080p,Electronics,24,1813.77,43530.48
2023-02-23,Bamboo Cutting Board Set,Home & Living,5,567.0,2835.0
2023-02-23,Bamboo Cutting Board Set,Home & Living,24,551.24,13229.76
2023-02-23,Sunglasses UV400 Polarized,Fashion,16,805.5,12888.0
2023-02-24,Memory Foam Pillow,Home & Living,21,948.13,19910.73
2023-02-24,Vitamin C Face Serum 30ml,Beauty,21,669.53,14060.13
2023-02-24,Portable Phone Charger 20000mAh,Electronics,20,1440.97,28819.4
2023-02-24,Running Sports Shoes,Fashion,2,1992.77,3985.54
2023-02-24,Webcam HD 1080p,Electronics,15,1754.9,26323.5
2023-02-24,Laptop Stand Adjustable,Electronics,13,1668.66,21692.58
2023-02-24,Moisturising Sunscreen SPF50,Beauty,25,402.98,10074.5
2023-02-24,USB-C Fast Charging Cable,Electronics,2,305.46,610.92
2023-02-24,Sunglasses UV400 Polarized,Fashion,7,781.33,5469.31
2023-02-25,Casual Denim Jacket,Fashion,8,1386.27,11090.16
2023-02-25,Bamboo Cutting Board Set,Home & Living,5,608.29,3041.45
2023-02-25,Moisturising Sunscreen SPF50,Beauty,12,391.49,4697.88
2023-02-25,Mechanical Keyboard RGB,Electronics,5,2497.5,12487.5
2023-02-25,Wireless Bluetooth Earbuds,Electronics,8,1243.17,9945.36
2023-02-25,Natural Aloe Vera Gel 200ml,Beauty,12,237.89,2854.68
2023-02-25,Mechanical Keyboard RGB,Electronics,22,2391.08,52603.76
2023-02-25,Smart LED Desk Lamp,Electronics,19,951.68,18081.92
2023-02-25,Natural Aloe Vera Gel 200ml,Beauty,15,226.59,3398.85
2023-02-25,Sunglasses UV400 Polarized,Fashion,19,826.53,15704.07
2023-02-25,Webcam HD 1080p,Electronics,19,1780.09,33821.71
2023-02-25,Slim Fit Chino Pants,Fashion,18,965.88,17385.84
2023-02-25,Portable Phone Charger 20000mAh,Electronics,13,1597.79,20771.27
2023-02-25,Cotton Round Neck T-Shirt,Fashion,18,410.22,7383.96
2023-02-25,Portable Phone Charger 20000mAh,Electronics,19,1520.81,28895.39
2023-02-25,Scented Soy Wax Candle,Home & Living,17,322.62,5484.54
2023-02-25,Casual Denim Jacket,Fashion,15,1404.33,21064.95
2023-02-25,Running Sports Shoes,Fashion,22,2142.04,47124.88
2023-02-25,Leather Wallet Slim,Fashion,25,581.55,14538.75
2023-02-25,Laptop Stand Adjustable,Electronics,21,1693.55,35564.55
2023-02-26,Wireless Bluetooth Earbuds,Electronics,12,1372.52,16470.24
2023-02-26,Running Sports Shoes,Fashion,15,1963.27,29449.05
2023-02-26,Bamboo Cutting Board Set,Home & Living,14,611.2,8556.8
2023-02-26,Bamboo Cutting Board Set,Home & Living,9,573.04,5157.36
2023-02-26,Smart LED Desk Lamp,Electronics,23,841.97,19365.31
2023-02-26,Wireless Bluetooth Earbuds,Electronics,10,1393.86,13938.6
2023-02-26,Bamboo Cutting Board Set,Home & Living,3,550.13,1650.39
2023-02-26,Portable Phone Charger 20000mAh,Electronics,10,1437.81,14378.1
2023-02-27,Memory Foam Pillow,Home & Living,5,962.33,4811.65
2023-02-27,Running Sports Shoes,Fashion,21,1853.76,38928.96
2023-02-27,Non-Stick Frying Pan 26cm,Home & Living,12,762.53,9150.36
2023-02-27,Noise Cancelling Headphones,Electronics,12,3913.1,46957.2
2023-02-27,Stainless Steel Water Bottle 1L,Home & Living,22,528.29,11622.38
2023-02-27,Vitamin C Face Serum 30ml,Beauty,17,669.05,11373.85
2023-02-27,Portable Phone Charger 20000mAh,Electronics,18,1515.63,27281.34
2023-02-27,Collagen Face Sheet Mask Pack,Beauty,23,207.1,4763.3
2023-02-27,Under Eye Cream Dark Circles,Beauty,10,469.65,4696.5
2023-02-27,Moisturising Sunscreen SPF50,Beauty,20,376.19,7523.8
2023-02-27,Natural Aloe Vera Gel 200ml,Beauty,4,254.07,1016.28
2023-02-28,Casual Denim Jacket,Fashion,21,1380.83,28997.43
2023-02-28,Leather Wallet Slim,Fashion,2,638.68,1277.36
2023-02-28,Noise Cancelling Headphones,Electronics,21,3930.81,82547.01
2023-02-28,Scented Soy Wax Candle,Home & Living,14,359.84,5037.76
2023-02-28,Non-Stick Frying Pan 26cm,Home & Living,6,856.02,5136.12
2023-02-28,Collagen Face Sheet Mask Pack,Beauty,12,192.56,2310.72
2023-02-28,Casual Denim Jacket,Fashion,3,1506.19,4518.57
2023-02-28,Portable Phone Charger 20000mAh,Electronics,10,1590.93,15909.3
2023-02-28,Wireless Bluetooth Earbuds,Electronics,12,1369.86,16438.32
2023-02-28,Cotton Round Neck T-Shirt,Fashion,15,377.09,5656.35
2023-02-28,Laptop Stand Adjustable,Electronics,8,1787.81,14302.48
2023-03-01,Running Sports Shoes,Fashion,21,1974.97,41474.37
2023-03-01,Moisturising Sunscreen SPF50,Beauty,1,420.07,420.07
2023-03-01,Noise Cancelling Headphones,Electronics,16,4295.82,68733.12
2023-03-01,Leather Wallet Slim,Fashion,20,568.09,11361.8
2023-03-01,Portable Phone Charger 20000mAh,Electronics,4,1543.63,6174.52
2023-03-01,Collagen Face Sheet Mask Pack,Beauty,11,193.47,2128.17
2023-03-01,Stainless Steel Water Bottle 1L,Home & Living,10,497.36,4973.6
2023-03-01,Mechanical Keyboard RGB,Electronics,2,2591.66,5183.32
2023-03-01,Portable Phone Charger 20000mAh,Electronics,18,1594.05,28692.9
2023-03-02,Memory Foam Pillow,Home & Living,2,905.38,1810.76
2023-03-02,Scented Soy Wax Candle,Home & Living,2,338.37,676.74
2023-03-02,Mechanical Keyboard RGB,Electronics,13,2521.11,32774.43
2023-03-02,Natural Aloe Vera Gel 200ml,Beauty,23,269.8,6205.4
2023-03-02,Wireless Bluetooth Earbuds,Electronics,23,1290.34,29677.82
2023-03-02,Non-Stick Frying Pan 26cm,Home & Living,18,731.27,13162.86
2023-03-02,Running Sports Shoes,Fashion,19,1919.8,36476.2
2023-03-02,Natural Aloe Vera Gel 200ml,Beauty,4,267.18,1068.72
2023-03-02,Moisturising Sunscreen SPF50,Beauty,17,426.48,7250.16
2023-03-02,Wireless Bluetooth Earbuds,Electronics,17,1353.8,23014.6
2023-03-02,Mechanical Keyboard RGB,Electronics,10,2528.49,25284.9
2023-03-02,USB-C Fast Charging Cable,Electronics,8,317.31,2538.48
2023-03-02,Mechanical Keyboard RGB,Electronics,23,2420.83,55679.09
2023-03-02,Cotton Round Neck T-Shirt,Fashion,25,399.42,9985.5
2023-03-02,Casual Denim Jacket,Fashion,9,1396.76,12570.84
2023-03-03,Cotton Round Neck T-Shirt,Fashion,7,414.85,2903.95
2023-03-03,Cotton Round Neck T-Shirt,Fashion,2,412.3,824.6
2023-03-03,Mechanical Keyboard RGB,Electronics,9,2546.49,22918.41
2023-03-03,Portable Phone Charger 20000mAh,Electronics,18,1582.91,28492.38
2023-03-03,Vitamin C Face Serum 30ml,Beauty,22,743.27,16351.94
2023-03-03,USB-C Fast Charging Cable,Electronics,6,264.06,1584.36
2023-03-03,Moisturising Sunscreen SPF50,Beauty,20,391.54,7830.8
2023-03-03,Smart LED Desk Lamp,Electronics,18,824.68,14844.24
2023-03-03,Sunglasses UV400 Polarized,Fashion,2,773.94,1547.88
2023-03-03,Leather Wallet Slim,Fashion,7,627.68,4393.76
2023-03-04,Memory Foam Pillow,Home & Living,9,850.17,7651.53
2023-03-04,Bamboo Cutting Board Set,Home & Living,6,573.81,3442.86
2023-03-04,Vitamin C Face Serum 30ml,Beauty,15,640.32,9604.8
2023-03-04,USB-C Fast Charging Cable,Electronics,10,265.33,2653.3
2023-03-04,Slim Fit Chino Pants,Fashion,3,884.34,2653.02
2023-03-04,Cotton Round Neck T-Shirt,Fashion,15,406.46,6096.9
2023-03-04,Smart LED Desk Lamp,Electronics,13,853.01,11089.13
2023-03-04,Slim Fit Chino Pants,Fashion,20,951.44,19028.8
2023-03-04,Cotton Round Neck T-Shirt,Fashion,21,383.7,8057.7
2023-03-04,Vitamin C Face Serum 30ml,Beauty,25,694.28,17357.0
2023-03-04,Mechanical Keyboard RGB,Electronics,18,2633.87,47409.66
2023-03-05,Bamboo Cutting Board Set,Home & Living,5,607.01,3035.05
2023-03-05,Noise Cancelling Headphones,Electronics,22,4112.85,90482.7
2023-03-05,Cotton Round Neck T-Shirt,Fashion,12,385.68,4628.16
2023-03-05,Mechanical Keyboard RGB,Electronics,7,2403.44,16824.08
2023-03-05,Natural Aloe Vera Gel 200ml,Beauty,5,254.31,1271.55
2023-03-05,Vitamin C Face Serum 30ml,Beauty,1,647.24,647.24
2023-03-05,Casual Denim Jacket,Fashion,15,1479.74,22196.1
2023-03-05,USB-C Fast Charging Cable,Electronics,17,299.05,5083.85
2023-03-05,Running Sports Shoes,Fashion,11,2139.02,23529.22
2023-03-05,Portable Phone Charger 20000mAh,Electronics,21,1531.82,32168.22
2023-03-05,Wireless Bluetooth Earbuds,Electronics,7,1347.88,9435.16
2023-03-06,Leather Wallet Slim,Fashion,3,559.75,1679.25
2023-03-06,Smart LED Desk Lamp,Electronics,21,920.01,19320.21
2023-03-06,Moisturising Sunscreen SPF50,Beauty,12,414.6,4975.2
2023-03-06,Scented Soy Wax Candle,Home & Living,15,334.57,5018.55
2023-03-06,Running Sports Shoes,Fashion,19,1907.16,36236.04
2023-03-06,Vitamin C Face Serum 30ml,Beauty,20,721.35,14427.0
2023-03-06,Leather Wallet Slim,Fashion,24,587.73,14105.52
2023-03-06,Non-Stick Frying Pan 26cm,Home & Living,15,803.41,12051.15
2023-03-06,Moisturising Sunscreen SPF50,Beauty,16,388.63,6218.08
2023-03-06,Scented Soy Wax Candle,Home & Living,9,333.66,3002.94
2023-03-06,USB-C Fast Charging Cable,Electronics,21,264.07,5545.47
2023-03-06,Natural Aloe Vera Gel 200ml,Beauty,8,245.92,1967.36
2023-03-07,Bamboo Cutting Board Set,Home & Living,5,615.45,3077.25
2023-03-07,Moisturising Sunscreen SPF50,Beauty,12,417.7,5012.4
2023-03-07,Laptop Stand Adjustable,Electronics,7,1752.55,12267.85
2023-03-07,Wireless Bluetooth Earbuds,Electronics,21,1274.21,26758.41
2023-03-07,Natural Aloe Vera Gel 200ml,Beauty,10,260.59,2605.9
2023-03-07,Leather Wallet Slim,Fashion,25,593.3,14832.5
2023-03-07,Vitamin C Face Serum 30ml,Beauty,17,696.99,11848.83
2023-03-07,Stainless Steel Water Bottle 1L,Home & Living,13,479.22,6229.86
2023-03-07,Running Sports Shoes,Fashion,10,2049.09,20490.9
2023-03-08,Memory Foam Pillow,Home & Living,24,966.17,23188.08
2023-03-08,Moisturising Sunscreen SPF50,Beauty,19,428.16,8135.04
2023-03-08,Running Sports Shoes,Fashion,4,2054.78,8219.12
2023-03-08,Laptop Stand Adjustable,Electronics,10,1933.48,19334.8
2023-03-08,Bamboo Cutting Board Set,Home & Living,12,626.62,7519.44
2023-03-08,Cotton Round Neck T-Shirt,Fashion,19,416.47,7912.93
2023-03-08,Memory Foam Pillow,Home & Living,16,889.86,14237.76
2023-03-08,Laptop Stand Adjustable,Electronics,19,1879.58,35712.02
2023-03-08,Smart LED Desk Lamp,Electronics,16,959.13,15346.08
2023-03-08,Non-Stick Frying Pan 26cm,Home & Living,8,743.04,5944.32
2023-03-08,Slim Fit Chino Pants,Fashion,16,968.54,15496.64
2023-03-09,Portable Phone Charger 20000mAh,Electronics,10,1411.25,14112.5
2023-03-09,Bamboo Cutting Board Set,Home & Living,10,631.99,6319.9
2023-03-09,Webcam HD 1080p,Electronics,17,1836.54,31221.18
2023-03-09,USB-C Fast Charging Cable,Electronics,6,271.47,1628.82
2023-03-09,Leather Wallet Slim,Fashion,2,614.35,1228.7
2023-03-09,Smart LED Desk Lamp,Electronics,12,957.38,11488.56
2023-03-09,Scented Soy Wax Candle,Home & Living,17,328.85,5590.45
2023-03-09,Laptop Stand Adjustable,Electronics,24,1849.32,44383.68
2023-03-09,Under Eye Cream Dark Circles,Beauty,6,448.24,2689.44
2023-03-10,Cotton Round Neck T-Shirt,Fashion,11,378.86,4167.46
2023-03-10,Slim Fit Chino Pants,Fashion,5,906.2,4531.0
2023-03-10,Natural Aloe Vera Gel 200ml,Beauty,1,267.87,267.87
2023-03-10,Laptop Stand Adjustable,Electronics,5,1671.11,8355.55
2023-03-10,Non-Stick Frying Pan 26cm,Home & Living,15,838.93,12583.95
2023-03-10,Casual Denim Jacket,Fashion,8,1568.55,12548.4
2023-03-10,Laptop Stand Adjustable,Electronics,12,1746.14,20953.68
2023-03-10,Webcam HD 1080p,Electronics,6,1896.37,11378.22
2023-03-10,Moisturising Sunscreen SPF50,Beauty,9,425.67,3831.03
2023-03-10,Natural Aloe Vera Gel 200ml,Beauty,21,228.95,4807.95
2023-03-11,Sunglasses UV400 Polarized,Fashion,21,771.26,16196.46
2023-03-11,Vitamin C Face Serum 30ml,Beauty,21,694.91,14593.11
2023-03-11,Wireless Bluetooth Earbuds,Electronics,13,1287.76,16740.88
2023-03-11,Vitamin C Face Serum 30ml,Beauty,19,712.08,13529.52
2023-03-11,Smart LED Desk Lamp,Electronics,7,835.59,5849.13
2023-03-11,Slim Fit Chino Pants,Fashion,10,954.83,9548.3
2023-03-11,Wireless Bluetooth Earbuds,Electronics,23,1355.36,31173.28
2023-03-11,Smart LED Desk Lamp,Electronics,11,861.24,9473.64
2023-03-11,Memory Foam Pillow,Home & Living,18,890.37,16026.66
2023-03-11,Moisturising Sunscreen SPF50,Beauty,7,420.12,2940.84
2023-03-12,Vitamin C Face Serum 30ml,Beauty,11,697.43,7671.73
2023-03-12,Natural Aloe Vera Gel 200ml,Beauty,21,257.8,5413.8
2023-03-12,USB-C Fast Charging Cable,Electronics,13,308.38,4008.94
2023-03-12,Leather Wallet Slim,Fashion,25,604.62,15115.5
2023-03-12,Collagen Face Sheet Mask Pack,Beauty,17,199.25,3387.25
2023-03-12,Laptop Stand Adjustable,Electronics,16,1941.46,31063.36
2023-03-12,Cotton Round Neck T-Shirt,Fashion,8,384.69,3077.52
2023-03-12,Mechanical Keyboard RGB,Electronics,11,2413.0,26543.0
2023-03-12,Scented Soy Wax Candle,Home & Living,11,369.42,4063.62
2023-03-13,Natural Aloe Vera Gel 200ml,Beauty,19,244.52,4645.88
2023-03-13,Memory Foam Pillow,Home & Living,11,899.36,9892.96
2023-03-13,Running Sports Shoes,Fashion,10,2086.42,20864.2
2023-03-13,Bamboo Cutting Board Set,Home & Living,6,599.55,3597.3
2023-03-13,Under Eye Cream Dark Circles,Beauty,7,436.91,3058.37
2023-03-13,USB-C Fast Charging Cable,Electronics,15,300.39,4505.85
2023-03-13,Natural Aloe Vera Gel 200ml,Beauty,8,246.96,1975.68
2023-03-13,USB-C Fast Charging Cable,Electronics,15,266.43,3996.45
2023-03-14,Scented Soy Wax Candle,Home & Living,23,354.25,8147.75
2023-03-14,Running Sports Shoes,Fashion,8,1972.59,15780.72
2023-03-14,Casual Denim Jacket,Fashion,2,1607.24,3214.48
2023-03-14,Cotton Round Neck T-Shirt,Fashion,20,373.73,7474.6
2023-03-14,Smart LED Desk Lamp,Electronics,1,901.9,901.9
2023-03-14,Webcam HD 1080p,Electronics,18,1889.51,34011.18
2023-03-14,Webcam HD 1080p,Electronics,17,1827.93,31074.81
2023-03-14,Moisturising Sunscreen SPF50,Beauty,5,396.82,1984.1
2023-03-14,Stainless Steel Water Bottle 1L,Home & Living,19,516.1,9805.9
2023-03-14,Natural Aloe Vera Gel 200ml,Beauty,16,264.41,4230.56
2023-03-14,Casual Denim Jacket,Fashion,21,1582.83,33239.43
2023-03-14,Smart LED Desk Lamp,Electronics,20,879.69,17593.8
2023-03-14,Casual Denim Jacket,Fashion,18,1413.47,25442.46
2023-03-15,Running Sports Shoes,Fashion,1,2036.87,2036.87
2023-03-15,Noise Cancelling Headphones,Electronics,6,3862.86,23177.16
2023-03-15,Memory Foam Pillow,Home & Living,21,936.34,19663.14
2023-03-15,Casual Denim Jacket,Fashion,8,1592.54,12740.32
2023-03-15,Memory Foam Pillow,Home & Living,8,914.45,7315.6
2023-03-15,Bamboo Cutting Board Set,Home & Living,18,588.47,10592.46
2023-03-15,Laptop Stand Adjustable,Electronics,12,1942.72,23312.64
2023-03-15,Sunglasses UV400 Polarized,Fashion,18,779.31,14027.58
2023-03-15,Stainless Steel Water Bottle 1L,Home & Living,16,535.74,8571.84
2023-03-15,Webcam HD 1080p,Electronics,9,1932.25,17390.25
2023-03-16,Under Eye Cream Dark Circles,Beauty,2,473.85,947.7
2023-03-16,Vitamin C Face Serum 30ml,Beauty,22,663.81,14603.82
2023-03-16,Laptop Stand Adjustable,Electronics,13,1918.07,24934.91
2023-03-16,Under Eye Cream Dark Circles,Beauty,11,418.71,4605.81
2023-03-16,Casual Denim Jacket,Fashion,20,1550.13,31002.6
2023-03-16,Natural Aloe Vera Gel 200ml,Beauty,4,260.64,1042.56
2023-03-16,Portable Phone Charger 20000mAh,Electronics,21,1552.86,32610.06
2023-03-16,Bamboo Cutting Board Set,Home & Living,21,625.84,13142.64
2023-03-16,Sunglasses UV400 Polarized,Fashion,1,739.71,739.71
2023-03-16,Bamboo Cutting Board Set,Home & Living,21,580.62,12193.02
2023-03-16,USB-C Fast Charging Cable,Electronics,10,288.41,2884.1
2023-03-16,Collagen Face Sheet Mask Pack,Beauty,19,181.11,3441.09
2023-03-16,Running Sports Shoes,Fashion,13,2092.63,27204.19
2023-03-16,Under Eye Cream Dark Circles,Beauty,1,473.92,473.92
2023-03-17,Mechanical Keyboard RGB,Electronics,8,2635.49,21083.92
2023-03-17,Non-Stick Frying Pan 26cm,Home & Living,11,736.92,8106.12
2023-03-17,Moisturising Sunscreen SPF50,Beauty,2,376.43,752.86
2023-03-17,Non-Stick Frying Pan 26cm,Home & Living,8,762.02,6096.16
2023-03-17,USB-C Fast Charging Cable,Electronics,10,268.95,2689.5
2023-03-17,Scented Soy Wax Candle,Home & Living,10,346.79,3467.9
2023-03-17,Casual Denim Jacket,Fashion,19,1519.78,28875.82
2023-03-17,Natural Aloe Vera Gel 200ml,Beauty,21,245.37,5152.77
2023-03-17,Collagen Face Sheet Mask Pack,Beauty,6,186.7,1120.2
2023-03-17,Noise Cancelling Headphones,Electronics,5,3715.46,18577.3
2023-03-17,Stainless Steel Water Bottle 1L,Home & Living,25,537.87,13446.75
2023-03-18,Portable Phone Charger 20000mAh,Electronics,1,1507.59,1507.59
2023-03-18,Stainless Steel Water Bottle 1L,Home & Living,16,462.86,7405.76
2023-03-18,Slim Fit Chino Pants,Fashion,10,887.89,8878.9
2023-03-18,Stainless Steel Water Bottle 1L,Home & Living,21,521.07,10942.47
2023-03-18,Mechanical Keyboard RGB,Electronics,19,2389.68,45403.92
2023-03-18,Mechanical Keyboard RGB,Electronics,20,2346.04,46920.8
2023-03-18,Wireless Bluetooth Earbuds,Electronics,12,1334.18,16010.16
2023-03-18,Running Sports Shoes,Fashion,23,1868.05,42965.15
2023-03-18,Leather Wallet Slim,Fashion,16,590.64,9450.24
2023-03-18,Running Sports Shoes,Fashion,21,2099.41,44087.61
2023-03-19,Scented Soy Wax Candle,Home & Living,9,368.38,3315.42
2023-03-19,Smart LED Desk Lamp,Electronics,4,952.93,3811.72
2023-03-19,Under Eye Cream Dark Circles,Beauty,17,476.52,8100.84
2023-03-19,Smart LED Desk Lamp,Electronics,6,905.6,5433.6
2023-03-19,Mechanical Keyboard RGB,Electronics,11,2415.5,26570.5
2023-03-19,Sunglasses UV400 Polarized,Fashion,19,811.2,15412.8
2023-03-19,Sunglasses UV400 Polarized,Fashion,16,782.1,12513.6
2023-03-19,Stainless Steel Water Bottle 1L,Home & Living,3,465.77,1397.31
2023-03-19,Smart LED Desk Lamp,Electronics,9,932.1,8388.9
2023-03-19,Cotton Round Neck T-Shirt,Fashion,22,390.54,8591.88
2023-03-19,Smart LED Desk Lamp,Electronics,14,945.32,13234.48
2023-03-19,Portable Phone Charger 20000mAh,Electronics,18,1440.96,25937.28
2023-03-19,Vitamin C Face Serum 30ml,Beauty,8,723.79,5790.32
2023-03-20,Stainless Steel Water Bottle 1L,Home & Living,4,506.87,2027.48
2023-03-20,Portable Phone Charger 20000mAh,Electronics,7,1434.03,10038.21
2023-03-20,Scented Soy Wax Candle,Home & Living,8,338.11,2704.88
2023-03-20,Wireless Bluetooth Earbuds,Electronics,23,1275.27,29331.21
2023-03-20,Stainless Steel Water Bottle 1L,Home & Living,25,504.94,12623.5
2023-03-20,Slim Fit Chino Pants,Fashion,19,876.58,16655.02
2023-03-20,Leather Wallet Slim,Fashion,11,604.59,6650.49
2023-03-20,Portable Phone Charger 20000mAh,Electronics,10,1546.39,15463.9
2023-03-20,Non-Stick Frying Pan 26cm,Home & Living,14,842.51,11795.14
2023-03-21,Non-Stick Frying Pan 26cm,Home & Living,3,739.19,2217.57
2023-03-21,Wireless Bluetooth Earbuds,Electronics,21,1278.43,26847.03
2023-03-21,Smart LED Desk Lamp,Electronics,1,868.69,868.69
2023-03-21,Mechanical Keyboard RGB,Electronics,24,2504.65,60111.6
2023-03-21,Portable Phone Charger 20000mAh,Electronics,14,1501.0,21014.0
2023-03-21,Smart LED Desk Lamp,Electronics,6,960.64,5763.84
2023-03-21,Memory Foam Pillow,Home & Living,9,931.28,8381.52
2023-03-21,Leather Wallet Slim,Fashion,11,616.86,6785.46
2023-03-21,Non-Stick Frying Pan 26cm,Home & Living,1,841.64,841.64
2023-03-21,Collagen Face Sheet Mask Pack,Beauty,15,183.98,2759.7
2023-03-22,Leather Wallet Slim,Fashion,18,636.54,11457.72
2023-03-22,Smart LED Desk Lamp,Electronics,1,835.94,835.94
2023-03-22,Running Sports Shoes,Fashion,19,2035.54,38675.26
2023-03-22,Wireless Bluetooth Earbuds,Electronics,13,1236.1,16069.3
2023-03-22,Scented Soy Wax Candle,Home & Living,16,344.01,5504.16
2023-03-22,Vitamin C Face Serum 30ml,Beauty,17,723.17,12293.89
2023-03-22,Scented Soy Wax Candle,Home & Living,11,345.19,3797.09
2023-03-22,Moisturising Sunscreen SPF50,Beauty,11,392.92,4322.12
2023-03-23,Portable Phone Charger 20000mAh,Electronics,10,1508.13,15081.3
2023-03-23,Non-Stick Frying Pan 26cm,Home & Living,15,739.8,11097.0
2023-03-23,Stainless Steel Water Bottle 1L,Home & Living,9,460.7,4146.3
2023-03-23,Non-Stick Frying Pan 26cm,Home & Living,16,757.14,12114.24
2023-03-23,Stainless Steel Water Bottle 1L,Home & Living,9,500.41,4503.69
2023-03-23,USB-C Fast Charging Cable,Electronics,21,281.37,5908.77
2023-03-23,Bamboo Cutting Board Set,Home & Living,3,603.48,1810.44
2023-03-23,Casual Denim Jacket,Fashion,24,1426.37,34232.88
2023-03-23,Scented Soy Wax Candle,Home & Living,11,369.35,4062.85
2023-03-24,Natural Aloe Vera Gel 200ml,Beauty,7,227.11,1589.77
2023-03-24,Casual Denim Jacket,Fashion,20,1586.85,31737.0
2023-03-24,Natural Aloe Vera Gel 200ml,Beauty,19,260.36,4946.84
2023-03-24,Mechanical Keyboard RGB,Electronics,20,2622.33,52446.6
2023-03-24,Bamboo Cutting Board Set,Home & Living,5,579.44,2897.2
2023-03-24,Vitamin C Face Serum 30ml,Beauty,10,700.43,7004.3
2023-03-24,Wireless Bluetooth Earbuds,Electronics,6,1232.66,7395.96
2023-03-25,Webcam HD 1080p,Electronics,23,1857.81,42729.63
2023-03-25,Scented Soy Wax Candle,Home & Living,4,337.62,1350.48
2023-03-25,Webcam HD 1080p,Electronics,5,1741.04,8705.2
2023-03-25,Laptop Stand Adjustable,Electronics,6,1729.76,10378.56
2023-03-25,Under Eye Cream Dark Circles,Beauty,5,471.31,2356.55
2023-03-26,Stainless Steel Water Bottle 1L,Home & Living,4,533.12,2132.48
2023-03-26,Cotton Round Neck T-Shirt,Fashion,9,377.66,3398.94
2023-03-26,Leather Wallet Slim,Fashion,10,565.64,5656.4
2023-03-26,Scented Soy Wax Candle,Home & Living,23,333.72,7675.56
2023-03-26,Running Sports Shoes,Fashion,7,2001.29,14009.03
2023-03-26,Natural Aloe Vera Gel 200ml,Beauty,3,221.33,663.99
2023-03-26,Natural Aloe Vera Gel 200ml,Beauty,14,229.54,3213.56
2023-03-26,Stainless Steel Water Bottle 1L,Home & Living,19,494.15,9388.85
2023-03-26,Non-Stick Frying Pan 26cm,Home & Living,15,774.09,11611.35
2023-03-26,Natural Aloe Vera Gel 200ml,Beauty,21,265.03,5565.63
2023-03-27,Bamboo Cutting Board Set,Home & Living,21,599.51,12589.71
2023-03-27,Cotton Round Neck T-Shirt,Fashion,13,379.07,4927.91
2023-03-27,Laptop Stand Adjustable,Electronics,23,1744.86,40131.78
2023-03-27,Running Sports Shoes,Fashion,5,2145.73,10728.65
2023-03-27,Mechanical Keyboard RGB,Electronics,18,2436.06,43849.08
2023-03-27,Vitamin C Face Serum 30ml,Beauty,4,716.87,2867.48
2023-03-27,Slim Fit Chino Pants,Fashion,9,875.89,7883.01
2023-03-27,Running Sports Shoes,Fashion,25,2086.91,52172.75
2023-03-27,Smart LED Desk Lamp,Electronics,12,964.11,11569.32
2023-03-27,Running Sports Shoes,Fashion,15,2148.12,32221.8
2023-03-27,Natural Aloe Vera Gel 200ml,Beauty,17,265.31,4510.27
2023-03-27,Smart LED Desk Lamp,Electronics,1,949.17,949.17
2023-03-27,Scented Soy Wax Candle,Home & Living,7,338.38,2368.66
2023-03-27,Under Eye Cream Dark Circles,Beauty,6,454.72,2728.32
2023-03-27,Cotton Round Neck T-Shirt,Fashion,1,429.3,429.3
2023-03-28,Sunglasses UV400 Polarized,Fashion,4,772.22,3088.88
2023-03-28,Sunglasses UV400 Polarized,Fashion,16,820.73,13131.68
2023-03-28,Vitamin C Face Serum 30ml,Beauty,10,681.64,6816.4
2023-03-28,Scented Soy Wax Candle,Home & Living,10,340.53,3405.3
2023-03-28,Smart LED Desk Lamp,Electronics,15,949.5,14242.5
2023-03-28,Non-Stick Frying Pan 26cm,Home & Living,15,821.05,12315.75
2023-03-29,Webcam HD 1080p,Electronics,1,1877.09,1877.09
2023-03-29,Vitamin C Face Serum 30ml,Beauty,15,643.57,9653.55
2023-03-29,Mechanical Keyboard RGB,Electronics,13,2648.42,34429.46
2023-03-29,Stainless Steel Water Bottle 1L,Home & Living,4,488.08,1952.32
2023-03-29,Smart LED Desk Lamp,Electronics,7,850.37,5952.59
2023-03-29,Webcam HD 1080p,Electronics,14,1752.6,24536.4
2023-03-29,Casual Denim Jacket,Fashion,22,1414.03,31108.66
2023-03-29,Cotton Round Neck T-Shirt,Fashion,23,389.42,8956.66
2023-03-29,USB-C Fast Charging Cable,Electronics,20,320.55,6411.0
2023-03-29,Bamboo Cutting Board Set,Home & Living,20,614.98,12299.6
2023-03-29,Casual Denim Jacket,Fashion,10,1487.28,14872.8
2023-03-29,Smart LED Desk Lamp,Electronics,15,848.28,12724.2
2023-03-30,Under Eye Cream Dark Circles,Beauty,13,475.95,6187.35
2023-03-30,Bamboo Cutting Board Set,Home & Living,18,639.7,11514.6
2023-03-30,Mechanical Keyboard RGB,Electronics,21,2503.72,52578.12
2023-03-30,Stainless Steel Water Bottle 1L,Home & Living,24,507.89,12189.36
2023-03-30,Non-Stick Frying Pan 26cm,Home & Living,10,856.74,8567.4
2023-03-30,Vitamin C Face Serum 30ml,Beauty,18,711.95,12815.1
2023-03-30,Cotton Round Neck T-Shirt,Fashion,11,377.85,4156.35
2023-03-30,Leather Wallet Slim,Fashion,17,595.47,10122.99
2023-03-31,Noise Cancelling Headphones,Electronics,8,4019.78,32158.24
2023-03-31,Collagen Face Sheet Mask Pack,Beauty,18,191.3,3443.4
2023-03-31,Noise Cancelling Headphones,Electronics,23,4124.81,94870.63
2023-03-31,Moisturising Sunscreen SPF50,Beauty,4,428.1,1712.4
2023-03-31,Wireless Bluetooth Earbuds,Electronics,12,1221.64,14659.68
2023-03-31,Sunglasses UV400 Polarized,Fashion,10,741.56,7415.6
2023-03-31,Running Sports Shoes,Fashion,21,1898.55,39869.55
2023-03-31,Natural Aloe Vera Gel 200ml,Beauty,16,226.94,3631.04
2023-03-31,Portable Phone Charger 20000mAh,Electronics,5,1557.71,7788.55
2023-03-31,Vitamin C Face Serum 30ml,Beauty,25,687.9,17197.5
2023-03-31,Running Sports Shoes,Fashion,4,2107.93,8431.72
2023-03-31,Moisturising Sunscreen SPF50,Beauty,15,382.01,5730.15
2023-04-01,Non-Stick Frying Pan 26cm,Home & Living,10,744.48,7444.8
2023-04-01,Running Sports Shoes,Fashion,18,2071.41,37285.38
2023-04-01,Casual Denim Jacket,Fashion,17,1456.1,24753.7
2023-04-01,Mechanical Keyboard RGB,Electronics,25,2518.67,62966.75
2023-04-02,Mechanical Keyboard RGB,Electronics,20,2645.96,52919.2
2023-04-02,Under Eye Cream Dark Circles,Beauty,23,454.31,10449.13
2023-04-02,Noise Cancelling Headphones,Electronics,21,4152.75,87207.75
2023-04-02,Slim Fit Chino Pants,Fashion,10,947.75,9477.5
2023-04-02,USB-C Fast Charging Cable,Electronics,16,286.0,4576.0
2023-04-02,Smart LED Desk Lamp,Electronics,19,837.0,15903.0
2023-04-02,Casual Denim Jacket,Fashion,24,1566.71,37601.04
2023-04-03,Non-Stick Frying Pan 26cm,Home & Living,2,823.75,1647.5
2023-04-03,Vitamin C Face Serum 30ml,Beauty,5,749.54,3747.7
2023-04-03,Webcam HD 1080p,Electronics,8,1937.28,15498.24
2023-04-03,Non-Stick Frying Pan 26cm,Home & Living,5,768.82,3844.1
2023-04-03,Casual Denim Jacket,Fashion,22,1351.45,29731.9
2023-04-03,Slim Fit Chino Pants,Fashion,20,941.7,18834.0
2023-04-03,Bamboo Cutting Board Set,Home & Living,1,578.84,578.84
2023-04-03,Memory Foam Pillow,Home & Living,17,894.74,15210.58
2023-04-03,Memory Foam Pillow,Home & Living,9,956.13,8605.17
2023-04-03,Noise Cancelling Headphones,Electronics,24,3853.76,92490.24
2023-04-03,Sunglasses UV400 Polarized,Fashion,19,776.56,14754.64
2023-04-04,Smart LED Desk Lamp,Electronics,2,894.53,1789.06
2023-04-04,Webcam HD 1080p,Electronics,8,1836.44,14691.52
2023-04-04,Casual Denim Jacket,Fashion,2,1444.43,2888.86
2023-04-04,Webcam HD 1080p,Electronics,20,1930.83,38616.6
2023-04-04,Bamboo Cutting Board Set,Home & Living,5,621.61,3108.05
2023-04-04,Collagen Face Sheet Mask Pack,Beauty,11,194.69,2141.59
2023-04-04,Noise Cancelling Headphones,Electronics,23,4231.16,97316.68
2023-04-04,Slim Fit Chino Pants,Fashion,15,833.45,12501.75
2023-04-04,Laptop Stand Adjustable,Electronics,16,1948.37,31173.92
2023-04-04,Portable Phone Charger 20000mAh,Electronics,5,1510.01,7550.05
2023-04-05,Laptop Stand Adjustable,Electronics,12,1863.78,22365.36
2023-04-05,Cotton Round Neck T-Shirt,Fashion,1,414.31,414.31
2023-04-05,Bamboo Cutting Board Set,Home & Living,21,579.85,12176.85
2023-04-05,USB-C Fast Charging Cable,Electronics,3,324.64,973.92
2023-04-05,Wireless Bluetooth Earbuds,Electronics,25,1355.96,33899.0
2023-04-05,Slim Fit Chino Pants,Fashion,22,872.36,19191.92
2023-04-05,Natural Aloe Vera Gel 200ml,Beauty,2,243.19,486.38
2023-04-05,Webcam HD 1080p,Electronics,8,1804.69,14437.52
2023-04-05,Non-Stick Frying Pan 26cm,Home & Living,2,818.93,1637.86
2023-04-05,Sunglasses UV400 Polarized,Fashion,18,834.0,15012.0
2023-04-05,Laptop Stand Adjustable,Electronics,16,1735.88,27774.08
2023-04-05,Mechanical Keyboard RGB,Electronics,25,2482.52,62063.0
2023-04-05,Mechanical Keyboard RGB,Electronics,9,2442.41,21981.69
2023-04-05,Under Eye Cream Dark Circles,Beauty,17,459.98,7819.66
2023-04-05,Running Sports Shoes,Fashion,9,1888.84,16999.56
2023-04-06,Laptop Stand Adjustable,Electronics,16,1653.23,26451.68
2023-04-06,Vitamin C Face Serum 30ml,Beauty,9,679.23,6113.07
2023-04-06,Slim Fit Chino Pants,Fashion,6,956.32,5737.92
2023-04-06,Moisturising Sunscreen SPF50,Beauty,1,398.61,398.61
2023-04-06,Scented Soy Wax Candle,Home & Living,10,366.97,3669.7
2023-04-06,Running Sports Shoes,Fashion,4,2148.66,8594.64
2023-04-06,Scented Soy Wax Candle,Home & Living,18,377.86,6801.48
2023-04-06,Portable Phone Charger 20000mAh,Electronics,23,1447.58,33294.34
2023-04-06,Sunglasses UV400 Polarized,Fashion,11,823.23,9055.53
2023-04-06,Collagen Face Sheet Mask Pack,Beauty,6,212.07,1272.42
2023-04-06,Stainless Steel Water Bottle 1L,Home & Living,8,507.19,4057.52
2023-04-06,Portable Phone Charger 20000mAh,Electronics,4,1606.28,6425.12
2023-04-06,Wireless Bluetooth Earbuds,Electronics,3,1255.87,3767.61
2023-04-07,Smart LED Desk Lamp,Electronics,14,911.03,12754.42
2023-04-07,Vitamin C Face Serum 30ml,Beauty,1,720.54,720.54
2023-04-07,Collagen Face Sheet Mask Pack,Beauty,7,191.96,1343.72
2023-04-07,Mechanical Keyboard RGB,Electronics,21,2613.28,54878.88
2023-04-07,Natural Aloe Vera Gel 200ml,Beauty,7,226.99,1588.93
2023-04-07,Smart LED Desk Lamp,Electronics,9,960.2,8641.8
2023-04-07,Collagen Face Sheet Mask Pack,Beauty,25,203.28,5082.0
2023-04-07,Vitamin C Face Serum 30ml,Beauty,18,679.26,12226.68
2023-04-07,Sunglasses UV400 Polarized,Fashion,23,830.34,19097.82
2023-04-07,Stainless Steel Water Bottle 1L,Home & Living,19,524.76,9970.44
2023-04-07,Memory Foam Pillow,Home & Living,18,969.5,17451.0
2023-04-07,Scented Soy Wax Candle,Home & Living,12,322.83,3873.96
2023-04-07,Cotton Round Neck T-Shirt,Fashion,18,409.97,7379.46
2023-04-07,Memory Foam Pillow,Home & Living,22,882.28,19410.16
2023-04-07,Wireless Bluetooth Earbuds,Electronics,16,1217.97,19487.52
2023-04-07,Leather Wallet Slim,Fashion,16,614.72,9835.52
2023-04-08,Casual Denim Jacket,Fashion,16,1506.25,24100.0
2023-04-08,Natural Aloe Vera Gel 200ml,Beauty,23,221.05,5084.15
2023-04-08,Laptop Stand Adjustable,Electronics,7,1788.01,12516.07
2023-04-08,Slim Fit Chino Pants,Fashion,21,861.96,18101.16
2023-04-08,Leather Wallet Slim,Fashion,12,647.76,7773.12
2023-04-08,Slim Fit Chino Pants,Fashion,23,874.02,20102.46
2023-04-08,Under Eye Cream Dark Circles,Beauty,5,457.54,2287.7
2023-04-08,Running Sports Shoes,Fashion,25,2046.77,51169.25
2023-04-08,Under Eye Cream Dark Circles,Beauty,17,445.89,7580.13
2023-04-08,Wireless Bluetooth Earbuds,Electronics,22,1222.99,26905.78
2023-04-08,Mechanical Keyboard RGB,Electronics,25,2309.59,57739.75
2023-04-09,Leather Wallet Slim,Fashion,18,627.87,11301.66
2023-04-09,Vitamin C Face Serum 30ml,Beauty,3,734.91,2204.73
2023-04-09,Slim Fit Chino Pants,Fashion,20,972.65,19453.0
2023-04-09,Scented Soy Wax Candle,Home & Living,2,367.75,735.5
2023-04-09,Natural Aloe Vera Gel 200ml,Beauty,4,255.86,1023.44
2023-04-09,Portable Phone Charger 20000mAh,Electronics,19,1470.69,27943.11
2023-04-09,Memory Foam Pillow,Home & Living,10,844.01,8440.1
2023-04-09,Vitamin C Face Serum 30ml,Beauty,7,650.14,4550.98
2023-04-09,Laptop Stand Adjustable,Electronics,12,1820.32,21843.84
2023-04-09,Cotton Round Neck T-Shirt,Fashion,2,417.88,835.76
2023-04-10,Mechanical Keyboard RGB,Electronics,14,2328.59,32600.26
2023-04-10,USB-C Fast Charging Cable,Electronics,23,293.1,6741.3
2023-04-10,Smart LED Desk Lamp,Electronics,20,828.37,16567.4
2023-04-10,Non-Stick Frying Pan 26cm,Home & Living,8,838.2,6705.6
2023-04-10,Vitamin C Face Serum 30ml,Beauty,12,734.56,8814.72
2023-04-10,Memory Foam Pillow,Home & Living,24,922.1,22130.4
2023-04-10,Sunglasses UV400 Polarized,Fashion,10,839.43,8394.3
2023-04-10,Natural Aloe Vera Gel 200ml,Beauty,18,243.58,4384.44
2023-04-10,Webcam HD 1080p,Electronics,25,1705.7,42642.5
2023-04-10,USB-C Fast Charging Cable,Electronics,19,263.73,5010.87
2023-04-10,Scented Soy Wax Candle,Home & Living,6,362.33,2173.98
2023-04-11,Natural Aloe Vera Gel 200ml,Beauty,14,229.32,3210.48
2023-04-11,Collagen Face Sheet Mask Pack,Beauty,11,200.3,2203.3
2023-04-11,Noise Cancelling Headphones,Electronics,21,3902.5,81952.5
2023-04-11,Running Sports Shoes,Fashion,13,1975.69,25683.97
2023-04-11,USB-C Fast Charging Cable,Electronics,8,295.55,2364.4
2023-04-11,Noise Cancelling Headphones,Electronics,19,4338.54,82432.26
2023-04-11,Scented Soy Wax Candle,Home & Living,17,340.83,5794.11
2023-04-11,Vitamin C Face Serum 30ml,Beauty,11,714.17,7855.87
2023-04-11,Bamboo Cutting Board Set,Home & Living,2,632.95,1265.9
2023-04-12,Leather Wallet Slim,Fashion,18,575.51,10359.18
2023-04-12,Under Eye Cream Dark Circles,Beauty,19,462.99,8796.81
2023-04-12,Stainless Steel Water Bottle 1L,Home & Living,18,474.79,8546.22
2023-04-12,Webcam HD 1080p,Electronics,11,1861.36,20474.96
2023-04-12,Non-Stick Frying Pan 26cm,Home & Living,20,825.08,16501.6
2023-04-12,Under Eye Cream Dark Circles,Beauty,6,454.12,2724.72
2023-04-12,Cotton Round Neck T-Shirt,Fashion,25,373.04,9326.0
2023-04-12,Mechanical Keyboard RGB,Electronics,19,2578.97,49000.43
2023-04-12,Webcam HD 1080p,Electronics,11,1833.37,20167.07
2023-04-12,Webcam HD 1080p,Electronics,21,1777.51,37327.71
2023-04-12,USB-C Fast Charging Cable,Electronics,8,264.82,2118.56
2023-04-12,Mechanical Keyboard RGB,Electronics,23,2562.14,58929.22
2023-04-13,Non-Stick Frying Pan 26cm,Home & Living,21,764.24,16049.04
2023-04-13,USB-C Fast Charging Cable,Electronics,6,287.75,1726.5
2023-04-13,Non-Stick Frying Pan 26cm,Home & Living,12,836.31,10035.72
2023-04-13,Webcam HD 1080p,Electronics,14,1927.95,26991.3
2023-04-13,Non-Stick Frying Pan 26cm,Home & Living,11,858.51,9443.61
2023-04-13,Sunglasses UV400 Polarized,Fashion,15,802.03,12030.45
2023-04-13,Smart LED Desk Lamp,Electronics,10,863.72,8637.2
2023-04-13,Wireless Bluetooth Earbuds,Electronics,19,1286.49,24443.31
2023-04-13,Memory Foam Pillow,Home & Living,12,888.32,10659.84
2023-04-13,Memory Foam Pillow,Home & Living,2,851.03,1702.06
2023-04-13,Cotton Round Neck T-Shirt,Fashion,13,420.81,5470.53
2023-04-13,Stainless Steel Water Bottle 1L,Home & Living,1,518.49,518.49
2023-04-13,Laptop Stand Adjustable,Electronics,18,1811.72,32610.96
2023-04-13,Mechanical Keyboard RGB,Electronics,7,2667.57,18672.99
2023-04-14,Cotton Round Neck T-Shirt,Fashion,14,414.29,5800.06
2023-04-14,Under Eye Cream Dark Circles,Beauty,9,446.93,4022.37
2023-04-14,Natural Aloe Vera Gel 200ml,Beauty,23,257.79,5929.17
2023-04-14,Cotton Round Neck T-Shirt,Fashion,17,423.72,7203.24
2023-04-15,Leather Wallet Slim,Fashion,1,605.82,605.82
2023-04-15,USB-C Fast Charging Cable,Electronics,6,301.53,1809.18
2023-04-15,Slim Fit Chino Pants,Fashion,12,898.52,10782.24
2023-04-15,Natural Aloe Vera Gel 200ml,Beauty,19,257.87,4899.53
2023-04-15,USB-C Fast Charging Cable,Electronics,15,307.93,4618.95
2023-04-15,Collagen Face Sheet Mask Pack,Beauty,13,189.6,2464.8
2023-04-15,USB-C Fast Charging Cable,Electronics,12,260.91,3130.92
2023-04-16,Mechanical Keyboard RGB,Electronics,19,2513.23,47751.37
2023-04-16,Casual Denim Jacket,Fashion,18,1535.27,27634.86
2023-04-16,Slim Fit Chino Pants,Fashion,25,888.45,22211.25
2023-04-16,Running Sports Shoes,Fashion,24,2147.66,51543.84
2023-04-16,Casual Denim Jacket,Fashion,10,1474.3,14743.0
2023-04-16,Vitamin C Face Serum 30ml,Beauty,16,732.4,11718.4
2023-04-16,Natural Aloe Vera Gel 200ml,Beauty,14,253.59,3550.26
2023-04-16,Slim Fit Chino Pants,Fashion,21,905.24,19010.04
2023-04-16,Casual Denim Jacket,Fashion,22,1554.69,34203.18
2023-04-16,Smart LED Desk Lamp,Electronics,5,838.86,4194.3
2023-04-16,Collagen Face Sheet Mask Pack,Beauty,10,211.64,2116.4
2023-04-16,Wireless Bluetooth Earbuds,Electronics,22,1221.92,26882.24
2023-04-17,Mechanical Keyboard RGB,Electronics,2,2644.82,5289.64
2023-04-17,Moisturising Sunscreen SPF50,Beauty,15,424.38,6365.7
2023-04-17,Vitamin C Face Serum 30ml,Beauty,18,689.94,12418.92
2023-04-17,Stainless Steel Water Bottle 1L,Home & Living,20,506.32,10126.4
2023-04-17,Portable Phone Charger 20000mAh,Electronics,19,1483.11,28179.09
2023-04-17,Wireless Bluetooth Earbuds,Electronics,10,1292.61,12926.1
2023-04-17,Cotton Round Neck T-Shirt,Fashion,19,382.11,7260.09
2023-04-17,Bamboo Cutting Board Set,Home & Living,4,597.0,2388.0
2023-04-17,Under Eye Cream Dark Circles,Beauty,3,451.9,1355.7
2023-04-17,Portable Phone Charger 20000mAh,Electronics,8,1547.54,12380.32
2023-04-18,Wireless Bluetooth Earbuds,Electronics,22,1301.7,28637.4
2023-04-18,Smart LED Desk Lamp,Electronics,17,937.14,15931.38
2023-04-18,Leather Wallet Slim,Fashion,16,588.25,9412.0
2023-04-18,Wireless Bluetooth Earbuds,Electronics,4,1320.45,5281.8
2023-04-18,Bamboo Cutting Board Set,Home & Living,12,633.37,7600.44
2023-04-18,Smart LED Desk Lamp,Electronics,5,923.47,4617.35
2023-04-18,Webcam HD 1080p,Electronics,25,1850.81,46270.25
2023-04-18,Natural Aloe Vera Gel 200ml,Beauty,14,269.11,3767.54
2023-04-19,Noise Cancelling Headphones,Electronics,11,4330.9,47639.9
2023-04-19,Slim Fit Chino Pants,Fashion,1,951.51,951.51
2023-04-19,Scented Soy Wax Candle,Home & Living,23,356.06,8189.38
2023-04-19,Smart LED Desk Lamp,Electronics,12,866.92,10403.04
2023-04-19,Collagen Face Sheet Mask Pack,Beauty,20,203.75,4075.0
2023-04-19,Under Eye Cream Dark Circles,Beauty,7,472.42,3306.94
2023-04-19,Bamboo Cutting Board Set,Home & Living,6,591.3,3547.8
2023-04-19,Sunglasses UV400 Polarized,Fashion,16,735.63,11770.08
2023-04-20,Running Sports Shoes,Fashion,1,2022.71,2022.71
2023-04-20,Cotton Round Neck T-Shirt,Fashion,4,420.18,1680.72
2023-04-20,Moisturising Sunscreen SPF50,Beauty,16,370.22,5923.52
2023-04-20,Under Eye Cream Dark Circles,Beauty,12,427.58,5130.96
2023-04-20,Smart LED Desk Lamp,Electronics,25,924.74,23118.5
2023-04-20,Portable Phone Charger 20000mAh,Electronics,20,1512.11,30242.2
2023-04-20,Webcam HD 1080p,Electronics,25,1831.06,45776.5
2023-04-20,Wireless Bluetooth Earbuds,Electronics,22,1331.82,29300.04
2023-04-20,Sunglasses UV400 Polarized,Fashion,21,850.77,17866.17
2023-04-20,Running Sports Shoes,Fashion,13,2088.67,27152.71
2023-04-20,Webcam HD 1080p,Electronics,19,1845.19,35058.61
2023-04-20,Non-Stick Frying Pan 26cm,Home & Living,25,762.59,19064.75
2023-04-20,Scented Soy Wax Candle,Home & Living,18,321.09,5779.62
2023-04-20,Natural Aloe Vera Gel 200ml,Beauty,14,244.43,3422.02
2023-04-20,Bamboo Cutting Board Set,Home & Living,19,622.68,11830.92
2023-04-20,Moisturising Sunscreen SPF50,Beauty,3,391.91,1175.73
2023-04-21,Moisturising Sunscreen SPF50,Beauty,17,390.39,6636.63
2023-04-21,Leather Wallet Slim,Fashion,7,558.03,3906.21
2023-04-21,Leather Wallet Slim,Fashion,15,581.53,8722.95
2023-04-21,Slim Fit Chino Pants,Fashion,11,858.17,9439.87
2023-04-21,Laptop Stand Adjustable,Electronics,3,1905.02,5715.06
2023-04-21,Cotton Round Neck T-Shirt,Fashion,9,419.49,3775.41
2023-04-21,Casual Denim Jacket,Fashion,5,1379.06,6895.3
2023-04-21,Smart LED Desk Lamp,Electronics,14,962.06,13468.84
2023-04-21,Mechanical Keyboard RGB,Electronics,25,2388.54,59713.5
2023-04-21,Webcam HD 1080p,Electronics,22,1721.31,37868.82
2023-04-21,Smart LED Desk Lamp,Electronics,21,963.43,20232.03
2023-04-22,Mechanical Keyboard RGB,Electronics,19,2521.6,47910.4
2023-04-22,Vitamin C Face Serum 30ml,Beauty,4,685.73,2742.92
2023-04-22,USB-C Fast Charging Cable,Electronics,20,308.73,6174.6
2023-04-22,Vitamin C Face Serum 30ml,Beauty,25,742.34,18558.5
2023-04-22,Memory Foam Pillow,Home & Living,13,883.53,11485.89
2023-04-22,Sunglasses UV400 Polarized,Fashion,3,858.91,2576.73
2023-04-22,Laptop Stand Adjustable,Electronics,23,1938.73,44590.79
2023-04-22,Natural Aloe Vera Gel 200ml,Beauty,11,251.29,2764.19
2023-04-22,Casual Denim Jacket,Fashion,21,1540.41,32348.61
2023-04-23,Sunglasses UV400 Polarized,Fashion,21,805.51,16915.71
2023-04-23,Noise Cancelling Headphones,Electronics,2,3921.74,7843.48
2023-04-23,Smart LED Desk Lamp,Electronics,25,942.34,23558.5
2023-04-23,Vitamin C Face Serum 30ml,Beauty,1,688.99,688.99
2023-04-23,Bamboo Cutting Board Set,Home & Living,23,575.44,13235.12
2023-04-23,Moisturising Sunscreen SPF50,Beauty,5,429.43,2147.15
2023-04-23,Webcam HD 1080p,Electronics,10,1814.41,18144.1
2023-04-23,Under Eye Cream Dark Circles,Beauty,13,465.9,6056.7
2023-04-23,USB-C Fast Charging Cable,Electronics,6,290.28,1741.68
2023-04-23,Leather Wallet Slim,Fashion,17,592.32,10069.44
2023-04-23,Leather Wallet Slim,Fashion,7,597.88,4185.16
2023-04-23,Non-Stick Frying Pan 26cm,Home & Living,17,858.58,14595.86
2023-04-24,Wireless Bluetooth Earbuds,Electronics,9,1390.9,12518.1
2023-04-24,Memory Foam Pillow,Home & Living,15,880.34,13205.1
2023-04-24,Running Sports Shoes,Fashion,24,1919.32,46063.68
2023-04-24,Casual Denim Jacket,Fashion,13,1459.89,18978.57
2023-04-24,Stainless Steel Water Bottle 1L,Home & Living,3,494.62,1483.86
2023-04-24,Casual Denim Jacket,Fashion,14,1459.82,20437.48
2023-04-24,Casual Denim Jacket,Fashion,6,1548.17,9289.02
2023-04-24,Leather Wallet Slim,Fashion,8,559.36,4474.88
2023-04-24,Mechanical Keyboard RGB,Electronics,18,2512.79,45230.22
2023-04-24,Cotton Round Neck T-Shirt,Fashion,22,375.75,8266.5
2023-04-24,Laptop Stand Adjustable,Electronics,3,1878.34,5635.02
2023-04-24,Cotton Round Neck T-Shirt,Fashion,22,388.53,8547.66
2023-04-24,Non-Stick Frying Pan 26cm,Home & Living,18,762.36,13722.48
2023-04-24,Leather Wallet Slim,Fashion,14,607.72,8508.08
2023-04-24,Memory Foam Pillow,Home & Living,25,889.17,22229.25
2023-04-24,Bamboo Cutting Board Set,Home & Living,6,628.84,3773.04
2023-04-25,Sunglasses UV400 Polarized,Fashion,13,828.92,10775.96
2023-04-25,Sunglasses UV400 Polarized,Fashion,3,765.05,2295.15
2023-04-25,Mechanical Keyboard RGB,Electronics,2,2544.01,5088.02
2023-04-25,Portable Phone Charger 20000mAh,Electronics,21,1526.56,32057.76
2023-04-25,Mechanical Keyboard RGB,Electronics,17,2419.94,41138.98
2023-04-25,Moisturising Sunscreen SPF50,Beauty,3,375.1,1125.3
2023-04-25,Smart LED Desk Lamp,Electronics,8,945.74,7565.92
2023-04-25,Stainless Steel Water Bottle 1L,Home & Living,4,478.39,1913.56
2023-04-26,Sunglasses UV400 Polarized,Fashion,25,797.09,19927.25
2023-04-26,Under Eye Cream Dark Circles,Beauty,9,473.0,4257.0
2023-04-26,Webcam HD 1080p,Electronics,5,1660.23,8301.15
2023-04-26,Mechanical Keyboard RGB,Electronics,12,2601.44,31217.28
2023-04-26,Non-Stick Frying Pan 26cm,Home & Living,8,850.93,6807.44
2023-04-26,Slim Fit Chino Pants,Fashion,3,832.39,2497.17
2023-04-26,Under Eye Cream Dark Circles,Beauty,11,419.54,4614.94
2023-04-27,Scented Soy Wax Candle,Home & Living,7,356.19,2493.33
2023-04-27,Vitamin C Face Serum 30ml,Beauty,16,733.1,11729.6
2023-04-27,Sunglasses UV400 Polarized,Fashion,22,814.45,17917.9
2023-04-27,Memory Foam Pillow,Home & Living,15,905.75,13586.25
2023-04-27,Natural Aloe Vera Gel 200ml,Beauty,9,236.25,2126.25
2023-04-27,USB-C Fast Charging Cable,Electronics,4,303.44,1213.76
2023-04-27,Laptop Stand Adjustable,Electronics,20,1782.59,35651.8
2023-04-27,Vitamin C Face Serum 30ml,Beauty,21,687.91,14446.11
2023-04-28,USB-C Fast Charging Cable,Electronics,7,281.64,1971.48
2023-04-28,Collagen Face Sheet Mask Pack,Beauty,20,199.35,3987.0
2023-04-28,Laptop Stand Adjustable,Electronics,8,1930.54,15444.32
2023-04-28,Running Sports Shoes,Fashion,1,1883.53,1883.53
2023-04-28,Non-Stick Frying Pan 26cm,Home & Living,19,825.65,15687.35
2023-04-28,Slim Fit Chino Pants,Fashion,5,865.17,4325.85
2023-04-28,Smart LED Desk Lamp,Electronics,21,868.24,18233.04
2023-04-28,Memory Foam Pillow,Home & Living,18,860.09,15481.62
2023-04-28,Stainless Steel Water Bottle 1L,Home & Living,17,527.36,8965.12
2023-04-28,Vitamin C Face Serum 30ml,Beauty,1,646.53,646.53
2023-04-28,Vitamin C Face Serum 30ml,Beauty,20,654.95,13099.0
2023-04-28,Collagen Face Sheet Mask Pack,Beauty,12,204.36,2452.32
2023-04-29,Memory Foam Pillow,Home & Living,25,899.33,22483.25
2023-04-29,Stainless Steel Water Bottle 1L,Home & Living,7,508.82,3561.74
2023-04-29,Sunglasses UV400 Polarized,Fashion,16,747.3,11956.8
2023-04-29,Natural Aloe Vera Gel 200ml,Beauty,2,258.5,517.0
2023-04-29,Running Sports Shoes,Fashion,12,1890.17,22682.04
2023-04-29,Slim Fit Chino Pants,Fashion,12,871.11,10453.32
2023-04-29,Under Eye Cream Dark Circles,Beauty,11,466.66,5133.26
2023-04-29,USB-C Fast Charging Cable,Electronics,19,301.65,5731.35
2023-04-29,Smart LED Desk Lamp,Electronics,23,962.02,22126.46
2023-04-29,Running Sports Shoes,Fashion,14,1902.64,26636.96
2023-04-30,Webcam HD 1080p,Electronics,15,1930.59,28958.85
2023-04-30,Sunglasses UV400 Polarized,Fashion,10,774.82,7748.2
2023-04-30,Running Sports Shoes,Fashion,25,2135.05,53376.25
2023-04-30,Wireless Bluetooth Earbuds,Electronics,25,1258.37,31459.25
2023-04-30,Bamboo Cutting Board Set,Home & Living,4,558.59,2234.36
2023-05-01,Vitamin C Face Serum 30ml,Beauty,22,679.71,14953.62
2023-05-01,Casual Denim Jacket,Fashion,10,1381.4,13814.0
2023-05-01,Wireless Bluetooth Earbuds,Electronics,25,1346.75,33668.75
2023-05-01,Vitamin C Face Serum 30ml,Beauty,10,665.23,6652.3
2023-05-01,Collagen Face Sheet Mask Pack,Beauty,22,182.28,4010.16
2023-05-01,Slim Fit Chino Pants,Fashion,19,867.52,16482.88
2023-05-01,Webcam HD 1080p,Electronics,1,1687.56,1687.56
2023-05-01,Running Sports Shoes,Fashion,11,2012.12,22133.32
2023-05-01,Collagen Face Sheet Mask Pack,Beauty,6,188.07,1128.42
2023-05-01,Bamboo Cutting Board Set,Home & Living,12,638.56,7662.72
2023-05-01,Non-Stick Frying Pan 26cm,Home & Living,20,804.4,16088.0
2023-05-02,Slim Fit Chino Pants,Fashion,6,869.2,5215.2
2023-05-02,Non-Stick Frying Pan 26cm,Home & Living,23,810.52,18641.96
2023-05-02,Stainless Steel Water Bottle 1L,Home & Living,3,466.84,1400.52
2023-05-02,Leather Wallet Slim,Fashion,8,616.38,4931.04
2023-05-02,Bamboo Cutting Board Set,Home & Living,20,631.94,12638.8
2023-05-02,Moisturising Sunscreen SPF50,Beauty,6,381.65,2289.9
2023-05-02,Cotton Round Neck T-Shirt,Fashion,23,395.57,9098.11
2023-05-02,Natural Aloe Vera Gel 200ml,Beauty,21,265.22,5569.62
2023-05-02,Non-Stick Frying Pan 26cm,Home & Living,14,847.64,11866.96
2023-05-02,Bamboo Cutting Board Set,Home & Living,25,569.94,14248.5
2023-05-02,Smart LED Desk Lamp,Electronics,1,932.82,932.82
2023-05-02,Slim Fit Chino Pants,Fashion,15,861.95,12929.25
2023-05-03,Leather Wallet Slim,Fashion,17,633.45,10768.65
2023-05-03,Vitamin C Face Serum 30ml,Beauty,7,671.25,4698.75
2023-05-03,Non-Stick Frying Pan 26cm,Home & Living,11,793.57,8729.27
2023-05-03,Portable Phone Charger 20000mAh,Electronics,6,1524.63,9147.78
2023-05-03,Casual Denim Jacket,Fashion,13,1512.68,19664.84
2023-05-03,Sunglasses UV400 Polarized,Fashion,22,816.18,17955.96
2023-05-03,Webcam HD 1080p,Electronics,10,1761.12,17611.2
2023-05-03,Scented Soy Wax Candle,Home & Living,8,371.24,2969.92
2023-05-03,Vitamin C Face Serum 30ml,Beauty,9,640.94,5768.46
2023-05-03,Non-Stick Frying Pan 26cm,Home & Living,6,828.56,4971.36
2023-05-03,Noise Cancelling Headphones,Electronics,8,4294.66,34357.28
2023-05-03,Noise Cancelling Headphones,Electronics,11,4271.66,46988.26
2023-05-04,Webcam HD 1080p,Electronics,12,1823.6,21883.2
2023-05-04,Non-Stick Frying Pan 26cm,Home & Living,23,762.08,17527.84
2023-05-04,Bamboo Cutting Board Set,Home & Living,13,561.03,7293.39
2023-05-04,Sunglasses UV400 Polarized,Fashion,1,761.74,761.74
2023-05-04,Slim Fit Chino Pants,Fashion,3,834.26,2502.78
2023-05-04,Casual Denim Jacket,Fashion,12,1351.97,16223.64
2023-05-04,Webcam HD 1080p,Electronics,24,1867.24,44813.76
2023-05-04,Smart LED Desk Lamp,Electronics,1,905.85,905.85
2023-05-04,Non-Stick Frying Pan 26cm,Home & Living,3,764.38,2293.14
2023-05-04,Wireless Bluetooth Earbuds,Electronics,20,1209.49,24189.8
2023-05-05,Natural Aloe Vera Gel 200ml,Beauty,5,234.98,1174.9
2023-05-05,Running Sports Shoes,Fashion,7,1929.33,13505.31
2023-05-05,Under Eye Cream Dark Circles,Beauty,2,433.46,866.92
2023-05-05,Bamboo Cutting Board Set,Home & Living,1,612.67,612.67
2023-05-06,Vitamin C Face Serum 30ml,Beauty,14,720.58,10088.12
2023-05-06,Memory Foam Pillow,Home & Living,25,898.03,22450.75
2023-05-06,Moisturising Sunscreen SPF50,Beauty,17,402.46,6841.82
2023-05-06,Stainless Steel Water Bottle 1L,Home & Living,7,520.61,3644.27
2023-05-06,Bamboo Cutting Board Set,Home & Living,7,608.42,4258.94
2023-05-06,Smart LED Desk Lamp,Electronics,17,850.05,14450.85
2023-05-06,Sunglasses UV400 Polarized,Fashion,17,746.49,12690.33
2023-05-06,Running Sports Shoes,Fashion,8,1965.26,15722.08
2023-05-06,Laptop Stand Adjustable,Electronics,25,1916.35,47908.75
2023-05-06,Moisturising Sunscreen SPF50,Beauty,12,405.59,4867.08
2023-05-06,Under Eye Cream Dark Circles,Beauty,15,425.55,6383.25
2023-05-06,Portable Phone Charger 20000mAh,Electronics,21,1569.61,32961.81
2023-05-07,Bamboo Cutting Board Set,Home & Living,25,609.12,15228.0
2023-05-07,Wireless Bluetooth Earbuds,Electronics,23,1390.22,31975.06
2023-05-07,Memory Foam Pillow,Home & Living,25,930.6,23265.0
2023-05-07,Noise Cancelling Headphones,Electronics,25,4011.22,100280.5
2023-05-07,Casual Denim Jacket,Fashion,6,1419.08,8514.48
2023-05-07,Moisturising Sunscreen SPF50,Beauty,3,419.15,1257.45
2023-05-08,Collagen Face Sheet Mask Pack,Beauty,24,184.86,4436.64
2023-05-08,Leather Wallet Slim,Fashion,20,595.02,11900.4
2023-05-08,Mechanical Keyboard RGB,Electronics,25,2695.62,67390.5
2023-05-08,Smart LED Desk Lamp,Electronics,4,859.1,3436.4
2023-05-08,Collagen Face Sheet Mask Pack,Beauty,5,207.25,1036.25
2023-05-08,Natural Aloe Vera Gel 200ml,Beauty,6,261.21,1567.26
2023-05-08,Casual Denim Jacket,Fashion,25,1431.52,35788.0
2023-05-08,Wireless Bluetooth Earbuds,Electronics,15,1301.94,19529.1
2023-05-08,Running Sports Shoes,Fashion,7,2099.21,14694.47
2023-05-08,Vitamin C Face Serum 30ml,Beauty,7,732.89,5130.23
2023-05-08,Stainless Steel Water Bottle 1L,Home & Living,21,480.47,10089.87
2023-05-08,Moisturising Sunscreen SPF50,Beauty,1,428.97,428.97
2023-05-08,Portable Phone Charger 20000mAh,Electronics,17,1468.8,24969.6
2023-05-08,Slim Fit Chino Pants,Fashion,13,889.12,11558.56
2023-05-08,Smart LED Desk Lamp,Electronics,24,855.98,20543.52
2023-05-08,Vitamin C Face Serum 30ml,Beauty,15,682.24,10233.6
2023-05-08,Natural Aloe Vera Gel 200ml,Beauty,9,233.66,2102.94
2023-05-08,Webcam HD 1080p,Electronics,15,1752.31,26284.65
2023-05-09,Memory Foam Pillow,Home & Living,7,841.29,5889.03
2023-05-09,Leather Wallet Slim,Fashion,16,583.64,9338.24
2023-05-09,Non-Stick Frying Pan 26cm,Home & Living,1,856.31,856.31
2023-05-09,Under Eye Cream Dark Circles,Beauty,25,450.74,11268.5
2023-05-09,Casual Denim Jacket,Fashion,9,1618.55,14566.95
2023-05-09,Under Eye Cream Dark Circles,Beauty,7,462.0,3234.0
2023-05-09,Scented Soy Wax Candle,Home & Living,12,379.46,4553.52
2023-05-09,Vitamin C Face Serum 30ml,Beauty,24,690.69,16576.56
2023-05-09,Stainless Steel Water Bottle 1L,Home & Living,17,523.29,8895.93
2023-05-09,Natural Aloe Vera Gel 200ml,Beauty,20,222.57,4451.4
2023-05-09,Smart LED Desk Lamp,Electronics,13,901.65,11721.45
2023-05-10,Sunglasses UV400 Polarized,Fashion,7,788.83,5521.81
2023-05-10,Sunglasses UV400 Polarized,Fashion,2,822.77,1645.54
2023-05-10,Leather Wallet Slim,Fashion,12,577.36,6928.32
2023-05-10,Noise Cancelling Headphones,Electronics,23,3956.74,91005.02
2023-05-10,Noise Cancelling Headphones,Electronics,5,4332.76,21663.8
2023-05-10,Mechanical Keyboard RGB,Electronics,3,2429.61,7288.83
2023-05-10,Casual Denim Jacket,Fashion,14,1584.44,22182.16
2023-05-10,Portable Phone Charger 20000mAh,Electronics,13,1609.79,20927.27
2023-05-10,Mechanical Keyboard RGB,Electronics,15,2508.71,37630.65
2023-05-11,Leather Wallet Slim,Fashion,17,615.27,10459.59
2023-05-11,Smart LED Desk Lamp,Electronics,15,880.3,13204.5
2023-05-11,Casual Denim Jacket,Fashion,6,1463.04,8778.24
2023-05-11,Smart LED Desk Lamp,Electronics,10,960.05,9600.5
2023-05-11,Leather Wallet Slim,Fashion,1,579.18,579.18
2023-05-11,Laptop Stand Adjustable,Electronics,4,1874.34,7497.36
2023-05-11,Leather Wallet Slim,Fashion,3,623.8,1871.4
2023-05-11,Moisturising Sunscreen SPF50,Beauty,11,424.27,4666.97
2023-05-11,Scented Soy Wax Candle,Home & Living,8,377.78,3022.24
2023-05-11,Under Eye Cream Dark Circles,Beauty,3,415.87,1247.61
2023-05-11,Under Eye Cream Dark Circles,Beauty,21,436.9,9174.9
2023-05-11,Memory Foam Pillow,Home & Living,14,902.36,12633.04
2023-05-11,Non-Stick Frying Pan 26cm,Home & Living,17,767.8,13052.6
2023-05-11,Portable Phone Charger 20000mAh,Electronics,14,1427.99,19991.86
2023-05-11,Wireless Bluetooth Earbuds,Electronics,4,1265.7,5062.8
2023-05-11,Leather Wallet Slim,Fashion,14,604.3,8460.2
2023-05-12,Running Sports Shoes,Fashion,19,1921.89,36515.91
2023-05-12,Slim Fit Chino Pants,Fashion,10,853.61,8536.1
2023-05-12,Vitamin C Face Serum 30ml,Beauty,15,658.42,9876.3
2023-05-12,Casual Denim Jacket,Fashion,22,1458.11,32078.42
2023-05-12,Vitamin C Face Serum 30ml,Beauty,21,720.34,15127.14
2023-05-12,Casual Denim Jacket,Fashion,13,1360.61,17687.93
2023-05-12,Noise Cancelling Headphones,Electronics,22,4273.27,94011.94
2023-05-12,Laptop Stand Adjustable,Electronics,13,1762.23,22908.99
2023-05-13,Portable Phone Charger 20000mAh,Electronics,20,1593.57,31871.4
2023-05-13,Non-Stick Frying Pan 26cm,Home & Living,24,799.83,19195.92
2023-05-13,Mechanical Keyboard RGB,Electronics,9,2664.22,23977.98
2023-05-13,Stainless Steel Water Bottle 1L,Home & Living,6,464.9,2789.4
2023-05-13,Leather Wallet Slim,Fashion,25,633.42,15835.5
2023-05-13,Memory Foam Pillow,Home & Living,25,928.69,23217.25
2023-05-13,Non-Stick Frying Pan 26cm,Home & Living,10,817.31,8173.1
2023-05-13,Stainless Steel Water Bottle 1L,Home & Living,19,477.69,9076.11
2023-05-13,Leather Wallet Slim,Fashion,24,575.18,13804.32
2023-05-14,Moisturising Sunscreen SPF50,Beauty,25,403.48,10087.0
2023-05-14,Laptop Stand Adjustable,Electronics,9,1873.05,16857.45
2023-05-14,USB-C Fast Charging Cable,Electronics,8,316.91,2535.28
2023-05-14,Cotton Round Neck T-Shirt,Fashion,4,373.11,1492.44
2023-05-14,Stainless Steel Water Bottle 1L,Home & Living,9,509.23,4583.07
2023-05-14,Memory Foam Pillow,Home & Living,19,954.1,18127.9
2023-05-14,Leather Wallet Slim,Fashion,13,615.5,8001.5
2023-05-14,Memory Foam Pillow,Home & Living,24,877.08,21049.92
2023-05-14,Portable Phone Charger 20000mAh,Electronics,10,1479.56,14795.6
2023-05-15,Webcam HD 1080p,Electronics,12,1784.25,21411.0
2023-05-15,Scented Soy Wax Candle,Home & Living,20,360.9,7218.0
2023-05-15,Cotton Round Neck T-Shirt,Fashion,14,414.65,5805.1
2023-05-15,Webcam HD 1080p,Electronics,6,1922.21,11533.26
2023-05-15,Noise Cancelling Headphones,Electronics,4,3950.1,15800.4
2023-05-15,Non-Stick Frying Pan 26cm,Home & Living,12,827.04,9924.48
2023-05-15,Laptop Stand Adjustable,Electronics,4,1897.0,7588.0
2023-05-15,Moisturising Sunscreen SPF50,Beauty,17,374.62,6368.54
2023-05-15,Natural Aloe Vera Gel 200ml,Beauty,3,239.29,717.87
2023-05-15,USB-C Fast Charging Cable,Electronics,14,285.02,3990.28
2023-05-15,Moisturising Sunscreen SPF50,Beauty,7,387.13,2709.91
2023-05-15,Slim Fit Chino Pants,Fashion,1,831.9,831.9
2023-05-15,Leather Wallet Slim,Fashion,19,584.28,11101.32
2023-05-16,Mechanical Keyboard RGB,Electronics,13,2371.21,30825.73
2023-05-16,Stainless Steel Water Bottle 1L,Home & Living,16,523.05,8368.8
2023-05-16,Non-Stick Frying Pan 26cm,Home & Living,14,812.26,11371.64
2023-05-16,Running Sports Shoes,Fashion,24,1993.65,47847.6
2023-05-16,Slim Fit Chino Pants,Fashion,5,905.86,4529.3
2023-05-16,Wireless Bluetooth Earbuds,Electronics,10,1246.96,12469.6
2023-05-16,Stainless Steel Water Bottle 1L,Home & Living,15,484.46,7266.9
2023-05-16,Cotton Round Neck T-Shirt,Fashion,18,422.42,7603.56
2023-05-16,Noise Cancelling Headphones,Electronics,11,4139.41,45533.51
2023-05-17,Noise Cancelling Headphones,Electronics,6,3902.57,23415.42
2023-05-17,Natural Aloe Vera Gel 200ml,Beauty,1,247.05,247.05
2023-05-17,Wireless Bluetooth Earbuds,Electronics,21,1266.93,26605.53
2023-05-17,Laptop Stand Adjustable,Electronics,18,1758.83,31658.94
2023-05-17,Non-Stick Frying Pan 26cm,Home & Living,24,850.35,20408.4
2023-05-17,Noise Cancelling Headphones,Electronics,17,3734.72,63490.24
2023-05-17,Sunglasses UV400 Polarized,Fashion,12,797.79,9573.48
2023-05-17,Stainless Steel Water Bottle 1L,Home & Living,15,490.49,7357.35
2023-05-17,Stainless Steel Water Bottle 1L,Home & Living,25,510.22,12755.5
2023-05-17,Bamboo Cutting Board Set,Home & Living,22,590.47,12990.34
2023-05-18,Running Sports Shoes,Fashion,21,2022.18,42465.78
2023-05-18,Wireless Bluetooth Earbuds,Electronics,11,1214.77,13362.47
2023-05-18,Natural Aloe Vera Gel 200ml,Beauty,14,255.24,3573.36
2023-05-18,Stainless Steel Water Bottle 1L,Home & Living,4,525.86,2103.44
2023-05-18,Vitamin C Face Serum 30ml,Beauty,13,736.98,9580.74
2023-05-18,Smart LED Desk Lamp,Electronics,10,871.03,8710.3
2023-05-18,Scented Soy Wax Candle,Home & Living,5,367.08,1835.4
2023-05-18,USB-C Fast Charging Cable,Electronics,20,267.88,5357.6
2023-05-18,Scented Soy Wax Candle,Home & Living,24,368.65,8847.6
2023-05-18,Moisturising Sunscreen SPF50,Beauty,23,403.21,9273.83
2023-05-18,USB-C Fast Charging Cable,Electronics,11,322.14,3543.54
2023-05-18,Under Eye Cream Dark Circles,Beauty,2,437.97,875.94
2023-05-18,Leather Wallet Slim,Fashion,3,586.49,1759.47
2023-05-18,Webcam HD 1080p,Electronics,4,1662.46,6649.84
2023-05-19,Scented Soy Wax Candle,Home & Living,16,351.36,5621.76
2023-05-19,Running Sports Shoes,Fashion,12,1903.45,22841.4
2023-05-19,Casual Denim Jacket,Fashion,5,1363.79,6818.95
2023-05-19,Slim Fit Chino Pants,Fashion,23,870.41,20019.43
2023-05-19,Casual Denim Jacket,Fashion,3,1530.5,4591.5
2023-05-19,Memory Foam Pillow,Home & Living,21,838.69,17612.49
2023-05-19,Mechanical Keyboard RGB,Electronics,15,2314.27,34714.05
2023-05-19,Leather Wallet Slim,Fashion,15,616.32,9244.8
2023-05-19,Casual Denim Jacket,Fashion,20,1499.65,29993.0
2023-05-20,Smart LED Desk Lamp,Electronics,25,901.05,22526.25
2023-05-20,Webcam HD 1080p,Electronics,4,1753.18,7012.72
2023-05-20,Casual Denim Jacket,Fashion,21,1395.62,29308.02
2023-05-20,Wireless Bluetooth Earbuds,Electronics,9,1220.58,10985.22
2023-05-20,USB-C Fast Charging Cable,Electronics,24,319.44,7666.56
2023-05-20,Leather Wallet Slim,Fashion,5,581.33,2906.65
2023-05-20,Cotton Round Neck T-Shirt,Fashion,10,417.42,4174.2
2023-05-20,Smart LED Desk Lamp,Electronics,2,962.05,1924.1
2023-05-20,Scented Soy Wax Candle,Home & Living,22,335.75,7386.5
2023-05-20,Wireless Bluetooth Earbuds,Electronics,18,1397.17,25149.06
2023-05-20,Running Sports Shoes,Fashion,15,1894.82,28422.3
2023-05-20,Under Eye Cream Dark Circles,Beauty,16,421.71,6747.36
2023-05-20,Memory Foam Pillow,Home & Living,22,959.06,21099.32
2023-05-20,Mechanical Keyboard RGB,Electronics,17,2338.64,39756.88
2023-05-21,Webcam HD 1080p,Electronics,3,1912.95,5738.85
2023-05-21,Cotton Round Neck T-Shirt,Fashion,10,373.67,3736.7
2023-05-21,Mechanical Keyboard RGB,Electronics,21,2473.43,51942.03
2023-05-21,Sunglasses UV400 Polarized,Fashion,4,818.52,3274.08
2023-05-21,Collagen Face Sheet Mask Pack,Beauty,16,193.46,3095.36
2023-05-21,Noise Cancelling Headphones,Electronics,13,3977.55,51708.15
2023-05-22,Collagen Face Sheet Mask Pack,Beauty,2,208.73,417.46
2023-05-22,Running Sports Shoes,Fashion,17,2104.83,35782.11
2023-05-22,Scented Soy Wax Candle,Home & Living,10,373.4,3734.0
2023-05-22,Vitamin C Face Serum 30ml,Beauty,8,714.51,5716.08
2023-05-22,Smart LED Desk Lamp,Electronics,5,926.19,4630.95
2023-05-22,Casual Denim Jacket,Fashion,22,1619.94,35638.68
2023-05-22,Running Sports Shoes,Fashion,19,2087.7,39666.3
2023-05-22,Natural Aloe Vera Gel 200ml,Beauty,18,237.38,4272.84
2023-05-22,Vitamin C Face Serum 30ml,Beauty,11,677.58,7453.38
2023-05-22,Under Eye Cream Dark Circles,Beauty,12,451.33,5415.96
2023-05-22,Vitamin C Face Serum 30ml,Beauty,4,685.94,2743.76
2023-05-22,Portable Phone Charger 20000mAh,Electronics,10,1436.8,14368.0
2023-05-22,Running Sports Shoes,Fashion,10,1996.69,19966.9
2023-05-23,Leather Wallet Slim,Fashion,20,581.45,11629.0
2023-05-23,Mechanical Keyboard RGB,Electronics,11,2322.47,25547.17
2023-05-23,Casual Denim Jacket,Fashion,5,1525.33,7626.65
2023-05-23,Natural Aloe Vera Gel 200ml,Beauty,2,232.72,465.44
2023-05-23,Portable Phone Charger 20000mAh,Electronics,6,1540.72,9244.32
2023-05-23,Memory Foam Pillow,Home & Living,3,939.88,2819.64
2023-05-23,Slim Fit Chino Pants,Fashion,19,833.63,15838.97
2023-05-23,Collagen Face Sheet Mask Pack,Beauty,4,181.45,725.8
2023-05-23,Webcam HD 1080p,Electronics,19,1821.3,34604.7
2023-05-24,Under Eye Cream Dark Circles,Beauty,18,465.49,8378.82
2023-05-24,Vitamin C Face Serum 30ml,Beauty,23,645.1,14837.3
2023-05-24,Collagen Face Sheet Mask Pack,Beauty,24,197.59,4742.16
2023-05-24,Natural Aloe Vera Gel 200ml,Beauty,5,245.92,1229.6
2023-05-24,Vitamin C Face Serum 30ml,Beauty,4,650.97,2603.88
2023-05-24,Laptop Stand Adjustable,Electronics,22,1762.6,38777.2
2023-05-24,Collagen Face Sheet Mask Pack,Beauty,23,190.41,4379.43
2023-05-24,Cotton Round Neck T-Shirt,Fashion,10,376.99,3769.9
2023-05-24,Smart LED Desk Lamp,Electronics,12,853.4,10240.8
2023-05-24,Laptop Stand Adjustable,Electronics,16,1918.6,30697.6
2023-05-24,Slim Fit Chino Pants,Fashion,7,832.69,5828.83
2023-05-24,Laptop Stand Adjustable,Electronics,2,1770.51,3541.02
2023-05-24,Stainless Steel Water Bottle 1L,Home & Living,14,533.82,7473.48
2023-05-24,Leather Wallet Slim,Fashion,20,636.03,12720.6
2023-05-24,Natural Aloe Vera Gel 200ml,Beauty,10,235.59,2355.9
2023-05-25,Smart LED Desk Lamp,Electronics,1,869.46,869.46
2023-05-25,Natural Aloe Vera Gel 200ml,Beauty,16,244.13,3906.08
2023-05-25,Slim Fit Chino Pants,Fashion,9,911.94,8207.46
2023-05-25,Under Eye Cream Dark Circles,Beauty,2,477.61,955.22
2023-05-25,Non-Stick Frying Pan 26cm,Home & Living,18,781.6,14068.8
2023-05-25,Portable Phone Charger 20000mAh,Electronics,24,1425.67,34216.08
2023-05-25,Natural Aloe Vera Gel 200ml,Beauty,22,268.17,5899.74
2023-05-26,Portable Phone Charger 20000mAh,Electronics,10,1599.43,15994.3
2023-05-26,Casual Denim Jacket,Fashion,2,1529.13,3058.26
2023-05-26,Moisturising Sunscreen SPF50,Beauty,4,402.88,1611.52
2023-05-26,Slim Fit Chino Pants,Fashion,4,862.59,3450.36
2023-05-26,Natural Aloe Vera Gel 200ml,Beauty,13,222.04,2886.52
2023-05-27,Under Eye Cream Dark Circles,Beauty,21,444.7,9338.7
2023-05-27,USB-C Fast Charging Cable,Electronics,22,275.88,6069.36
2023-05-27,Moisturising Sunscreen SPF50,Beauty,12,401.54,4818.48
2023-05-27,Scented Soy Wax Candle,Home & Living,11,357.77,3935.47
2023-05-27,Vitamin C Face Serum 30ml,Beauty,12,730.34,8764.08
2023-05-27,Wireless Bluetooth Earbuds,Electronics,10,1224.52,12245.2
2023-05-27,Moisturising Sunscreen SPF50,Beauty,19,373.36,7093.84
2023-05-28,Sunglasses UV400 Polarized,Fashion,2,778.43,1556.86
2023-05-28,Leather Wallet Slim,Fashion,17,571.12,9709.04
2023-05-28,Under Eye Cream Dark Circles,Beauty,23,472.23,10861.29
2023-05-28,Leather Wallet Slim,Fashion,7,621.44,4350.08
2023-05-28,Natural Aloe Vera Gel 200ml,Beauty,4,263.86,1055.44
2023-05-28,Leather Wallet Slim,Fashion,24,628.68,15088.32
2023-05-28,Stainless Steel Water Bottle 1L,Home & Living,17,506.05,8602.85
2023-05-29,Noise Cancelling Headphones,Electronics,11,3744.09,41184.99
2023-05-29,Portable Phone Charger 20000mAh,Electronics,23,1562.54,35938.42
2023-05-29,Noise Cancelling Headphones,Electronics,7,3982.52,27877.64
2023-05-29,Under Eye Cream Dark Circles,Beauty,22,433.08,9527.76
2023-05-29,Running Sports Shoes,Fashion,25,1992.51,49812.75
2023-05-29,Wireless Bluetooth Earbuds,Electronics,3,1352.14,4056.42
2023-05-30,Wireless Bluetooth Earbuds,Electronics,25,1298.54,32463.5
2023-05-30,Non-Stick Frying Pan 26cm,Home & Living,24,825.56,19813.44
2023-05-30,Smart LED Desk Lamp,Electronics,21,934.23,19618.83
2023-05-30,Sunglasses UV400 Polarized,Fashion,1,747.71,747.71
2023-05-30,Collagen Face Sheet Mask Pack,Beauty,14,209.92,2938.88
2023-05-30,Bamboo Cutting Board Set,Home & Living,21,603.6,12675.6
2023-05-30,Mechanical Keyboard RGB,Electronics,15,2490.25,37353.75
2023-05-30,Laptop Stand Adjustable,Electronics,10,1920.26,19202.6
2023-05-30,Slim Fit Chino Pants,Fashion,20,912.14,18242.8
2023-05-31,USB-C Fast Charging Cable,Electronics,16,316.75,5068.0
2023-05-31,Stainless Steel Water Bottle 1L,Home & Living,23,477.28,10977.44
2023-05-31,Leather Wallet Slim,Fashion,1,585.73,585.73
2023-05-31,Smart LED Desk Lamp,Electronics,25,856.11,21402.75
2023-05-31,Laptop Stand Adjustable,Electronics,9,1812.61,16313.49
2023-05-31,Running Sports Shoes,Fashion,10,2064.0,20640.0
2023-05-31,Vitamin C Face Serum 30ml,Beauty,12,719.48,8633.76
2023-05-31,Vitamin C Face Serum 30ml,Beauty,13,732.34,9520.42
2023-06-01,Wireless Bluetooth Earbuds,Electronics,6,1278.58,7671.48
2023-06-01,USB-C Fast Charging Cable,Electronics,7,278.78,1951.46
2023-06-01,Collagen Face Sheet Mask Pack,Beauty,11,192.56,2118.16
2023-06-01,Leather Wallet Slim,Fashion,20,576.75,11535.0
2023-06-01,Vitamin C Face Serum 30ml,Beauty,11,675.45,7429.95
2023-06-01,Stainless Steel Water Bottle 1L,Home & Living,25,507.22,12680.5
2023-06-01,Laptop Stand Adjustable,Electronics,5,1821.98,9109.9
2023-06-01,Cotton Round Neck T-Shirt,Fashion,8,371.8,2974.4
2023-06-02,USB-C Fast Charging Cable,Electronics,10,308.41,3084.1
2023-06-02,Natural Aloe Vera Gel 200ml,Beauty,11,266.33,2929.63
2023-06-02,Running Sports Shoes,Fashion,19,1974.83,37521.77
2023-06-02,Smart LED Desk Lamp,Electronics,21,829.3,17415.3
2023-06-02,Memory Foam Pillow,Home & Living,16,901.61,14425.76
2023-06-02,Webcam HD 1080p,Electronics,8,1943.17,15545.36
2023-06-02,Portable Phone Charger 20000mAh,Electronics,15,1489.23,22338.45
2023-06-02,Natural Aloe Vera Gel 200ml,Beauty,13,269.74,3506.62
2023-06-02,Under Eye Cream Dark Circles,Beauty,19,410.27,7795.13
2023-06-02,Moisturising Sunscreen SPF50,Beauty,3,390.52,1171.56
2023-06-03,Stainless Steel Water Bottle 1L,Home & Living,24,530.14,12723.36
2023-06-03,Laptop Stand Adjustable,Electronics,25,1819.71,45492.75
2023-06-03,Smart LED Desk Lamp,Electronics,16,944.19,15107.04
2023-06-03,Laptop Stand Adjustable,Electronics,20,1761.08,35221.6
2023-06-03,Under Eye Cream Dark Circles,Beauty,8,427.42,3419.36
2023-06-03,USB-C Fast Charging Cable,Electronics,12,314.62,3775.44
2023-06-04,Non-Stick Frying Pan 26cm,Home & Living,5,746.28,3731.4
2023-06-04,Stainless Steel Water Bottle 1L,Home & Living,18,465.99,8387.82
2023-06-04,Casual Denim Jacket,Fashion,12,1566.13,18793.56
2023-06-04,Bamboo Cutting Board Set,Home & Living,10,620.27,6202.7
2023-06-04,Vitamin C Face Serum 30ml,Beauty,6,660.95,3965.7
2023-06-04,Leather Wallet Slim,Fashion,15,635.38,9530.7
2023-06-04,Running Sports Shoes,Fashion,19,2046.13,38876.47
2023-06-04,Sunglasses UV400 Polarized,Fashion,21,824.12,17306.52
2023-06-04,Scented Soy Wax Candle,Home & Living,3,323.05,969.15
2023-06-04,Smart LED Desk Lamp,Electronics,23,908.88,20904.24
2023-06-05,Noise Cancelling Headphones,Electronics,1,4221.39,4221.39
2023-06-05,Slim Fit Chino Pants,Fashion,3,845.35,2536.05
2023-06-05,Wireless Bluetooth Earbuds,Electronics,15,1306.94,19604.1
2023-06-05,Memory Foam Pillow,Home & Living,18,947.05,17046.9
2023-06-05,Casual Denim Jacket,Fashion,23,1461.28,33609.44
2023-06-05,Portable Phone Charger 20000mAh,Electronics,19,1578.57,29992.83
2023-06-05,Stainless Steel Water Bottle 1L,Home & Living,6,482.56,2895.36
2023-06-05,Cotton Round Neck T-Shirt,Fashion,22,375.14,8253.08
2023-06-05,Moisturising Sunscreen SPF50,Beauty,3,412.74,1238.22
2023-06-05,Sunglasses UV400 Polarized,Fashion,16,734.52,11752.32
2023-06-05,Natural Aloe Vera Gel 200ml,Beauty,15,238.24,3573.6
2023-06-06,Laptop Stand Adjustable,Electronics,18,1792.28,32261.04
2023-06-06,Sunglasses UV400 Polarized,Fashion,6,786.63,4719.78
2023-06-06,Noise Cancelling Headphones,Electronics,11,4341.79,47759.69
2023-06-06,Bamboo Cutting Board Set,Home & Living,25,628.17,15704.25
2023-06-06,Memory Foam Pillow,Home & Living,14,955.5,13377.0
2023-06-06,Wireless Bluetooth Earbuds,Electronics,22,1229.82,27056.04
2023-06-06,USB-C Fast Charging Cable,Electronics,11,278.71,3065.81
2023-06-06,Sunglasses UV400 Polarized,Fashion,25,825.82,20645.5
2023-06-06,Bamboo Cutting Board Set,Home & Living,25,565.77,14144.25
2023-06-06,Casual Denim Jacket,Fashion,4,1375.96,5503.84
2023-06-07,Running Sports Shoes,Fashion,24,2053.86,49292.64
2023-06-07,Collagen Face Sheet Mask Pack,Beauty,24,185.31,4447.44
2023-06-07,Running Sports Shoes,Fashion,20,2019.5,40390.0
2023-06-07,Collagen Face Sheet Mask Pack,Beauty,19,197.79,3758.01
2023-06-07,Running Sports Shoes,Fashion,12,2143.34,25720.08
2023-06-07,Wireless Bluetooth Earbuds,Electronics,3,1279.66,3838.98
2023-06-08,Natural Aloe Vera Gel 200ml,Beauty,5,236.09,1180.45
2023-06-08,Memory Foam Pillow,Home & Living,19,908.75,17266.25
2023-06-08,Sunglasses UV400 Polarized,Fashion,18,805.58,14500.44
2023-06-08,Sunglasses UV400 Polarized,Fashion,6,769.19,4615.14
2023-06-08,Laptop Stand Adjustable,Electronics,12,1769.46,21233.52
2023-06-08,Collagen Face Sheet Mask Pack,Beauty,11,199.16,2190.76
2023-06-08,Collagen Face Sheet Mask Pack,Beauty,8,211.39,1691.12
2023-06-08,Portable Phone Charger 20000mAh,Electronics,15,1439.27,21589.05
2023-06-08,Portable Phone Charger 20000mAh,Electronics,23,1485.34,34162.82
2023-06-08,Scented Soy Wax Candle,Home & Living,1,341.45,341.45
2023-06-08,Leather Wallet Slim,Fashion,10,639.21,6392.1
2023-06-08,Wireless Bluetooth Earbuds,Electronics,17,1312.94,22319.98
2023-06-08,Under Eye Cream Dark Circles,Beauty,13,419.08,5448.04
2023-06-08,Vitamin C Face Serum 30ml,Beauty,24,689.22,16541.28
2023-06-09,Running Sports Shoes,Fashion,15,2036.85,30552.75
2023-06-09,Memory Foam Pillow,Home & Living,16,883.57,14137.12
2023-06-09,Smart LED Desk Lamp,Electronics,20,832.02,16640.4
2023-06-09,Scented Soy Wax Candle,Home & Living,7,360.12,2520.84
2023-06-09,Casual Denim Jacket,Fashion,25,1570.4,39260.0
2023-06-09,Memory Foam Pillow,Home & Living,16,917.7,14683.2
2023-06-09,Wireless Bluetooth Earbuds,Electronics,8,1339.2,10713.6
2023-06-10,Casual Denim Jacket,Fashion,25,1428.21,35705.25
2023-06-10,Mechanical Keyboard RGB,Electronics,24,2566.86,61604.64
2023-06-10,Webcam HD 1080p,Electronics,22,1828.22,40220.84
2023-06-10,Stainless Steel Water Bottle 1L,Home & Living,10,518.32,5183.2
2023-06-10,Leather Wallet Slim,Fashion,19,618.31,11747.89
2023-06-10,Scented Soy Wax Candle,Home & Living,9,351.93,3167.37
2023-06-10,USB-C Fast Charging Cable,Electronics,17,321.78,5470.26
2023-06-10,Scented Soy Wax Candle,Home & Living,22,364.32,8015.04
2023-06-11,USB-C Fast Charging Cable,Electronics,20,261.78,5235.6
2023-06-11,Non-Stick Frying Pan 26cm,Home & Living,25,755.11,18877.75
2023-06-11,Smart LED Desk Lamp,Electronics,25,888.59,22214.75
2023-06-11,Bamboo Cutting Board Set,Home & Living,12,572.97,6875.64
2023-06-11,Non-Stick Frying Pan 26cm,Home & Living,19,794.94,15103.86
2023-06-11,Leather Wallet Slim,Fashion,15,594.58,8918.7
2023-06-11,Laptop Stand Adjustable,Electronics,17,1903.27,32355.59
2023-06-11,Webcam HD 1080p,Electronics,25,1802.85,45071.25
2023-06-11,Non-Stick Frying Pan 26cm,Home & Living,17,831.88,14141.96
2023-06-11,Stainless Steel Water Bottle 1L,Home & Living,4,513.58,2054.32
2023-06-11,Sunglasses UV400 Polarized,Fashion,6,749.83,4498.98
2023-06-11,Vitamin C Face Serum 30ml,Beauty,14,743.52,10409.28
2023-06-11,Bamboo Cutting Board Set,Home & Living,10,567.33,5673.3
2023-06-11,Sunglasses UV400 Polarized,Fashion,6,817.08,4902.48
2023-06-11,Scented Soy Wax Candle,Home & Living,19,365.87,6951.53
2023-06-12,Slim Fit Chino Pants,Fashion,11,915.25,10067.75
2023-06-12,Webcam HD 1080p,Electronics,17,1784.4,30334.8
2023-06-12,Laptop Stand Adjustable,Electronics,10,1878.86,18788.6
2023-06-12,Wireless Bluetooth Earbuds,Electronics,10,1313.65,13136.5
2023-06-12,Moisturising Sunscreen SPF50,Beauty,17,401.06,6818.02
2023-06-12,Wireless Bluetooth Earbuds,Electronics,11,1227.04,13497.44
2023-06-12,Smart LED Desk Lamp,Electronics,5,932.88,4664.4
2023-06-12,Noise Cancelling Headphones,Electronics,11,4319.79,47517.69
2023-06-12,Slim Fit Chino Pants,Fashion,21,858.87,18036.27
2023-06-12,Running Sports Shoes,Fashion,22,2086.2,45896.4
2023-06-12,Bamboo Cutting Board Set,Home & Living,1,635.29,635.29
2023-06-13,Natural Aloe Vera Gel 200ml,Beauty,21,235.37,4942.77
2023-06-13,Running Sports Shoes,Fashion,9,2014.23,18128.07
2023-06-13,Stainless Steel Water Bottle 1L,Home & Living,17,460.94,7835.98
2023-06-13,Webcam HD 1080p,Electronics,13,1684.91,21903.83
2023-06-13,Mechanical Keyboard RGB,Electronics,9,2446.93,22022.37
2023-06-13,Sunglasses UV400 Polarized,Fashion,19,816.83,15519.77
2023-06-13,Noise Cancelling Headphones,Electronics,22,3791.51,83413.22
2023-06-13,Sunglasses UV400 Polarized,Fashion,21,756.05,15877.05
2023-06-13,Natural Aloe Vera Gel 200ml,Beauty,5,245.89,1229.45
2023-06-13,Smart LED Desk Lamp,Electronics,9,947.87,8530.83
2023-06-13,Non-Stick Frying Pan 26cm,Home & Living,14,855.21,11972.94
2023-06-14,Under Eye Cream Dark Circles,Beauty,9,452.36,4071.24
2023-06-14,Smart LED Desk Lamp,Electronics,6,897.1,5382.6
2023-06-14,Non-Stick Frying Pan 26cm,Home & Living,11,777.89,8556.79
2023-06-14,Non-Stick Frying Pan 26cm,Home & Living,13,751.44,9768.72
2023-06-14,Slim Fit Chino Pants,Fashion,18,849.56,15292.08
2023-06-14,Under Eye Cream Dark Circles,Beauty,12,447.56,5370.72
2023-06-14,Wireless Bluetooth Earbuds,Electronics,20,1221.82,24436.4
2023-06-15,Bamboo Cutting Board Set,Home & Living,13,562.16,7308.08
2023-06-15,Smart LED Desk Lamp,Electronics,3,893.61,2680.83
2023-06-15,Slim Fit Chino Pants,Fashion,10,937.5,9375.0
2023-06-15,Leather Wallet Slim,Fashion,7,616.31,4314.17
2023-06-15,Cotton Round Neck T-Shirt,Fashion,7,418.56,2929.92
2023-06-16,Under Eye Cream Dark Circles,Beauty,8,440.02,3520.16
2023-06-16,Laptop Stand Adjustable,Electronics,1,1714.16,1714.16
2023-06-16,Bamboo Cutting Board Set,Home & Living,22,570.97,12561.34
2023-06-16,Moisturising Sunscreen SPF50,Beauty,25,372.29,9307.25
2023-06-16,Running Sports Shoes,Fashion,15,2149.32,32239.8
2023-06-16,Slim Fit Chino Pants,Fashion,18,916.75,16501.5
2023-06-16,Leather Wallet Slim,Fashion,5,611.83,3059.15
2023-06-16,Wireless Bluetooth Earbuds,Electronics,19,1239.9,23558.1
2023-06-16,Laptop Stand Adjustable,Electronics,2,1717.18,3434.36
2023-06-16,USB-C Fast Charging Cable,Electronics,15,265.1,3976.5
2023-06-16,Wireless Bluetooth Earbuds,Electronics,14,1237.12,17319.68
2023-06-16,Stainless Steel Water Bottle 1L,Home & Living,22,518.35,11403.7
2023-06-16,Bamboo Cutting Board Set,Home & Living,3,595.34,1786.02
2023-06-16,Bamboo Cutting Board Set,Home & Living,17,570.51,9698.67
2023-06-17,Vitamin C Face Serum 30ml,Beauty,25,646.11,16152.75
2023-06-17,Slim Fit Chino Pants,Fashion,5,928.56,4642.8
2023-06-17,Running Sports Shoes,Fashion,10,1961.81,19618.1
2023-06-17,Slim Fit Chino Pants,Fashion,25,906.72,22668.0
2023-06-17,Smart LED Desk Lamp,Electronics,13,895.8,11645.4
2023-06-17,Memory Foam Pillow,Home & Living,13,903.82,11749.66
2023-06-17,Scented Soy Wax Candle,Home & Living,23,361.67,8318.41
2023-06-17,Collagen Face Sheet Mask Pack,Beauty,22,207.78,4571.16
2023-06-17,Wireless Bluetooth Earbuds,Electronics,20,1221.67,24433.4
2023-06-18,Casual Denim Jacket,Fashion,2,1508.09,3016.18
2023-06-18,Sunglasses UV400 Polarized,Fashion,5,829.44,4147.2
2023-06-18,Collagen Face Sheet Mask Pack,Beauty,7,185.34,1297.38
2023-06-18,Portable Phone Charger 20000mAh,Electronics,15,1550.03,23250.45
2023-06-19,Non-Stick Frying Pan 26cm,Home & Living,9,798.18,7183.62
2023-06-19,Cotton Round Neck T-Shirt,Fashion,6,420.86,2525.16
2023-06-19,Noise Cancelling Headphones,Electronics,1,4337.04,4337.04
2023-06-19,Natural Aloe Vera Gel 200ml,Beauty,12,261.78,3141.36
2023-06-19,USB-C Fast Charging Cable,Electronics,1,261.25,261.25
2023-06-19,Bamboo Cutting Board Set,Home & Living,6,624.58,3747.48
2023-06-19,Vitamin C Face Serum 30ml,Beauty,9,652.47,5872.23
2023-06-19,Slim Fit Chino Pants,Fashion,8,836.28,6690.24
2023-06-19,Sunglasses UV400 Polarized,Fashion,3,793.27,2379.81
2023-06-19,Cotton Round Neck T-Shirt,Fashion,20,381.48,7629.6
2023-06-19,Stainless Steel Water Bottle 1L,Home & Living,23,507.08,11662.84
2023-06-19,Cotton Round Neck T-Shirt,Fashion,20,370.12,7402.4
2023-06-20,Stainless Steel Water Bottle 1L,Home & Living,4,502.67,2010.68
2023-06-20,Stainless Steel Water Bottle 1L,Home & Living,2,533.77,1067.54
2023-06-20,Natural Aloe Vera Gel 200ml,Beauty,12,256.41,3076.92
2023-06-20,Noise Cancelling Headphones,Electronics,22,4103.8,90283.6
2023-06-20,Memory Foam Pillow,Home & Living,22,952.93,20964.46
2023-06-20,Webcam HD 1080p,Electronics,4,1750.72,7002.88
2023-06-20,Mechanical Keyboard RGB,Electronics,5,2343.48,11717.4
2023-06-20,Casual Denim Jacket,Fashion,6,1464.21,8785.26
2023-06-20,Casual Denim Jacket,Fashion,17,1357.25,23073.25
2023-06-21,Moisturising Sunscreen SPF50,Beauty,8,426.94,3415.52
2023-06-21,USB-C Fast Charging Cable,Electronics,23,289.18,6651.14
2023-06-21,Non-Stick Frying Pan 26cm,Home & Living,9,755.25,6797.25
2023-06-21,Noise Cancelling Headphones,Electronics,24,4169.49,100067.76
2023-06-21,Non-Stick Frying Pan 26cm,Home & Living,13,760.92,9891.96
2023-06-21,Webcam HD 1080p,Electronics,3,1744.48,5233.44
2023-06-21,Bamboo Cutting Board Set,Home & Living,1,599.41,599.41
2023-06-21,Running Sports Shoes,Fashion,18,1997.81,35960.58
2023-06-21,Under Eye Cream Dark Circles,Beauty,24,419.61,10070.64
2023-06-21,Natural Aloe Vera Gel 200ml,Beauty,12,237.67,2852.04
2023-06-22,Wireless Bluetooth Earbuds,Electronics,1,1243.63,1243.63
2023-06-22,Scented Soy Wax Candle,Home & Living,22,330.78,7277.16
2023-06-22,Webcam HD 1080p,Electronics,25,1939.29,48482.25
2023-06-22,Noise Cancelling Headphones,Electronics,18,3762.74,67729.32
2023-06-22,Laptop Stand Adjustable,Electronics,13,1744.92,22683.96
2023-06-22,Bamboo Cutting Board Set,Home & Living,25,622.95,15573.75
2023-06-22,Mechanical Keyboard RGB,Electronics,8,2544.79,20358.32
2023-06-22,Slim Fit Chino Pants,Fashion,5,939.13,4695.65
2023-06-22,Vitamin C Face Serum 30ml,Beauty,2,742.84,1485.68
2023-06-22,Stainless Steel Water Bottle 1L,Home & Living,24,518.74,12449.76
2023-06-22,Running Sports Shoes,Fashion,2,2032.66,4065.32
2023-06-23,Portable Phone Charger 20000mAh,Electronics,5,1541.75,7708.75
2023-06-23,Sunglasses UV400 Polarized,Fashion,18,830.09,14941.62
2023-06-23,Portable Phone Charger 20000mAh,Electronics,15,1602.77,24041.55
2023-06-23,Non-Stick Frying Pan 26cm,Home & Living,13,806.27,10481.51
2023-06-23,Non-Stick Frying Pan 26cm,Home & Living,8,785.69,6285.52
2023-06-23,Moisturising Sunscreen SPF50,Beauty,22,409.57,9010.54
2023-06-23,Moisturising Sunscreen SPF50,Beauty,1,370.53,370.53
2023-06-23,Collagen Face Sheet Mask Pack,Beauty,6,192.47,1154.82
2023-06-23,Noise Cancelling Headphones,Electronics,7,3960.63,27724.41
2023-06-23,Running Sports Shoes,Fashion,4,1995.41,7981.64
2023-06-23,Cotton Round Neck T-Shirt,Fashion,6,390.99,2345.94
2023-06-23,Under Eye Cream Dark Circles,Beauty,18,432.45,7784.1
2023-06-23,Bamboo Cutting Board Set,Home & Living,25,586.12,14653.0
2023-06-23,Cotton Round Neck T-Shirt,Fashion,1,396.65,396.65
2023-06-23,Mechanical Keyboard RGB,Electronics,10,2523.45,25234.5
2023-06-24,Slim Fit Chino Pants,Fashion,8,943.93,7551.44
2023-06-24,Running Sports Shoes,Fashion,16,1919.15,30706.4
2023-06-24,Noise Cancelling Headphones,Electronics,8,3922.31,31378.48
2023-06-24,Mechanical Keyboard RGB,Electronics,16,2697.12,43153.92
2023-06-24,Casual Denim Jacket,Fashion,7,1476.54,10335.78
2023-06-24,Under Eye Cream Dark Circles,Beauty,2,479.36,958.72
2023-06-24,Under Eye Cream Dark Circles,Beauty,13,472.4,6141.2
2023-06-24,Under Eye Cream Dark Circles,Beauty,25,438.56,10964.0
2023-06-25,Slim Fit Chino Pants,Fashion,25,848.73,21218.25
2023-06-25,Bamboo Cutting Board Set,Home & Living,20,555.14,11102.8
2023-06-25,Running Sports Shoes,Fashion,18,1964.1,35353.8
2023-06-25,Sunglasses UV400 Polarized,Fashion,14,758.52,10619.28
2023-06-25,Portable Phone Charger 20000mAh,Electronics,25,1401.09,35027.25
2023-06-25,Sunglasses UV400 Polarized,Fashion,7,744.87,5214.09
2023-06-26,Vitamin C Face Serum 30ml,Beauty,8,700.72,5605.76
2023-06-26,Slim Fit Chino Pants,Fashion,25,834.63,20865.75
2023-06-26,Natural Aloe Vera Gel 200ml,Beauty,13,230.85,3001.05
2023-06-26,Natural Aloe Vera Gel 200ml,Beauty,5,241.96,1209.8
2023-06-26,Wireless Bluetooth Earbuds,Electronics,19,1218.79,23157.01
2023-06-26,Scented Soy Wax Candle,Home & Living,21,364.33,7650.93
2023-06-26,Bamboo Cutting Board Set,Home & Living,18,572.92,10312.56
2023-06-26,Slim Fit Chino Pants,Fashion,9,905.68,8151.12
2023-06-26,Vitamin C Face Serum 30ml,Beauty,22,652.51,14355.22
2023-06-26,Casual Denim Jacket,Fashion,16,1558.36,24933.76
2023-06-26,Noise Cancelling Headphones,Electronics,21,3741.31,78567.51
2023-06-27,Wireless Bluetooth Earbuds,Electronics,5,1287.63,6438.15
2023-06-27,Running Sports Shoes,Fashion,21,2012.86,42270.06
2023-06-27,Noise Cancelling Headphones,Electronics,10,3919.57,39195.7
2023-06-27,Smart LED Desk Lamp,Electronics,2,964.05,1928.1
2023-06-27,Laptop Stand Adjustable,Electronics,17,1732.19,29447.23
2023-06-27,Stainless Steel Water Bottle 1L,Home & Living,13,498.13,6475.69
2023-06-27,Cotton Round Neck T-Shirt,Fashion,18,419.52,7551.36
2023-06-27,Portable Phone Charger 20000mAh,Electronics,14,1597.21,22360.94
2023-06-27,Mechanical Keyboard RGB,Electronics,24,2379.77,57114.48
2023-06-27,Vitamin C Face Serum 30ml,Beauty,14,706.33,9888.62
2023-06-27,Stainless Steel Water Bottle 1L,Home & Living,7,502.73,3519.11
2023-06-27,Smart LED Desk Lamp,Electronics,15,860.9,12913.5
2023-06-28,Running Sports Shoes,Fashion,9,2105.54,18949.86
2023-06-28,Running Sports Shoes,Fashion,22,2053.5,45177.0
2023-06-28,Portable Phone Charger 20000mAh,Electronics,17,1490.45,25337.65
2023-06-28,Moisturising Sunscreen SPF50,Beauty,2,390.14,780.28
2023-06-28,Non-Stick Frying Pan 26cm,Home & Living,13,844.69,10980.97
2023-06-28,Natural Aloe Vera Gel 200ml,Beauty,21,235.51,4945.71
2023-06-28,Leather Wallet Slim,Fashion,1,638.48,638.48
2023-06-28,Webcam HD 1080p,Electronics,18,1920.64,34571.52
2023-06-28,Natural Aloe Vera Gel 200ml,Beauty,18,258.9,4660.2
2023-06-28,Stainless Steel Water Bottle 1L,Home & Living,3,499.31,1497.93
2023-06-28,Smart LED Desk Lamp,Electronics,23,836.47,19238.81
2023-06-28,Running Sports Shoes,Fashion,8,2063.72,16509.76
2023-06-28,Mechanical Keyboard RGB,Electronics,2,2392.6,4785.2
2023-06-28,Running Sports Shoes,Fashion,2,2102.76,4205.52
2023-06-28,Collagen Face Sheet Mask Pack,Beauty,14,206.01,2884.14
2023-06-28,Casual Denim Jacket,Fashion,15,1467.49,22012.35
2023-06-28,Stainless Steel Water Bottle 1L,Home & Living,8,485.6,3884.8
2023-06-28,Natural Aloe Vera Gel 200ml,Beauty,18,253.2,4557.6
2023-06-28,Webcam HD 1080p,Electronics,7,1936.97,13558.79
2023-06-29,Bamboo Cutting Board Set,Home & Living,5,563.2,2816.0
2023-06-29,USB-C Fast Charging Cable,Electronics,2,315.15,630.3
2023-06-29,Casual Denim Jacket,Fashion,6,1464.5,8787.0
2023-06-29,Noise Cancelling Headphones,Electronics,16,4313.07,69009.12
2023-06-29,Mechanical Keyboard RGB,Electronics,22,2617.73,57590.06
2023-06-29,Moisturising Sunscreen SPF50,Beauty,24,421.18,10108.32
2023-06-29,USB-C Fast Charging Cable,Electronics,25,316.63,7915.75
2023-06-29,Wireless Bluetooth Earbuds,Electronics,22,1205.27,26515.94
2023-06-29,Stainless Steel Water Bottle 1L,Home & Living,18,520.48,9368.64
2023-06-29,Slim Fit Chino Pants,Fashion,4,868.1,3472.4
2023-06-29,Scented Soy Wax Candle,Home & Living,1,321.93,321.93
2023-06-29,Webcam HD 1080p,Electronics,19,1921.61,36510.59
2023-06-30,Memory Foam Pillow,Home & Living,8,874.79,6998.32
2023-06-30,Non-Stick Frying Pan 26cm,Home & Living,21,858.03,18018.63
2023-06-30,USB-C Fast Charging Cable,Electronics,2,317.19,634.38
2023-06-30,Wireless Bluetooth Earbuds,Electronics,10,1395.83,13958.3
2023-06-30,Scented Soy Wax Candle,Home & Living,13,369.06,4797.78
2023-06-30,Webcam HD 1080p,Electronics,8,1652.16,13217.28
2023-06-30,Noise Cancelling Headphones,Electronics,23,3856.79,88706.17
2023-06-30,Slim Fit Chino Pants,Fashion,25,870.68,21767.0
2023-06-30,USB-C Fast Charging Cable,Electronics,4,312.5,1250.0
2023-07-01,Webcam HD 1080p,Electronics,3,1884.85,5654.55
2023-07-01,Memory Foam Pillow,Home & Living,7,897.94,6285.58
2023-07-01,Slim Fit Chino Pants,Fashion,7,920.62,6444.34
2023-07-01,Wireless Bluetooth Earbuds,Electronics,6,1235.13,7410.78
2023-07-01,Under Eye Cream Dark Circles,Beauty,9,446.09,4014.81
2023-07-01,Portable Phone Charger 20000mAh,Electronics,16,1603.67,25658.72
2023-07-01,Casual Denim Jacket,Fashion,21,1548.91,32527.11
2023-07-01,Bamboo Cutting Board Set,Home & Living,22,579.59,12750.98
2023-07-01,Stainless Steel Water Bottle 1L,Home & Living,11,481.26,5293.86
2023-07-01,Laptop Stand Adjustable,Electronics,6,1786.63,10719.78
2023-07-01,Bamboo Cutting Board Set,Home & Living,25,631.24,15781.0
2023-07-02,Casual Denim Jacket,Fashion,10,1619.21,16192.1
2023-07-02,Natural Aloe Vera Gel 200ml,Beauty,24,264.56,6349.44
2023-07-02,Vitamin C Face Serum 30ml,Beauty,4,732.12,2928.48
2023-07-02,Scented Soy Wax Candle,Home & Living,7,343.7,2405.9
2023-07-03,Stainless Steel Water Bottle 1L,Home & Living,17,522.19,8877.23
2023-07-03,Vitamin C Face Serum 30ml,Beauty,20,653.76,13075.2
2023-07-03,Vitamin C Face Serum 30ml,Beauty,7,702.18,4915.26
2023-07-03,Bamboo Cutting Board Set,Home & Living,15,580.07,8701.05
2023-07-03,Non-Stick Frying Pan 26cm,Home & Living,1,852.85,852.85
2023-07-04,Mechanical Keyboard RGB,Electronics,7,2332.14,16324.98
2023-07-04,Moisturising Sunscreen SPF50,Beauty,7,371.01,2597.07
2023-07-04,Wireless Bluetooth Earbuds,Electronics,23,1270.02,29210.46
2023-07-04,Laptop Stand Adjustable,Electronics,8,1871.12,14968.96
2023-07-04,Leather Wallet Slim,Fashion,15,573.44,8601.6
2023-07-04,Portable Phone Charger 20000mAh,Electronics,14,1550.19,21702.66
2023-07-04,Running Sports Shoes,Fashion,1,2054.14,2054.14
2023-07-05,Memory Foam Pillow,Home & Living,19,883.39,16784.41
2023-07-05,Memory Foam Pillow,Home & Living,17,953.94,16216.98
2023-07-05,Sunglasses UV400 Polarized,Fashion,5,823.67,4118.35
2023-07-05,Smart LED Desk Lamp,Electronics,8,920.25,7362.0
2023-07-05,Memory Foam Pillow,Home & Living,24,926.11,22226.64
2023-07-05,Leather Wallet Slim,Fashion,2,609.03,1218.06
2023-07-05,Bamboo Cutting Board Set,Home & Living,19,603.56,11467.64
2023-07-05,Webcam HD 1080p,Electronics,25,1733.75,43343.75
2023-07-05,Noise Cancelling Headphones,Electronics,9,3827.23,34445.07
2023-07-05,Cotton Round Neck T-Shirt,Fashion,4,400.51,1602.04
2023-07-05,Collagen Face Sheet Mask Pack,Beauty,18,184.79,3326.22
2023-07-06,Collagen Face Sheet Mask Pack,Beauty,23,180.06,4141.38
2023-07-06,Cotton Round Neck T-Shirt,Fashion,21,421.92,8860.32
2023-07-06,Scented Soy Wax Candle,Home & Living,1,360.76,360.76
2023-07-06,Smart LED Desk Lamp,Electronics,6,881.75,5290.5
2023-07-06,Collagen Face Sheet Mask Pack,Beauty,19,208.73,3965.87
2023-07-06,USB-C Fast Charging Cable,Electronics,2,277.08,554.16
2023-07-06,Running Sports Shoes,Fashion,15,2011.36,30170.4
2023-07-06,Cotton Round Neck T-Shirt,Fashion,25,385.29,9632.25
2023-07-06,Non-Stick Frying Pan 26cm,Home & Living,20,825.89,16517.8
2023-07-07,Portable Phone Charger 20000mAh,Electronics,10,1486.86,14868.6
2023-07-07,Leather Wallet Slim,Fashion,4,580.97,2323.88
2023-07-07,Stainless Steel Water Bottle 1L,Home & Living,25,518.13,12953.25
2023-07-07,Slim Fit Chino Pants,Fashion,10,916.63,9166.3
2023-07-07,Memory Foam Pillow,Home & Living,15,850.22,12753.3
2023-07-07,Scented Soy Wax Candle,Home & Living,14,348.72,4882.08
2023-07-07,Non-Stick Frying Pan 26cm,Home & Living,24,848.31,20359.44
2023-07-07,Noise Cancelling Headphones,Electronics,4,4343.82,17375.28
2023-07-07,Portable Phone Charger 20000mAh,Electronics,3,1542.67,4628.01
2023-07-08,Vitamin C Face Serum 30ml,Beauty,21,746.94,15685.74
2023-07-08,Casual Denim Jacket,Fashion,13,1584.3,20595.9
2023-07-08,Running Sports Shoes,Fashion,5,2053.67,10268.35
2023-07-08,Wireless Bluetooth Earbuds,Electronics,20,1331.68,26633.6
2023-07-08,Vitamin C Face Serum 30ml,Beauty,8,732.62,5860.96
2023-07-08,Natural Aloe Vera Gel 200ml,Beauty,10,227.57,2275.7
2023-07-08,Memory Foam Pillow,Home & Living,11,868.85,9557.35
2023-07-08,Slim Fit Chino Pants,Fashion,20,835.76,16715.2
2023-07-08,Casual Denim Jacket,Fashion,1,1409.33,1409.33
2023-07-08,Collagen Face Sheet Mask Pack,Beauty,17,185.59,3155.03
2023-07-09,Collagen Face Sheet Mask Pack,Beauty,17,192.53,3273.01
2023-07-09,Leather Wallet Slim,Fashion,18,571.42,10285.56
2023-07-09,Laptop Stand Adjustable,Electronics,12,1778.62,21343.44
2023-07-09,Wireless Bluetooth Earbuds,Electronics,23,1267.62,29155.26
2023-07-09,Smart LED Desk Lamp,Electronics,1,950.22,950.22
2023-07-09,Collagen Face Sheet Mask Pack,Beauty,2,188.31,376.62
2023-07-09,Cotton Round Neck T-Shirt,Fashion,15,427.61,6414.15
2023-07-09,Moisturising Sunscreen SPF50,Beauty,15,426.6,6399.0
2023-07-09,Sunglasses UV400 Polarized,Fashion,23,740.22,17025.06
2023-07-09,Stainless Steel Water Bottle 1L,Home & Living,17,465.38,7911.46
2023-07-09,Bamboo Cutting Board Set,Home & Living,22,603.46,13276.12
2023-07-10,Wireless Bluetooth Earbuds,Electronics,5,1392.18,6960.9
2023-07-10,Bamboo Cutting Board Set,Home & Living,16,587.56,9400.96
2023-07-10,Under Eye Cream Dark Circles,Beauty,4,434.58,1738.32
2023-07-10,Memory Foam Pillow,Home & Living,6,838.31,5029.86
2023-07-10,Mechanical Keyboard RGB,Electronics,16,2549.97,40799.52
2023-07-10,Bamboo Cutting Board Set,Home & Living,11,627.62,6903.82
2023-07-10,Running Sports Shoes,Fashion,10,2002.38,20023.8
2023-07-10,Stainless Steel Water Bottle 1L,Home & Living,1,525.19,525.19
2023-07-10,USB-C Fast Charging Cable,Electronics,2,322.59,645.18
2023-07-10,Wireless Bluetooth Earbuds,Electronics,12,1350.17,16202.04
2023-07-10,Collagen Face Sheet Mask Pack,Beauty,22,199.89,4397.58
2023-07-10,Laptop Stand Adjustable,Electronics,21,1837.24,38582.04
2023-07-11,Bamboo Cutting Board Set,Home & Living,11,571.99,6291.89
2023-07-11,Noise Cancelling Headphones,Electronics,5,4151.61,20758.05
2023-07-11,Under Eye Cream Dark Circles,Beauty,15,453.81,6807.15
2023-07-11,Slim Fit Chino Pants,Fashion,1,924.79,924.79
2023-07-11,Cotton Round Neck T-Shirt,Fashion,23,413.19,9503.37
2023-07-11,Webcam HD 1080p,Electronics,9,1863.6,16772.4
2023-07-11,Under Eye Cream Dark Circles,Beauty,15,477.87,7168.05
2023-07-11,Leather Wallet Slim,Fashion,24,595.75,14298.0
2023-07-11,Cotton Round Neck T-Shirt,Fashion,1,372.93,372.93
2023-07-12,Slim Fit Chino Pants,Fashion,8,925.95,7407.6
2023-07-12,Leather Wallet Slim,Fashion,21,635.94,13354.74
2023-07-12,Sunglasses UV400 Polarized,Fashion,8,788.04,6304.32
2023-07-12,Scented Soy Wax Candle,Home & Living,22,373.98,8227.56
2023-07-12,Moisturising Sunscreen SPF50,Beauty,9,387.18,3484.62
2023-07-13,Casual Denim Jacket,Fashion,6,1401.99,8411.94
2023-07-13,Scented Soy Wax Candle,Home & Living,12,345.95,4151.4
2023-07-13,Wireless Bluetooth Earbuds,Electronics,17,1248.92,21231.64
2023-07-13,Memory Foam Pillow,Home & Living,8,959.59,7676.72
2023-07-13,Cotton Round Neck T-Shirt,Fashion,25,427.5,10687.5
2023-07-13,Stainless Steel Water Bottle 1L,Home & Living,1,500.3,500.3
2023-07-13,Slim Fit Chino Pants,Fashion,20,900.14,18002.8
2023-07-13,Sunglasses UV400 Polarized,Fashion,8,742.61,5940.88
2023-07-13,Under Eye Cream Dark Circles,Beauty,4,434.41,1737.64
2023-07-13,USB-C Fast Charging Cable,Electronics,8,275.49,2203.92
2023-07-13,Moisturising Sunscreen SPF50,Beauty,5,412.68,2063.4
2023-07-13,Vitamin C Face Serum 30ml,Beauty,6,712.91,4277.46
2023-07-13,Running Sports Shoes,Fashion,15,2148.58,32228.7
2023-07-13,Wireless Bluetooth Earbuds,Electronics,15,1359.32,20389.8
2023-07-14,Collagen Face Sheet Mask Pack,Beauty,17,200.76,3412.92
2023-07-14,Leather Wallet Slim,Fashion,5,649.24,3246.2
2023-07-14,Vitamin C Face Serum 30ml,Beauty,7,643.1,4501.7
2023-07-14,Under Eye Cream Dark Circles,Beauty,20,454.45,9089.0
2023-07-14,Running Sports Shoes,Fashion,3,1992.86,5978.58
2023-07-14,Running Sports Shoes,Fashion,1,2020.47,2020.47
2023-07-14,Webcam HD 1080p,Electronics,12,1778.15,21337.8
2023-07-15,Scented Soy Wax Candle,Home & Living,11,320.92,3530.12
2023-07-15,Vitamin C Face Serum 30ml,Beauty,21,696.08,14617.68
2023-07-15,Sunglasses UV400 Polarized,Fashion,25,800.62,20015.5
2023-07-15,Stainless Steel Water Bottle 1L,Home & Living,10,470.06,4700.6
2023-07-15,Mechanical Keyboard RGB,Electronics,13,2446.23,31800.99
2023-07-15,Non-Stick Frying Pan 26cm,Home & Living,5,845.02,4225.1
2023-07-15,Scented Soy Wax Candle,Home & Living,17,334.08,5679.36
2023-07-15,USB-C Fast Charging Cable,Electronics,24,282.08,6769.92
2023-07-15,Under Eye Cream Dark Circles,Beauty,24,425.44,10210.56
2023-07-15,Memory Foam Pillow,Home & Living,2,882.92,1765.84
2023-07-15,Vitamin C Face Serum 30ml,Beauty,6,700.79,4204.74
2023-07-15,Mechanical Keyboard RGB,Electronics,25,2668.38,66709.5
2023-07-16,Non-Stick Frying Pan 26cm,Home & Living,25,823.78,20594.5
2023-07-16,Casual Denim Jacket,Fashion,3,1415.77,4247.31
2023-07-16,Non-Stick Frying Pan 26cm,Home & Living,7,768.14,5376.98
2023-07-16,Noise Cancelling Headphones,Electronics,7,4101.53,28710.71
2023-07-16,Mechanical Keyboard RGB,Electronics,19,2511.19,47712.61
2023-07-16,Wireless Bluetooth Earbuds,Electronics,21,1302.22,27346.62
2023-07-16,Collagen Face Sheet Mask Pack,Beauty,17,213.66,3632.22
2023-07-16,Mechanical Keyboard RGB,Electronics,19,2400.85,45616.15
2023-07-16,USB-C Fast Charging Cable,Electronics,16,297.05,4752.8
2023-07-16,Stainless Steel Water Bottle 1L,Home & Living,22,523.68,11520.96
2023-07-16,Running Sports Shoes,Fashion,17,2145.97,36481.49
2023-07-16,Scented Soy Wax Candle,Home & Living,23,342.03,7866.69
2023-07-16,Noise Cancelling Headphones,Electronics,18,3961.87,71313.66
2023-07-17,Cotton Round Neck T-Shirt,Fashion,23,383.95,8830.85
2023-07-17,Running Sports Shoes,Fashion,3,2108.35,6325.05
2023-07-17,Bamboo Cutting Board Set,Home & Living,11,635.69,6992.59
2023-07-17,Moisturising Sunscreen SPF50,Beauty,5,370.3,1851.5
2023-07-17,Smart LED Desk Lamp,Electronics,18,896.2,16131.6
2023-07-17,Non-Stick Frying Pan 26cm,Home & Living,20,736.37,14727.4
2023-07-17,Webcam HD 1080p,Electronics,20,1742.02,34840.4
2023-07-17,Collagen Face Sheet Mask Pack,Beauty,19,194.56,3696.64
2023-07-17,Mechanical Keyboard RGB,Electronics,13,2476.97,32200.61
2023-07-17,Under Eye Cream Dark Circles,Beauty,1,471.78,471.78
2023-07-18,Collagen Face Sheet Mask Pack,Beauty,14,202.09,2829.26
2023-07-18,Casual Denim Jacket,Fashion,10,1414.08,14140.8
2023-07-18,Noise Cancelling Headphones,Electronics,10,3794.71,37947.1
2023-07-18,Sunglasses UV400 Polarized,Fashion,12,766.76,9201.12
2023-07-18,Under Eye Cream Dark Circles,Beauty,20,449.92,8998.4
2023-07-18,Collagen Face Sheet Mask Pack,Beauty,9,214.99,1934.91
2023-07-18,Scented Soy Wax Candle,Home & Living,14,353.29,4946.06
2023-07-18,Wireless Bluetooth Earbuds,Electronics,15,1270.21,19053.15
2023-07-18,Slim Fit Chino Pants,Fashion,6,944.81,5668.86
2023-07-18,Sunglasses UV400 Polarized,Fashion,12,781.82,9381.84
2023-07-19,Cotton Round Neck T-Shirt,Fashion,3,420.44,1261.32
2023-07-19,Cotton Round Neck T-Shirt,Fashion,11,396.34,4359.74
2023-07-19,Webcam HD 1080p,Electronics,4,1929.38,7717.52
2023-07-19,Portable Phone Charger 20000mAh,Electronics,3,1526.7,4580.1
2023-07-19,Under Eye Cream Dark Circles,Beauty,9,424.64,3821.76
2023-07-19,Under Eye Cream Dark Circles,Beauty,5,429.32,2146.6
2023-07-19,Memory Foam Pillow,Home & Living,15,919.18,13787.7
2023-07-20,Leather Wallet Slim,Fashion,1,596.52,596.52
2023-07-20,Leather Wallet Slim,Fashion,5,635.94,3179.7
2023-07-20,Casual Denim Jacket,Fashion,3,1450.25,4350.75
2023-07-20,Under Eye Cream Dark Circles,Beauty,5,410.55,2052.75
2023-07-20,Under Eye Cream Dark Circles,Beauty,23,441.64,10157.72
2023-07-20,Sunglasses UV400 Polarized,Fashion,12,766.51,9198.12
2023-07-20,Non-Stick Frying Pan 26cm,Home & Living,15,796.0,11940.0
2023-07-20,Stainless Steel Water Bottle 1L,Home & Living,23,536.49,12339.27
2023-07-21,Mechanical Keyboard RGB,Electronics,12,2482.13,29785.56
2023-07-21,Casual Denim Jacket,Fashion,10,1561.14,15611.4
2023-07-21,Portable Phone Charger 20000mAh,Electronics,17,1572.89,26739.13
2023-07-21,Running Sports Shoes,Fashion,6,1938.32,11629.92
2023-07-21,Non-Stick Frying Pan 26cm,Home & Living,12,793.1,9517.2
2023-07-21,Cotton Round Neck T-Shirt,Fashion,18,381.47,6866.46
2023-07-21,Noise Cancelling Headphones,Electronics,9,3967.31,35705.79
2023-07-21,Bamboo Cutting Board Set,Home & Living,7,634.14,4438.98
2023-07-22,Stainless Steel Water Bottle 1L,Home & Living,19,478.96,9100.24
2023-07-22,Natural Aloe Vera Gel 200ml,Beauty,23,247.88,5701.24
2023-07-22,Memory Foam Pillow,Home & Living,24,869.53,20868.72
2023-07-22,Bamboo Cutting Board Set,Home & Living,8,615.41,4923.28
2023-07-22,Natural Aloe Vera Gel 200ml,Beauty,3,237.15,711.45
2023-07-22,Non-Stick Frying Pan 26cm,Home & Living,17,844.51,14356.67
2023-07-22,Smart LED Desk Lamp,Electronics,21,918.7,19292.7
2023-07-23,Moisturising Sunscreen SPF50,Beauty,4,421.72,1686.88
2023-07-23,Webcam HD 1080p,Electronics,21,1896.08,39817.68
2023-07-23,Mechanical Keyboard RGB,Electronics,4,2486.21,9944.84
2023-07-23,Moisturising Sunscreen SPF50,Beauty,4,376.18,1504.72
2023-07-23,Collagen Face Sheet Mask Pack,Beauty,14,214.51,3003.14
2023-07-23,Webcam HD 1080p,Electronics,20,1904.64,38092.8
2023-07-23,Laptop Stand Adjustable,Electronics,10,1760.18,17601.8
2023-07-23,Memory Foam Pillow,Home & Living,6,939.68,5638.08
2023-07-23,Slim Fit Chino Pants,Fashion,12,847.42,10169.04
2023-07-23,Wireless Bluetooth Earbuds,Electronics,25,1230.55,30763.75
2023-07-24,Non-Stick Frying Pan 26cm,Home & Living,17,778.57,13235.69
2023-07-24,Webcam HD 1080p,Electronics,8,1825.59,14604.72
2023-07-24,Mechanical Keyboard RGB,Electronics,22,2352.74,51760.28
2023-07-24,Leather Wallet Slim,Fashion,19,614.68,11678.92
2023-07-24,Natural Aloe Vera Gel 200ml,Beauty,9,248.22,2233.98
2023-07-24,Mechanical Keyboard RGB,Electronics,3,2697.61,8092.83
2023-07-24,Mechanical Keyboard RGB,Electronics,15,2658.36,39875.4
2023-07-24,Cotton Round Neck T-Shirt,Fashion,7,387.39,2711.73
2023-07-24,Stainless Steel Water Bottle 1L,Home & Living,11,530.95,5840.45
2023-07-24,USB-C Fast Charging Cable,Electronics,5,280.17,1400.85
2023-07-24,Stainless Steel Water Bottle 1L,Home & Living,8,483.84,3870.72
2023-07-25,Collagen Face Sheet Mask Pack,Beauty,14,206.5,2891.0
2023-07-25,Wireless Bluetooth Earbuds,Electronics,10,1346.71,13467.1
2023-07-25,Mechanical Keyboard RGB,Electronics,2,2650.02,5300.04
2023-07-25,Leather Wallet Slim,Fashion,25,614.76,15369.0
2023-07-25,Memory Foam Pillow,Home & Living,21,838.14,17600.94
2023-07-25,Non-Stick Frying Pan 26cm,Home & Living,17,784.53,13337.01
2023-07-25,Moisturising Sunscreen SPF50,Beauty,19,378.67,7194.73
2023-07-25,Smart LED Desk Lamp,Electronics,9,847.47,7627.23
2023-07-25,Natural Aloe Vera Gel 200ml,Beauty,3,261.66,784.98
2023-07-25,Smart LED Desk Lamp,Electronics,18,964.68,17364.24
2023-07-25,Slim Fit Chino Pants,Fashion,10,836.13,8361.3
2023-07-25,Wireless Bluetooth Earbuds,Electronics,1,1246.4,1246.4
2023-07-26,Sunglasses UV400 Polarized,Fashion,21,832.63,17485.23
2023-07-26,Wireless Bluetooth Earbuds,Electronics,3,1261.17,3783.51
2023-07-26,Vitamin C Face Serum 30ml,Beauty,5,656.5,3282.5
2023-07-26,Scented Soy Wax Candle,Home & Living,4,326.68,1306.72
2023-07-26,USB-C Fast Charging Cable,Electronics,25,322.05,8051.25
2023-07-26,Natural Aloe Vera Gel 200ml,Beauty,5,238.94,1194.7
2023-07-26,Non-Stick Frying Pan 26cm,Home & Living,23,790.69,18185.87
2023-07-26,Laptop Stand Adjustable,Electronics,4,1844.33,7377.32
2023-07-27,Slim Fit Chino Pants,Fashion,1,958.44,958.44
2023-07-27,Mechanical Keyboard RGB,Electronics,17,2475.97,42091.49
2023-07-27,Under Eye Cream Dark Circles,Beauty,7,420.12,2940.84
2023-07-27,Laptop Stand Adjustable,Electronics,22,1764.62,38821.64
2023-07-27,Smart LED Desk Lamp,Electronics,14,954.46,13362.44
2023-07-27,Mechanical Keyboard RGB,Electronics,14,2568.53,35959.42
2023-07-27,Smart LED Desk Lamp,Electronics,15,932.89,13993.35
2023-07-27,Collagen Face Sheet Mask Pack,Beauty,24,183.63,4407.12
2023-07-28,Vitamin C Face Serum 30ml,Beauty,10,688.16,6881.6
2023-07-28,Noise Cancelling Headphones,Electronics,2,4263.76,8527.52
2023-07-28,Bamboo Cutting Board Set,Home & Living,12,583.26,6999.12
2023-07-28,Collagen Face Sheet Mask Pack,Beauty,18,213.7,3846.6
2023-07-28,Vitamin C Face Serum 30ml,Beauty,8,673.0,5384.0
2023-07-28,Moisturising Sunscreen SPF50,Beauty,14,374.85,5247.9
2023-07-28,Leather Wallet Slim,Fashion,1,550.93,550.93
2023-07-28,Collagen Face Sheet Mask Pack,Beauty,8,200.38,1603.04
2023-07-28,Mechanical Keyboard RGB,Electronics,24,2312.57,55501.68
2023-07-29,Leather Wallet Slim,Fashion,23,605.04,13915.92
2023-07-29,Cotton Round Neck T-Shirt,Fashion,7,394.53,2761.71
2023-07-29,Sunglasses UV400 Polarized,Fashion,5,838.63,4193.15
2023-07-29,Cotton Round Neck T-Shirt,Fashion,10,427.0,4270.0
2023-07-29,Non-Stick Frying Pan 26cm,Home & Living,23,835.24,19210.52
2023-07-29,Running Sports Shoes,Fashion,17,2049.02,34833.34
2023-07-30,Scented Soy Wax Candle,Home & Living,19,354.14,6728.66
2023-07-30,Webcam HD 1080p,Electronics,11,1944.21,21386.31
2023-07-30,Non-Stick Frying Pan 26cm,Home & Living,25,768.29,19207.25
2023-07-30,Slim Fit Chino Pants,Fashion,2,899.41,1798.82
2023-07-30,Stainless Steel Water Bottle 1L,Home & Living,20,474.17,9483.4
2023-07-30,Portable Phone Charger 20000mAh,Electronics,6,1488.62,8931.72
2023-07-30,Running Sports Shoes,Fashion,13,2005.12,26066.56
2023-07-30,Leather Wallet Slim,Fashion,24,600.22,14405.28
2023-07-30,Cotton Round Neck T-Shirt,Fashion,19,423.54,8047.26
2023-07-31,Non-Stick Frying Pan 26cm,Home & Living,1,858.46,858.46
2023-07-31,Moisturising Sunscreen SPF50,Beauty,10,383.6,3836.0
2023-07-31,Webcam HD 1080p,Electronics,4,1770.41,7081.64
2023-07-31,Noise Cancelling Headphones,Electronics,24,3902.63,93663.12
2023-07-31,Collagen Face Sheet Mask Pack,Beauty,24,189.87,4556.88
2023-07-31,Slim Fit Chino Pants,Fashion,10,831.26,8312.6
2023-07-31,Laptop Stand Adjustable,Electronics,5,1788.67,8943.35
2023-07-31,Collagen Face Sheet Mask Pack,Beauty,7,183.1,1281.7
2023-07-31,Stainless Steel Water Bottle 1L,Home & Living,2,526.17,1052.34
2023-07-31,Sunglasses UV400 Polarized,Fashion,21,845.39,17753.19
2023-07-31,Noise Cancelling Headphones,Electronics,2,4255.33,8510.66
2023-07-31,Running Sports Shoes,Fashion,11,1866.98,20536.78
2023-08-01,USB-C Fast Charging Cable,Electronics,6,315.45,1892.7
2023-08-01,Casual Denim Jacket,Fashion,22,1412.41,31073.02
2023-08-01,Smart LED Desk Lamp,Electronics,10,950.74,9507.4
2023-08-01,Portable Phone Charger 20000mAh,Electronics,6,1562.72,9376.32
2023-08-01,Portable Phone Charger 20000mAh,Electronics,20,1474.86,29497.2
2023-08-01,Bamboo Cutting Board Set,Home & Living,21,572.91,12031.11
2023-08-01,Vitamin C Face Serum 30ml,Beauty,9,667.17,6004.53
2023-08-01,Under Eye Cream Dark Circles,Beauty,20,477.05,9541.0
2023-08-01,Scented Soy Wax Candle,Home & Living,23,326.79,7516.17
2023-08-01,Stainless Steel Water Bottle 1L,Home & Living,2,539.71,1079.42
2023-08-01,Webcam HD 1080p,Electronics,15,1839.0,27585.0
2023-08-02,Sunglasses UV400 Polarized,Fashion,8,846.82,6774.56
2023-08-02,Bamboo Cutting Board Set,Home & Living,10,609.69,6096.9
2023-08-02,Moisturising Sunscreen SPF50,Beauty,21,414.53,8705.13
2023-08-02,Collagen Face Sheet Mask Pack,Beauty,19,188.72,3585.68
2023-08-02,Running Sports Shoes,Fashion,13,2060.73,26789.49
2023-08-02,Mechanical Keyboard RGB,Electronics,3,2397.62,7192.86
2023-08-02,USB-C Fast Charging Cable,Electronics,13,296.89,3859.57
2023-08-02,Collagen Face Sheet Mask Pack,Beauty,19,210.7,4003.3
2023-08-02,Cotton Round Neck T-Shirt,Fashion,15,384.57,5768.55
2023-08-02,Stainless Steel Water Bottle 1L,Home & Living,17,469.35,7978.95
2023-08-03,Collagen Face Sheet Mask Pack,Beauty,9,190.84,1717.56
2023-08-03,Sunglasses UV400 Polarized,Fashion,12,857.71,10292.52
2023-08-03,Stainless Steel Water Bottle 1L,Home & Living,25,468.82,11720.5
2023-08-03,Portable Phone Charger 20000mAh,Electronics,1,1526.68,1526.68
2023-08-03,Natural Aloe Vera Gel 200ml,Beauty,1,232.75,232.75
2023-08-03,Cotton Round Neck T-Shirt,Fashion,16,409.01,6544.16
2023-08-03,Casual Denim Jacket,Fashion,25,1606.72,40168.0
2023-08-03,Bamboo Cutting Board Set,Home & Living,15,638.97,9584.55
2023-08-03,Portable Phone Charger 20000mAh,Electronics,13,1450.08,18851.04
2023-08-04,Vitamin C Face Serum 30ml,Beauty,20,741.62,14832.4
2023-08-04,Memory Foam Pillow,Home & Living,17,924.46,15715.82
2023-08-04,Cotton Round Neck T-Shirt,Fashion,15,388.47,5827.05
2023-08-04,Cotton Round Neck T-Shirt,Fashion,19,371.1,7050.9
2023-08-04,Webcam HD 1080p,Electronics,21,1886.75,39621.75
2023-08-04,Natural Aloe Vera Gel 200ml,Beauty,23,223.09,5131.07
2023-08-04,Running Sports Shoes,Fashion,8,1952.06,15616.48
2023-08-04,Running Sports Shoes,Fashion,20,1911.06,38221.2
2023-08-04,Noise Cancelling Headphones,Electronics,8,3854.34,30834.72
2023-08-04,Portable Phone Charger 20000mAh,Electronics,12,1402.91,16834.92
2023-08-04,Portable Phone Charger 20000mAh,Electronics,6,1464.07,8784.42
2023-08-04,Scented Soy Wax Candle,Home & Living,7,365.64,2559.48
2023-08-05,Leather Wallet Slim,Fashion,2,594.63,1189.26
2023-08-05,Mechanical Keyboard RGB,Electronics,12,2580.39,30964.68
2023-08-05,Bamboo Cutting Board Set,Home & Living,18,633.3,11399.4
2023-08-05,Under Eye Cream Dark Circles,Beauty,9,464.49,4180.41
2023-08-05,Smart LED Desk Lamp,Electronics,8,826.25,6610.0
2023-08-05,USB-C Fast Charging Cable,Electronics,20,311.72,6234.4
2023-08-06,USB-C Fast Charging Cable,Electronics,10,308.88,3088.8
2023-08-06,Collagen Face Sheet Mask Pack,Beauty,22,197.29,4340.38
2023-08-06,USB-C Fast Charging Cable,Electronics,8,264.71,2117.68
2023-08-06,Leather Wallet Slim,Fashion,6,579.86,3479.16
2023-08-06,Smart LED Desk Lamp,Electronics,19,829.71,15764.49
2023-08-06,Running Sports Shoes,Fashion,25,1881.93,47048.25
2023-08-06,Mechanical Keyboard RGB,Electronics,25,2521.38,63034.5
2023-08-06,Non-Stick Frying Pan 26cm,Home & Living,20,850.23,17004.6
2023-08-07,Bamboo Cutting Board Set,Home & Living,10,613.5,6135.0
2023-08-07,Moisturising Sunscreen SPF50,Beauty,13,416.02,5408.26
2023-08-07,Webcam HD 1080p,Electronics,13,1777.63,23109.19
2023-08-07,Mechanical Keyboard RGB,Electronics,3,2541.88,7625.64
2023-08-07,Running Sports Shoes,Fashion,9,2087.84,18790.56
2023-08-07,Collagen Face Sheet Mask Pack,Beauty,23,209.78,4824.94
2023-08-07,Scented Soy Wax Candle,Home & Living,16,343.44,5495.04
2023-08-07,Laptop Stand Adjustable,Electronics,20,1772.59,35451.8
2023-08-07,Memory Foam Pillow,Home & Living,6,911.17,5467.02
2023-08-08,USB-C Fast Charging Cable,Electronics,13,278.59,3621.67
2023-08-08,Webcam HD 1080p,Electronics,20,1736.82,34736.4
2023-08-08,Portable Phone Charger 20000mAh,Electronics,9,1483.65,13352.85
2023-08-08,Cotton Round Neck T-Shirt,Fashion,20,427.53,8550.6
2023-08-08,Laptop Stand Adjustable,Electronics,4,1765.18,7060.72
2023-08-08,Memory Foam Pillow,Home & Living,11,847.34,9320.74
2023-08-08,Wireless Bluetooth Earbuds,Electronics,1,1398.78,1398.78
2023-08-08,Portable Phone Charger 20000mAh,Electronics,24,1467.58,35221.92
2023-08-08,Mechanical Keyboard RGB,Electronics,19,2645.62,50266.78
2023-08-08,Mechanical Keyboard RGB,Electronics,18,2439.54,43911.72
2023-08-08,Collagen Face Sheet Mask Pack,Beauty,22,209.28,4604.16
2023-08-08,Moisturising Sunscreen SPF50,Beauty,4,398.98,1595.92
2023-08-08,Noise Cancelling Headphones,Electronics,6,3849.78,23098.68
2023-08-09,Smart LED Desk Lamp,Electronics,12,881.99,10583.88
2023-08-09,Slim Fit Chino Pants,Fashion,4,898.16,3592.64
2023-08-09,Natural Aloe Vera Gel 200ml,Beauty,25,249.54,6238.5
2023-08-09,Smart LED Desk Lamp,Electronics,24,964.3,23143.2
2023-08-09,Leather Wallet Slim,Fashion,12,628.56,7542.72
2023-08-09,Non-Stick Frying Pan 26cm,Home & Living,2,829.95,1659.9
2023-08-09,Leather Wallet Slim,Fashion,18,633.96,11411.28
2023-08-09,Slim Fit Chino Pants,Fashion,20,936.4,18728.0
2023-08-09,Mechanical Keyboard RGB,Electronics,12,2339.48,28073.76
2023-08-09,Mechanical Keyboard RGB,Electronics,21,2443.33,51309.93
2023-08-09,USB-C Fast Charging Cable,Electronics,20,269.18,5383.6
2023-08-09,Moisturising Sunscreen SPF50,Beauty,8,403.34,3226.72
2023-08-10,Noise Cancelling Headphones,Electronics,22,4051.07,89123.54
2023-08-10,Sunglasses UV400 Polarized,Fashion,2,820.17,1640.34
2023-08-10,Scented Soy Wax Candle,Home & Living,24,332.98,7991.52
2023-08-10,Noise Cancelling Headphones,Electronics,2,4096.4,8192.8
2023-08-10,Leather Wallet Slim,Fashion,5,552.12,2760.6
2023-08-10,Memory Foam Pillow,Home & Living,10,966.62,9666.2
2023-08-10,Slim Fit Chino Pants,Fashion,10,950.8,9508.0
2023-08-10,Casual Denim Jacket,Fashion,4,1367.02,5468.08
2023-08-10,Leather Wallet Slim,Fashion,13,625.31,8129.03
2023-08-10,Wireless Bluetooth Earbuds,Electronics,19,1345.07,25556.33
2023-08-10,Collagen Face Sheet Mask Pack,Beauty,6,190.37,1142.22
2023-08-11,Moisturising Sunscreen SPF50,Beauty,11,415.97,4575.67
2023-08-11,USB-C Fast Charging Cable,Electronics,25,304.28,7607.0
2023-08-11,Casual Denim Jacket,Fashion,24,1525.53,36612.72
2023-08-11,Natural Aloe Vera Gel 200ml,Beauty,16,229.31,3668.96
2023-08-11,Cotton Round Neck T-Shirt,Fashion,5,385.58,1927.9
2023-08-11,Wireless Bluetooth Earbuds,Electronics,18,1326.15,23870.7
2023-08-11,Portable Phone Charger 20000mAh,Electronics,6,1487.83,8926.98
2023-08-11,Slim Fit Chino Pants,Fashion,6,868.28,5209.68
2023-08-11,Smart LED Desk Lamp,Electronics,4,864.38,3457.52
2023-08-11,Moisturising Sunscreen SPF50,Beauty,2,414.12,828.24
2023-08-11,Moisturising Sunscreen SPF50,Beauty,12,404.42,4853.04
2023-08-11,Wireless Bluetooth Earbuds,Electronics,9,1218.77,10968.93
2023-08-11,Vitamin C Face Serum 30ml,Beauty,13,694.0,9022.0
2023-08-12,Smart LED Desk Lamp,Electronics,25,940.21,23505.25
2023-08-12,Running Sports Shoes,Fashion,2,2015.93,4031.86
2023-08-12,Non-Stick Frying Pan 26cm,Home & Living,24,785.83,18859.92
2023-08-12,Wireless Bluetooth Earbuds,Electronics,21,1294.09,27175.89
2023-08-12,Stainless Steel Water Bottle 1L,Home & Living,10,479.22,4792.2
2023-08-12,Non-Stick Frying Pan 26cm,Home & Living,7,735.11,5145.77
2023-08-12,Sunglasses UV400 Polarized,Fashion,7,788.11,5516.77
2023-08-12,Sunglasses UV400 Polarized,Fashion,7,826.98,5788.86
2023-08-12,Wireless Bluetooth Earbuds,Electronics,24,1318.33,31639.92
2023-08-13,Wireless Bluetooth Earbuds,Electronics,25,1362.01,34050.25
2023-08-13,Portable Phone Charger 20000mAh,Electronics,19,1506.64,28626.16
2023-08-13,Slim Fit Chino Pants,Fashion,21,956.09,20077.89
2023-08-13,Non-Stick Frying Pan 26cm,Home & Living,22,744.52,16379.44
2023-08-13,Running Sports Shoes,Fashion,15,2077.96,31169.4
2023-08-13,Casual Denim Jacket,Fashion,7,1505.52,10538.64
2023-08-13,Collagen Face Sheet Mask Pack,Beauty,16,212.5,3400.0
2023-08-13,Smart LED Desk Lamp,Electronics,7,886.58,6206.06
2023-08-13,Non-Stick Frying Pan 26cm,Home & Living,6,783.15,4698.9
2023-08-14,Natural Aloe Vera Gel 200ml,Beauty,18,244.44,4399.92
2023-08-14,Slim Fit Chino Pants,Fashion,12,854.98,10259.76
2023-08-14,Vitamin C Face Serum 30ml,Beauty,19,743.99,14135.81
2023-08-14,Cotton Round Neck T-Shirt,Fashion,12,371.42,4457.04
2023-08-14,Natural Aloe Vera Gel 200ml,Beauty,23,226.82,5216.86
2023-08-14,Cotton Round Neck T-Shirt,Fashion,7,375.81,2630.67
2023-08-14,Webcam HD 1080p,Electronics,16,1727.83,27645.28
2023-08-14,Laptop Stand Adjustable,Electronics,23,1892.42,43525.66
2023-08-14,Natural Aloe Vera Gel 200ml,Beauty,10,259.1,2591.0
2023-08-14,Sunglasses UV400 Polarized,Fashion,7,783.19,5482.33
2023-08-14,Wireless Bluetooth Earbuds,Electronics,20,1357.02,27140.4
2023-08-14,USB-C Fast Charging Cable,Electronics,25,285.67,7141.75
2023-08-14,Leather Wallet Slim,Fashion,11,551.79,6069.69
2023-08-14,Slim Fit Chino Pants,Fashion,4,952.49,3809.96
2023-08-15,Non-Stick Frying Pan 26cm,Home & Living,24,812.98,19511.52
2023-08-15,Non-Stick Frying Pan 26cm,Home & Living,1,811.91,811.91
2023-08-15,Slim Fit Chino Pants,Fashion,3,965.31,2895.93
2023-08-15,Vitamin C Face Serum 30ml,Beauty,10,740.83,7408.3
2023-08-15,Stainless Steel Water Bottle 1L,Home & Living,24,525.24,12605.76
2023-08-15,Portable Phone Charger 20000mAh,Electronics,12,1481.01,17772.12
2023-08-15,Vitamin C Face Serum 30ml,Beauty,22,660.59,14532.98
2023-08-15,Laptop Stand Adjustable,Electronics,4,1651.56,6606.24
2023-08-15,Portable Phone Charger 20000mAh,Electronics,20,1566.6,31332.0
2023-08-15,Stainless Steel Water Bottle 1L,Home & Living,15,505.03,7575.45
2023-08-15,Laptop Stand Adjustable,Electronics,20,1793.42,35868.4
2023-08-15,Memory Foam Pillow,Home & Living,21,904.11,18986.31
2023-08-15,Bamboo Cutting Board Set,Home & Living,25,606.6,15165.0
2023-08-15,Wireless Bluetooth Earbuds,Electronics,7,1379.32,9655.24
2023-08-15,Moisturising Sunscreen SPF50,Beauty,22,400.25,8805.5
2023-08-15,Vitamin C Face Serum 30ml,Beauty,2,729.74,1459.48
2023-08-16,Under Eye Cream Dark Circles,Beauty,20,462.9,9258.0
2023-08-16,Under Eye Cream Dark Circles,Beauty,5,419.42,2097.1
2023-08-16,Leather Wallet Slim,Fashion,6,589.89,3539.34
2023-08-16,Under Eye Cream Dark Circles,Beauty,3,445.93,1337.79
2023-08-16,Laptop Stand Adjustable,Electronics,8,1810.41,14483.28
2023-08-16,Sunglasses UV400 Polarized,Fashion,4,780.84,3123.36
2023-08-16,Noise Cancelling Headphones,Electronics,5,3740.47,18702.35
2023-08-16,Collagen Face Sheet Mask Pack,Beauty,11,212.8,2340.8
2023-08-16,Mechanical Keyboard RGB,Electronics,4,2634.92,10539.68
2023-08-16,Natural Aloe Vera Gel 200ml,Beauty,5,248.63,1243.15
2023-08-16,Vitamin C Face Serum 30ml,Beauty,24,734.86,17636.64
2023-08-16,Wireless Bluetooth Earbuds,Electronics,13,1398.44,18179.72
2023-08-17,Slim Fit Chino Pants,Fashion,2,935.46,1870.92
2023-08-17,Bamboo Cutting Board Set,Home & Living,16,573.46,9175.36
2023-08-17,Scented Soy Wax Candle,Home & Living,25,357.92,8948.0
2023-08-17,Collagen Face Sheet Mask Pack,Beauty,18,185.45,3338.1
2023-08-17,Portable Phone Charger 20000mAh,Electronics,5,1488.85,7444.25
2023-08-18,Wireless Bluetooth Earbuds,Electronics,1,1224.86,1224.86
2023-08-18,Under Eye Cream Dark Circles,Beauty,20,479.84,9596.8
2023-08-18,Vitamin C Face Serum 30ml,Beauty,1,718.2,718.2
2023-08-18,Laptop Stand Adjustable,Electronics,5,1765.49,8827.45
2023-08-18,Collagen Face Sheet Mask Pack,Beauty,15,208.73,3130.95
2023-08-18,Memory Foam Pillow,Home & Living,2,852.77,1705.54
2023-08-18,Smart LED Desk Lamp,Electronics,11,896.79,9864.69
2023-08-18,Scented Soy Wax Candle,Home & Living,23,359.95,8278.85
2023-08-19,Wireless Bluetooth Earbuds,Electronics,11,1354.48,14899.28
2023-08-19,Under Eye Cream Dark Circles,Beauty,7,414.73,2903.11
2023-08-19,Vitamin C Face Serum 30ml,Beauty,19,662.4,12585.6
2023-08-19,Cotton Round Neck T-Shirt,Fashion,5,407.82,2039.1
2023-08-19,Cotton Round Neck T-Shirt,Fashion,15,401.98,6029.7
2023-08-19,Scented Soy Wax Candle,Home & Living,9,354.32,3188.88
2023-08-19,Stainless Steel Water Bottle 1L,Home & Living,12,476.77,5721.24
2023-08-19,Laptop Stand Adjustable,Electronics,14,1773.78,24832.92
2023-08-19,Cotton Round Neck T-Shirt,Fashion,4,371.93,1487.72
2023-08-19,USB-C Fast Charging Cable,Electronics,17,317.23,5392.91
2023-08-19,Cotton Round Neck T-Shirt,Fashion,25,411.28,10282.0
2023-08-20,Smart LED Desk Lamp,Electronics,13,830.72,10799.36
2023-08-20,Sunglasses UV400 Polarized,Fashion,15,732.51,10987.65
2023-08-20,Vitamin C Face Serum 30ml,Beauty,13,650.43,8455.59
2023-08-20,USB-C Fast Charging Cable,Electronics,24,323.29,7758.96
2023-08-20,Slim Fit Chino Pants,Fashion,12,877.11,10525.32
2023-08-20,Bamboo Cutting Board Set,Home & Living,24,551.14,13227.36
2023-08-20,Stainless Steel Water Bottle 1L,Home & Living,25,466.13,11653.25
2023-08-20,Under Eye Cream Dark Circles,Beauty,20,453.05,9061.0
2023-08-20,Laptop Stand Adjustable,Electronics,4,1652.78,6611.12
2023-08-20,Sunglasses UV400 Polarized,Fashion,16,743.27,11892.32
2023-08-20,Under Eye Cream Dark Circles,Beauty,23,478.66,11009.18
2023-08-21,Collagen Face Sheet Mask Pack,Beauty,7,199.98,1399.86
2023-08-21,Vitamin C Face Serum 30ml,Beauty,19,733.56,13937.64
2023-08-21,Laptop Stand Adjustable,Electronics,23,1778.67,40909.41
2023-08-21,Smart LED Desk Lamp,Electronics,5,921.34,4606.7
2023-08-21,Wireless Bluetooth Earbuds,Electronics,6,1226.42,7358.52
2023-08-21,Natural Aloe Vera Gel 200ml,Beauty,24,228.23,5477.52
2023-08-21,Mechanical Keyboard RGB,Electronics,1,2441.51,2441.51
2023-08-21,USB-C Fast Charging Cable,Electronics,14,295.65,4139.1
2023-08-21,Casual Denim Jacket,Fashion,15,1578.33,23674.95
2023-08-21,Cotton Round Neck T-Shirt,Fashion,18,412.67,7428.06
2023-08-21,Casual Denim Jacket,Fashion,22,1394.06,30669.32
2023-08-21,Wireless Bluetooth Earbuds,Electronics,11,1343.33,14776.63
2023-08-21,Natural Aloe Vera Gel 200ml,Beauty,12,256.19,3074.28
2023-08-22,Sunglasses UV400 Polarized,Fashion,10,782.09,7820.9
2023-08-22,Wireless Bluetooth Earbuds,Electronics,8,1399.73,11197.84
2023-08-22,Sunglasses UV400 Polarized,Fashion,6,730.56,4383.36
2023-08-22,Cotton Round Neck T-Shirt,Fashion,8,425.67,3405.36
2023-08-23,Webcam HD 1080p,Electronics,17,1732.07,29445.19
2023-08-23,Smart LED Desk Lamp,Electronics,1,862.87,862.87
2023-08-23,Smart LED Desk Lamp,Electronics,5,953.83,4769.15
2023-08-23,Running Sports Shoes,Fashion,23,2082.7,47902.1
2023-08-23,Running Sports Shoes,Fashion,12,2008.29,24099.48
2023-08-23,Laptop Stand Adjustable,Electronics,11,1806.34,19869.74
2023-08-23,Casual Denim Jacket,Fashion,12,1533.33,18399.96
2023-08-23,Memory Foam Pillow,Home & Living,8,844.89,6759.12
2023-08-23,Scented Soy Wax Candle,Home & Living,13,343.04,4459.52
2023-08-23,Natural Aloe Vera Gel 200ml,Beauty,25,224.46,5611.5
2023-08-24,Wireless Bluetooth Earbuds,Electronics,5,1238.6,6193.0
2023-08-24,Scented Soy Wax Candle,Home & Living,15,325.65,4884.75
2023-08-24,Portable Phone Charger 20000mAh,Electronics,4,1513.63,6054.52
2023-08-24,Leather Wallet Slim,Fashion,14,600.08,8401.12
2023-08-25,Sunglasses UV400 Polarized,Fashion,19,842.08,15999.52
2023-08-25,Cotton Round Neck T-Shirt,Fashion,25,383.29,9582.25
2023-08-25,USB-C Fast Charging Cable,Electronics,23,313.44,7209.12
2023-08-25,Natural Aloe Vera Gel 200ml,Beauty,25,238.98,5974.5
2023-08-25,Casual Denim Jacket,Fashion,9,1354.27,12188.43
2023-08-25,Non-Stick Frying Pan 26cm,Home & Living,18,773.66,13925.88
2023-08-25,USB-C Fast Charging Cable,Electronics,9,295.68,2661.12
2023-08-25,Wireless Bluetooth Earbuds,Electronics,8,1318.19,10545.52
2023-08-25,Smart LED Desk Lamp,Electronics,21,828.01,17388.21
2023-08-26,Under Eye Cream Dark Circles,Beauty,23,423.46,9739.58
2023-08-26,Laptop Stand Adjustable,Electronics,11,1767.36,19440.96
2023-08-26,Running Sports Shoes,Fashion,20,1953.98,39079.6
2023-08-26,Running Sports Shoes,Fashion,25,1912.81,47820.25
2023-08-26,Vitamin C Face Serum 30ml,Beauty,15,696.89,10453.35
2023-08-26,Noise Cancelling Headphones,Electronics,3,3770.62,11311.86
2023-08-26,Non-Stick Frying Pan 26cm,Home & Living,25,780.66,19516.5
2023-08-26,Sunglasses UV400 Polarized,Fashion,13,776.22,10090.86
2023-08-26,Casual Denim Jacket,Fashion,2,1452.88,2905.76
2023-08-26,Stainless Steel Water Bottle 1L,Home & Living,8,502.36,4018.88
2023-08-26,Cotton Round Neck T-Shirt,Fashion,18,415.25,7474.5
2023-08-26,Cotton Round Neck T-Shirt,Fashion,15,391.69,5875.35
2023-08-26,Collagen Face Sheet Mask Pack,Beauty,16,198.46,3175.36
2023-08-26,Running Sports Shoes,Fashion,6,2027.66,12165.96
2023-08-27,Portable Phone Charger 20000mAh,Electronics,6,1594.82,9568.92
2023-08-27,Scented Soy Wax Candle,Home & Living,14,370.77,5190.78
2023-08-27,USB-C Fast Charging Cable,Electronics,22,262.95,5784.9
2023-08-27,Wireless Bluetooth Earbuds,Electronics,20,1243.71,24874.2
2023-08-27,Natural Aloe Vera Gel 200ml,Beauty,22,245.89,5409.58
2023-08-27,Casual Denim Jacket,Fashion,3,1575.79,4727.37
2023-08-27,Moisturising Sunscreen SPF50,Beauty,25,402.79,10069.75
2023-08-27,Casual Denim Jacket,Fashion,11,1386.55,15252.05
2023-08-27,Mechanical Keyboard RGB,Electronics,11,2585.73,28443.03
2023-08-27,Slim Fit Chino Pants,Fashion,25,957.01,23925.25
2023-08-27,Stainless Steel Water Bottle 1L,Home & Living,4,492.83,1971.32
2023-08-27,Natural Aloe Vera Gel 200ml,Beauty,19,262.18,4981.42
2023-08-27,Cotton Round Neck T-Shirt,Fashion,20,387.05,7741.0
2023-08-27,Slim Fit Chino Pants,Fashion,25,830.43,20760.75
2023-08-28,Webcam HD 1080p,Electronics,3,1671.45,5014.35
2023-08-28,Leather Wallet Slim,Fashion,2,597.23,1194.46
2023-08-28,Slim Fit Chino Pants,Fashion,24,905.45,21730.8
2023-08-28,Portable Phone Charger 20000mAh,Electronics,14,1498.29,20976.06
2023-08-28,Bamboo Cutting Board Set,Home & Living,24,584.88,14037.12
2023-08-28,Memory Foam Pillow,Home & Living,22,937.88,20633.36
2023-08-28,Memory Foam Pillow,Home & Living,14,881.01,12334.14
2023-08-28,Memory Foam Pillow,Home & Living,24,916.41,21993.84
2023-08-28,Collagen Face Sheet Mask Pack,Beauty,2,193.21,386.42
2023-08-28,Leather Wallet Slim,Fashion,24,612.49,14699.76
2023-08-28,Non-Stick Frying Pan 26cm,Home & Living,19,807.86,15349.34
2023-08-28,Casual Denim Jacket,Fashion,7,1477.37,10341.59
2023-08-28,Collagen Face Sheet Mask Pack,Beauty,3,198.47,595.41
2023-08-28,Leather Wallet Slim,Fashion,13,591.94,7695.22
2023-08-29,Vitamin C Face Serum 30ml,Beauty,3,673.46,2020.38
2023-08-29,Bamboo Cutting Board Set,Home & Living,4,630.22,2520.88
2023-08-29,Casual Denim Jacket,Fashion,8,1529.64,12237.12
2023-08-29,Memory Foam Pillow,Home & Living,3,933.84,2801.52
2023-08-29,Sunglasses UV400 Polarized,Fashion,4,817.88,3271.52
2023-08-29,Sunglasses UV400 Polarized,Fashion,13,806.07,10478.91
2023-08-29,Leather Wallet Slim,Fashion,25,633.78,15844.5
2023-08-29,Laptop Stand Adjustable,Electronics,24,1829.67,43912.08
2023-08-30,Running Sports Shoes,Fashion,8,1874.43,14995.44
2023-08-30,Running Sports Shoes,Fashion,4,2130.17,8520.68
2023-08-30,Moisturising Sunscreen SPF50,Beauty,4,402.08,1608.32
2023-08-30,Portable Phone Charger 20000mAh,Electronics,21,1540.37,32347.77
2023-08-30,Collagen Face Sheet Mask Pack,Beauty,3,187.52,562.56
2023-08-30,Memory Foam Pillow,Home & Living,1,852.61,852.61
2023-08-30,Casual Denim Jacket,Fashion,4,1436.63,5746.52
2023-08-30,Noise Cancelling Headphones,Electronics,19,4041.5,76788.5
2023-08-30,Under Eye Cream Dark Circles,Beauty,10,465.96,4659.6
2023-08-30,Noise Cancelling Headphones,Electronics,19,4188.76,79586.44
2023-08-30,Cotton Round Neck T-Shirt,Fashion,13,405.6,5272.8
2023-08-31,Under Eye Cream Dark Circles,Beauty,14,450.59,6308.26
2023-08-31,Smart LED Desk Lamp,Electronics,9,891.74,8025.66
2023-08-31,Scented Soy Wax Candle,Home & Living,10,367.42,3674.2
2023-08-31,Vitamin C Face Serum 30ml,Beauty,23,691.26,15898.98
2023-08-31,Natural Aloe Vera Gel 200ml,Beauty,18,244.64,4403.52
2023-08-31,Moisturising Sunscreen SPF50,Beauty,12,397.79,4773.48
2023-08-31,Memory Foam Pillow,Home & Living,16,959.36,15349.76
2023-08-31,Non-Stick Frying Pan 26cm,Home & Living,4,825.57,3302.28
2023-08-31,Laptop Stand Adjustable,Electronics,2,1700.84,3401.68
2023-08-31,Under Eye Cream Dark Circles,Beauty,25,423.26,10581.5
2023-08-31,Webcam HD 1080p,Electronics,5,1922.82,9614.1
2023-09-01,Vitamin C Face Serum 30ml,Beauty,7,656.05,4592.35
2023-09-01,Laptop Stand Adjustable,Electronics,9,1745.49,15709.41
2023-09-01,Mechanical Keyboard RGB,Electronics,14,2363.45,33088.3
2023-09-01,Under Eye Cream Dark Circles,Beauty,11,473.3,5206.3
2023-09-01,Vitamin C Face Serum 30ml,Beauty,3,672.95,2018.85
2023-09-01,Collagen Face Sheet Mask Pack,Beauty,24,188.71,4529.04
2023-09-01,Slim Fit Chino Pants,Fashion,1,899.19,899.19
2023-09-02,Noise Cancelling Headphones,Electronics,13,3940.05,51220.65
2023-09-02,Stainless Steel Water Bottle 1L,Home & Living,25,469.81,11745.25
2023-09-02,Smart LED Desk Lamp,Electronics,10,855.24,8552.4
2023-09-02,Wireless Bluetooth Earbuds,Electronics,8,1275.16,10201.28
2023-09-02,Cotton Round Neck T-Shirt,Fashion,4,429.31,1717.24
2023-09-02,Stainless Steel Water Bottle 1L,Home & Living,24,463.96,11135.04
2023-09-03,Casual Denim Jacket,Fashion,9,1462.54,13162.86
2023-09-03,Mechanical Keyboard RGB,Electronics,21,2367.34,49714.14
2023-09-03,Bamboo Cutting Board Set,Home & Living,5,609.24,3046.2
2023-09-03,Non-Stick Frying Pan 26cm,Home & Living,6,810.6,4863.6
2023-09-03,Non-Stick Frying Pan 26cm,Home & Living,25,775.75,19393.75
2023-09-03,Noise Cancelling Headphones,Electronics,22,4320.0,95040.0
2023-09-03,Scented Soy Wax Candle,Home & Living,17,366.33,6227.61
2023-09-03,Wireless Bluetooth Earbuds,Electronics,6,1371.58,8229.48
2023-09-03,USB-C Fast Charging Cable,Electronics,16,301.88,4830.08
2023-09-03,Portable Phone Charger 20000mAh,Electronics,25,1458.15,36453.75
2023-09-03,USB-C Fast Charging Cable,Electronics,22,317.04,6974.88
2023-09-03,Memory Foam Pillow,Home & Living,14,903.89,12654.46
2023-09-04,Non-Stick Frying Pan 26cm,Home & Living,9,828.11,7452.99
2023-09-04,Stainless Steel Water Bottle 1L,Home & Living,2,486.61,973.22
2023-09-04,Running Sports Shoes,Fashion,16,2013.51,32216.16
2023-09-04,Smart LED Desk Lamp,Electronics,22,924.63,20341.86
2023-09-04,Memory Foam Pillow,Home & Living,14,941.33,13178.62
2023-09-04,Laptop Stand Adjustable,Electronics,5,1797.79,8988.95
2023-09-04,Leather Wallet Slim,Fashion,14,589.08,8247.12
2023-09-04,Noise Cancelling Headphones,Electronics,9,3835.7,34521.3
2023-09-04,Casual Denim Jacket,Fashion,24,1593.61,38246.64
2023-09-04,Noise Cancelling Headphones,Electronics,19,4292.11,81550.09
2023-09-04,Laptop Stand Adjustable,Electronics,8,1875.71,15005.68
2023-09-04,Smart LED Desk Lamp,Electronics,5,916.92,4584.6
2023-09-05,Noise Cancelling Headphones,Electronics,17,4290.94,72945.98
2023-09-05,Webcam HD 1080p,Electronics,4,1765.83,7063.32
2023-09-05,Mechanical Keyboard RGB,Electronics,21,2327.01,48867.21
2023-09-05,USB-C Fast Charging Cable,Electronics,20,282.09,5641.8
2023-09-05,Smart LED Desk Lamp,Electronics,19,911.29,17314.51
2023-09-05,Laptop Stand Adjustable,Electronics,16,1885.99,30175.84
2023-09-05,Cotton Round Neck T-Shirt,Fashion,8,402.96,3223.68
2023-09-05,Portable Phone Charger 20000mAh,Electronics,9,1475.23,13277.07
2023-09-05,Stainless Steel Water Bottle 1L,Home & Living,1,505.44,505.44
2023-09-05,Under Eye Cream Dark Circles,Beauty,9,478.56,4307.04
2023-09-05,Casual Denim Jacket,Fashion,16,1442.91,23086.56
2023-09-06,Laptop Stand Adjustable,Electronics,22,1881.45,41391.9
2023-09-06,Mechanical Keyboard RGB,Electronics,5,2401.3,12006.5
2023-09-06,Laptop Stand Adjustable,Electronics,6,1837.12,11022.72
2023-09-06,Scented Soy Wax Candle,Home & Living,8,358.89,2871.12
2023-09-06,Running Sports Shoes,Fashion,23,2059.05,47358.15
2023-09-06,Noise Cancelling Headphones,Electronics,9,4169.04,37521.36
2023-09-06,Natural Aloe Vera Gel 200ml,Beauty,13,229.15,2978.95
2023-09-06,Casual Denim Jacket,Fashion,12,1507.94,18095.28
2023-09-06,Noise Cancelling Headphones,Electronics,2,4044.21,8088.42
2023-09-06,Smart LED Desk Lamp,Electronics,22,859.4,18906.8
2023-09-06,Laptop Stand Adjustable,Electronics,11,1863.82,20502.02
2023-09-07,Noise Cancelling Headphones,Electronics,15,3836.19,57542.85
2023-09-07,Bamboo Cutting Board Set,Home & Living,9,633.62,5702.58
2023-09-07,USB-C Fast Charging Cable,Electronics,9,301.72,2715.48
2023-09-07,Mechanical Keyboard RGB,Electronics,23,2439.98,56119.54
2023-09-07,Stainless Steel Water Bottle 1L,Home & Living,25,537.67,13441.75
2023-09-07,Casual Denim Jacket,Fashion,13,1549.08,20138.04
2023-09-07,Laptop Stand Adjustable,Electronics,16,1714.01,27424.16
2023-09-07,Non-Stick Frying Pan 26cm,Home & Living,14,778.74,10902.36
2023-09-07,Slim Fit Chino Pants,Fashion,21,855.85,17972.85
2023-09-07,Non-Stick Frying Pan 26cm,Home & Living,14,734.11,10277.54
2023-09-07,Running Sports Shoes,Fashion,25,2033.16,50829.0
2023-09-07,Laptop Stand Adjustable,Electronics,12,1940.55,23286.6
2023-09-08,Bamboo Cutting Board Set,Home & Living,25,577.07,14426.75
2023-09-08,Running Sports Shoes,Fashion,23,1921.61,44197.03
2023-09-08,Webcam HD 1080p,Electronics,21,1855.89,38973.69
2023-09-08,Mechanical Keyboard RGB,Electronics,13,2353.09,30590.17
2023-09-08,Cotton Round Neck T-Shirt,Fashion,8,387.84,3102.72
2023-09-08,Cotton Round Neck T-Shirt,Fashion,24,412.18,9892.32
2023-09-08,Slim Fit Chino Pants,Fashion,22,856.99,18853.78
2023-09-08,Slim Fit Chino Pants,Fashion,16,921.81,14748.96
2023-09-08,Sunglasses UV400 Polarized,Fashion,5,811.83,4059.15
2023-09-08,Natural Aloe Vera Gel 200ml,Beauty,17,251.22,4270.74
2023-09-08,Mechanical Keyboard RGB,Electronics,6,2514.1,15084.6
2023-09-09,Bamboo Cutting Board Set,Home & Living,1,594.47,594.47
2023-09-09,Laptop Stand Adjustable,Electronics,25,1942.74,48568.5
2023-09-09,Under Eye Cream Dark Circles,Beauty,6,412.15,2472.9
2023-09-09,Moisturising Sunscreen SPF50,Beauty,25,421.49,10537.25
2023-09-09,Non-Stick Frying Pan 26cm,Home & Living,2,780.85,1561.7
2023-09-09,Non-Stick Frying Pan 26cm,Home & Living,25,747.45,18686.25
2023-09-09,Moisturising Sunscreen SPF50,Beauty,3,389.47,1168.41
2023-09-09,Natural Aloe Vera Gel 200ml,Beauty,22,242.09,5325.98
2023-09-09,Laptop Stand Adjustable,Electronics,25,1681.39,42034.75
2023-09-09,Non-Stick Frying Pan 26cm,Home & Living,22,739.09,16259.98
2023-09-09,Sunglasses UV400 Polarized,Fashion,16,799.75,12796.0
2023-09-09,Smart LED Desk Lamp,Electronics,25,890.29,22257.25
2023-09-09,Portable Phone Charger 20000mAh,Electronics,24,1608.02,38592.48
2023-09-09,Webcam HD 1080p,Electronics,20,1845.22,36904.4
2023-09-10,Scented Soy Wax Candle,Home & Living,25,324.3,8107.5
2023-09-10,Vitamin C Face Serum 30ml,Beauty,7,710.53,4973.71
2023-09-10,Wireless Bluetooth Earbuds,Electronics,9,1364.75,12282.75
2023-09-10,Sunglasses UV400 Polarized,Fashion,6,759.35,4556.1
2023-09-10,Memory Foam Pillow,Home & Living,9,849.31,7643.79
2023-09-10,Cotton Round Neck T-Shirt,Fashion,4,374.43,1497.72
2023-09-10,USB-C Fast Charging Cable,Electronics,10,298.86,2988.6
2023-09-10,Sunglasses UV400 Polarized,Fashion,5,770.2,3851.0
2023-09-10,Non-Stick Frying Pan 26cm,Home & Living,3,839.41,2518.23
2023-09-10,Bamboo Cutting Board Set,Home & Living,17,622.64,10584.88
2023-09-10,Mechanical Keyboard RGB,Electronics,22,2541.35,55909.7
2023-09-10,Wireless Bluetooth Earbuds,Electronics,16,1205.87,19293.92
2023-09-10,Vitamin C Face Serum 30ml,Beauty,12,721.21,8654.52
2023-09-11,USB-C Fast Charging Cable,Electronics,5,321.92,1609.6
2023-09-11,Under Eye Cream Dark Circles,Beauty,19,450.39,8557.41
2023-09-11,Cotton Round Neck T-Shirt,Fashion,3,409.0,1227.0
2023-09-11,Mechanical Keyboard RGB,Electronics,21,2304.7,48398.7
2023-09-12,Running Sports Shoes,Fashion,10,2047.04,20470.4
2023-09-12,Stainless Steel Water Bottle 1L,Home & Living,18,489.9,8818.2
2023-09-12,Vitamin C Face Serum 30ml,Beauty,17,704.89,11983.13
2023-09-12,Cotton Round Neck T-Shirt,Fashion,24,394.39,9465.36
2023-09-12,Portable Phone Charger 20000mAh,Electronics,15,1458.19,21872.85
2023-09-12,Noise Cancelling Headphones,Electronics,3,3797.27,11391.81
2023-09-12,Sunglasses UV400 Polarized,Fashion,15,753.67,11305.05
2023-09-12,Bamboo Cutting Board Set,Home & Living,25,596.46,14911.5
2023-09-12,Stainless Steel Water Bottle 1L,Home & Living,23,510.67,11745.41
2023-09-13,Under Eye Cream Dark Circles,Beauty,9,431.62,3884.58
2023-09-13,Noise Cancelling Headphones,Electronics,6,4203.46,25220.76
2023-09-13,Cotton Round Neck T-Shirt,Fashion,23,373.14,8582.22
2023-09-13,Casual Denim Jacket,Fashion,23,1360.23,31285.29
2023-09-13,Running Sports Shoes,Fashion,1,2053.23,2053.23
2023-09-13,Cotton Round Neck T-Shirt,Fashion,11,426.7,4693.7
2023-09-13,Running Sports Shoes,Fashion,19,2134.08,40547.52
2023-09-13,Memory Foam Pillow,Home & Living,9,863.0,7767.0
2023-09-13,Webcam HD 1080p,Electronics,3,1881.48,5644.44
2023-09-13,Portable Phone Charger 20000mAh,Electronics,7,1619.88,11339.16
2023-09-13,Slim Fit Chino Pants,Fashion,5,853.2,4266.0
2023-09-13,Casual Denim Jacket,Fashion,2,1361.87,2723.74
2023-09-13,Leather Wallet Slim,Fashion,23,594.31,13669.13
2023-09-13,Stainless Steel Water Bottle 1L,Home & Living,21,490.15,10293.15
2023-09-13,Wireless Bluetooth Earbuds,Electronics,16,1381.35,22101.6
2023-09-14,Mechanical Keyboard RGB,Electronics,21,2615.97,54935.37
2023-09-14,Collagen Face Sheet Mask Pack,Beauty,4,191.17,764.68
2023-09-14,Scented Soy Wax Candle,Home & Living,24,372.86,8948.64
2023-09-14,Memory Foam Pillow,Home & Living,1,883.13,883.13
2023-09-14,Non-Stick Frying Pan 26cm,Home & Living,4,802.45,3209.8
2023-09-14,USB-C Fast Charging Cable,Electronics,20,316.49,6329.8
2023-09-14,Slim Fit Chino Pants,Fashion,13,929.16,12079.08
2023-09-14,Portable Phone Charger 20000mAh,Electronics,16,1587.69,25403.04
2023-09-14,Wireless Bluetooth Earbuds,Electronics,18,1303.34,23460.12
2023-09-14,Casual Denim Jacket,Fashion,3,1422.06,4266.18
2023-09-14,Portable Phone Charger 20000mAh,Electronics,25,1569.29,39232.25
2023-09-15,Leather Wallet Slim,Fashion,22,559.06,12299.32
2023-09-15,Wireless Bluetooth Earbuds,Electronics,19,1242.45,23606.55
2023-09-15,Casual Denim Jacket,Fashion,2,1490.09,2980.18
2023-09-15,Slim Fit Chino Pants,Fashion,15,942.25,14133.75
2023-09-15,Casual Denim Jacket,Fashion,21,1619.28,34004.88
2023-09-15,Leather Wallet Slim,Fashion,10,570.27,5702.7
2023-09-15,Casual Denim Jacket,Fashion,8,1394.16,11153.28
2023-09-15,Vitamin C Face Serum 30ml,Beauty,8,724.79,5798.32
2023-09-15,Natural Aloe Vera Gel 200ml,Beauty,17,227.61,3869.37
2023-09-15,Portable Phone Charger 20000mAh,Electronics,25,1461.51,36537.75
2023-09-15,Wireless Bluetooth Earbuds,Electronics,2,1227.56,2455.12
2023-09-16,Memory Foam Pillow,Home & Living,16,838.49,13415.84
2023-09-16,Non-Stick Frying Pan 26cm,Home & Living,24,769.52,18468.48
2023-09-16,Bamboo Cutting Board Set,Home & Living,10,551.21,5512.1
2023-09-16,USB-C Fast Charging Cable,Electronics,21,303.85,6380.85
2023-09-16,USB-C Fast Charging Cable,Electronics,8,284.09,2272.72
2023-09-16,Mechanical Keyboard RGB,Electronics,25,2303.35,57583.75
2023-09-16,Wireless Bluetooth Earbuds,Electronics,19,1325.23,25179.37
2023-09-16,Bamboo Cutting Board Set,Home & Living,22,588.76,12952.72
2023-09-16,Webcam HD 1080p,Electronics,12,1820.33,21843.96
2023-09-16,Scented Soy Wax Candle,Home & Living,18,367.35,6612.3
2023-09-16,USB-C Fast Charging Cable,Electronics,25,303.78,7594.5
2023-09-17,Stainless Steel Water Bottle 1L,Home & Living,16,535.6,8569.6
2023-09-17,Memory Foam Pillow,Home & Living,21,846.04,17766.84
2023-09-17,Natural Aloe Vera Gel 200ml,Beauty,10,266.03,2660.3
2023-09-17,Non-Stick Frying Pan 26cm,Home & Living,24,824.81,19795.44
2023-09-17,Stainless Steel Water Bottle 1L,Home & Living,25,462.35,11558.75
2023-09-17,Wireless Bluetooth Earbuds,Electronics,24,1325.71,31817.04
2023-09-17,Memory Foam Pillow,Home & Living,4,905.89,3623.56
2023-09-17,Smart LED Desk Lamp,Electronics,25,857.12,21428.0
2023-09-17,USB-C Fast Charging Cable,Electronics,18,269.69,4854.42
2023-09-17,Mechanical Keyboard RGB,Electronics,24,2518.71,60449.04
2023-09-17,Slim Fit Chino Pants,Fashion,25,903.07,22576.75
2023-09-17,Under Eye Cream Dark Circles,Beauty,14,461.67,6463.38
2023-09-17,Natural Aloe Vera Gel 200ml,Beauty,16,231.6,3705.6
2023-09-17,Smart LED Desk Lamp,Electronics,23,883.52,20320.96
2023-09-17,Natural Aloe Vera Gel 200ml,Beauty,25,234.14,5853.5
2023-09-18,Portable Phone Charger 20000mAh,Electronics,14,1460.62,20448.68
2023-09-18,Running Sports Shoes,Fashion,5,1991.92,9959.6
2023-09-18,Stainless Steel Water Bottle 1L,Home & Living,13,513.92,6680.96
2023-09-18,Stainless Steel Water Bottle 1L,Home & Living,6,488.09,2928.54
2023-09-18,Wireless Bluetooth Earbuds,Electronics,18,1319.65,23753.7
2023-09-18,Memory Foam Pillow,Home & Living,19,968.06,18393.14
2023-09-18,Moisturising Sunscreen SPF50,Beauty,22,413.03,9086.66
2023-09-18,Stainless Steel Water Bottle 1L,Home & Living,17,473.8,8054.6
2023-09-19,Laptop Stand Adjustable,Electronics,18,1802.73,32449.14
2023-09-19,Smart LED Desk Lamp,Electronics,7,820.65,5744.55
2023-09-19,Cotton Round Neck T-Shirt,Fashion,13,419.5,5453.5
2023-09-19,Portable Phone Charger 20000mAh,Electronics,19,1499.27,28486.13
2023-09-19,Natural Aloe Vera Gel 200ml,Beauty,16,247.41,3958.56
2023-09-19,Leather Wallet Slim,Fashion,24,638.18,15316.32
2023-09-20,Under Eye Cream Dark Circles,Beauty,22,440.97,9701.34
2023-09-20,Slim Fit Chino Pants,Fashion,13,965.24,12548.12
2023-09-20,Non-Stick Frying Pan 26cm,Home & Living,17,839.14,14265.38
2023-09-20,Bamboo Cutting Board Set,Home & Living,19,611.22,11613.18
2023-09-20,Sunglasses UV400 Polarized,Fashion,9,760.2,6841.8
2023-09-20,Webcam HD 1080p,Electronics,2,1698.52,3397.04
2023-09-20,Wireless Bluetooth Earbuds,Electronics,13,1357.54,17648.02
2023-09-20,Moisturising Sunscreen SPF50,Beauty,25,422.9,10572.5
2023-09-20,Laptop Stand Adjustable,Electronics,2,1920.72,3841.44
2023-09-21,Noise Cancelling Headphones,Electronics,18,3785.79,68144.22
2023-09-21,Under Eye Cream Dark Circles,Beauty,22,446.17,9815.74
2023-09-21,Leather Wallet Slim,Fashion,18,595.53,10719.54
2023-09-21,Sunglasses UV400 Polarized,Fashion,11,847.44,9321.84
2023-09-21,Casual Denim Jacket,Fashion,1,1440.54,1440.54
2023-09-21,Portable Phone Charger 20000mAh,Electronics,16,1579.75,25276.0
2023-09-21,Natural Aloe Vera Gel 200ml,Beauty,12,250.48,3005.76
2023-09-21,Portable Phone Charger 20000mAh,Electronics,11,1464.94,16114.34
2023-09-22,Smart LED Desk Lamp,Electronics,5,844.91,4224.55
2023-09-22,Webcam HD 1080p,Electronics,20,1783.74,35674.8
2023-09-22,Stainless Steel Water Bottle 1L,Home & Living,11,460.2,5062.2
2023-09-22,Casual Denim Jacket,Fashion,3,1618.96,4856.88
2023-09-22,Sunglasses UV400 Polarized,Fashion,25,828.22,20705.5
2023-09-22,Collagen Face Sheet Mask Pack,Beauty,18,202.9,3652.2
2023-09-22,Portable Phone Charger 20000mAh,Electronics,20,1483.77,29675.4
2023-09-22,Under Eye Cream Dark Circles,Beauty,23,462.13,10628.99
2023-09-22,Wireless Bluetooth Earbuds,Electronics,25,1222.17,30554.25
2023-09-22,Webcam HD 1080p,Electronics,8,1922.92,15383.36
2023-09-22,Noise Cancelling Headphones,Electronics,11,4260.99,46870.89
2023-09-22,Laptop Stand Adjustable,Electronics,25,1663.94,41598.5
2023-09-22,Cotton Round Neck T-Shirt,Fashion,1,419.89,419.89
2023-09-23,Portable Phone Charger 20000mAh,Electronics,23,1437.16,33054.68
2023-09-23,Webcam HD 1080p,Electronics,25,1687.03,42175.75
2023-09-23,Laptop Stand Adjustable,Electronics,16,1909.84,30557.44
2023-09-23,Scented Soy Wax Candle,Home & Living,4,330.07,1320.28
2023-09-23,Smart LED Desk Lamp,Electronics,10,946.26,9462.6
2023-09-23,Running Sports Shoes,Fashion,16,2097.34,33557.44
2023-09-23,Noise Cancelling Headphones,Electronics,19,4139.57,78651.83
2023-09-23,Casual Denim Jacket,Fashion,25,1463.25,36581.25
2023-09-24,Mechanical Keyboard RGB,Electronics,24,2673.04,64152.96
2023-09-24,Running Sports Shoes,Fashion,18,2107.07,37927.26
2023-09-24,Casual Denim Jacket,Fashion,16,1433.89,22942.24
2023-09-24,Noise Cancelling Headphones,Electronics,22,4019.3,88424.6
2023-09-24,Under Eye Cream Dark Circles,Beauty,2,445.09,890.18
2023-09-24,Portable Phone Charger 20000mAh,Electronics,11,1558.33,17141.63
2023-09-24,Non-Stick Frying Pan 26cm,Home & Living,22,835.28,18376.16
2023-09-24,Wireless Bluetooth Earbuds,Electronics,15,1354.53,20317.95
2023-09-24,Running Sports Shoes,Fashion,11,2016.45,22180.95
2023-09-24,USB-C Fast Charging Cable,Electronics,14,296.95,4157.3
2023-09-24,USB-C Fast Charging Cable,Electronics,17,275.01,4675.17
2023-09-25,Running Sports Shoes,Fashion,12,1895.27,22743.24
2023-09-25,Running Sports Shoes,Fashion,23,1915.47,44055.81
2023-09-25,Leather Wallet Slim,Fashion,4,619.03,2476.12
2023-09-25,Wireless Bluetooth Earbuds,Electronics,1,1361.35,1361.35
2023-09-25,Memory Foam Pillow,Home & Living,6,872.48,5234.88
2023-09-25,Wireless Bluetooth Earbuds,Electronics,15,1342.4,20136.0
2023-09-25,Running Sports Shoes,Fashion,6,2108.71,12652.26
2023-09-25,Vitamin C Face Serum 30ml,Beauty,16,702.93,11246.88
2023-09-25,Casual Denim Jacket,Fashion,18,1497.93,26962.74
2023-09-25,Laptop Stand Adjustable,Electronics,25,1838.26,45956.5
2023-09-25,Noise Cancelling Headphones,Electronics,25,3942.13,98553.25
2023-09-25,Stainless Steel Water Bottle 1L,Home & Living,24,464.93,11158.32
2023-09-25,Slim Fit Chino Pants,Fashion,20,954.35,19087.0
2023-09-25,Laptop Stand Adjustable,Electronics,3,1929.25,5787.75
2023-09-25,Cotton Round Neck T-Shirt,Fashion,13,400.38,5204.94
2023-09-26,Vitamin C Face Serum 30ml,Beauty,2,725.88,1451.76
2023-09-26,Stainless Steel Water Bottle 1L,Home & Living,2,536.47,1072.94
2023-09-26,Slim Fit Chino Pants,Fashion,8,883.07,7064.56
2023-09-26,Cotton Round Neck T-Shirt,Fashion,5,414.76,2073.8
2023-09-26,Non-Stick Frying Pan 26cm,Home & Living,25,847.22,21180.5
2023-09-26,Memory Foam Pillow,Home & Living,2,916.47,1832.94
2023-09-26,Smart LED Desk Lamp,Electronics,18,911.02,16398.36
2023-09-26,Webcam HD 1080p,Electronics,16,1747.3,27956.8
2023-09-27,Vitamin C Face Serum 30ml,Beauty,19,640.74,12174.06
2023-09-27,Smart LED Desk Lamp,Electronics,22,933.46,20536.12
2023-09-27,Laptop Stand Adjustable,Electronics,24,1948.06,46753.44
2023-09-27,Noise Cancelling Headphones,Electronics,23,4110.67,94545.41
2023-09-27,Vitamin C Face Serum 30ml,Beauty,5,698.3,3491.5
2023-09-27,Under Eye Cream Dark Circles,Beauty,15,412.02,6180.3
2023-09-27,Moisturising Sunscreen SPF50,Beauty,16,378.17,6050.72
2023-09-27,Bamboo Cutting Board Set,Home & Living,24,590.78,14178.72
2023-09-28,Noise Cancelling Headphones,Electronics,16,3870.26,61924.16
2023-09-28,Sunglasses UV400 Polarized,Fashion,11,775.7,8532.7
2023-09-28,Webcam HD 1080p,Electronics,6,1658.47,9950.82
2023-09-29,Portable Phone Charger 20000mAh,Electronics,10,1618.45,16184.5
2023-09-29,Running Sports Shoes,Fashion,1,1946.46,1946.46
2023-09-29,Slim Fit Chino Pants,Fashion,15,971.61,14574.15
2023-09-29,USB-C Fast Charging Cable,Electronics,9,275.27,2477.43
2023-09-29,Bamboo Cutting Board Set,Home & Living,7,630.63,4414.41
2023-09-29,Non-Stick Frying Pan 26cm,Home & Living,18,787.62,14177.16
2023-09-29,Slim Fit Chino Pants,Fashion,23,906.96,20860.08
2023-09-29,Webcam HD 1080p,Electronics,5,1923.07,9615.35
2023-09-29,Running Sports Shoes,Fashion,19,1867.37,35480.03
2023-09-29,Noise Cancelling Headphones,Electronics,11,3776.76,41544.36
2023-09-29,Cotton Round Neck T-Shirt,Fashion,22,374.29,8234.38
2023-09-30,Memory Foam Pillow,Home & Living,11,962.19,10584.09
2023-09-30,Collagen Face Sheet Mask Pack,Beauty,13,193.07,2509.91
2023-09-30,Memory Foam Pillow,Home & Living,21,893.78,18769.38
2023-09-30,Mechanical Keyboard RGB,Electronics,25,2660.54,66513.5
2023-10-01,USB-C Fast Charging Cable,Electronics,25,320.54,8013.5
2023-10-01,Laptop Stand Adjustable,Electronics,10,1725.47,17254.7
2023-10-01,Collagen Face Sheet Mask Pack,Beauty,9,189.39,1704.51
2023-10-01,Bamboo Cutting Board Set,Home & Living,21,601.79,12637.59
2023-10-01,Under Eye Cream Dark Circles,Beauty,25,418.64,10466.0
2023-10-01,Laptop Stand Adjustable,Electronics,19,1761.55,33469.45
2023-10-01,Sunglasses UV400 Polarized,Fashion,10,757.78,7577.8
2023-10-01,Noise Cancelling Headphones,Electronics,14,3729.72,52216.08
2023-10-01,Natural Aloe Vera Gel 200ml,Beauty,25,232.99,5824.75
2023-10-01,USB-C Fast Charging Cable,Electronics,25,297.78,7444.5
2023-10-01,Laptop Stand Adjustable,Electronics,20,1839.14,36782.8
2023-10-01,Noise Cancelling Headphones,Electronics,20,3817.18,76343.6
2023-10-01,Portable Phone Charger 20000mAh,Electronics,20,1514.51,30290.2
2023-10-01,USB-C Fast Charging Cable,Electronics,25,320.99,8024.75
2023-10-01,Sunglasses UV400 Polarized,Fashion,13,847.07,11011.91
2023-10-01,Wireless Bluetooth Earbuds,Electronics,22,1258.6,27689.2
2023-10-02,Moisturising Sunscreen SPF50,Beauty,25,407.33,10183.25
2023-10-02,Memory Foam Pillow,Home & Living,10,916.39,9163.9
2023-10-02,Under Eye Cream Dark Circles,Beauty,3,478.27,1434.81
2023-10-02,Bamboo Cutting Board Set,Home & Living,7,581.27,4068.89
2023-10-02,Natural Aloe Vera Gel 200ml,Beauty,5,241.64,1208.2
2023-10-02,Collagen Face Sheet Mask Pack,Beauty,25,197.27,4931.75
2023-10-02,Laptop Stand Adjustable,Electronics,7,1826.17,12783.19
2023-10-02,Under Eye Cream Dark Circles,Beauty,20,446.84,8936.8
2023-10-02,USB-C Fast Charging Cable,Electronics,4,302.8,1211.2
2023-10-03,Noise Cancelling Headphones,Electronics,25,3835.69,95892.25
2023-10-03,Running Sports Shoes,Fashion,18,2084.1,37513.8
2023-10-03,Webcam HD 1080p,Electronics,25,1858.27,46456.75
2023-10-03,Under Eye Cream Dark Circles,Beauty,19,433.55,8237.45
2023-10-03,Under Eye Cream Dark Circles,Beauty,3,474.26,1422.78
2023-10-03,Leather Wallet Slim,Fashion,23,562.11,12928.53
2023-10-03,Slim Fit Chino Pants,Fashion,18,949.84,17097.12
2023-10-03,Leather Wallet Slim,Fashion,11,560.12,6161.32
2023-10-03,Mechanical Keyboard RGB,Electronics,25,2464.11,61602.75
2023-10-03,Webcam HD 1080p,Electronics,19,1742.11,33100.09
2023-10-03,Mechanical Keyboard RGB,Electronics,21,2649.52,55639.92
2023-10-04,Laptop Stand Adjustable,Electronics,7,1698.8,11891.6
2023-10-04,Moisturising Sunscreen SPF50,Beauty,8,393.56,3148.48
2023-10-04,Moisturising Sunscreen SPF50,Beauty,16,389.1,6225.6
2023-10-04,Casual Denim Jacket,Fashion,19,1357.35,25789.65
2023-10-04,Running Sports Shoes,Fashion,21,2012.82,42269.22
2023-10-04,Stainless Steel Water Bottle 1L,Home & Living,12,460.68,5528.16
2023-10-04,Portable Phone Charger 20000mAh,Electronics,15,1528.32,22924.8
2023-10-04,Collagen Face Sheet Mask Pack,Beauty,18,214.75,3865.5
2023-10-04,Portable Phone Charger 20000mAh,Electronics,25,1490.38,37259.5
2023-10-05,Laptop Stand Adjustable,Electronics,12,1924.37,23092.44
2023-10-05,Cotton Round Neck T-Shirt,Fashion,21,381.68,8015.28
2023-10-05,Casual Denim Jacket,Fashion,13,1488.78,19354.14
2023-10-05,Leather Wallet Slim,Fashion,21,623.41,13091.61
2023-10-05,Laptop Stand Adjustable,Electronics,3,1868.42,5605.26
2023-10-05,Stainless Steel Water Bottle 1L,Home & Living,23,522.83,12025.09
2023-10-05,Vitamin C Face Serum 30ml,Beauty,23,701.61,16137.03
2023-10-05,Running Sports Shoes,Fashion,16,2113.99,33823.84
2023-10-06,USB-C Fast Charging Cable,Electronics,7,263.15,1842.05
2023-10-06,Webcam HD 1080p,Electronics,9,1911.22,17200.98
2023-10-06,Scented Soy Wax Candle,Home & Living,8,356.99,2855.92
2023-10-06,Sunglasses UV400 Polarized,Fashion,24,847.41,20337.84
2023-10-06,Noise Cancelling Headphones,Electronics,10,4304.54,43045.4
2023-10-06,Scented Soy Wax Candle,Home & Living,24,368.44,8842.56
2023-10-06,Stainless Steel Water Bottle 1L,Home & Living,24,522.41,12537.84
2023-10-06,Mechanical Keyboard RGB,Electronics,19,2541.19,48282.61
2023-10-06,Vitamin C Face Serum 30ml,Beauty,12,691.33,8295.96
2023-10-06,Slim Fit Chino Pants,Fashion,5,868.48,4342.4
2023-10-06,Non-Stick Frying Pan 26cm,Home & Living,22,795.34,17497.48
2023-10-06,Leather Wallet Slim,Fashion,22,597.74,13150.28
2023-10-06,Non-Stick Frying Pan 26cm,Home & Living,15,844.71,12670.65
2023-10-06,Webcam HD 1080p,Electronics,19,1900.36,36106.84
2023-10-06,Collagen Face Sheet Mask Pack,Beauty,22,211.75,4658.5
2023-10-06,Smart LED Desk Lamp,Electronics,6,913.9,5483.4
2023-10-06,Natural Aloe Vera Gel 200ml,Beauty,10,234.7,2347.0
2023-10-06,Bamboo Cutting Board Set,Home & Living,16,555.33,8885.28
2023-10-07,Collagen Face Sheet Mask Pack,Beauty,20,194.01,3880.2
2023-10-07,Natural Aloe Vera Gel 200ml,Beauty,22,265.89,5849.58
2023-10-07,Sunglasses UV400 Polarized,Fashion,25,770.08,19252.0
2023-10-07,Mechanical Keyboard RGB,Electronics,25,2541.95,63548.75
2023-10-07,Casual Denim Jacket,Fashion,25,1383.56,34589.0
2023-10-07,Mechanical Keyboard RGB,Electronics,25,2361.18,59029.5
2023-10-07,Casual Denim Jacket,Fashion,22,1525.73,33566.06
2023-10-08,Moisturising Sunscreen SPF50,Beauty,25,374.92,9373.0
2023-10-08,Leather Wallet Slim,Fashion,17,621.79,10570.43
2023-10-08,Stainless Steel Water Bottle 1L,Home & Living,5,504.38,2521.9
2023-10-08,Portable Phone Charger 20000mAh,Electronics,17,1502.12,25536.04
2023-10-08,Slim Fit Chino Pants,Fashion,23,931.14,21416.22
2023-10-08,Laptop Stand Adjustable,Electronics,9,1876.85,16891.65
2023-10-08,Under Eye Cream Dark Circles,Beauty,23,415.82,9563.86
2023-10-09,Leather Wallet Slim,Fashion,14,597.74,8368.36
2023-10-09,Under Eye Cream Dark Circles,Beauty,2,463.39,926.78
2023-10-09,Smart LED Desk Lamp,Electronics,10,840.46,8404.6
2023-10-09,Vitamin C Face Serum 30ml,Beauty,13,716.89,9319.57
2023-10-09,Laptop Stand Adjustable,Electronics,13,1718.73,22343.49
2023-10-09,Noise Cancelling Headphones,Electronics,21,3995.26,83900.46
2023-10-09,Sunglasses UV400 Polarized,Fashion,10,792.75,7927.5
2023-10-09,Casual Denim Jacket,Fashion,11,1360.94,14970.34
2023-10-09,Leather Wallet Slim,Fashion,10,605.73,6057.3
2023-10-09,Wireless Bluetooth Earbuds,Electronics,8,1276.99,10215.92
2023-10-09,Slim Fit Chino Pants,Fashion,16,877.07,14033.12
2023-10-10,Laptop Stand Adjustable,Electronics,20,1796.3,35926.0
2023-10-10,Memory Foam Pillow,Home & Living,9,864.23,7778.07
2023-10-10,Scented Soy Wax Candle,Home & Living,21,355.81,7472.01
2023-10-10,Webcam HD 1080p,Electronics,13,1864.76,24241.88
2023-10-10,Running Sports Shoes,Fashion,25,1898.1,47452.5
2023-10-10,Moisturising Sunscreen SPF50,Beauty,14,399.72,5596.08
2023-10-10,Noise Cancelling Headphones,Electronics,10,3883.13,38831.3
2023-10-10,Running Sports Shoes,Fashion,16,1859.66,29754.56
2023-10-11,Natural Aloe Vera Gel 200ml,Beauty,16,237.38,3798.08
2023-10-11,Memory Foam Pillow,Home & Living,7,952.55,6667.85
2023-10-11,Bamboo Cutting Board Set,Home & Living,15,621.24,9318.6
2023-10-11,Cotton Round Neck T-Shirt,Fashion,7,416.08,2912.56
2023-10-11,Non-Stick Frying Pan 26cm,Home & Living,12,762.04,9144.48
2023-10-11,Leather Wallet Slim,Fashion,18,554.36,9978.48
2023-10-11,Leather Wallet Slim,Fashion,25,609.84,15246.0
2023-10-11,Running Sports Shoes,Fashion,14,2094.37,29321.18
2023-10-11,Scented Soy Wax Candle,Home & Living,21,351.17,7374.57
2023-10-12,Moisturising Sunscreen SPF50,Beauty,8,405.47,3243.76
2023-10-12,Moisturising Sunscreen SPF50,Beauty,13,386.37,5022.81
2023-10-12,Sunglasses UV400 Polarized,Fashion,22,837.16,18417.52
2023-10-12,Natural Aloe Vera Gel 200ml,Beauty,13,241.34,3137.42
2023-10-13,Smart LED Desk Lamp,Electronics,22,896.46,19722.12
2023-10-13,Wireless Bluetooth Earbuds,Electronics,24,1336.87,32084.88
2023-10-13,Vitamin C Face Serum 30ml,Beauty,12,695.96,8351.52
2023-10-13,Scented Soy Wax Candle,Home & Living,13,362.71,4715.23
2023-10-13,Laptop Stand Adjustable,Electronics,25,1823.04,45576.0
2023-10-13,Memory Foam Pillow,Home & Living,13,938.86,12205.18
2023-10-13,USB-C Fast Charging Cable,Electronics,20,260.22,5204.4
2023-10-13,Portable Phone Charger 20000mAh,Electronics,17,1465.76,24917.92
2023-10-13,Collagen Face Sheet Mask Pack,Beauty,25,184.54,4613.5
2023-10-13,Webcam HD 1080p,Electronics,13,1936.1,25169.3
2023-10-13,Wireless Bluetooth Earbuds,Electronics,6,1254.06,7524.36
2023-10-13,Vitamin C Face Serum 30ml,Beauty,11,677.49,7452.39
2023-10-13,Under Eye Cream Dark Circles,Beauty,10,471.49,4714.9
2023-10-13,Collagen Face Sheet Mask Pack,Beauty,9,197.06,1773.54
2023-10-14,Wireless Bluetooth Earbuds,Electronics,11,1274.14,14015.54
2023-10-14,Mechanical Keyboard RGB,Electronics,11,2555.24,28107.64
2023-10-14,Moisturising Sunscreen SPF50,Beauty,25,405.3,10132.5
2023-10-14,Slim Fit Chino Pants,Fashion,7,937.82,6564.74
2023-10-14,Memory Foam Pillow,Home & Living,25,838.2,20955.0
2023-10-14,Memory Foam Pillow,Home & Living,8,962.18,7697.44
2023-10-14,Natural Aloe Vera Gel 200ml,Beauty,25,225.82,5645.5
2023-10-14,Webcam HD 1080p,Electronics,25,1924.66,48116.5
2023-10-14,Natural Aloe Vera Gel 200ml,Beauty,16,242.38,3878.08
2023-10-14,USB-C Fast Charging Cable,Electronics,11,310.87,3419.57
2023-10-14,Moisturising Sunscreen SPF50,Beauty,15,377.54,5663.1
2023-10-14,Vitamin C Face Serum 30ml,Beauty,18,656.09,11809.62
2023-10-15,Wireless Bluetooth Earbuds,Electronics,7,1327.07,9289.49
2023-10-15,Webcam HD 1080p,Electronics,18,1813.31,32639.58
2023-10-15,Running Sports Shoes,Fashion,25,2005.28,50132.0
2023-10-15,Stainless Steel Water Bottle 1L,Home & Living,25,538.69,13467.25
2023-10-15,Natural Aloe Vera Gel 200ml,Beauty,15,255.22,3828.3
2023-10-15,Moisturising Sunscreen SPF50,Beauty,14,370.82,5191.48
2023-10-15,Wireless Bluetooth Earbuds,Electronics,5,1396.5,6982.5
2023-10-15,Casual Denim Jacket,Fashion,12,1407.4,16888.8
2023-10-15,Moisturising Sunscreen SPF50,Beauty,25,408.79,10219.75
2023-10-15,Casual Denim Jacket,Fashion,7,1368.56,9579.92
2023-10-15,Non-Stick Frying Pan 26cm,Home & Living,19,740.06,14061.14
2023-10-15,Noise Cancelling Headphones,Electronics,24,4241.29,101790.96
2023-10-15,Non-Stick Frying Pan 26cm,Home & Living,9,794.37,7149.33
2023-10-16,Cotton Round Neck T-Shirt,Fashion,14,394.12,5517.68
2023-10-16,Laptop Stand Adjustable,Electronics,12,1768.63,21223.56
2023-10-16,Slim Fit Chino Pants,Fashion,17,852.98,14500.66
2023-10-16,Leather Wallet Slim,Fashion,14,578.99,8105.86
2023-10-16,Moisturising Sunscreen SPF50,Beauty,22,428.79,9433.38
2023-10-16,Vitamin C Face Serum 30ml,Beauty,11,720.29,7923.19
2023-10-16,Non-Stick Frying Pan 26cm,Home & Living,9,734.11,6606.99
2023-10-17,Natural Aloe Vera Gel 200ml,Beauty,14,259.5,3633.0
2023-10-17,Portable Phone Charger 20000mAh,Electronics,8,1494.84,11958.72
2023-10-17,USB-C Fast Charging Cable,Electronics,11,305.81,3363.91
2023-10-17,Memory Foam Pillow,Home & Living,25,854.09,21352.25
2023-10-17,Scented Soy Wax Candle,Home & Living,6,367.65,2205.9
2023-10-17,USB-C Fast Charging Cable,Electronics,25,298.0,7450.0
2023-10-17,Mechanical Keyboard RGB,Electronics,25,2624.33,65608.25
2023-10-17,Mechanical Keyboard RGB,Electronics,4,2657.39,10629.56
2023-10-17,Laptop Stand Adjustable,Electronics,10,1743.08,17430.8
2023-10-17,Laptop Stand Adjustable,Electronics,17,1805.27,30689.59
2023-10-17,Bamboo Cutting Board Set,Home & Living,25,586.42,14660.5
2023-10-18,Mechanical Keyboard RGB,Electronics,17,2555.12,43437.04
2023-10-18,Stainless Steel Water Bottle 1L,Home & Living,18,538.74,9697.32
2023-10-18,Webcam HD 1080p,Electronics,19,1886.05,35834.95
2023-10-18,Noise Cancelling Headphones,Electronics,2,3802.04,7604.08
2023-10-18,Mechanical Keyboard RGB,Electronics,7,2577.75,18044.25
2023-10-18,Scented Soy Wax Candle,Home & Living,21,357.71,7511.91
2023-10-18,Laptop Stand Adjustable,Electronics,23,1929.41,44376.43
2023-10-18,Portable Phone Charger 20000mAh,Electronics,24,1461.42,35074.08
2023-10-18,Running Sports Shoes,Fashion,24,1853.15,44475.6
2023-10-18,Bamboo Cutting Board Set,Home & Living,11,608.14,6689.54
2023-10-18,Laptop Stand Adjustable,Electronics,14,1791.02,25074.28
2023-10-18,Collagen Face Sheet Mask Pack,Beauty,18,192.57,3466.26
2023-10-19,Mechanical Keyboard RGB,Electronics,24,2638.44,63322.56
2023-10-19,Sunglasses UV400 Polarized,Fashion,11,741.48,8156.28
2023-10-19,Casual Denim Jacket,Fashion,8,1452.97,11623.76
2023-10-19,Cotton Round Neck T-Shirt,Fashion,25,425.04,10626.0
2023-10-19,Vitamin C Face Serum 30ml,Beauty,4,644.67,2578.68
2023-10-19,Collagen Face Sheet Mask Pack,Beauty,25,194.43,4860.75
2023-10-19,USB-C Fast Charging Cable,Electronics,9,260.52,2344.68
2023-10-19,Slim Fit Chino Pants,Fashion,21,917.14,19259.94
2023-10-20,Sunglasses UV400 Polarized,Fashion,17,735.78,12508.26
2023-10-20,Moisturising Sunscreen SPF50,Beauty,13,408.57,5311.41
2023-10-20,Smart LED Desk Lamp,Electronics,4,841.15,3364.6
2023-10-20,Running Sports Shoes,Fashion,12,1894.57,22734.84
2023-10-20,Vitamin C Face Serum 30ml,Beauty,16,732.49,11719.84
2023-10-20,Collagen Face Sheet Mask Pack,Beauty,19,201.18,3822.42
2023-10-20,Memory Foam Pillow,Home & Living,11,865.61,9521.71
2023-10-20,Running Sports Shoes,Fashion,8,1895.04,15160.32
2023-10-20,Non-Stick Frying Pan 26cm,Home & Living,9,842.24,7580.16
2023-10-20,Scented Soy Wax Candle,Home & Living,11,363.33,3996.63
2023-10-21,Stainless Steel Water Bottle 1L,Home & Living,14,463.77,6492.78
2023-10-21,Laptop Stand Adjustable,Electronics,8,1744.44,13955.52
2023-10-21,Collagen Face Sheet Mask Pack,Beauty,10,188.51,1885.1
2023-10-21,USB-C Fast Charging Cable,Electronics,12,260.39,3124.68
2023-10-21,Mechanical Keyboard RGB,Electronics,12,2575.56,30906.72
2023-10-21,Webcam HD 1080p,Electronics,20,1872.96,37459.2
2023-10-21,Memory Foam Pillow,Home & Living,25,901.29,22532.25
2023-10-21,Sunglasses UV400 Polarized,Fashion,12,822.07,9864.84
2023-10-21,Under Eye Cream Dark Circles,Beauty,12,441.39,5296.68
2023-10-21,Natural Aloe Vera Gel 200ml,Beauty,12,264.26,3171.12
2023-10-21,Webcam HD 1080p,Electronics,17,1889.66,32124.22
2023-10-21,Memory Foam Pillow,Home & Living,5,941.05,4705.25
2023-10-21,Bamboo Cutting Board Set,Home & Living,25,576.34,14408.5
2023-10-21,Vitamin C Face Serum 30ml,Beauty,25,642.79,16069.75
2023-10-21,Laptop Stand Adjustable,Electronics,25,1908.68,47717.0
2023-10-22,Bamboo Cutting Board Set,Home & Living,14,594.57,8323.98
2023-10-22,Portable Phone Charger 20000mAh,Electronics,16,1453.21,23251.36
2023-10-22,Leather Wallet Slim,Fashion,17,643.13,10933.21
2023-10-22,USB-C Fast Charging Cable,Electronics,7,303.99,2127.93
2023-10-22,Memory Foam Pillow,Home & Living,16,927.57,14841.12
2023-10-22,Cotton Round Neck T-Shirt,Fashion,25,376.19,9404.75
2023-10-22,Sunglasses UV400 Polarized,Fashion,11,787.89,8666.79
2023-10-22,Natural Aloe Vera Gel 200ml,Beauty,18,265.15,4772.7
2023-10-22,Smart LED Desk Lamp,Electronics,16,864.5,13832.0
2023-10-22,Leather Wallet Slim,Fashion,20,628.15,12563.0
2023-10-22,Vitamin C Face Serum 30ml,Beauty,14,720.34,10084.76
2023-10-22,Running Sports Shoes,Fashion,21,2047.71,43001.91
2023-10-22,Mechanical Keyboard RGB,Electronics,11,2399.12,26390.32
2023-10-22,Cotton Round Neck T-Shirt,Fashion,11,402.69,4429.59
2023-10-23,Memory Foam Pillow,Home & Living,16,936.43,14982.88
2023-10-23,Leather Wallet Slim,Fashion,14,562.24,7871.36
2023-10-23,Smart LED Desk Lamp,Electronics,3,890.43,2671.29
2023-10-23,Memory Foam Pillow,Home & Living,23,850.35,19558.05
2023-10-23,Cotton Round Neck T-Shirt,Fashion,21,405.86,8523.06
2023-10-23,Laptop Stand Adjustable,Electronics,14,1896.1,26545.4
2023-10-23,Casual Denim Jacket,Fashion,11,1588.29,17471.19
2023-10-23,Stainless Steel Water Bottle 1L,Home & Living,13,461.31,5997.03
2023-10-23,Casual Denim Jacket,Fashion,22,1367.4,30082.8
2023-10-23,Running Sports Shoes,Fashion,19,2063.68,39209.92
2023-10-24,Portable Phone Charger 20000mAh,Electronics,10,1539.81,15398.1
2023-10-24,Memory Foam Pillow,Home & Living,23,896.82,20626.86
2023-10-24,Cotton Round Neck T-Shirt,Fashion,11,376.98,4146.78
2023-10-24,Moisturising Sunscreen SPF50,Beauty,15,374.1,5611.5
2023-10-24,Natural Aloe Vera Gel 200ml,Beauty,19,254.04,4826.76
2023-10-24,Leather Wallet Slim,Fashion,19,645.0,12255.0
2023-10-24,Noise Cancelling Headphones,Electronics,25,4121.74,103043.5
2023-10-24,Cotton Round Neck T-Shirt,Fashion,23,387.16,8904.68
2023-10-24,Casual Denim Jacket,Fashion,18,1576.41,28375.38
2023-10-25,Memory Foam Pillow,Home & Living,25,891.88,22297.0
2023-10-25,Vitamin C Face Serum 30ml,Beauty,7,732.22,5125.54
2023-10-25,Leather Wallet Slim,Fashion,17,613.13,10423.21
2023-10-25,Mechanical Keyboard RGB,Electronics,23,2541.1,58445.3
2023-10-25,Webcam HD 1080p,Electronics,23,1757.55,40423.65
2023-10-25,Under Eye Cream Dark Circles,Beauty,25,443.5,11087.5
2023-10-25,Casual Denim Jacket,Fashion,14,1618.84,22663.76
2023-10-26,Non-Stick Frying Pan 26cm,Home & Living,16,792.98,12687.68
2023-10-26,Bamboo Cutting Board Set,Home & Living,23,598.24,13759.52
2023-10-26,Vitamin C Face Serum 30ml,Beauty,10,702.23,7022.3
2023-10-26,Sunglasses UV400 Polarized,Fashion,8,854.83,6838.64
2023-10-26,Stainless Steel Water Bottle 1L,Home & Living,24,511.54,12276.96
2023-10-26,Noise Cancelling Headphones,Electronics,11,4324.73,47572.03
2023-10-26,Vitamin C Face Serum 30ml,Beauty,14,702.09,9829.26
2023-10-26,USB-C Fast Charging Cable,Electronics,20,321.39,6427.8
2023-10-26,USB-C Fast Charging Cable,Electronics,8,308.0,2464.0
2023-10-26,USB-C Fast Charging Cable,Electronics,21,307.63,6460.23
2023-10-26,Stainless Steel Water Bottle 1L,Home & Living,8,485.29,3882.32
2023-10-27,Mechanical Keyboard RGB,Electronics,18,2345.34,42216.12
2023-10-27,USB-C Fast Charging Cable,Electronics,25,315.88,7897.0
2023-10-27,Under Eye Cream Dark Circles,Beauty,4,451.67,1806.68
2023-10-27,Slim Fit Chino Pants,Fashion,20,955.77,19115.4
2023-10-27,Stainless Steel Water Bottle 1L,Home & Living,23,512.01,11776.23
2023-10-27,Mechanical Keyboard RGB,Electronics,18,2579.18,46425.24
2023-10-27,Noise Cancelling Headphones,Electronics,24,4094.8,98275.2
2023-10-27,Stainless Steel Water Bottle 1L,Home & Living,8,511.31,4090.48
2023-10-28,Memory Foam Pillow,Home & Living,14,961.12,13455.68
2023-10-28,Webcam HD 1080p,Electronics,21,1743.25,36608.25
2023-10-28,Portable Phone Charger 20000mAh,Electronics,25,1555.44,38886.0
2023-10-28,Moisturising Sunscreen SPF50,Beauty,23,376.39,8656.97
2023-10-28,Non-Stick Frying Pan 26cm,Home & Living,24,784.78,18834.72
2023-10-28,USB-C Fast Charging Cable,Electronics,9,300.11,2700.99
2023-10-28,Mechanical Keyboard RGB,Electronics,15,2326.06,34890.9
2023-10-28,Bamboo Cutting Board Set,Home & Living,21,564.13,11846.73
2023-10-29,Moisturising Sunscreen SPF50,Beauty,10,428.02,4280.2
2023-10-29,Collagen Face Sheet Mask Pack,Beauty,25,200.06,5001.5
2023-10-29,Casual Denim Jacket,Fashion,9,1418.73,12768.57
2023-10-29,Leather Wallet Slim,Fashion,14,634.16,8878.24
2023-10-29,Casual Denim Jacket,Fashion,12,1608.36,19300.32
2023-10-29,Sunglasses UV400 Polarized,Fashion,20,798.97,15979.4
2023-10-29,Bamboo Cutting Board Set,Home & Living,7,637.89,4465.23
2023-10-30,Moisturising Sunscreen SPF50,Beauty,16,424.17,6786.72
2023-10-30,Running Sports Shoes,Fashion,23,2005.93,46136.39
2023-10-30,Memory Foam Pillow,Home & Living,16,950.46,15207.36
2023-10-30,Collagen Face Sheet Mask Pack,Beauty,20,183.39,3667.8
2023-10-30,Mechanical Keyboard RGB,Electronics,16,2507.55,40120.8
2023-10-30,Collagen Face Sheet Mask Pack,Beauty,2,209.15,418.3
2023-10-30,Bamboo Cutting Board Set,Home & Living,12,591.63,7099.56
2023-10-30,Noise Cancelling Headphones,Electronics,15,4339.48,65092.2
2023-10-31,Noise Cancelling Headphones,Electronics,11,4349.5,47844.5
2023-10-31,Bamboo Cutting Board Set,Home & Living,8,608.07,4864.56
2023-10-31,USB-C Fast Charging Cable,Electronics,25,297.53,7438.25
2023-10-31,Moisturising Sunscreen SPF50,Beauty,12,429.25,5151.0
2023-10-31,Bamboo Cutting Board Set,Home & Living,3,587.77,1763.31
2023-10-31,Moisturising Sunscreen SPF50,Beauty,20,416.13,8322.6
2023-10-31,Memory Foam Pillow,Home & Living,10,858.36,8583.6
2023-10-31,Laptop Stand Adjustable,Electronics,19,1900.5,36109.5
2023-10-31,Stainless Steel Water Bottle 1L,Home & Living,10,486.34,4863.4
2023-11-01,Cotton Round Neck T-Shirt,Fashion,17,376.63,6402.71
2023-11-01,Portable Phone Charger 20000mAh,Electronics,16,1425.95,22815.2
2023-11-01,Mechanical Keyboard RGB,Electronics,19,2468.2,46895.8
2023-11-01,Vitamin C Face Serum 30ml,Beauty,23,748.0,17204.0
2023-11-01,Scented Soy Wax Candle,Home & Living,5,343.3,1716.5
2023-11-01,Bamboo Cutting Board Set,Home & Living,14,579.53,8113.42
2023-11-01,Natural Aloe Vera Gel 200ml,Beauty,23,248.27,5710.21
2023-11-01,Slim Fit Chino Pants,Fashion,4,861.65,3446.6
2023-11-02,Memory Foam Pillow,Home & Living,8,969.38,7755.04
2023-11-02,Leather Wallet Slim,Fashion,22,636.24,13997.28
2023-11-02,Webcam HD 1080p,Electronics,16,1739.1,27825.6
2023-11-02,Slim Fit Chino Pants,Fashion,12,963.03,11556.36
2023-11-02,Collagen Face Sheet Mask Pack,Beauty,8,209.45,1675.6
2023-11-02,Collagen Face Sheet Mask Pack,Beauty,20,184.5,3690.0
2023-11-02,Natural Aloe Vera Gel 200ml,Beauty,18,255.51,4599.18
2023-11-02,Casual Denim Jacket,Fashion,7,1510.8,10575.6
2023-11-02,Vitamin C Face Serum 30ml,Beauty,8,693.23,5545.84
2023-11-02,Mechanical Keyboard RGB,Electronics,4,2414.15,9656.6
2023-11-02,Scented Soy Wax Candle,Home & Living,10,367.68,3676.8
2023-11-02,Bamboo Cutting Board Set,Home & Living,14,635.08,8891.12
2023-11-02,Leather Wallet Slim,Fashion,20,635.69,12713.8
2023-11-03,Natural Aloe Vera Gel 200ml,Beauty,19,250.73,4763.87
2023-11-03,Noise Cancelling Headphones,Electronics,25,4068.67,101716.75
2023-11-03,Leather Wallet Slim,Fashion,25,577.68,14442.0
2023-11-03,Vitamin C Face Serum 30ml,Beauty,18,714.11,12853.98
2023-11-03,Moisturising Sunscreen SPF50,Beauty,2,378.79,757.58
2023-11-03,Casual Denim Jacket,Fashion,9,1540.68,13866.12
2023-11-03,Sunglasses UV400 Polarized,Fashion,11,801.87,8820.57
2023-11-03,Memory Foam Pillow,Home & Living,5,964.44,4822.2
2023-11-03,Collagen Face Sheet Mask Pack,Beauty,15,195.74,2936.1
2023-11-03,Laptop Stand Adjustable,Electronics,4,1847.72,7390.88
2023-11-04,Memory Foam Pillow,Home & Living,15,929.14,13937.1
2023-11-04,Natural Aloe Vera Gel 200ml,Beauty,18,228.8,4118.4
2023-11-04,Leather Wallet Slim,Fashion,9,608.83,5479.47
2023-11-04,Sunglasses UV400 Polarized,Fashion,22,832.4,18312.8
2023-11-04,Slim Fit Chino Pants,Fashion,24,950.47,22811.28
2023-11-04,Cotton Round Neck T-Shirt,Fashion,14,424.9,5948.6
2023-11-04,Non-Stick Frying Pan 26cm,Home & Living,20,819.98,16399.6
2023-11-04,Stainless Steel Water Bottle 1L,Home & Living,10,468.99,4689.9
2023-11-04,Wireless Bluetooth Earbuds,Electronics,19,1339.71,25454.49
2023-11-04,Smart LED Desk Lamp,Electronics,25,826.78,20669.5
2023-11-04,Smart LED Desk Lamp,Electronics,11,902.48,9927.28
2023-11-05,Smart LED Desk Lamp,Electronics,18,839.99,15119.82
2023-11-05,Sunglasses UV400 Polarized,Fashion,25,745.94,18648.5
2023-11-05,Webcam HD 1080p,Electronics,25,1947.13,48678.25
2023-11-05,Slim Fit Chino Pants,Fashion,10,835.01,8350.1
2023-11-05,Cotton Round Neck T-Shirt,Fashion,25,393.83,9845.75
2023-11-05,Laptop Stand Adjustable,Electronics,8,1946.64,15573.12
2023-11-05,Scented Soy Wax Candle,Home & Living,15,369.14,5537.1
2023-11-05,Collagen Face Sheet Mask Pack,Beauty,6,191.08,1146.48
2023-11-05,Bamboo Cutting Board Set,Home & Living,13,580.43,7545.59
2023-11-05,Moisturising Sunscreen SPF50,Beauty,24,396.4,9513.6
2023-11-05,Under Eye Cream Dark Circles,Beauty,25,458.28,11457.0
2023-11-05,Laptop Stand Adjustable,Electronics,25,1877.67,46941.75
2023-11-06,Sunglasses UV400 Polarized,Fashion,12,741.93,8903.16
2023-11-06,Vitamin C Face Serum 30ml,Beauty,4,686.97,2747.88
2023-11-06,Running Sports Shoes,Fashion,11,1894.6,20840.6
2023-11-06,Smart LED Desk Lamp,Electronics,24,904.99,21719.76
2023-11-06,Under Eye Cream Dark Circles,Beauty,25,454.25,11356.25
2023-11-06,Cotton Round Neck T-Shirt,Fashion,13,385.97,5017.61
2023-11-06,Leather Wallet Slim,Fashion,19,645.27,12260.13
2023-11-06,Bamboo Cutting Board Set,Home & Living,20,587.01,11740.2
2023-11-06,Slim Fit Chino Pants,Fashion,25,842.33,21058.25
2023-11-06,Sunglasses UV400 Polarized,Fashion,18,835.86,15045.48
2023-11-06,Leather Wallet Slim,Fashion,21,578.85,12155.85
2023-11-07,Leather Wallet Slim,Fashion,14,571.64,8002.96
2023-11-07,Leather Wallet Slim,Fashion,16,587.99,9407.84
2023-11-07,Natural Aloe Vera Gel 200ml,Beauty,17,243.76,4143.92
2023-11-07,Casual Denim Jacket,Fashion,19,1482.26,28162.94
2023-11-07,USB-C Fast Charging Cable,Electronics,25,319.32,7983.0
2023-11-07,Wireless Bluetooth Earbuds,Electronics,14,1326.26,18567.64
2023-11-07,Memory Foam Pillow,Home & Living,16,943.23,15091.68
2023-11-07,Wireless Bluetooth Earbuds,Electronics,6,1301.93,7811.58
2023-11-07,Webcam HD 1080p,Electronics,24,1869.0,44856.0
2023-11-08,Mechanical Keyboard RGB,Electronics,25,2475.13,61878.25
2023-11-08,Casual Denim Jacket,Fashion,3,1606.72,4820.16
2023-11-08,Under Eye Cream Dark Circles,Beauty,8,460.45,3683.6
2023-11-08,Sunglasses UV400 Polarized,Fashion,7,838.04,5866.28
2023-11-08,Mechanical Keyboard RGB,Electronics,19,2380.28,45225.32
2023-11-08,Stainless Steel Water Bottle 1L,Home & Living,6,487.14,2922.84
2023-11-08,Noise Cancelling Headphones,Electronics,21,4184.44,87873.24
2023-11-08,Vitamin C Face Serum 30ml,Beauty,22,694.07,15269.54
2023-11-08,Wireless Bluetooth Earbuds,Electronics,25,1365.72,34143.0
2023-11-08,Bamboo Cutting Board Set,Home & Living,12,574.31,6891.72
2023-11-08,USB-C Fast Charging Cable,Electronics,21,270.94,5689.74
2023-11-08,Slim Fit Chino Pants,Fashion,11,917.13,10088.43
2023-11-08,Wireless Bluetooth Earbuds,Electronics,17,1245.98,21181.66
2023-11-09,Scented Soy Wax Candle,Home & Living,19,358.99,6820.81
2023-11-09,Laptop Stand Adjustable,Electronics,22,1704.73,37504.06
2023-11-09,Under Eye Cream Dark Circles,Beauty,25,461.95,11548.75
2023-11-09,Vitamin C Face Serum 30ml,Beauty,8,669.47,5355.76
2023-11-09,Smart LED Desk Lamp,Electronics,22,867.26,19079.72
2023-11-09,Cotton Round Neck T-Shirt,Fashion,19,391.0,7429.0
2023-11-10,USB-C Fast Charging Cable,Electronics,12,302.2,3626.4
2023-11-10,Leather Wallet Slim,Fashion,5,555.72,2778.6
2023-11-10,Portable Phone Charger 20000mAh,Electronics,16,1480.07,23681.12
2023-11-10,Cotton Round Neck T-Shirt,Fashion,23,425.07,9776.61
2023-11-10,Non-Stick Frying Pan 26cm,Home & Living,10,831.15,8311.5
2023-11-10,Slim Fit Chino Pants,Fashion,17,915.31,15560.27
2023-11-10,Casual Denim Jacket,Fashion,24,1366.75,32802.0
2023-11-10,Noise Cancelling Headphones,Electronics,16,3724.36,59589.76
2023-11-10,Memory Foam Pillow,Home & Living,25,830.62,20765.5
2023-11-10,USB-C Fast Charging Cable,Electronics,18,316.99,5705.82
2023-11-11,Cotton Round Neck T-Shirt,Fashion,20,419.95,8399.0
2023-11-11,Portable Phone Charger 20000mAh,Electronics,19,1421.73,27012.87
2023-11-11,USB-C Fast Charging Cable,Electronics,15,270.16,4052.4
2023-11-11,Leather Wallet Slim,Fashion,15,618.42,9276.3
2023-11-11,Sunglasses UV400 Polarized,Fashion,6,824.7,4948.2
2023-11-11,Running Sports Shoes,Fashion,21,2093.81,43970.01
2023-11-11,Vitamin C Face Serum 30ml,Beauty,10,687.59,6875.9
2023-11-11,Leather Wallet Slim,Fashion,10,644.61,6446.1
2023-11-11,Laptop Stand Adjustable,Electronics,25,1926.46,48161.5
2023-11-11,Running Sports Shoes,Fashion,25,2061.58,51539.5
2023-11-11,Cotton Round Neck T-Shirt,Fashion,13,392.5,5102.5
2023-11-12,USB-C Fast Charging Cable,Electronics,25,266.25,6656.25
2023-11-12,Leather Wallet Slim,Fashion,15,626.8,9402.0
2023-11-12,Webcam HD 1080p,Electronics,21,1709.6,35901.6
2023-11-12,Laptop Stand Adjustable,Electronics,11,1729.61,19025.71
2023-11-12,Scented Soy Wax Candle,Home & Living,25,341.35,8533.75
2023-11-12,Non-Stick Frying Pan 26cm,Home & Living,16,799.77,12796.32
2023-11-12,Laptop Stand Adjustable,Electronics,16,1790.32,28645.12
2023-11-12,Natural Aloe Vera Gel 200ml,Beauty,25,233.67,5841.75
2023-11-12,USB-C Fast Charging Cable,Electronics,14,287.95,4031.3
2023-11-12,Noise Cancelling Headphones,Electronics,14,3959.22,55429.08
2023-11-13,Vitamin C Face Serum 30ml,Beauty,14,676.2,9466.8
2023-11-13,Natural Aloe Vera Gel 200ml,Beauty,3,234.18,702.54
2023-11-13,Cotton Round Neck T-Shirt,Fashion,24,383.05,9193.2
2023-11-13,Stainless Steel Water Bottle 1L,Home & Living,20,464.85,9297.0
2023-11-13,Bamboo Cutting Board Set,Home & Living,10,572.51,5725.1
2023-11-13,Laptop Stand Adjustable,Electronics,16,1940.66,31050.56
2023-11-13,Wireless Bluetooth Earbuds,Electronics,19,1306.88,24830.72
2023-11-13,Laptop Stand Adjustable,Electronics,25,1895.16,47379.0
2023-11-13,Wireless Bluetooth Earbuds,Electronics,24,1399.87,33596.88
2023-11-13,Bamboo Cutting Board Set,Home & Living,9,591.33,5321.97
2023-11-14,Smart LED Desk Lamp,Electronics,15,949.42,14241.3
2023-11-14,Laptop Stand Adjustable,Electronics,19,1798.0,34162.0
2023-11-14,Non-Stick Frying Pan 26cm,Home & Living,25,735.24,18381.0
2023-11-14,Cotton Round Neck T-Shirt,Fashion,13,398.73,5183.49
2023-11-14,Noise Cancelling Headphones,Electronics,22,3947.33,86841.26
2023-11-14,Slim Fit Chino Pants,Fashion,15,917.29,13759.35
2023-11-14,Portable Phone Charger 20000mAh,Electronics,10,1605.09,16050.9
2023-11-14,Under Eye Cream Dark Circles,Beauty,10,458.08,4580.8
2023-11-14,Slim Fit Chino Pants,Fashion,16,872.65,13962.4
2023-11-14,Sunglasses UV400 Polarized,Fashion,22,753.26,16571.72
2023-11-14,Sunglasses UV400 Polarized,Fashion,24,769.94,18478.56
2023-11-14,Sunglasses UV400 Polarized,Fashion,16,766.98,12271.68
2023-11-14,Scented Soy Wax Candle,Home & Living,4,369.46,1477.84
2023-11-14,Scented Soy Wax Candle,Home & Living,5,320.34,1601.7
2023-11-14,Moisturising Sunscreen SPF50,Beauty,4,402.73,1610.92
2023-11-14,Casual Denim Jacket,Fashion,25,1465.51,36637.75
2023-11-15,Running Sports Shoes,Fashion,3,1941.85,5825.55
2023-11-15,Collagen Face Sheet Mask Pack,Beauty,17,208.5,3544.5
2023-11-15,Webcam HD 1080p,Electronics,25,1678.73,41968.25
2023-11-15,Sunglasses UV400 Polarized,Fashion,25,783.27,19581.75
2023-11-15,Sunglasses UV400 Polarized,Fashion,11,829.29,9122.19
2023-11-15,Vitamin C Face Serum 30ml,Beauty,16,669.45,10711.2
2023-11-15,Non-Stick Frying Pan 26cm,Home & Living,14,789.62,11054.68
2023-11-15,Wireless Bluetooth Earbuds,Electronics,3,1221.23,3663.69
2023-11-15,Portable Phone Charger 20000mAh,Electronics,5,1491.22,7456.1
2023-11-15,Collagen Face Sheet Mask Pack,Beauty,20,195.45,3909.0
2023-11-16,Non-Stick Frying Pan 26cm,Home & Living,6,826.23,4957.38
2023-11-16,USB-C Fast Charging Cable,Electronics,25,271.47,6786.75
2023-11-16,Stainless Steel Water Bottle 1L,Home & Living,9,470.77,4236.93
2023-11-16,Running Sports Shoes,Fashion,16,2008.93,32142.88
2023-11-16,Cotton Round Neck T-Shirt,Fashion,25,389.82,9745.5
2023-11-16,Laptop Stand Adjustable,Electronics,6,1897.88,11387.28
2023-11-16,USB-C Fast Charging Cable,Electronics,7,292.13,2044.91
2023-11-16,Slim Fit Chino Pants,Fashion,19,940.9,17877.1
2023-11-16,Leather Wallet Slim,Fashion,19,590.79,11225.01
2023-11-16,Sunglasses UV400 Polarized,Fashion,14,748.04,10472.56
2023-11-16,Moisturising Sunscreen SPF50,Beauty,25,418.63,10465.75
2023-11-16,Cotton Round Neck T-Shirt,Fashion,25,377.28,9432.0
2023-11-16,Slim Fit Chino Pants,Fashion,11,943.75,10381.25
2023-11-17,Vitamin C Face Serum 30ml,Beauty,20,693.71,13874.2
2023-11-17,Sunglasses UV400 Polarized,Fashion,9,778.63,7007.67
2023-11-17,Cotton Round Neck T-Shirt,Fashion,18,422.35,7602.3
2023-11-17,Stainless Steel Water Bottle 1L,Home & Living,14,492.39,6893.46
2023-11-17,Vitamin C Face Serum 30ml,Beauty,10,668.48,6684.8
2023-11-17,Moisturising Sunscreen SPF50,Beauty,16,417.25,6676.0
2023-11-17,Memory Foam Pillow,Home & Living,13,853.36,11093.68
2023-11-17,Webcam HD 1080p,Electronics,15,1856.97,27854.55
2023-11-17,Stainless Steel Water Bottle 1L,Home & Living,23,471.95,10854.85
2023-11-17,Portable Phone Charger 20000mAh,Electronics,4,1557.19,6228.76
2023-11-18,Moisturising Sunscreen SPF50,Beauty,25,415.91,10397.75
2023-11-18,Portable Phone Charger 20000mAh,Electronics,17,1474.84,25072.28
2023-11-18,Bamboo Cutting Board Set,Home & Living,5,634.02,3170.1
2023-11-18,Cotton Round Neck T-Shirt,Fashion,22,389.15,8561.3
2023-11-18,Mechanical Keyboard RGB,Electronics,14,2575.39,36055.46
2023-11-18,Non-Stick Frying Pan 26cm,Home & Living,18,784.15,14114.7
2023-11-18,Smart LED Desk Lamp,Electronics,25,920.89,23022.25
2023-11-18,USB-C Fast Charging Cable,Electronics,12,296.04,3552.48
2023-11-18,Cotton Round Neck T-Shirt,Fashion,25,394.55,9863.75
2023-11-19,Laptop Stand Adjustable,Electronics,24,1658.75,39810.0
2023-11-19,Non-Stick Frying Pan 26cm,Home & Living,14,772.72,10818.08
2023-11-19,Leather Wallet Slim,Fashion,25,611.03,15275.75
2023-11-19,Memory Foam Pillow,Home & Living,2,955.16,1910.32
2023-11-19,USB-C Fast Charging Cable,Electronics,25,266.65,6666.25
2023-11-19,Under Eye Cream Dark Circles,Beauty,19,459.43,8729.17
2023-11-19,Moisturising Sunscreen SPF50,Beauty,14,423.83,5933.62
2023-11-19,Non-Stick Frying Pan 26cm,Home & Living,18,797.5,14355.0
2023-11-19,Natural Aloe Vera Gel 200ml,Beauty,25,252.98,6324.5
2023-11-19,Sunglasses UV400 Polarized,Fashion,6,788.05,4728.3
2023-11-19,Scented Soy Wax Candle,Home & Living,25,322.69,8067.25
2023-11-19,Collagen Face Sheet Mask Pack,Beauty,18,213.84,3849.12
2023-11-19,Leather Wallet Slim,Fashion,25,643.18,16079.5
2023-11-19,Wireless Bluetooth Earbuds,Electronics,25,1320.46,33011.5
2023-11-19,Under Eye Cream Dark Circles,Beauty,15,430.19,6452.85
2023-11-20,Collagen Face Sheet Mask Pack,Beauty,4,194.09,776.36
2023-11-20,Portable Phone Charger 20000mAh,Electronics,3,1455.74,4367.22
2023-11-20,Vitamin C Face Serum 30ml,Beauty,20,722.63,14452.6
2023-11-20,Memory Foam Pillow,Home & Living,14,934.02,13076.28
2023-11-20,Leather Wallet Slim,Fashion,12,592.36,7108.32
2023-11-20,Noise Cancelling Headphones,Electronics,11,3807.29,41880.19
2023-11-21,Smart LED Desk Lamp,Electronics,24,926.16,22227.84
2023-11-21,Collagen Face Sheet Mask Pack,Beauty,23,181.9,4183.7
2023-11-21,Sunglasses UV400 Polarized,Fashion,9,737.56,6638.04
2023-11-21,Natural Aloe Vera Gel 200ml,Beauty,25,259.82,6495.5
2023-11-21,Collagen Face Sheet Mask Pack,Beauty,22,195.17,4293.74
2023-11-21,Bamboo Cutting Board Set,Home & Living,18,584.73,10525.14
2023-11-21,Noise Cancelling Headphones,Electronics,8,3921.0,31368.0
2023-11-21,Smart LED Desk Lamp,Electronics,13,858.77,11164.01
2023-11-21,Memory Foam Pillow,Home & Living,6,968.17,5809.02
2023-11-22,Memory Foam Pillow,Home & Living,19,863.33,16403.27
2023-11-22,Portable Phone Charger 20000mAh,Electronics,25,1491.76,37294.0
2023-11-22,Sunglasses UV400 Polarized,Fashion,25,841.38,21034.5
2023-11-22,Cotton Round Neck T-Shirt,Fashion,3,425.03,1275.09
2023-11-22,Running Sports Shoes,Fashion,25,2068.35,51708.75
2023-11-22,Laptop Stand Adjustable,Electronics,25,1681.11,42027.75
2023-11-22,Running Sports Shoes,Fashion,25,2037.04,50926.0
2023-11-22,Webcam HD 1080p,Electronics,14,1749.68,24495.52
2023-11-22,Cotton Round Neck T-Shirt,Fashion,6,381.65,2289.9
2023-11-22,Cotton Round Neck T-Shirt,Fashion,3,425.99,1277.97
2023-11-22,USB-C Fast Charging Cable,Electronics,17,323.26,5495.42
2023-11-22,Scented Soy Wax Candle,Home & Living,9,356.57,3209.13
2023-11-23,Casual Denim Jacket,Fashion,14,1371.77,19204.78
2023-11-23,Moisturising Sunscreen SPF50,Beauty,15,409.27,6139.05
2023-11-23,Smart LED Desk Lamp,Electronics,13,935.37,12159.81
2023-11-23,Stainless Steel Water Bottle 1L,Home & Living,6,478.57,2871.42
2023-11-23,Smart LED Desk Lamp,Electronics,6,828.78,4972.68
2023-11-23,Cotton Round Neck T-Shirt,Fashion,16,372.79,5964.64
2023-11-23,Moisturising Sunscreen SPF50,Beauty,11,418.92,4608.12
2023-11-24,Cotton Round Neck T-Shirt,Fashion,20,398.56,7971.2
2023-11-24,Leather Wallet Slim,Fashion,11,623.58,6859.38
2023-11-24,Cotton Round Neck T-Shirt,Fashion,15,386.33,5794.95
2023-11-24,Collagen Face Sheet Mask Pack,Beauty,19,188.26,3576.94
2023-11-25,Slim Fit Chino Pants,Fashion,9,902.65,8123.85
2023-11-25,Laptop Stand Adjustable,Electronics,25,1880.59,47014.75
2023-11-25,Stainless Steel Water Bottle 1L,Home & Living,8,532.03,4256.24
2023-11-25,Portable Phone Charger 20000mAh,Electronics,22,1436.5,31603.0
2023-11-25,Portable Phone Charger 20000mAh,Electronics,25,1452.9,36322.5
2023-11-25,Cotton Round Neck T-Shirt,Fashion,25,383.87,9596.75
2023-11-25,Under Eye Cream Dark Circles,Beauty,17,461.06,7838.02
2023-11-25,Non-Stick Frying Pan 26cm,Home & Living,6,772.2,4633.2
2023-11-25,Wireless Bluetooth Earbuds,Electronics,7,1204.98,8434.86
2023-11-25,Stainless Steel Water Bottle 1L,Home & Living,12,489.09,5869.08
2023-11-25,Webcam HD 1080p,Electronics,13,1682.57,21873.41
2023-11-26,Slim Fit Chino Pants,Fashion,15,966.82,14502.3
2023-11-26,Running Sports Shoes,Fashion,19,1932.05,36708.95
2023-11-26,Portable Phone Charger 20000mAh,Electronics,19,1416.37,26911.03
2023-11-26,Webcam HD 1080p,Electronics,16,1685.2,26963.2
2023-11-26,Noise Cancelling Headphones,Electronics,25,4321.15,108028.75
2023-11-26,Natural Aloe Vera Gel 200ml,Beauty,9,246.9,2222.1
2023-11-26,Slim Fit Chino Pants,Fashion,23,889.58,20460.34
2023-11-26,Webcam HD 1080p,Electronics,25,1668.33,41708.25
2023-11-26,Under Eye Cream Dark Circles,Beauty,14,422.14,5909.96
2023-11-26,Memory Foam Pillow,Home & Living,25,946.79,23669.75
2023-11-27,Natural Aloe Vera Gel 200ml,Beauty,25,251.65,6291.25
2023-11-27,Non-Stick Frying Pan 26cm,Home & Living,11,802.76,8830.36
2023-11-27,Non-Stick Frying Pan 26cm,Home & Living,16,732.5,11720.0
2023-11-27,Noise Cancelling Headphones,Electronics,11,3832.72,42159.92
2023-11-27,Wireless Bluetooth Earbuds,Electronics,11,1238.08,13618.88
2023-11-27,Bamboo Cutting Board Set,Home & Living,13,555.02,7215.26
2023-11-27,Casual Denim Jacket,Fashion,10,1416.34,14163.4
2023-11-27,Mechanical Keyboard RGB,Electronics,25,2385.33,59633.25
2023-11-27,Laptop Stand Adjustable,Electronics,9,1789.21,16102.89
2023-11-27,Noise Cancelling Headphones,Electronics,8,3885.1,31080.8
2023-11-28,Natural Aloe Vera Gel 200ml,Beauty,10,237.2,2372.0
2023-11-28,Under Eye Cream Dark Circles,Beauty,19,445.65,8467.35
2023-11-28,Slim Fit Chino Pants,Fashion,25,950.17,23754.25
2023-11-28,Memory Foam Pillow,Home & Living,25,859.68,21492.0
2023-11-28,Non-Stick Frying Pan 26cm,Home & Living,13,774.52,10068.76
2023-11-28,Running Sports Shoes,Fashion,16,1857.39,29718.24
2023-11-28,Stainless Steel Water Bottle 1L,Home & Living,9,532.37,4791.33
2023-11-28,Vitamin C Face Serum 30ml,Beauty,22,716.63,15765.86
2023-11-29,Slim Fit Chino Pants,Fashion,8,938.54,7508.32
2023-11-29,Smart LED Desk Lamp,Electronics,17,882.69,15005.73
2023-11-29,Sunglasses UV400 Polarized,Fashion,24,826.41,19833.84
2023-11-29,Noise Cancelling Headphones,Electronics,19,4139.22,78645.18
2023-11-29,Laptop Stand Adjustable,Electronics,13,1722.89,22397.57
2023-11-29,Wireless Bluetooth Earbuds,Electronics,6,1212.58,7275.48
2023-11-29,Slim Fit Chino Pants,Fashion,25,836.54,20913.5
2023-11-29,Smart LED Desk Lamp,Electronics,11,895.36,9848.96
2023-11-29,Laptop Stand Adjustable,Electronics,24,1709.77,41034.48
2023-11-29,Collagen Face Sheet Mask Pack,Beauty,24,182.88,4389.12
2023-11-29,Natural Aloe Vera Gel 200ml,Beauty,25,265.54,6638.5
2023-11-29,Leather Wallet Slim,Fashion,5,568.33,2841.65
2023-11-29,Leather Wallet Slim,Fashion,6,565.0,3390.0
2023-11-29,Bamboo Cutting Board Set,Home & Living,13,577.42,7506.46
2023-11-29,Bamboo Cutting Board Set,Home & Living,13,555.19,7217.47
2023-11-29,Collagen Face Sheet Mask Pack,Beauty,14,187.73,2628.22
2023-11-30,Casual Denim Jacket,Fashion,17,1503.28,25555.76
2023-11-30,Stainless Steel Water Bottle 1L,Home & Living,15,484.54,7268.1
2023-11-30,Leather Wallet Slim,Fashion,25,575.51,14387.75
2023-11-30,Leather Wallet Slim,Fashion,6,627.82,3766.92
2023-11-30,Natural Aloe Vera Gel 200ml,Beauty,11,224.85,2473.35
2023-11-30,Leather Wallet Slim,Fashion,7,640.7,4484.9
2023-12-01,Sunglasses UV400 Polarized,Fashion,14,833.18,11664.52
2023-12-01,Webcam HD 1080p,Electronics,20,1701.1,34022.0
2023-12-01,Collagen Face Sheet Mask Pack,Beauty,25,187.31,4682.75
2023-12-01,Scented Soy Wax Candle,Home & Living,11,322.8,3550.8
2023-12-01,Leather Wallet Slim,Fashion,20,560.1,11202.0
2023-12-01,Moisturising Sunscreen SPF50,Beauty,12,416.75,5001.0
2023-12-01,Non-Stick Frying Pan 26cm,Home & Living,16,792.62,12681.92
2023-12-01,Sunglasses UV400 Polarized,Fashion,6,736.27,4417.62
2023-12-01,Leather Wallet Slim,Fashion,19,617.39,11730.41
2023-12-01,Cotton Round Neck T-Shirt,Fashion,9,423.21,3808.89
2023-12-02,USB-C Fast Charging Cable,Electronics,9,265.81,2392.29
2023-12-02,Natural Aloe Vera Gel 200ml,Beauty,16,228.15,3650.4
2023-12-02,Wireless Bluetooth Earbuds,Electronics,21,1233.22,25897.62
2023-12-02,Portable Phone Charger 20000mAh,Electronics,24,1460.7,35056.8
2023-12-02,Cotton Round Neck T-Shirt,Fashion,11,371.79,4089.69
2023-12-02,Vitamin C Face Serum 30ml,Beauty,19,670.03,12730.57
2023-12-02,Leather Wallet Slim,Fashion,14,592.95,8301.3
2023-12-02,Collagen Face Sheet Mask Pack,Beauty,12,208.68,2504.16
2023-12-02,Laptop Stand Adjustable,Electronics,25,1890.88,47272.0
2023-12-02,Stainless Steel Water Bottle 1L,Home & Living,25,506.17,12654.25
2023-12-02,Laptop Stand Adjustable,Electronics,20,1833.4,36668.0
2023-12-02,Moisturising Sunscreen SPF50,Beauty,7,415.61,2909.27
2023-12-02,Noise Cancelling Headphones,Electronics,14,4263.21,59684.94
2023-12-03,Sunglasses UV400 Polarized,Fashion,25,820.97,20524.25
2023-12-03,Running Sports Shoes,Fashion,25,1858.03,46450.75
2023-12-03,Collagen Face Sheet Mask Pack,Beauty,21,194.69,4088.49
2023-12-03,Mechanical Keyboard RGB,Electronics,14,2418.08,33853.12
2023-12-03,Smart LED Desk Lamp,Electronics,25,910.13,22753.25
2023-12-03,Bamboo Cutting Board Set,Home & Living,5,586.8,2934.0
2023-12-03,Webcam HD 1080p,Electronics,14,1918.49,26858.86
2023-12-03,Moisturising Sunscreen SPF50,Beauty,22,373.06,8207.32
2023-12-03,Laptop Stand Adjustable,Electronics,22,1703.07,37467.54
2023-12-03,Memory Foam Pillow,Home & Living,5,832.88,4164.4
2023-12-03,Smart LED Desk Lamp,Electronics,24,888.75,21330.0
2023-12-03,Laptop Stand Adjustable,Electronics,11,1936.32,21299.52
2023-12-03,Slim Fit Chino Pants,Fashion,23,916.45,21078.35
2023-12-03,Smart LED Desk Lamp,Electronics,19,886.65,16846.35
2023-12-03,Scented Soy Wax Candle,Home & Living,19,348.21,6615.99
2023-12-03,Bamboo Cutting Board Set,Home & Living,6,628.25,3769.5
2023-12-03,Slim Fit Chino Pants,Fashion,21,920.39,19328.19
2023-12-03,Slim Fit Chino Pants,Fashion,19,931.64,17701.16
2023-12-04,Laptop Stand Adjustable,Electronics,18,1770.66,31871.88
2023-12-04,Non-Stick Frying Pan 26cm,Home & Living,18,763.53,13743.54
2023-12-04,Sunglasses UV400 Polarized,Fashion,4,833.35,3333.4
2023-12-04,Smart LED Desk Lamp,Electronics,18,846.65,15239.7
2023-12-04,Vitamin C Face Serum 30ml,Beauty,23,669.54,15399.42
2023-12-04,Slim Fit Chino Pants,Fashion,6,941.38,5648.28
2023-12-04,Bamboo Cutting Board Set,Home & Living,15,630.7,9460.5
2023-12-04,Sunglasses UV400 Polarized,Fashion,9,756.01,6804.09
2023-12-04,Slim Fit Chino Pants,Fashion,15,850.65,12759.75
2023-12-04,Leather Wallet Slim,Fashion,5,643.34,3216.7
2023-12-04,Laptop Stand Adjustable,Electronics,21,1836.79,38572.59
2023-12-04,Memory Foam Pillow,Home & Living,5,893.41,4467.05
2023-12-04,Cotton Round Neck T-Shirt,Fashion,17,411.79,7000.43
2023-12-04,Natural Aloe Vera Gel 200ml,Beauty,9,261.59,2354.31
2023-12-04,Slim Fit Chino Pants,Fashion,3,909.88,2729.64
2023-12-05,Smart LED Desk Lamp,Electronics,20,825.39,16507.8
2023-12-05,Memory Foam Pillow,Home & Living,20,943.9,18878.0
2023-12-05,Webcam HD 1080p,Electronics,17,1819.89,30938.13
2023-12-05,Noise Cancelling Headphones,Electronics,19,4200.5,79809.5
2023-12-05,Stainless Steel Water Bottle 1L,Home & Living,14,533.8,7473.2
2023-12-05,Smart LED Desk Lamp,Electronics,19,868.18,16495.42
2023-12-05,Under Eye Cream Dark Circles,Beauty,20,435.02,8700.4
2023-12-05,USB-C Fast Charging Cable,Electronics,20,265.68,5313.6
2023-12-05,USB-C Fast Charging Cable,Electronics,6,270.63,1623.78
2023-12-05,Memory Foam Pillow,Home & Living,25,833.23,20830.75
2023-12-05,Non-Stick Frying Pan 26cm,Home & Living,13,794.1,10323.3
2023-12-05,Under Eye Cream Dark Circles,Beauty,3,460.88,1382.64
2023-12-06,Vitamin C Face Serum 30ml,Beauty,22,665.97,14651.34
2023-12-06,Smart LED Desk Lamp,Electronics,9,856.48,7708.32
2023-12-06,Under Eye Cream Dark Circles,Beauty,19,412.08,7829.52
2023-12-06,Wireless Bluetooth Earbuds,Electronics,7,1347.72,9434.04
2023-12-06,Webcam HD 1080p,Electronics,18,1914.18,34455.24
2023-12-06,Leather Wallet Slim,Fashion,17,641.55,10906.35
2023-12-06,Sunglasses UV400 Polarized,Fashion,25,783.68,19592.0
2023-12-06,Vitamin C Face Serum 30ml,Beauty,11,733.04,8063.44
2023-12-06,Casual Denim Jacket,Fashion,17,1612.68,27415.56
2023-12-06,Cotton Round Neck T-Shirt,Fashion,16,409.58,6553.28
2023-12-06,Bamboo Cutting Board Set,Home & Living,9,636.03,5724.27
2023-12-07,Noise Cancelling Headphones,Electronics,16,3760.83,60173.28
2023-12-07,Wireless Bluetooth Earbuds,Electronics,15,1318.6,19779.0
2023-12-07,Wireless Bluetooth Earbuds,Electronics,8,1344.62,10756.96
2023-12-07,Laptop Stand Adjustable,Electronics,22,1815.21,39934.62
2023-12-07,Under Eye Cream Dark Circles,Beauty,4,479.11,1916.44
2023-12-07,Moisturising Sunscreen SPF50,Beauty,25,395.92,9898.0
2023-12-07,Smart LED Desk Lamp,Electronics,25,894.75,22368.75
2023-12-08,Sunglasses UV400 Polarized,Fashion,12,757.61,9091.32
2023-12-08,Webcam HD 1080p,Electronics,5,1842.22,9211.1
2023-12-08,Collagen Face Sheet Mask Pack,Beauty,13,193.85,2520.05
2023-12-08,USB-C Fast Charging Cable,Electronics,20,302.19,6043.8
2023-12-08,Memory Foam Pillow,Home & Living,25,919.88,22997.0
2023-12-08,Natural Aloe Vera Gel 200ml,Beauty,15,247.83,3717.45
2023-12-08,Under Eye Cream Dark Circles,Beauty,25,470.52,11763.0
2023-12-08,Under Eye Cream Dark Circles,Beauty,14,435.66,6099.24
2023-12-08,Natural Aloe Vera Gel 200ml,Beauty,2,248.54,497.08
2023-12-09,Slim Fit Chino Pants,Fashion,4,850.12,3400.48
2023-12-09,Bamboo Cutting Board Set,Home & Living,25,583.52,14588.0
2023-12-09,Non-Stick Frying Pan 26cm,Home & Living,25,852.2,21305.0
2023-12-09,Noise Cancelling Headphones,Electronics,10,4096.23,40962.3
2023-12-09,Wireless Bluetooth Earbuds,Electronics,19,1326.41,25201.79
2023-12-09,Vitamin C Face Serum 30ml,Beauty,22,691.77,15218.94
2023-12-09,Scented Soy Wax Candle,Home & Living,12,372.42,4469.04
2023-12-10,Slim Fit Chino Pants,Fashion,11,833.7,9170.7
2023-12-10,Collagen Face Sheet Mask Pack,Beauty,18,184.01,3312.18
2023-12-10,Smart LED Desk Lamp,Electronics,6,848.01,5088.06
2023-12-10,Scented Soy Wax Candle,Home & Living,7,348.86,2442.02
2023-12-10,Casual Denim Jacket,Fashion,11,1492.31,16415.41
2023-12-10,Sunglasses UV400 Polarized,Fashion,17,854.98,14534.66
2023-12-10,Bamboo Cutting Board Set,Home & Living,14,601.79,8425.06
2023-12-10,Sunglasses UV400 Polarized,Fashion,21,844.14,17726.94
2023-12-10,Cotton Round Neck T-Shirt,Fashion,5,420.4,2102.0
2023-12-10,Collagen Face Sheet Mask Pack,Beauty,25,185.68,4642.0
2023-12-10,Smart LED Desk Lamp,Electronics,25,955.14,23878.5
2023-12-10,Moisturising Sunscreen SPF50,Beauty,18,404.79,7286.22
2023-12-10,Leather Wallet Slim,Fashion,10,600.29,6002.9
2023-12-11,Noise Cancelling Headphones,Electronics,12,4317.95,51815.4
2023-12-11,USB-C Fast Charging Cable,Electronics,6,302.33,1813.98
2023-12-11,Mechanical Keyboard RGB,Electronics,13,2684.05,34892.65
2023-12-11,Stainless Steel Water Bottle 1L,Home & Living,25,495.97,12399.25
2023-12-11,Scented Soy Wax Candle,Home & Living,5,335.18,1675.9
2023-12-11,Cotton Round Neck T-Shirt,Fashion,15,420.76,6311.4
2023-12-11,Noise Cancelling Headphones,Electronics,11,3861.37,42475.07
2023-12-11,Wireless Bluetooth Earbuds,Electronics,13,1317.94,17133.22
2023-12-11,Natural Aloe Vera Gel 200ml,Beauty,13,247.71,3220.23
2023-12-11,Natural Aloe Vera Gel 200ml,Beauty,22,260.68,5734.96
2023-12-11,Wireless Bluetooth Earbuds,Electronics,18,1303.77,23467.86
2023-12-11,USB-C Fast Charging Cable,Electronics,16,279.59,4473.44
2023-12-11,Running Sports Shoes,Fashion,24,2081.91,49965.84
2023-12-11,Vitamin C Face Serum 30ml,Beauty,13,687.25,8934.25
2023-12-11,Scented Soy Wax Candle,Home & Living,12,354.99,4259.88
2023-12-11,Under Eye Cream Dark Circles,Beauty,5,476.57,2382.85
2023-12-12,Leather Wallet Slim,Fashion,25,636.12,15903.0
2023-12-12,Wireless Bluetooth Earbuds,Electronics,25,1307.51,32687.75
2023-12-12,Memory Foam Pillow,Home & Living,4,891.27,3565.08
2023-12-12,Scented Soy Wax Candle,Home & Living,19,324.52,6165.88
2023-12-12,Memory Foam Pillow,Home & Living,13,874.74,11371.62
2023-12-12,Smart LED Desk Lamp,Electronics,20,866.35,17327.0
2023-12-12,Collagen Face Sheet Mask Pack,Beauty,9,196.08,1764.72
2023-12-12,Casual Denim Jacket,Fashion,16,1465.44,23447.04
2023-12-12,Laptop Stand Adjustable,Electronics,21,1718.97,36098.37
2023-12-12,Leather Wallet Slim,Fashion,25,612.22,15305.5
2023-12-12,Laptop Stand Adjustable,Electronics,2,1947.81,3895.62
2023-12-12,Slim Fit Chino Pants,Fashion,25,888.97,22224.25
2023-12-12,Non-Stick Frying Pan 26cm,Home & Living,23,837.19,19255.37
2023-12-12,Non-Stick Frying Pan 26cm,Home & Living,15,826.74,12401.1
2023-12-13,Casual Denim Jacket,Fashion,14,1497.69,20967.66
2023-12-13,Webcam HD 1080p,Electronics,12,1659.51,19914.12
2023-12-13,Stainless Steel Water Bottle 1L,Home & Living,13,496.06,6448.78
2023-12-13,Vitamin C Face Serum 30ml,Beauty,18,734.86,13227.48
2023-12-13,Under Eye Cream Dark Circles,Beauty,25,470.36,11759.0
2023-12-13,Noise Cancelling Headphones,Electronics,8,3997.08,31976.64
2023-12-13,Mechanical Keyboard RGB,Electronics,16,2543.19,40691.04
2023-12-13,Sunglasses UV400 Polarized,Fashion,2,810.1,1620.2
2023-12-13,Portable Phone Charger 20000mAh,Electronics,5,1442.59,7212.95
2023-12-14,Sunglasses UV400 Polarized,Fashion,8,748.16,5985.28
2023-12-14,Wireless Bluetooth Earbuds,Electronics,11,1309.92,14409.12
2023-12-14,Scented Soy Wax Candle,Home & Living,24,369.37,8864.88
2023-12-14,Mechanical Keyboard RGB,Electronics,8,2434.21,19473.68
2023-12-14,Noise Cancelling Headphones,Electronics,11,3779.39,41573.29
2023-12-14,Under Eye Cream Dark Circles,Beauty,25,479.89,11997.25
2023-12-14,Wireless Bluetooth Earbuds,Electronics,14,1333.05,18662.7
2023-12-14,Webcam HD 1080p,Electronics,25,1863.97,46599.25
2023-12-14,Bamboo Cutting Board Set,Home & Living,9,559.94,5039.46
2023-12-14,Moisturising Sunscreen SPF50,Beauty,14,410.94,5753.16
2023-12-14,Mechanical Keyboard RGB,Electronics,10,2672.89,26728.9
2023-12-14,Scented Soy Wax Candle,Home & Living,13,374.17,4864.21
2023-12-14,Laptop Stand Adjustable,Electronics,9,1832.42,16491.78
2023-12-15,Cotton Round Neck T-Shirt,Fashion,4,403.48,1613.92
2023-12-15,USB-C Fast Charging Cable,Electronics,6,318.42,1910.52
2023-12-15,Laptop Stand Adjustable,Electronics,17,1687.13,28681.21
2023-12-15,Mechanical Keyboard RGB,Electronics,23,2531.01,58213.23
2023-12-15,Slim Fit Chino Pants,Fashion,25,866.66,21666.5
2023-12-15,Wireless Bluetooth Earbuds,Electronics,12,1391.5,16698.0
2023-12-15,USB-C Fast Charging Cable,Electronics,15,260.28,3904.2
2023-12-15,Noise Cancelling Headphones,Electronics,10,4082.04,40820.4
2023-12-16,Non-Stick Frying Pan 26cm,Home & Living,11,829.19,9121.09
2023-12-16,Noise Cancelling Headphones,Electronics,25,3875.32,96883.0
2023-12-16,Cotton Round Neck T-Shirt,Fashion,25,382.38,9559.5
2023-12-16,Non-Stick Frying Pan 26cm,Home & Living,25,812.61,20315.25
2023-12-16,Non-Stick Frying Pan 26cm,Home & Living,13,771.1,10024.3
2023-12-16,Running Sports Shoes,Fashion,17,1924.14,32710.38
2023-12-16,Portable Phone Charger 20000mAh,Electronics,7,1551.7,10861.9
2023-12-16,Mechanical Keyboard RGB,Electronics,15,2409.65,36144.75
2023-12-16,Running Sports Shoes,Fashion,25,1980.84,49521.0
2023-12-16,USB-C Fast Charging Cable,Electronics,18,278.78,5018.04
2023-12-16,Mechanical Keyboard RGB,Electronics,11,2486.51,27351.61
2023-12-17,Laptop Stand Adjustable,Electronics,7,1750.58,12254.06
2023-12-17,Smart LED Desk Lamp,Electronics,7,841.52,5890.64
2023-12-17,Vitamin C Face Serum 30ml,Beauty,12,694.83,8337.96
2023-12-17,Vitamin C Face Serum 30ml,Beauty,25,668.9,16722.5
2023-12-17,Sunglasses UV400 Polarized,Fashion,22,851.48,18732.56
2023-12-17,Webcam HD 1080p,Electronics,25,1846.37,46159.25
2023-12-17,Collagen Face Sheet Mask Pack,Beauty,24,187.05,4489.2
2023-12-18,Portable Phone Charger 20000mAh,Electronics,6,1553.23,9319.38
2023-12-18,Portable Phone Charger 20000mAh,Electronics,15,1546.28,23194.2
2023-12-18,USB-C Fast Charging Cable,Electronics,25,316.18,7904.5
2023-12-18,Sunglasses UV400 Polarized,Fashion,16,737.27,11796.32
2023-12-18,Scented Soy Wax Candle,Home & Living,25,320.13,8003.25
2023-12-18,Bamboo Cutting Board Set,Home & Living,10,590.07,5900.7
2023-12-18,Webcam HD 1080p,Electronics,20,1817.72,36354.4
2023-12-18,USB-C Fast Charging Cable,Electronics,19,282.23,5362.37
2023-12-19,Running Sports Shoes,Fashion,23,1933.17,44462.91
2023-12-19,Webcam HD 1080p,Electronics,18,1671.06,30079.08
2023-12-19,Noise Cancelling Headphones,Electronics,25,3919.03,97975.75
2023-12-19,Smart LED Desk Lamp,Electronics,22,963.22,21190.84
2023-12-19,Moisturising Sunscreen SPF50,Beauty,19,380.48,7229.12
2023-12-19,Collagen Face Sheet Mask Pack,Beauty,25,202.27,5056.75
2023-12-20,USB-C Fast Charging Cable,Electronics,13,267.68,3479.84
2023-12-20,Running Sports Shoes,Fashion,15,1944.28,29164.2
2023-12-20,Scented Soy Wax Candle,Home & Living,5,349.69,1748.45
2023-12-20,Leather Wallet Slim,Fashion,14,597.54,8365.56
2023-12-20,Casual Denim Jacket,Fashion,16,1497.14,23954.24
2023-12-20,Casual Denim Jacket,Fashion,20,1537.31,30746.2
2023-12-20,Bamboo Cutting Board Set,Home & Living,16,569.99,9119.84
2023-12-20,Natural Aloe Vera Gel 200ml,Beauty,6,269.7,1618.2
2023-12-20,Scented Soy Wax Candle,Home & Living,22,355.83,7828.26
2023-12-21,Non-Stick Frying Pan 26cm,Home & Living,20,816.88,16337.6
2023-12-21,Moisturising Sunscreen SPF50,Beauty,24,389.18,9340.32
2023-12-21,Mechanical Keyboard RGB,Electronics,10,2493.88,24938.8
2023-12-21,Portable Phone Charger 20000mAh,Electronics,4,1550.32,6201.28
2023-12-21,Stainless Steel Water Bottle 1L,Home & Living,25,478.34,11958.5
2023-12-21,Memory Foam Pillow,Home & Living,19,900.17,17103.23
2023-12-21,Cotton Round Neck T-Shirt,Fashion,9,399.72,3597.48
2023-12-21,Cotton Round Neck T-Shirt,Fashion,10,372.08,3720.8
2023-12-21,Webcam HD 1080p,Electronics,20,1667.86,33357.2
2023-12-21,Natural Aloe Vera Gel 200ml,Beauty,14,223.57,3129.98
2023-12-21,Smart LED Desk Lamp,Electronics,10,945.94,9459.4
2023-12-21,Bamboo Cutting Board Set,Home & Living,22,558.65,12290.3
2023-12-22,Non-Stick Frying Pan 26cm,Home & Living,9,754.91,6794.19
2023-12-22,Noise Cancelling Headphones,Electronics,25,3758.83,93970.75
2023-12-22,Leather Wallet Slim,Fashion,12,640.81,7689.72
2023-12-22,Memory Foam Pillow,Home & Living,24,929.29,22302.96
2023-12-22,Laptop Stand Adjustable,Electronics,8,1704.97,13639.76
2023-12-22,Memory Foam Pillow,Home & Living,19,963.03,18297.57
2023-12-22,Leather Wallet Slim,Fashion,24,598.91,14373.84
2023-12-22,Collagen Face Sheet Mask Pack,Beauty,25,188.19,4704.75
2023-12-22,Slim Fit Chino Pants,Fashion,17,835.12,14197.04
2023-12-22,Sunglasses UV400 Polarized,Fashion,18,778.49,14012.82
2023-12-22,Natural Aloe Vera Gel 200ml,Beauty,22,255.83,5628.26
2023-12-22,USB-C Fast Charging Cable,Electronics,15,312.42,4686.3
2023-12-22,Slim Fit Chino Pants,Fashion,8,853.51,6828.08
2023-12-22,Smart LED Desk Lamp,Electronics,25,844.16,21104.0
2023-12-23,Non-Stick Frying Pan 26cm,Home & Living,16,830.89,13294.24
2023-12-23,Webcam HD 1080p,Electronics,13,1765.53,22951.89
2023-12-23,USB-C Fast Charging Cable,Electronics,7,273.39,1913.73
2023-12-23,Collagen Face Sheet Mask Pack,Beauty,15,181.81,2727.15
2023-12-23,Noise Cancelling Headphones,Electronics,16,3951.23,63219.68
2023-12-23,USB-C Fast Charging Cable,Electronics,10,302.92,3029.2
2023-12-24,Wireless Bluetooth Earbuds,Electronics,25,1239.16,30979.0
2023-12-24,Scented Soy Wax Candle,Home & Living,14,340.07,4760.98
2023-12-24,Memory Foam Pillow,Home & Living,20,952.38,19047.6
2023-12-24,Under Eye Cream Dark Circles,Beauty,20,467.28,9345.6
2023-12-25,Mechanical Keyboard RGB,Electronics,25,2315.05,57876.25
2023-12-25,Collagen Face Sheet Mask Pack,Beauty,10,197.99,1979.9
2023-12-25,Laptop Stand Adjustable,Electronics,25,1882.71,47067.75
2023-12-25,Scented Soy Wax Candle,Home & Living,23,342.62,7880.26
2023-12-25,Bamboo Cutting Board Set,Home & Living,5,568.12,2840.6
2023-12-25,Stainless Steel Water Bottle 1L,Home & Living,6,536.7,3220.2
2023-12-25,Under Eye Cream Dark Circles,Beauty,7,421.05,2947.35
2023-12-25,Under Eye Cream Dark Circles,Beauty,7,421.02,2947.14
2023-12-25,Running Sports Shoes,Fashion,13,2113.49,27475.37
2023-12-25,Vitamin C Face Serum 30ml,Beauty,19,728.19,13835.61
2023-12-25,Slim Fit Chino Pants,Fashion,15,949.95,14249.25
2023-12-25,Running Sports Shoes,Fashion,23,1881.06,43264.38
2023-12-25,Cotton Round Neck T-Shirt,Fashion,6,405.84,2435.04
2023-12-26,Noise Cancelling Headphones,Electronics,12,3903.18,46838.16
2023-12-26,Leather Wallet Slim,Fashion,25,636.14,15903.5
2023-12-26,Cotton Round Neck T-Shirt,Fashion,5,389.67,1948.35
2023-12-26,Running Sports Shoes,Fashion,23,1993.02,45839.46
2023-12-26,Moisturising Sunscreen SPF50,Beauty,20,406.5,8130.0
2023-12-26,Memory Foam Pillow,Home & Living,22,902.83,19862.26
2023-12-26,Natural Aloe Vera Gel 200ml,Beauty,6,242.16,1452.96
2023-12-26,Stainless Steel Water Bottle 1L,Home & Living,18,460.95,8297.1
2023-12-26,USB-C Fast Charging Cable,Electronics,24,311.67,7480.08
2023-12-26,USB-C Fast Charging Cable,Electronics,23,294.67,6777.41
2023-12-26,Slim Fit Chino Pants,Fashion,20,967.23,19344.6
2023-12-26,Leather Wallet Slim,Fashion,24,553.7,13288.8
2023-12-27,Memory Foam Pillow,Home & Living,7,848.97,5942.79
2023-12-27,Moisturising Sunscreen SPF50,Beauty,9,421.65,3794.85
2023-12-27,Smart LED Desk Lamp,Electronics,9,923.84,8314.56
2023-12-27,Bamboo Cutting Board Set,Home & Living,24,623.61,14966.64
2023-12-27,Vitamin C Face Serum 30ml,Beauty,8,720.74,5765.92
2023-12-27,Portable Phone Charger 20000mAh,Electronics,17,1401.25,23821.25
2023-12-27,Casual Denim Jacket,Fashion,16,1533.57,24537.12
2023-12-27,Cotton Round Neck T-Shirt,Fashion,11,372.15,4093.65
2023-12-27,Running Sports Shoes,Fashion,19,1908.07,36253.33
2023-12-27,Sunglasses UV400 Polarized,Fashion,8,760.61,6084.88
2023-12-27,Running Sports Shoes,Fashion,7,1934.01,13538.07
2023-12-27,Under Eye Cream Dark Circles,Beauty,23,478.51,11005.73
2023-12-27,Memory Foam Pillow,Home & Living,5,941.47,4707.35
2023-12-27,Noise Cancelling Headphones,Electronics,19,4216.37,80111.03
2023-12-28,Scented Soy Wax Candle,Home & Living,8,379.49,3035.92
2023-12-28,Noise Cancelling Headphones,Electronics,24,4247.09,101930.16
2023-12-28,Leather Wallet Slim,Fashion,6,561.34,3368.04
2023-12-28,Wireless Bluetooth Earbuds,Electronics,21,1250.12,26252.52
2023-12-28,Memory Foam Pillow,Home & Living,7,874.81,6123.67
2023-12-28,Moisturising Sunscreen SPF50,Beauty,19,420.16,7983.04
2023-12-28,Running Sports Shoes,Fashion,19,2105.64,40007.16
2023-12-28,Slim Fit Chino Pants,Fashion,25,957.23,23930.75
2023-12-29,Noise Cancelling Headphones,Electronics,9,4134.95,37214.55
2023-12-29,Laptop Stand Adjustable,Electronics,8,1811.06,14488.48
2023-12-29,Portable Phone Charger 20000mAh,Electronics,17,1483.14,25213.38
2023-12-29,Wireless Bluetooth Earbuds,Electronics,16,1235.33,19765.28
2023-12-29,Cotton Round Neck T-Shirt,Fashion,11,429.25,4721.75
2023-12-29,Cotton Round Neck T-Shirt,Fashion,13,418.42,5439.46
2023-12-29,Natural Aloe Vera Gel 200ml,Beauty,12,253.17,3038.04
2023-12-29,Non-Stick Frying Pan 26cm,Home & Living,9,767.8,6910.2
2023-12-29,Moisturising Sunscreen SPF50,Beauty,13,371.06,4823.78
2023-12-29,Scented Soy Wax Candle,Home & Living,5,371.69,1858.45
2023-12-29,Webcam HD 1080p,Electronics,13,1852.91,24087.83
2023-12-30,Webcam HD 1080p,Electronics,22,1760.12,38722.64
2023-12-30,Smart LED Desk Lamp,Electronics,21,828.36,17395.56
2023-12-30,Mechanical Keyboard RGB,Electronics,13,2591.78,33693.14
2023-12-31,Laptop Stand Adjustable,Electronics,21,1733.56,36404.76
2023-12-31,Scented Soy Wax Candle,Home & Living,25,352.26,8806.5
2023-12-31,Cotton Round Neck T-Shirt,Fashion,18,399.81,7196.58
2023-12-31,Slim Fit Chino Pants,Fashion,14,891.65,12483.1
2023-12-31,Wireless Bluetooth Earbuds,Electronics,9,1357.41,12216.69
2023-12-31,Bamboo Cutting Board Set,Home & Living,25,638.55,15963.75
2023-12-31,Webcam HD 1080p,Electronics,21,1885.76,39600.96
2024-01-01,Moisturising Sunscreen SPF50,Beauty,22,403.1,8868.2
2024-01-01,Smart LED Desk Lamp,Electronics,20,952.37,19047.4
2024-01-01,Leather Wallet Slim,Fashion,10,636.67,6366.7
2024-01-01,Scented Soy Wax Candle,Home & Living,22,321.3,7068.6
2024-01-01,Laptop Stand Adjustable,Electronics,21,1755.01,36855.21
2024-01-01,Webcam HD 1080p,Electronics,8,1704.69,13637.52
2024-01-01,Non-Stick Frying Pan 26cm,Home & Living,12,776.74,9320.88
2024-01-01,Portable Phone Charger 20000mAh,Electronics,24,1513.95,36334.8
2024-01-02,Smart LED Desk Lamp,Electronics,23,906.46,20848.58
2024-01-02,Moisturising Sunscreen SPF50,Beauty,5,418.92,2094.6
2024-01-02,Cotton Round Neck T-Shirt,Fashion,10,405.11,4051.1
2024-01-02,Wireless Bluetooth Earbuds,Electronics,12,1377.28,16527.36
2024-01-02,Under Eye Cream Dark Circles,Beauty,18,461.2,8301.6
2024-01-02,Vitamin C Face Serum 30ml,Beauty,14,744.17,10418.38
2024-01-02,Mechanical Keyboard RGB,Electronics,4,2463.7,9854.8
2024-01-02,Running Sports Shoes,Fashion,23,1922.37,44214.51
2024-01-02,Wireless Bluetooth Earbuds,Electronics,12,1209.13,14509.56
2024-01-02,Bamboo Cutting Board Set,Home & Living,5,550.67,2753.35
2024-01-02,USB-C Fast Charging Cable,Electronics,23,321.5,7394.5
2024-01-02,USB-C Fast Charging Cable,Electronics,7,273.37,1913.59
2024-01-03,Casual Denim Jacket,Fashion,15,1495.26,22428.9
2024-01-03,Slim Fit Chino Pants,Fashion,8,953.19,7625.52
2024-01-03,Wireless Bluetooth Earbuds,Electronics,5,1309.43,6547.15
2024-01-03,Moisturising Sunscreen SPF50,Beauty,20,405.99,8119.8
2024-01-03,Natural Aloe Vera Gel 200ml,Beauty,20,221.72,4434.4
2024-01-04,Portable Phone Charger 20000mAh,Electronics,22,1570.04,34540.88
2024-01-04,Noise Cancelling Headphones,Electronics,4,4300.93,17203.72
2024-01-04,Vitamin C Face Serum 30ml,Beauty,13,652.01,8476.13
2024-01-04,Moisturising Sunscreen SPF50,Beauty,13,412.51,5362.63
2024-01-04,Bamboo Cutting Board Set,Home & Living,7,556.58,3896.06
2024-01-04,Webcam HD 1080p,Electronics,13,1833.02,23829.26
2024-01-04,Bamboo Cutting Board Set,Home & Living,9,616.36,5547.24
2024-01-04,Bamboo Cutting Board Set,Home & Living,17,628.37,10682.29
2024-01-04,Wireless Bluetooth Earbuds,Electronics,13,1367.39,17776.07
2024-01-04,Smart LED Desk Lamp,Electronics,22,937.04,20614.88
2024-01-04,Scented Soy Wax Candle,Home & Living,9,378.66,3407.94
2024-01-04,Leather Wallet Slim,Fashion,10,611.13,6111.3
2024-01-04,Mechanical Keyboard RGB,Electronics,19,2511.01,47709.19
2024-01-05,Slim Fit Chino Pants,Fashion,19,832.54,15818.26
2024-01-05,Memory Foam Pillow,Home & Living,21,953.43,20022.03
2024-01-05,Noise Cancelling Headphones,Electronics,10,3766.65,37666.5
2024-01-05,Stainless Steel Water Bottle 1L,Home & Living,25,514.01,12850.25
2024-01-05,Under Eye Cream Dark Circles,Beauty,3,473.23,1419.69
2024-01-05,Leather Wallet Slim,Fashion,20,616.59,12331.8
2024-01-05,Laptop Stand Adjustable,Electronics,23,1806.24,41543.52
2024-01-05,Non-Stick Frying Pan 26cm,Home & Living,25,756.48,18912.0
2024-01-05,Vitamin C Face Serum 30ml,Beauty,8,700.59,5604.72
2024-01-05,USB-C Fast Charging Cable,Electronics,7,262.01,1834.07
2024-01-06,Moisturising Sunscreen SPF50,Beauty,8,410.15,3281.2
2024-01-06,Scented Soy Wax Candle,Home & Living,18,329.67,5934.06
2024-01-06,Sunglasses UV400 Polarized,Fashion,2,796.56,1593.12
2024-01-06,Cotton Round Neck T-Shirt,Fashion,19,378.41,7189.79
2024-01-06,Wireless Bluetooth Earbuds,Electronics,10,1233.54,12335.4
2024-01-06,Vitamin C Face Serum 30ml,Beauty,1,660.38,660.38
2024-01-06,Memory Foam Pillow,Home & Living,6,868.0,5208.0
2024-01-06,Under Eye Cream Dark Circles,Beauty,18,410.03,7380.54
2024-01-06,Wireless Bluetooth Earbuds,Electronics,4,1337.51,5350.04
2024-01-06,Webcam HD 1080p,Electronics,8,1879.83,15038.64
2024-01-07,Non-Stick Frying Pan 26cm,Home & Living,12,735.31,8823.72
2024-01-07,Memory Foam Pillow,Home & Living,21,941.9,19779.9
2024-01-07,Laptop Stand Adjustable,Electronics,25,1652.22,41305.5
2024-01-07,Wireless Bluetooth Earbuds,Electronics,25,1216.99,30424.75
2024-01-07,Under Eye Cream Dark Circles,Beauty,5,444.42,2222.1
2024-01-07,Under Eye Cream Dark Circles,Beauty,2,457.11,914.22
2024-01-07,Memory Foam Pillow,Home & Living,5,948.49,4742.45
2024-01-07,Leather Wallet Slim,Fashion,3,648.04,1944.12
2024-01-07,Moisturising Sunscreen SPF50,Beauty,10,383.7,3837.0
2024-01-07,Webcam HD 1080p,Electronics,19,1838.34,34928.46
2024-01-07,Leather Wallet Slim,Fashion,2,557.3,1114.6
2024-01-07,Scented Soy Wax Candle,Home & Living,8,367.73,2941.84
2024-01-08,Scented Soy Wax Candle,Home & Living,6,338.66,2031.96
2024-01-08,Smart LED Desk Lamp,Electronics,4,903.9,3615.6
2024-01-08,Portable Phone Charger 20000mAh,Electronics,19,1442.81,27413.39
2024-01-08,Bamboo Cutting Board Set,Home & Living,4,580.45,2321.8
2024-01-08,Smart LED Desk Lamp,Electronics,16,851.76,13628.16
2024-01-08,Collagen Face Sheet Mask Pack,Beauty,22,181.5,3993.0
2024-01-08,Cotton Round Neck T-Shirt,Fashion,17,413.74,7033.58
2024-01-08,Stainless Steel Water Bottle 1L,Home & Living,23,512.21,11780.83
2024-01-08,Non-Stick Frying Pan 26cm,Home & Living,3,792.64,2377.92
2024-01-08,Vitamin C Face Serum 30ml,Beauty,4,673.14,2692.56
2024-01-08,Noise Cancelling Headphones,Electronics,17,3858.26,65590.42
2024-01-09,Non-Stick Frying Pan 26cm,Home & Living,10,746.14,7461.4
2024-01-09,Slim Fit Chino Pants,Fashion,19,854.3,16231.7
2024-01-09,Cotton Round Neck T-Shirt,Fashion,15,387.44,5811.6
2024-01-09,Stainless Steel Water Bottle 1L,Home & Living,9,467.49,4207.41
2024-01-09,USB-C Fast Charging Cable,Electronics,15,323.21,4848.15
2024-01-09,Smart LED Desk Lamp,Electronics,12,872.79,10473.48
2024-01-09,Wireless Bluetooth Earbuds,Electronics,3,1244.56,3733.68
2024-01-09,Portable Phone Charger 20000mAh,Electronics,11,1604.0,17644.0
2024-01-09,Running Sports Shoes,Fashion,24,1954.5,46908.0
2024-01-09,Bamboo Cutting Board Set,Home & Living,7,569.83,3988.81
2024-01-10,Noise Cancelling Headphones,Electronics,15,3719.73,55795.95
2024-01-10,Wireless Bluetooth Earbuds,Electronics,12,1301.65,15619.8
2024-01-10,Leather Wallet Slim,Fashion,17,617.75,10501.75
2024-01-10,Under Eye Cream Dark Circles,Beauty,12,471.95,5663.4
2024-01-10,Running Sports Shoes,Fashion,25,2028.11,50702.75
2024-01-10,Sunglasses UV400 Polarized,Fashion,12,733.66,8803.92
2024-01-10,Noise Cancelling Headphones,Electronics,11,4063.7,44700.7
2024-01-10,Memory Foam Pillow,Home & Living,17,954.66,16229.22
2024-01-10,Non-Stick Frying Pan 26cm,Home & Living,14,734.19,10278.66
2024-01-10,Wireless Bluetooth Earbuds,Electronics,25,1267.53,31688.25
2024-01-10,Moisturising Sunscreen SPF50,Beauty,4,394.25,1577.0
2024-01-10,USB-C Fast Charging Cable,Electronics,14,308.4,4317.6
2024-01-10,Cotton Round Neck T-Shirt,Fashion,8,389.16,3113.28
2024-01-11,Noise Cancelling Headphones,Electronics,15,4090.72,61360.8
2024-01-11,Under Eye Cream Dark Circles,Beauty,13,459.9,5978.7
2024-01-11,Slim Fit Chino Pants,Fashion,6,867.1,5202.6
2024-01-11,Noise Cancelling Headphones,Electronics,17,3996.39,67938.63
2024-01-11,Stainless Steel Water Bottle 1L,Home & Living,13,489.74,6366.62
2024-01-11,Moisturising Sunscreen SPF50,Beauty,2,397.25,794.5
2024-01-11,Bamboo Cutting Board Set,Home & Living,2,582.37,1164.74
2024-01-11,Natural Aloe Vera Gel 200ml,Beauty,17,249.57,4242.69
2024-01-11,Portable Phone Charger 20000mAh,Electronics,20,1519.47,30389.4
2024-01-11,Leather Wallet Slim,Fashion,16,556.84,8909.44
2024-01-11,Casual Denim Jacket,Fashion,4,1398.75,5595.0
2024-01-11,Smart LED Desk Lamp,Electronics,1,925.28,925.28
2024-01-12,Noise Cancelling Headphones,Electronics,5,4186.21,20931.05
2024-01-12,Vitamin C Face Serum 30ml,Beauty,13,658.74,8563.62
2024-01-12,USB-C Fast Charging Cable,Electronics,3,303.6,910.8
2024-01-12,Stainless Steel Water Bottle 1L,Home & Living,8,511.57,4092.56
2024-01-12,Cotton Round Neck T-Shirt,Fashion,3,406.51,1219.53
2024-01-12,Memory Foam Pillow,Home & Living,12,937.43,11249.16
2024-01-12,Memory Foam Pillow,Home & Living,23,870.78,20027.94
2024-01-12,Mechanical Keyboard RGB,Electronics,3,2680.0,8040.0
2024-01-12,Bamboo Cutting Board Set,Home & Living,3,599.46,1798.38
2024-01-12,Sunglasses UV400 Polarized,Fashion,8,855.22,6841.76
2024-01-13,Portable Phone Charger 20000mAh,Electronics,18,1545.16,27812.88
2024-01-13,Non-Stick Frying Pan 26cm,Home & Living,10,801.25,8012.5
2024-01-13,Laptop Stand Adjustable,Electronics,13,1725.92,22436.96
2024-01-13,Memory Foam Pillow,Home & Living,25,952.78,23819.5
2024-01-13,Mechanical Keyboard RGB,Electronics,10,2593.0,25930.0
2024-01-13,Non-Stick Frying Pan 26cm,Home & Living,17,736.05,12512.85
2024-01-13,USB-C Fast Charging Cable,Electronics,8,291.48,2331.84
2024-01-13,Non-Stick Frying Pan 26cm,Home & Living,25,832.88,20822.0
2024-01-14,Noise Cancelling Headphones,Electronics,8,3808.47,30467.76
2024-01-14,Scented Soy Wax Candle,Home & Living,6,349.98,2099.88
2024-01-14,Scented Soy Wax Candle,Home & Living,15,341.64,5124.6
2024-01-14,Under Eye Cream Dark Circles,Beauty,20,465.59,9311.8
2024-01-14,Under Eye Cream Dark Circles,Beauty,25,431.46,10786.5
2024-01-14,Stainless Steel Water Bottle 1L,Home & Living,9,532.39,4791.51
2024-01-14,Under Eye Cream Dark Circles,Beauty,9,474.61,4271.49
2024-01-14,Non-Stick Frying Pan 26cm,Home & Living,11,848.87,9337.57
2024-01-14,Non-Stick Frying Pan 26cm,Home & Living,5,850.83,4254.15
2024-01-14,Casual Denim Jacket,Fashion,23,1380.01,31740.23
2024-01-15,Vitamin C Face Serum 30ml,Beauty,19,718.74,13656.06
2024-01-15,Webcam HD 1080p,Electronics,7,1874.94,13124.58
2024-01-15,Leather Wallet Slim,Fashion,12,594.85,7138.2
2024-01-15,Casual Denim Jacket,Fashion,9,1499.12,13492.08
2024-01-15,Scented Soy Wax Candle,Home & Living,3,334.12,1002.36
2024-01-15,Webcam HD 1080p,Electronics,13,1650.31,21454.03
2024-01-15,Casual Denim Jacket,Fashion,2,1380.66,2761.32
2024-01-15,Portable Phone Charger 20000mAh,Electronics,11,1459.9,16058.9
2024-01-15,Scented Soy Wax Candle,Home & Living,20,336.99,6739.8
2024-01-15,Running Sports Shoes,Fashion,16,2020.95,32335.2
2024-01-15,Casual Denim Jacket,Fashion,13,1410.87,18341.31
2024-01-15,Non-Stick Frying Pan 26cm,Home & Living,4,821.46,3285.84
2024-01-15,Slim Fit Chino Pants,Fashion,16,950.97,15215.52
2024-01-15,Sunglasses UV400 Polarized,Fashion,12,795.96,9551.52
2024-01-15,Under Eye Cream Dark Circles,Beauty,10,470.39,4703.9
2024-01-15,Vitamin C Face Serum 30ml,Beauty,21,658.84,13835.64
2024-01-15,Non-Stick Frying Pan 26cm,Home & Living,1,825.26,825.26
2024-01-15,Casual Denim Jacket,Fashion,9,1536.49,13828.41
2024-01-16,Collagen Face Sheet Mask Pack,Beauty,3,184.85,554.55
2024-01-16,Noise Cancelling Headphones,Electronics,10,3947.89,39478.9
2024-01-16,Casual Denim Jacket,Fashion,24,1516.09,36386.16
2024-01-16,Slim Fit Chino Pants,Fashion,16,940.41,15046.56
2024-01-16,Stainless Steel Water Bottle 1L,Home & Living,15,513.16,7697.4
2024-01-16,Portable Phone Charger 20000mAh,Electronics,12,1441.18,17294.16
2024-01-16,Running Sports Shoes,Fashion,3,2018.48,6055.44
2024-01-16,Laptop Stand Adjustable,Electronics,22,1899.8,41795.6
2024-01-16,Wireless Bluetooth Earbuds,Electronics,3,1351.3,4053.9
2024-01-16,Portable Phone Charger 20000mAh,Electronics,14,1473.27,20625.78
2024-01-16,Noise Cancelling Headphones,Electronics,1,3757.45,3757.45
2024-01-16,Smart LED Desk Lamp,Electronics,17,894.13,15200.21
2024-01-17,Cotton Round Neck T-Shirt,Fashion,1,416.89,416.89
2024-01-17,Noise Cancelling Headphones,Electronics,20,4006.93,80138.6
2024-01-17,Bamboo Cutting Board Set,Home & Living,15,609.2,9138.0
2024-01-17,Stainless Steel Water Bottle 1L,Home & Living,6,474.21,2845.26
2024-01-17,Sunglasses UV400 Polarized,Fashion,3,784.55,2353.65
2024-01-17,Vitamin C Face Serum 30ml,Beauty,19,677.25,12867.75
2024-01-17,Laptop Stand Adjustable,Electronics,22,1870.08,41141.76
2024-01-17,Wireless Bluetooth Earbuds,Electronics,25,1324.24,33106.0
2024-01-17,Vitamin C Face Serum 30ml,Beauty,7,736.54,5155.78
2024-01-17,Collagen Face Sheet Mask Pack,Beauty,13,186.16,2420.08
2024-01-18,Smart LED Desk Lamp,Electronics,21,927.85,19484.85
2024-01-18,Vitamin C Face Serum 30ml,Beauty,19,709.49,13480.31
2024-01-18,Vitamin C Face Serum 30ml,Beauty,6,735.38,4412.28
2024-01-18,Leather Wallet Slim,Fashion,9,550.5,4954.5
2024-01-18,Mechanical Keyboard RGB,Electronics,16,2509.17,40146.72
2024-01-18,Non-Stick Frying Pan 26cm,Home & Living,18,786.91,14164.38
2024-01-18,Vitamin C Face Serum 30ml,Beauty,6,693.32,4159.92
2024-01-18,Mechanical Keyboard RGB,Electronics,2,2310.6,4621.2
2024-01-18,Memory Foam Pillow,Home & Living,11,883.66,9720.26
2024-01-18,Wireless Bluetooth Earbuds,Electronics,15,1336.91,20053.65
2024-01-18,Non-Stick Frying Pan 26cm,Home & Living,10,837.62,8376.2
2024-01-18,Natural Aloe Vera Gel 200ml,Beauty,17,232.0,3944.0
2024-01-18,Under Eye Cream Dark Circles,Beauty,18,462.04,8316.72
2024-01-18,Smart LED Desk Lamp,Electronics,12,852.85,10234.2
2024-01-18,Stainless Steel Water Bottle 1L,Home & Living,12,532.31,6387.72
2024-01-18,Mechanical Keyboard RGB,Electronics,21,2515.92,52834.32
2024-01-19,Natural Aloe Vera Gel 200ml,Beauty,1,255.03,255.03
2024-01-19,Moisturising Sunscreen SPF50,Beauty,7,400.32,2802.24
2024-01-19,Slim Fit Chino Pants,Fashion,15,911.55,13673.25
2024-01-19,Portable Phone Charger 20000mAh,Electronics,7,1612.17,11285.19
2024-01-19,Natural Aloe Vera Gel 200ml,Beauty,14,250.19,3502.66
2024-01-19,Moisturising Sunscreen SPF50,Beauty,21,391.04,8211.84
2024-01-19,Laptop Stand Adjustable,Electronics,3,1931.72,5795.16
2024-01-19,Collagen Face Sheet Mask Pack,Beauty,25,211.72,5293.0
2024-01-19,Collagen Face Sheet Mask Pack,Beauty,7,210.56,1473.92
2024-01-20,Natural Aloe Vera Gel 200ml,Beauty,4,225.07,900.28
2024-01-20,Memory Foam Pillow,Home & Living,23,956.25,21993.75
2024-01-20,Portable Phone Charger 20000mAh,Electronics,5,1418.47,7092.35
2024-01-20,USB-C Fast Charging Cable,Electronics,25,320.33,8008.25
2024-01-20,Slim Fit Chino Pants,Fashion,17,907.35,15424.95
2024-01-20,Casual Denim Jacket,Fashion,15,1533.04,22995.6
2024-01-20,USB-C Fast Charging Cable,Electronics,16,273.12,4369.92
2024-01-20,Non-Stick Frying Pan 26cm,Home & Living,22,737.17,16217.74
2024-01-20,Sunglasses UV400 Polarized,Fashion,12,853.73,10244.76
2024-01-20,Stainless Steel Water Bottle 1L,Home & Living,15,515.73,7735.95
2024-01-20,Laptop Stand Adjustable,Electronics,15,1776.45,26646.75
2024-01-20,Running Sports Shoes,Fashion,5,1994.01,9970.05
2024-01-20,Noise Cancelling Headphones,Electronics,10,3776.24,37762.4
2024-01-20,Noise Cancelling Headphones,Electronics,24,3842.72,92225.28
2024-01-20,Running Sports Shoes,Fashion,12,1888.71,22664.52
2024-01-21,Smart LED Desk Lamp,Electronics,9,960.57,8645.13
2024-01-21,Webcam HD 1080p,Electronics,21,1774.57,37265.97
2024-01-21,Laptop Stand Adjustable,Electronics,12,1915.49,22985.88
2024-01-21,Leather Wallet Slim,Fashion,19,640.13,12162.47
2024-01-21,Memory Foam Pillow,Home & Living,16,849.26,13588.16
2024-01-21,Stainless Steel Water Bottle 1L,Home & Living,20,517.82,10356.4
2024-01-21,Webcam HD 1080p,Electronics,3,1815.15,5445.45
2024-01-21,Under Eye Cream Dark Circles,Beauty,1,411.87,411.87
2024-01-21,Cotton Round Neck T-Shirt,Fashion,17,411.33,6992.61
2024-01-21,Scented Soy Wax Candle,Home & Living,17,366.0,6222.0
2024-01-22,Noise Cancelling Headphones,Electronics,14,4284.76,59986.64
2024-01-22,Memory Foam Pillow,Home & Living,17,836.41,14218.97
2024-01-22,USB-C Fast Charging Cable,Electronics,21,283.15,5946.15
2024-01-22,USB-C Fast Charging Cable,Electronics,2,283.09,566.18
2024-01-22,Sunglasses UV400 Polarized,Fashion,14,807.86,11310.04
2024-01-22,Portable Phone Charger 20000mAh,Electronics,14,1543.31,21606.34
2024-01-22,Portable Phone Charger 20000mAh,Electronics,21,1437.39,30185.19
2024-01-23,Smart LED Desk Lamp,Electronics,17,872.48,14832.16
2024-01-23,Non-Stick Frying Pan 26cm,Home & Living,7,846.99,5928.93
2024-01-23,Sunglasses UV400 Polarized,Fashion,14,778.76,10902.64
2024-01-23,Moisturising Sunscreen SPF50,Beauty,8,398.07,3184.56
2024-01-23,Bamboo Cutting Board Set,Home & Living,5,599.28,2996.4
2024-01-23,Wireless Bluetooth Earbuds,Electronics,14,1257.23,17601.22
2024-01-23,Portable Phone Charger 20000mAh,Electronics,8,1590.89,12727.12
2024-01-23,Collagen Face Sheet Mask Pack,Beauty,14,191.84,2685.76
2024-01-23,Moisturising Sunscreen SPF50,Beauty,17,381.75,6489.75
2024-01-23,Running Sports Shoes,Fashion,15,1915.18,28727.7
2024-01-23,Non-Stick Frying Pan 26cm,Home & Living,14,795.79,11141.06
2024-01-23,Under Eye Cream Dark Circles,Beauty,20,418.83,8376.6
2024-01-24,Portable Phone Charger 20000mAh,Electronics,9,1588.31,14294.79
2024-01-24,USB-C Fast Charging Cable,Electronics,14,284.31,3980.34
2024-01-24,Non-Stick Frying Pan 26cm,Home & Living,7,785.49,5498.43
2024-01-24,Leather Wallet Slim,Fashion,7,612.8,4289.6
2024-01-24,Natural Aloe Vera Gel 200ml,Beauty,14,257.57,3605.98
2024-01-24,Noise Cancelling Headphones,Electronics,22,4261.07,93743.54
2024-01-24,Laptop Stand Adjustable,Electronics,16,1835.35,29365.6
2024-01-24,USB-C Fast Charging Cable,Electronics,13,280.68,3648.84
2024-01-25,Vitamin C Face Serum 30ml,Beauty,7,668.91,4682.37
2024-01-25,Collagen Face Sheet Mask Pack,Beauty,19,199.45,3789.55
2024-01-25,Vitamin C Face Serum 30ml,Beauty,17,697.61,11859.37
2024-01-25,Non-Stick Frying Pan 26cm,Home & Living,20,800.52,16010.4
2024-01-25,USB-C Fast Charging Cable,Electronics,25,269.37,6734.25
2024-01-25,Sunglasses UV400 Polarized,Fashion,21,756.11,15878.31
2024-01-25,Cotton Round Neck T-Shirt,Fashion,10,412.73,4127.3
2024-01-25,Wireless Bluetooth Earbuds,Electronics,7,1336.53,9355.71
2024-01-25,Under Eye Cream Dark Circles,Beauty,25,420.63,10515.75
2024-01-26,Collagen Face Sheet Mask Pack,Beauty,23,184.24,4237.52
2024-01-26,Smart LED Desk Lamp,Electronics,6,890.35,5342.1
2024-01-26,Casual Denim Jacket,Fashion,11,1352.51,14877.61
2024-01-26,Moisturising Sunscreen SPF50,Beauty,18,404.06,7273.08
2024-01-26,Slim Fit Chino Pants,Fashion,4,848.44,3393.76
2024-01-26,Natural Aloe Vera Gel 200ml,Beauty,6,252.88,1517.28
2024-01-26,Non-Stick Frying Pan 26cm,Home & Living,12,805.12,9661.44
2024-01-27,Noise Cancelling Headphones,Electronics,9,3781.03,34029.27
2024-01-27,Stainless Steel Water Bottle 1L,Home & Living,10,460.01,4600.1
2024-01-27,Mechanical Keyboard RGB,Electronics,18,2655.78,47804.04
2024-01-27,Portable Phone Charger 20000mAh,Electronics,20,1426.08,28521.6
2024-01-27,Stainless Steel Water Bottle 1L,Home & Living,25,461.03,11525.75
2024-01-27,Collagen Face Sheet Mask Pack,Beauty,18,209.56,3772.08
2024-01-27,Sunglasses UV400 Polarized,Fashion,25,841.5,21037.5
2024-01-27,Scented Soy Wax Candle,Home & Living,9,368.58,3317.22
2024-01-28,Stainless Steel Water Bottle 1L,Home & Living,21,483.25,10148.25
2024-01-28,Slim Fit Chino Pants,Fashion,11,848.47,9333.17
2024-01-28,USB-C Fast Charging Cable,Electronics,25,280.31,7007.75
2024-01-28,Natural Aloe Vera Gel 200ml,Beauty,23,226.65,5212.95
2024-01-28,Running Sports Shoes,Fashion,21,1853.9,38931.9
2024-01-28,Running Sports Shoes,Fashion,17,2077.13,35311.21
2024-01-28,Noise Cancelling Headphones,Electronics,6,4349.78,26098.68
2024-01-28,Moisturising Sunscreen SPF50,Beauty,20,401.08,8021.6
2024-01-28,Bamboo Cutting Board Set,Home & Living,15,568.51,8527.65
2024-01-28,Casual Denim Jacket,Fashion,21,1443.51,30313.71
2024-01-28,Mechanical Keyboard RGB,Electronics,17,2546.77,43295.09
2024-01-28,Mechanical Keyboard RGB,Electronics,22,2663.15,58589.3
2024-01-29,Mechanical Keyboard RGB,Electronics,23,2660.09,61182.07
2024-01-29,Moisturising Sunscreen SPF50,Beauty,15,404.85,6072.75
2024-01-29,Bamboo Cutting Board Set,Home & Living,15,632.56,9488.4
2024-01-29,Laptop Stand Adjustable,Electronics,24,1833.65,44007.6
2024-01-29,Smart LED Desk Lamp,Electronics,17,919.37,15629.29
2024-01-29,Bamboo Cutting Board Set,Home & Living,20,565.35,11307.0
2024-01-29,Smart LED Desk Lamp,Electronics,11,870.91,9580.01
2024-01-30,Portable Phone Charger 20000mAh,Electronics,12,1403.48,16841.76
2024-01-30,Smart LED Desk Lamp,Electronics,5,924.03,4620.15
2024-01-30,Noise Cancelling Headphones,Electronics,3,4233.24,12699.72
2024-01-30,Smart LED Desk Lamp,Electronics,15,928.11,13921.65
2024-01-30,Stainless Steel Water Bottle 1L,Home & Living,23,480.09,11042.07
2024-01-30,Wireless Bluetooth Earbuds,Electronics,20,1343.74,26874.8
2024-01-30,Leather Wallet Slim,Fashion,9,622.8,5605.2
2024-01-30,Sunglasses UV400 Polarized,Fashion,8,843.96,6751.68
2024-01-30,Collagen Face Sheet Mask Pack,Beauty,23,214.67,4937.41
2024-01-30,Slim Fit Chino Pants,Fashion,24,970.72,23297.28
2024-01-31,Portable Phone Charger 20000mAh,Electronics,6,1533.12,9198.72
2024-01-31,Noise Cancelling Headphones,Electronics,9,4005.0,36045.0
2024-01-31,Casual Denim Jacket,Fashion,14,1579.01,22106.14
2024-01-31,Non-Stick Frying Pan 26cm,Home & Living,7,832.75,5829.25
2024-01-31,Moisturising Sunscreen SPF50,Beauty,13,424.6,5519.8
2024-01-31,USB-C Fast Charging Cable,Electronics,23,313.42,7208.66
2024-01-31,Under Eye Cream Dark Circles,Beauty,13,420.96,5472.48
2024-01-31,Portable Phone Charger 20000mAh,Electronics,12,1517.46,18209.52
2024-02-01,Wireless Bluetooth Earbuds,Electronics,14,1286.16,18006.24
2024-02-01,Laptop Stand Adjustable,Electronics,1,1750.51,1750.51
2024-02-01,Laptop Stand Adjustable,Electronics,8,1825.87,14606.96
2024-02-01,Webcam HD 1080p,Electronics,9,1853.47,16681.23
2024-02-01,Natural Aloe Vera Gel 200ml,Beauty,17,255.19,4338.23
2024-02-01,Under Eye Cream Dark Circles,Beauty,8,420.87,3366.96
2024-02-01,Bamboo Cutting Board Set,Home & Living,7,584.8,4093.6
2024-02-01,Stainless Steel Water Bottle 1L,Home & Living,9,522.29,4700.61
2024-02-01,Natural Aloe Vera Gel 200ml,Beauty,5,250.84,1254.2
2024-02-02,Bamboo Cutting Board Set,Home & Living,17,569.92,9688.64
2024-02-02,Natural Aloe Vera Gel 200ml,Beauty,18,258.76,4657.68
2024-02-02,Moisturising Sunscreen SPF50,Beauty,1,370.01,370.01
2024-02-02,Laptop Stand Adjustable,Electronics,11,1750.23,19252.53
2024-02-02,Scented Soy Wax Candle,Home & Living,4,371.02,1484.08
2024-02-02,Bamboo Cutting Board Set,Home & Living,12,584.9,7018.8
2024-02-02,Moisturising Sunscreen SPF50,Beauty,20,376.17,7523.4
2024-02-03,Running Sports Shoes,Fashion,4,2076.23,8304.92
2024-02-03,Collagen Face Sheet Mask Pack,Beauty,12,211.06,2532.72
2024-02-03,Casual Denim Jacket,Fashion,3,1462.93,4388.79
2024-02-03,Non-Stick Frying Pan 26cm,Home & Living,10,771.85,7718.5
2024-02-03,Moisturising Sunscreen SPF50,Beauty,25,385.46,9636.5
2024-02-03,Slim Fit Chino Pants,Fashion,22,909.6,20011.2
2024-02-03,Leather Wallet Slim,Fashion,5,638.42,3192.1
2024-02-03,Stainless Steel Water Bottle 1L,Home & Living,5,529.07,2645.35
2024-02-03,Cotton Round Neck T-Shirt,Fashion,24,428.67,10288.08
2024-02-04,Mechanical Keyboard RGB,Electronics,4,2659.26,10637.04
2024-02-04,Casual Denim Jacket,Fashion,9,1427.01,12843.09
2024-02-04,Laptop Stand Adjustable,Electronics,18,1865.89,33586.02
2024-02-04,Portable Phone Charger 20000mAh,Electronics,4,1598.26,6393.04
2024-02-04,USB-C Fast Charging Cable,Electronics,12,296.25,3555.0
2024-02-04,Collagen Face Sheet Mask Pack,Beauty,16,194.31,3108.96
2024-02-04,Non-Stick Frying Pan 26cm,Home & Living,20,746.0,14920.0
2024-02-04,Vitamin C Face Serum 30ml,Beauty,8,735.64,5885.12
2024-02-04,Moisturising Sunscreen SPF50,Beauty,6,381.36,2288.16
2024-02-04,Laptop Stand Adjustable,Electronics,20,1710.02,34200.4
2024-02-04,Cotton Round Neck T-Shirt,Fashion,3,395.88,1187.64
2024-02-04,Leather Wallet Slim,Fashion,25,585.45,14636.25
2024-02-04,Casual Denim Jacket,Fashion,22,1604.64,35302.08
2024-02-04,Webcam HD 1080p,Electronics,7,1900.29,13302.03
2024-02-04,Stainless Steel Water Bottle 1L,Home & Living,14,505.97,7083.58
2024-02-04,Scented Soy Wax Candle,Home & Living,17,348.3,5921.1
2024-02-05,Sunglasses UV400 Polarized,Fashion,25,740.39,18509.75
2024-02-05,Leather Wallet Slim,Fashion,2,645.99,1291.98
2024-02-05,Smart LED Desk Lamp,Electronics,11,882.59,9708.49
2024-02-05,Collagen Face Sheet Mask Pack,Beauty,3,185.43,556.29
2024-02-05,Stainless Steel Water Bottle 1L,Home & Living,7,470.88,3296.16
2024-02-05,Memory Foam Pillow,Home & Living,22,906.39,19940.58
2024-02-05,USB-C Fast Charging Cable,Electronics,15,318.06,4770.9
2024-02-05,Stainless Steel Water Bottle 1L,Home & Living,4,484.82,1939.28
2024-02-05,Bamboo Cutting Board Set,Home & Living,17,617.33,10494.61
2024-02-06,Laptop Stand Adjustable,Electronics,12,1759.69,21116.28
2024-02-06,Portable Phone Charger 20000mAh,Electronics,22,1501.41,33031.02
2024-02-06,Mechanical Keyboard RGB,Electronics,24,2664.36,63944.64
2024-02-06,Casual Denim Jacket,Fashion,2,1353.09,2706.18
2024-02-06,Scented Soy Wax Candle,Home & Living,25,355.35,8883.75
2024-02-06,Bamboo Cutting Board Set,Home & Living,21,618.03,12978.63
2024-02-06,Running Sports Shoes,Fashion,21,1968.16,41331.36
2024-02-06,Vitamin C Face Serum 30ml,Beauty,4,703.93,2815.72
2024-02-06,Smart LED Desk Lamp,Electronics,21,899.27,18884.67
2024-02-06,Running Sports Shoes,Fashion,3,2049.06,6147.18
2024-02-06,Laptop Stand Adjustable,Electronics,25,1812.78,45319.5
2024-02-06,Bamboo Cutting Board Set,Home & Living,11,599.38,6593.18
2024-02-06,Mechanical Keyboard RGB,Electronics,4,2587.85,10351.4
2024-02-07,Moisturising Sunscreen SPF50,Beauty,22,373.91,8226.02
2024-02-07,Laptop Stand Adjustable,Electronics,5,1763.64,8818.2
2024-02-07,Smart LED Desk Lamp,Electronics,23,964.09,22174.07
2024-02-07,Laptop Stand Adjustable,Electronics,24,1727.77,41466.48
2024-02-07,Webcam HD 1080p,Electronics,19,1851.29,35174.51
2024-02-07,Mechanical Keyboard RGB,Electronics,6,2502.28,15013.68
2024-02-07,Memory Foam Pillow,Home & Living,2,958.67,1917.34
2024-02-08,Non-Stick Frying Pan 26cm,Home & Living,1,787.62,787.62
2024-02-08,Bamboo Cutting Board Set,Home & Living,18,639.0,11502.0
2024-02-08,Bamboo Cutting Board Set,Home & Living,20,602.17,12043.4
2024-02-08,Memory Foam Pillow,Home & Living,21,915.34,19222.14
2024-02-08,Sunglasses UV400 Polarized,Fashion,17,778.46,13233.82
2024-02-08,Vitamin C Face Serum 30ml,Beauty,2,647.04,1294.08
2024-02-08,Laptop Stand Adjustable,Electronics,3,1669.73,5009.19
2024-02-08,Under Eye Cream Dark Circles,Beauty,9,464.9,4184.1
2024-02-09,USB-C Fast Charging Cable,Electronics,20,284.31,5686.2
2024-02-09,Smart LED Desk Lamp,Electronics,19,906.11,17216.09
2024-02-09,Casual Denim Jacket,Fashion,10,1553.49,15534.9
2024-02-09,Portable Phone Charger 20000mAh,Electronics,3,1595.23,4785.69
2024-02-09,Under Eye Cream Dark Circles,Beauty,4,427.68,1710.72
2024-02-09,Under Eye Cream Dark Circles,Beauty,17,420.89,7155.13
2024-02-09,Bamboo Cutting Board Set,Home & Living,8,613.26,4906.08
2024-02-10,Non-Stick Frying Pan 26cm,Home & Living,16,850.18,13602.88
2024-02-10,Vitamin C Face Serum 30ml,Beauty,17,664.17,11290.89
2024-02-10,Cotton Round Neck T-Shirt,Fashion,14,385.46,5396.44
2024-02-10,Bamboo Cutting Board Set,Home & Living,22,622.23,13689.06
2024-02-10,Natural Aloe Vera Gel 200ml,Beauty,8,237.93,1903.44
2024-02-10,Smart LED Desk Lamp,Electronics,8,879.79,7038.32
2024-02-10,Natural Aloe Vera Gel 200ml,Beauty,3,222.08,666.24
2024-02-10,Moisturising Sunscreen SPF50,Beauty,15,413.22,6198.3
2024-02-10,Noise Cancelling Headphones,Electronics,24,4332.65,103983.6
2024-02-10,Non-Stick Frying Pan 26cm,Home & Living,18,767.44,13813.92
2024-02-10,Scented Soy Wax Candle,Home & Living,17,322.64,5484.88
2024-02-10,USB-C Fast Charging Cable,Electronics,14,283.2,3964.8
2024-02-11,Non-Stick Frying Pan 26cm,Home & Living,15,856.18,12842.7
2024-02-11,Bamboo Cutting Board Set,Home & Living,6,629.48,3776.88
2024-02-11,Stainless Steel Water Bottle 1L,Home & Living,12,495.89,5950.68
2024-02-11,Moisturising Sunscreen SPF50,Beauty,15,380.05,5700.75
2024-02-11,Leather Wallet Slim,Fashion,13,601.86,7824.18
2024-02-11,Vitamin C Face Serum 30ml,Beauty,25,717.98,17949.5
2024-02-11,Casual Denim Jacket,Fashion,10,1403.25,14032.5
2024-02-11,Sunglasses UV400 Polarized,Fashion,21,733.04,15393.84
2024-02-11,Slim Fit Chino Pants,Fashion,4,964.26,3857.04
2024-02-12,Running Sports Shoes,Fashion,25,2015.32,50383.0
2024-02-12,Laptop Stand Adjustable,Electronics,14,1754.81,24567.34
2024-02-12,Natural Aloe Vera Gel 200ml,Beauty,15,229.32,3439.8
2024-02-12,USB-C Fast Charging Cable,Electronics,6,263.67,1582.02
2024-02-12,USB-C Fast Charging Cable,Electronics,22,313.5,6897.0
2024-02-12,Stainless Steel Water Bottle 1L,Home & Living,1,526.26,526.26
2024-02-12,Slim Fit Chino Pants,Fashion,7,931.42,6519.94
2024-02-12,Memory Foam Pillow,Home & Living,9,914.98,8234.82
2024-02-12,Natural Aloe Vera Gel 200ml,Beauty,24,245.58,5893.92
2024-02-12,Moisturising Sunscreen SPF50,Beauty,1,399.01,399.01
2024-02-13,Cotton Round Neck T-Shirt,Fashion,16,392.74,6283.84
2024-02-13,Collagen Face Sheet Mask Pack,Beauty,20,183.71,3674.2
2024-02-13,USB-C Fast Charging Cable,Electronics,22,318.27,7001.94
2024-02-13,Non-Stick Frying Pan 26cm,Home & Living,3,817.34,2452.02
2024-02-13,Smart LED Desk Lamp,Electronics,21,846.56,17777.76
2024-02-13,Leather Wallet Slim,Fashion,14,587.68,8227.52
2024-02-14,Leather Wallet Slim,Fashion,19,581.33,11045.27
2024-02-14,Leather Wallet Slim,Fashion,6,592.64,3555.84
2024-02-14,Wireless Bluetooth Earbuds,Electronics,3,1314.55,3943.65
2024-02-14,Moisturising Sunscreen SPF50,Beauty,5,370.69,1853.45
2024-02-14,Slim Fit Chino Pants,Fashion,2,929.44,1858.88
2024-02-14,Laptop Stand Adjustable,Electronics,14,1898.48,26578.72
2024-02-14,Bamboo Cutting Board Set,Home & Living,2,613.91,1227.82
2024-02-14,Memory Foam Pillow,Home & Living,11,859.2,9451.2
2024-02-14,Non-Stick Frying Pan 26cm,Home & Living,2,837.13,1674.26
2024-02-15,Portable Phone Charger 20000mAh,Electronics,17,1451.5,24675.5
2024-02-15,Sunglasses UV400 Polarized,Fashion,7,840.38,5882.66
2024-02-15,Vitamin C Face Serum 30ml,Beauty,2,736.93,1473.86
2024-02-15,Leather Wallet Slim,Fashion,2,585.29,1170.58
2024-02-15,Non-Stick Frying Pan 26cm,Home & Living,12,801.62,9619.44
2024-02-15,Smart LED Desk Lamp,Electronics,8,902.81,7222.48
2024-02-15,Vitamin C Face Serum 30ml,Beauty,21,728.04,15288.84
2024-02-15,Collagen Face Sheet Mask Pack,Beauty,1,197.08,197.08
2024-02-15,Non-Stick Frying Pan 26cm,Home & Living,8,810.12,6480.96
2024-02-15,Mechanical Keyboard RGB,Electronics,21,2470.29,51876.09
2024-02-15,Under Eye Cream Dark Circles,Beauty,19,435.06,8266.14
2024-02-16,Running Sports Shoes,Fashion,11,2149.0,23639.0
2024-02-16,Sunglasses UV400 Polarized,Fashion,8,825.1,6600.8
2024-02-16,Under Eye Cream Dark Circles,Beauty,25,432.49,10812.25
2024-02-16,Leather Wallet Slim,Fashion,16,577.76,9244.16
2024-02-16,Laptop Stand Adjustable,Electronics,25,1751.43,43785.75
2024-02-16,Mechanical Keyboard RGB,Electronics,12,2604.59,31255.08
2024-02-16,Leather Wallet Slim,Fashion,4,555.16,2220.64
2024-02-16,Under Eye Cream Dark Circles,Beauty,25,413.76,10344.0
2024-02-16,Smart LED Desk Lamp,Electronics,7,946.41,6624.87
2024-02-16,Mechanical Keyboard RGB,Electronics,21,2415.04,50715.84
2024-02-16,Moisturising Sunscreen SPF50,Beauty,11,370.91,4080.01
2024-02-16,Webcam HD 1080p,Electronics,10,1943.89,19438.9
2024-02-16,Non-Stick Frying Pan 26cm,Home & Living,12,788.57,9462.84
2024-02-16,Collagen Face Sheet Mask Pack,Beauty,15,185.92,2788.8
2024-02-17,Casual Denim Jacket,Fashion,9,1588.2,14293.8
2024-02-17,Portable Phone Charger 20000mAh,Electronics,8,1588.19,12705.52
2024-02-17,Bamboo Cutting Board Set,Home & Living,24,568.56,13645.44
2024-02-17,Smart LED Desk Lamp,Electronics,4,957.36,3829.44
2024-02-17,Smart LED Desk Lamp,Electronics,9,955.05,8595.45
2024-02-17,Webcam HD 1080p,Electronics,16,1679.87,26877.92
2024-02-17,Cotton Round Neck T-Shirt,Fashion,22,409.51,9009.22
2024-02-17,Moisturising Sunscreen SPF50,Beauty,9,392.52,3532.68
2024-02-18,Stainless Steel Water Bottle 1L,Home & Living,18,464.56,8362.08
2024-02-18,Noise Cancelling Headphones,Electronics,18,4082.07,73477.26
2024-02-18,Portable Phone Charger 20000mAh,Electronics,11,1470.51,16175.61
2024-02-18,Moisturising Sunscreen SPF50,Beauty,25,391.51,9787.75
2024-02-18,Bamboo Cutting Board Set,Home & Living,22,555.22,12214.84
2024-02-18,Scented Soy Wax Candle,Home & Living,7,375.49,2628.43
2024-02-18,Noise Cancelling Headphones,Electronics,15,3920.32,58804.8
2024-02-18,Bamboo Cutting Board Set,Home & Living,25,625.84,15646.0
2024-02-18,USB-C Fast Charging Cable,Electronics,9,300.14,2701.26
2024-02-18,Memory Foam Pillow,Home & Living,14,966.09,13525.26
2024-02-18,Smart LED Desk Lamp,Electronics,13,838.03,10894.39
2024-02-18,Natural Aloe Vera Gel 200ml,Beauty,13,257.93,3353.09
2024-02-19,Collagen Face Sheet Mask Pack,Beauty,8,184.88,1479.04
2024-02-19,Wireless Bluetooth Earbuds,Electronics,18,1359.7,24474.6
2024-02-19,Webcam HD 1080p,Electronics,22,1945.83,42808.26
2024-02-19,Noise Cancelling Headphones,Electronics,3,4157.41,12472.23
2024-02-19,Memory Foam Pillow,Home & Living,5,952.25,4761.25
2024-02-19,Moisturising Sunscreen SPF50,Beauty,12,389.04,4668.48
2024-02-19,USB-C Fast Charging Cable,Electronics,15,298.85,4482.75
2024-02-19,USB-C Fast Charging Cable,Electronics,18,318.03,5724.54
2024-02-19,Stainless Steel Water Bottle 1L,Home & Living,14,528.34,7396.76
2024-02-19,Collagen Face Sheet Mask Pack,Beauty,18,201.22,3621.96
2024-02-19,Collagen Face Sheet Mask Pack,Beauty,20,184.94,3698.8
2024-02-19,Leather Wallet Slim,Fashion,6,632.37,3794.22
2024-02-19,Memory Foam Pillow,Home & Living,24,907.62,21782.88
2024-02-19,Smart LED Desk Lamp,Electronics,9,928.48,8356.32
2024-02-19,Scented Soy Wax Candle,Home & Living,23,372.15,8559.45
2024-02-19,Bamboo Cutting Board Set,Home & Living,10,629.98,6299.8
2024-02-20,Natural Aloe Vera Gel 200ml,Beauty,15,245.65,3684.75
2024-02-20,Collagen Face Sheet Mask Pack,Beauty,13,207.0,2691.0
2024-02-20,Casual Denim Jacket,Fashion,17,1456.44,24759.48
2024-02-20,Scented Soy Wax Candle,Home & Living,18,329.95,5939.1
2024-02-20,Stainless Steel Water Bottle 1L,Home & Living,15,488.66,7329.9
2024-02-20,Casual Denim Jacket,Fashion,21,1490.5,31300.5
2024-02-20,Scented Soy Wax Candle,Home & Living,9,320.15,2881.35
2024-02-20,Webcam HD 1080p,Electronics,25,1809.67,45241.75
2024-02-21,Bamboo Cutting Board Set,Home & Living,7,639.48,4476.36
2024-02-21,Casual Denim Jacket,Fashion,8,1583.75,12670.0
2024-02-21,Vitamin C Face Serum 30ml,Beauty,6,718.8,4312.8
2024-02-21,Running Sports Shoes,Fashion,8,2080.79,16646.32
2024-02-21,Collagen Face Sheet Mask Pack,Beauty,17,196.17,3334.89
2024-02-21,Laptop Stand Adjustable,Electronics,20,1843.42,36868.4
2024-02-21,Bamboo Cutting Board Set,Home & Living,18,561.56,10108.08
2024-02-21,Moisturising Sunscreen SPF50,Beauty,16,384.67,6154.72
2024-02-22,Memory Foam Pillow,Home & Living,7,956.13,6692.91
2024-02-22,Mechanical Keyboard RGB,Electronics,3,2682.91,8048.73
2024-02-22,USB-C Fast Charging Cable,Electronics,21,268.1,5630.1
2024-02-22,Running Sports Shoes,Fashion,17,2048.49,34824.33
2024-02-22,Sunglasses UV400 Polarized,Fashion,6,831.59,4989.54
2024-02-22,Portable Phone Charger 20000mAh,Electronics,2,1436.8,2873.6
2024-02-22,Smart LED Desk Lamp,Electronics,24,952.83,22867.92
2024-02-22,Portable Phone Charger 20000mAh,Electronics,2,1412.41,2824.82
2024-02-22,Under Eye Cream Dark Circles,Beauty,17,429.94,7308.98
2024-02-22,Under Eye Cream Dark Circles,Beauty,1,427.15,427.15
2024-02-22,Slim Fit Chino Pants,Fashion,17,886.81,15075.77
2024-02-22,Collagen Face Sheet Mask Pack,Beauty,14,210.11,2941.54
2024-02-22,Leather Wallet Slim,Fashion,24,576.46,13835.04
2024-02-22,Memory Foam Pillow,Home & Living,22,955.53,21021.66
2024-02-23,Laptop Stand Adjustable,Electronics,10,1685.2,16852.0
2024-02-23,Running Sports Shoes,Fashion,24,2077.05,49849.2
2024-02-23,Non-Stick Frying Pan 26cm,Home & Living,7,743.04,5201.28
2024-02-23,Cotton Round Neck T-Shirt,Fashion,16,392.03,6272.48
2024-02-23,Smart LED Desk Lamp,Electronics,10,951.39,9513.9
2024-02-23,Non-Stick Frying Pan 26cm,Home & Living,7,808.19,5657.33
2024-02-23,Stainless Steel Water Bottle 1L,Home & Living,25,512.68,12817.0
2024-02-23,Vitamin C Face Serum 30ml,Beauty,21,691.3,14517.3
2024-02-23,Sunglasses UV400 Polarized,Fashion,16,755.43,12086.88
2024-02-23,Stainless Steel Water Bottle 1L,Home & Living,4,498.1,1992.4
2024-02-23,Slim Fit Chino Pants,Fashion,3,859.61,2578.83
2024-02-23,Leather Wallet Slim,Fashion,3,599.22,1797.66
2024-02-23,Portable Phone Charger 20000mAh,Electronics,14,1532.41,21453.74
2024-02-23,Wireless Bluetooth Earbuds,Electronics,6,1313.3,7879.8
2024-02-24,Memory Foam Pillow,Home & Living,23,880.58,20253.34
2024-02-24,Mechanical Keyboard RGB,Electronics,20,2512.34,50246.8
2024-02-24,Natural Aloe Vera Gel 200ml,Beauty,5,253.3,1266.5
2024-02-24,Slim Fit Chino Pants,Fashion,21,964.14,20246.94
2024-02-24,Collagen Face Sheet Mask Pack,Beauty,25,180.39,4509.75
2024-02-24,Bamboo Cutting Board Set,Home & Living,7,585.52,4098.64
2024-02-24,Memory Foam Pillow,Home & Living,3,961.15,2883.45
2024-02-24,Cotton Round Neck T-Shirt,Fashion,6,395.99,2375.94
2024-02-24,Running Sports Shoes,Fashion,12,1905.88,22870.56
2024-02-24,Casual Denim Jacket,Fashion,3,1373.64,4120.92
2024-02-25,Non-Stick Frying Pan 26cm,Home & Living,23,847.23,19486.29
2024-02-25,Leather Wallet Slim,Fashion,5,605.72,3028.6
2024-02-25,Portable Phone Charger 20000mAh,Electronics,15,1536.68,23050.2
2024-02-25,Casual Denim Jacket,Fashion,14,1619.87,22678.18
2024-02-25,USB-C Fast Charging Cable,Electronics,9,284.82,2563.38
2024-02-25,Bamboo Cutting Board Set,Home & Living,5,616.25,3081.25
2024-02-25,Laptop Stand Adjustable,Electronics,22,1700.97,37421.34
2024-02-26,Portable Phone Charger 20000mAh,Electronics,20,1438.65,28773.0
2024-02-26,USB-C Fast Charging Cable,Electronics,12,309.84,3718.08
2024-02-26,Noise Cancelling Headphones,Electronics,25,3988.04,99701.0
2024-02-26,Moisturising Sunscreen SPF50,Beauty,11,387.82,4266.02
2024-02-26,Natural Aloe Vera Gel 200ml,Beauty,22,255.42,5619.24
2024-02-26,Collagen Face Sheet Mask Pack,Beauty,7,191.93,1343.51
2024-02-26,Under Eye Cream Dark Circles,Beauty,21,457.12,9599.52
2024-02-26,Leather Wallet Slim,Fashion,3,632.44,1897.32
2024-02-26,Cotton Round Neck T-Shirt,Fashion,2,391.29,782.58
2024-02-26,Smart LED Desk Lamp,Electronics,24,865.32,20767.68
2024-02-26,Noise Cancelling Headphones,Electronics,21,4286.81,90023.01
2024-02-27,Moisturising Sunscreen SPF50,Beauty,4,396.71,1586.84
2024-02-27,Leather Wallet Slim,Fashion,23,576.27,13254.21
2024-02-27,Wireless Bluetooth Earbuds,Electronics,8,1260.83,10086.64
2024-02-27,Natural Aloe Vera Gel 200ml,Beauty,16,264.13,4226.08
2024-02-27,Natural Aloe Vera Gel 200ml,Beauty,13,259.05,3367.65
2024-02-27,Moisturising Sunscreen SPF50,Beauty,16,381.05,6096.8
2024-02-27,Bamboo Cutting Board Set,Home & Living,11,579.07,6369.77
2024-02-27,USB-C Fast Charging Cable,Electronics,7,277.7,1943.9
2024-02-27,Noise Cancelling Headphones,Electronics,3,4322.1,12966.3
2024-02-28,Noise Cancelling Headphones,Electronics,17,4140.25,70384.25
2024-02-28,Running Sports Shoes,Fashion,9,2007.27,18065.43
2024-02-28,Non-Stick Frying Pan 26cm,Home & Living,21,756.05,15877.05
2024-02-28,Wireless Bluetooth Earbuds,Electronics,8,1201.1,9608.8
2024-02-28,Leather Wallet Slim,Fashion,10,605.24,6052.4
2024-02-28,Webcam HD 1080p,Electronics,21,1945.4,40853.4
2024-02-28,Noise Cancelling Headphones,Electronics,15,3815.66,57234.9
2024-02-28,Portable Phone Charger 20000mAh,Electronics,24,1592.59,38222.16
2024-02-28,Scented Soy Wax Candle,Home & Living,11,345.55,3801.05
2024-02-29,Noise Cancelling Headphones,Electronics,3,3895.89,11687.67
2024-02-29,Moisturising Sunscreen SPF50,Beauty,17,412.21,7007.57
2024-02-29,Running Sports Shoes,Fashion,13,1945.64,25293.32
2024-02-29,Non-Stick Frying Pan 26cm,Home & Living,18,746.89,13444.02
2024-02-29,Collagen Face Sheet Mask Pack,Beauty,18,186.83,3362.94
2024-02-29,Sunglasses UV400 Polarized,Fashion,1,800.54,800.54
2024-02-29,Bamboo Cutting Board Set,Home & Living,16,619.74,9915.84
2024-02-29,Vitamin C Face Serum 30ml,Beauty,15,744.49,11167.35
2024-02-29,Collagen Face Sheet Mask Pack,Beauty,20,186.86,3737.2
2024-02-29,Non-Stick Frying Pan 26cm,Home & Living,23,853.6,19632.8
2024-02-29,Moisturising Sunscreen SPF50,Beauty,14,396.18,5546.52
2024-02-29,Smart LED Desk Lamp,Electronics,17,959.08,16304.36
2024-03-01,Vitamin C Face Serum 30ml,Beauty,7,713.99,4997.93
2024-03-01,Stainless Steel Water Bottle 1L,Home & Living,25,514.39,12859.75
2024-03-01,Natural Aloe Vera Gel 200ml,Beauty,18,237.05,4266.9
2024-03-01,Noise Cancelling Headphones,Electronics,7,3759.58,26317.06
2024-03-01,Under Eye Cream Dark Circles,Beauty,21,451.32,9477.72
2024-03-01,Vitamin C Face Serum 30ml,Beauty,3,655.85,1967.55
2024-03-01,Stainless Steel Water Bottle 1L,Home & Living,5,472.9,2364.5
2024-03-01,Moisturising Sunscreen SPF50,Beauty,12,393.29,4719.48
2024-03-01,Mechanical Keyboard RGB,Electronics,21,2517.61,52869.81
2024-03-01,Cotton Round Neck T-Shirt,Fashion,15,399.08,5986.2
2024-03-01,Running Sports Shoes,Fashion,1,2143.56,2143.56
2024-03-01,Leather Wallet Slim,Fashion,14,623.3,8726.2
2024-03-01,Under Eye Cream Dark Circles,Beauty,5,427.07,2135.35
2024-03-01,Laptop Stand Adjustable,Electronics,10,1724.49,17244.9
2024-03-01,Running Sports Shoes,Fashion,13,2003.04,26039.52
2024-03-02,Cotton Round Neck T-Shirt,Fashion,10,378.38,3783.8
2024-03-02,Bamboo Cutting Board Set,Home & Living,11,566.47,6231.17
2024-03-02,Webcam HD 1080p,Electronics,23,1916.98,44090.54
2024-03-02,USB-C Fast Charging Cable,Electronics,18,323.68,5826.24
2024-03-02,Laptop Stand Adjustable,Electronics,9,1855.57,16700.13
2024-03-02,Casual Denim Jacket,Fashion,6,1553.0,9318.0
2024-03-02,Under Eye Cream Dark Circles,Beauty,8,474.65,3797.2
2024-03-02,Bamboo Cutting Board Set,Home & Living,9,599.62,5396.58
2024-03-02,Non-Stick Frying Pan 26cm,Home & Living,24,754.13,18099.12
2024-03-03,Memory Foam Pillow,Home & Living,10,950.62,9506.2
2024-03-03,Laptop Stand Adjustable,Electronics,5,1929.67,9648.35
2024-03-03,Webcam HD 1080p,Electronics,13,1923.67,25007.71
2024-03-03,Mechanical Keyboard RGB,Electronics,19,2418.5,45951.5
2024-03-03,Natural Aloe Vera Gel 200ml,Beauty,2,255.13,510.26
2024-03-03,Webcam HD 1080p,Electronics,16,1701.4,27222.4
2024-03-03,Leather Wallet Slim,Fashion,25,602.43,15060.75
2024-03-03,Slim Fit Chino Pants,Fashion,13,974.1,12663.3
2024-03-03,Mechanical Keyboard RGB,Electronics,24,2625.77,63018.48
2024-03-04,Under Eye Cream Dark Circles,Beauty,4,435.12,1740.48
2024-03-04,Stainless Steel Water Bottle 1L,Home & Living,20,472.46,9449.2
2024-03-04,Vitamin C Face Serum 30ml,Beauty,15,724.5,10867.5
2024-03-04,Laptop Stand Adjustable,Electronics,1,1851.04,1851.04
2024-03-04,Mechanical Keyboard RGB,Electronics,21,2423.4,50891.4
2024-03-04,Smart LED Desk Lamp,Electronics,10,832.22,8322.2
2024-03-04,Mechanical Keyboard RGB,Electronics,19,2555.88,48561.72
2024-03-04,Cotton Round Neck T-Shirt,Fashion,12,424.79,5097.48
2024-03-04,Wireless Bluetooth Earbuds,Electronics,7,1285.67,8999.69
2024-03-04,Wireless Bluetooth Earbuds,Electronics,18,1295.69,23322.42
2024-03-04,Casual Denim Jacket,Fashion,19,1525.91,28992.29
2024-03-04,Laptop Stand Adjustable,Electronics,4,1811.16,7244.64
2024-03-05,Slim Fit Chino Pants,Fashion,11,884.52,9729.72
2024-03-05,Slim Fit Chino Pants,Fashion,23,885.59,20368.57
2024-03-05,Smart LED Desk Lamp,Electronics,24,861.01,20664.24
2024-03-05,USB-C Fast Charging Cable,Electronics,6,315.62,1893.72
2024-03-05,Casual Denim Jacket,Fashion,18,1500.53,27009.54
2024-03-05,Vitamin C Face Serum 30ml,Beauty,3,658.21,1974.63
2024-03-05,Cotton Round Neck T-Shirt,Fashion,22,399.04,8778.88
2024-03-05,Portable Phone Charger 20000mAh,Electronics,15,1503.11,22546.65
2024-03-05,Cotton Round Neck T-Shirt,Fashion,7,407.21,2850.47
2024-03-05,Scented Soy Wax Candle,Home & Living,17,344.38,5854.46
2024-03-05,Casual Denim Jacket,Fashion,3,1556.89,4670.67
2024-03-06,Running Sports Shoes,Fashion,17,2048.21,34819.57
2024-03-06,Wireless Bluetooth Earbuds,Electronics,5,1247.37,6236.85
2024-03-06,Webcam HD 1080p,Electronics,24,1749.61,41990.64
2024-03-06,Under Eye Cream Dark Circles,Beauty,19,443.65,8429.35
2024-03-06,Cotton Round Neck T-Shirt,Fashion,16,385.26,6164.16
2024-03-06,Collagen Face Sheet Mask Pack,Beauty,11,210.08,2310.88
2024-03-06,Memory Foam Pillow,Home & Living,6,959.62,5757.72
2024-03-06,Casual Denim Jacket,Fashion,21,1365.48,28675.08
2024-03-06,Natural Aloe Vera Gel 200ml,Beauty,10,233.27,2332.7
2024-03-06,Moisturising Sunscreen SPF50,Beauty,22,412.38,9072.36
2024-03-06,Running Sports Shoes,Fashion,21,1962.06,41203.26
2024-03-06,Slim Fit Chino Pants,Fashion,16,850.41,13606.56
2024-03-06,USB-C Fast Charging Cable,Electronics,1,267.46,267.46
2024-03-07,Noise Cancelling Headphones,Electronics,2,4343.3,8686.6
2024-03-07,Bamboo Cutting Board Set,Home & Living,19,607.67,11545.73
2024-03-07,Sunglasses UV400 Polarized,Fashion,19,740.69,14073.11
2024-03-07,Casual Denim Jacket,Fashion,25,1395.85,34896.25
2024-03-07,Scented Soy Wax Candle,Home & Living,8,340.06,2720.48
2024-03-07,Non-Stick Frying Pan 26cm,Home & Living,9,760.96,6848.64
2024-03-07,Under Eye Cream Dark Circles,Beauty,1,467.06,467.06
2024-03-07,Laptop Stand Adjustable,Electronics,1,1915.51,1915.51
2024-03-07,Sunglasses UV400 Polarized,Fashion,6,842.19,5053.14
2024-03-07,USB-C Fast Charging Cable,Electronics,8,293.88,2351.04
2024-03-07,Scented Soy Wax Candle,Home & Living,16,342.11,5473.76
2024-03-07,Cotton Round Neck T-Shirt,Fashion,6,423.13,2538.78
2024-03-08,Noise Cancelling Headphones,Electronics,12,4084.69,49016.28
2024-03-08,Sunglasses UV400 Polarized,Fashion,22,775.19,17054.18
2024-03-08,Smart LED Desk Lamp,Electronics,8,934.98,7479.84
2024-03-08,Scented Soy Wax Candle,Home & Living,2,321.99,643.98
2024-03-08,Noise Cancelling Headphones,Electronics,8,4052.61,32420.88
2024-03-08,Noise Cancelling Headphones,Electronics,22,3818.33,84003.26
2024-03-08,Webcam HD 1080p,Electronics,14,1756.65,24593.1
2024-03-08,Moisturising Sunscreen SPF50,Beauty,19,400.49,7609.31
2024-03-08,Casual Denim Jacket,Fashion,14,1401.7,19623.8
2024-03-08,Laptop Stand Adjustable,Electronics,10,1894.06,18940.6
2024-03-08,Casual Denim Jacket,Fashion,20,1578.72,31574.4
2024-03-08,Slim Fit Chino Pants,Fashion,13,913.73,11878.49
2024-03-09,Sunglasses UV400 Polarized,Fashion,2,756.96,1513.92
2024-03-09,Stainless Steel Water Bottle 1L,Home & Living,18,472.4,8503.2
2024-03-09,Non-Stick Frying Pan 26cm,Home & Living,20,815.85,16317.0
2024-03-09,Scented Soy Wax Candle,Home & Living,20,368.05,7361.0
2024-03-09,Portable Phone Charger 20000mAh,Electronics,23,1592.98,36638.54
2024-03-09,Non-Stick Frying Pan 26cm,Home & Living,3,744.1,2232.3
2024-03-09,Stainless Steel Water Bottle 1L,Home & Living,25,464.96,11624.0
2024-03-09,Sunglasses UV400 Polarized,Fashion,7,745.3,5217.1
2024-03-09,Collagen Face Sheet Mask Pack,Beauty,25,196.12,4903.0
2024-03-09,Cotton Round Neck T-Shirt,Fashion,25,421.5,10537.5
2024-03-09,Mechanical Keyboard RGB,Electronics,15,2584.0,38760.0
2024-03-09,Non-Stick Frying Pan 26cm,Home & Living,17,822.58,13983.86
2024-03-09,Mechanical Keyboard RGB,Electronics,17,2380.38,40466.46
2024-03-10,Noise Cancelling Headphones,Electronics,24,3724.74,89393.76
2024-03-10,Cotton Round Neck T-Shirt,Fashion,10,376.95,3769.5
2024-03-10,Bamboo Cutting Board Set,Home & Living,6,585.07,3510.42
2024-03-10,USB-C Fast Charging Cable,Electronics,5,269.82,1349.1
2024-03-10,Laptop Stand Adjustable,Electronics,25,1672.04,41801.0
2024-03-10,Stainless Steel Water Bottle 1L,Home & Living,22,460.18,10123.96
2024-03-10,Wireless Bluetooth Earbuds,Electronics,17,1247.21,21202.57
2024-03-10,Noise Cancelling Headphones,Electronics,3,4061.27,12183.81
2024-03-11,Running Sports Shoes,Fashion,24,1935.09,46442.16
2024-03-11,Memory Foam Pillow,Home & Living,5,837.78,4188.9
2024-03-11,Natural Aloe Vera Gel 200ml,Beauty,6,252.68,1516.08
2024-03-11,USB-C Fast Charging Cable,Electronics,10,306.19,3061.9
2024-03-11,Noise Cancelling Headphones,Electronics,18,3929.7,70734.6
2024-03-11,Running Sports Shoes,Fashion,5,2003.62,10018.1
2024-03-11,Leather Wallet Slim,Fashion,10,589.24,5892.4
2024-03-11,Webcam HD 1080p,Electronics,19,1716.49,32613.31
2024-03-11,Scented Soy Wax Candle,Home & Living,17,354.27,6022.59
2024-03-11,Moisturising Sunscreen SPF50,Beauty,4,400.96,1603.84
2024-03-11,Smart LED Desk Lamp,Electronics,1,882.6,882.6
2024-03-12,Cotton Round Neck T-Shirt,Fashion,25,407.54,10188.5
2024-03-12,USB-C Fast Charging Cable,Electronics,12,317.42,3809.04
2024-03-12,Webcam HD 1080p,Electronics,16,1915.69,30651.04
2024-03-12,Moisturising Sunscreen SPF50,Beauty,12,394.67,4736.04
2024-03-12,Sunglasses UV400 Polarized,Fashion,16,742.06,11872.96
2024-03-13,Non-Stick Frying Pan 26cm,Home & Living,4,815.55,3262.2
2024-03-13,Natural Aloe Vera Gel 200ml,Beauty,17,253.67,4312.39
2024-03-13,Laptop Stand Adjustable,Electronics,1,1916.12,1916.12
2024-03-13,Collagen Face Sheet Mask Pack,Beauty,3,189.75,569.25
2024-03-13,Webcam HD 1080p,Electronics,25,1948.27,48706.75
2024-03-13,Memory Foam Pillow,Home & Living,22,848.08,18657.76
2024-03-13,Collagen Face Sheet Mask Pack,Beauty,15,196.96,2954.4
2024-03-13,USB-C Fast Charging Cable,Electronics,1,310.34,310.34
2024-03-13,Non-Stick Frying Pan 26cm,Home & Living,21,835.43,17544.03
2024-03-14,Collagen Face Sheet Mask Pack,Beauty,18,186.69,3360.42
2024-03-14,Noise Cancelling Headphones,Electronics,23,4133.55,95071.65
2024-03-14,Vitamin C Face Serum 30ml,Beauty,12,679.16,8149.92
2024-03-14,Under Eye Cream Dark Circles,Beauty,25,477.28,11932.0
2024-03-14,Vitamin C Face Serum 30ml,Beauty,20,653.53,13070.6
2024-03-15,Collagen Face Sheet Mask Pack,Beauty,4,180.68,722.72
2024-03-15,Leather Wallet Slim,Fashion,13,607.94,7903.22
2024-03-15,Vitamin C Face Serum 30ml,Beauty,19,656.07,12465.33
2024-03-15,USB-C Fast Charging Cable,Electronics,10,265.45,2654.5
2024-03-15,Smart LED Desk Lamp,Electronics,18,949.45,17090.1
2024-03-15,Smart LED Desk Lamp,Electronics,12,827.31,9927.72
2024-03-15,Wireless Bluetooth Earbuds,Electronics,12,1238.44,14861.28
2024-03-15,Vitamin C Face Serum 30ml,Beauty,8,719.49,5755.92
2024-03-16,Cotton Round Neck T-Shirt,Fashion,13,414.21,5384.73
2024-03-16,Slim Fit Chino Pants,Fashion,17,965.98,16421.66
2024-03-16,Portable Phone Charger 20000mAh,Electronics,18,1610.3,28985.4
2024-03-17,Portable Phone Charger 20000mAh,Electronics,2,1440.58,2881.16
2024-03-17,Leather Wallet Slim,Fashion,24,551.72,13241.28
2024-03-17,Mechanical Keyboard RGB,Electronics,2,2530.14,5060.28
2024-03-17,Noise Cancelling Headphones,Electronics,23,4178.54,96106.42
2024-03-17,Natural Aloe Vera Gel 200ml,Beauty,6,234.55,1407.3
2024-03-17,USB-C Fast Charging Cable,Electronics,25,283.69,7092.25
2024-03-17,Running Sports Shoes,Fashion,20,1899.38,37987.6
2024-03-17,Under Eye Cream Dark Circles,Beauty,18,432.04,7776.72
2024-03-17,Wireless Bluetooth Earbuds,Electronics,16,1310.71,20971.36
2024-03-17,Vitamin C Face Serum 30ml,Beauty,6,684.7,4108.2
2024-03-18,Casual Denim Jacket,Fashion,16,1480.91,23694.56
2024-03-18,Slim Fit Chino Pants,Fashion,15,862.86,12942.9
2024-03-18,Vitamin C Face Serum 30ml,Beauty,2,714.25,1428.5
2024-03-18,Moisturising Sunscreen SPF50,Beauty,7,398.2,2787.4
2024-03-18,Slim Fit Chino Pants,Fashion,3,966.77,2900.31
2024-03-18,Vitamin C Face Serum 30ml,Beauty,23,690.98,15892.54
2024-03-18,Memory Foam Pillow,Home & Living,19,894.81,17001.39
2024-03-18,Casual Denim Jacket,Fashion,19,1361.38,25866.22
2024-03-19,Collagen Face Sheet Mask Pack,Beauty,18,189.01,3402.18
2024-03-19,Natural Aloe Vera Gel 200ml,Beauty,15,224.75,3371.25
2024-03-19,Under Eye Cream Dark Circles,Beauty,6,453.27,2719.62
2024-03-19,Wireless Bluetooth Earbuds,Electronics,14,1370.04,19180.56
2024-03-19,Sunglasses UV400 Polarized,Fashion,19,841.88,15995.72
2024-03-19,Under Eye Cream Dark Circles,Beauty,5,452.2,2261.0
2024-03-19,Natural Aloe Vera Gel 200ml,Beauty,6,224.02,1344.12
2024-03-19,Noise Cancelling Headphones,Electronics,8,3785.11,30280.88
2024-03-19,Stainless Steel Water Bottle 1L,Home & Living,16,515.74,8251.84
2024-03-19,Stainless Steel Water Bottle 1L,Home & Living,4,498.75,1995.0
2024-03-19,Mechanical Keyboard RGB,Electronics,10,2468.87,24688.7
2024-03-19,Laptop Stand Adjustable,Electronics,5,1879.27,9396.35
2024-03-20,Non-Stick Frying Pan 26cm,Home & Living,20,772.42,15448.4
2024-03-20,Webcam HD 1080p,Electronics,6,1726.57,10359.42
2024-03-20,Smart LED Desk Lamp,Electronics,13,924.24,12015.12
2024-03-20,Webcam HD 1080p,Electronics,25,1738.78,43469.5
2024-03-20,Sunglasses UV400 Polarized,Fashion,17,752.96,12800.32
2024-03-20,Cotton Round Neck T-Shirt,Fashion,25,427.82,10695.5
2024-03-20,Under Eye Cream Dark Circles,Beauty,10,447.79,4477.9
2024-03-20,Sunglasses UV400 Polarized,Fashion,19,812.76,15442.44
2024-03-20,Collagen Face Sheet Mask Pack,Beauty,16,204.38,3270.08
2024-03-20,Noise Cancelling Headphones,Electronics,6,3977.45,23864.7
2024-03-20,Stainless Steel Water Bottle 1L,Home & Living,6,467.46,2804.76
2024-03-20,Bamboo Cutting Board Set,Home & Living,7,583.49,4084.43
2024-03-20,Casual Denim Jacket,Fashion,24,1383.47,33203.28
2024-03-20,Mechanical Keyboard RGB,Electronics,5,2449.24,12246.2
2024-03-20,Noise Cancelling Headphones,Electronics,9,3833.96,34505.64
2024-03-20,Collagen Face Sheet Mask Pack,Beauty,25,206.52,5163.0
2024-03-21,Under Eye Cream Dark Circles,Beauty,13,436.69,5676.97
2024-03-21,Vitamin C Face Serum 30ml,Beauty,21,704.99,14804.79
2024-03-21,Portable Phone Charger 20000mAh,Electronics,2,1510.65,3021.3
2024-03-21,Running Sports Shoes,Fashion,4,1933.19,7732.76
2024-03-21,Webcam HD 1080p,Electronics,5,1879.87,9399.35
2024-03-21,Moisturising Sunscreen SPF50,Beauty,16,374.29,5988.64
2024-03-21,Wireless Bluetooth Earbuds,Electronics,21,1283.58,26955.18
2024-03-21,Memory Foam Pillow,Home & Living,14,885.47,12396.58
2024-03-22,Smart LED Desk Lamp,Electronics,12,963.01,11556.12
2024-03-22,Vitamin C Face Serum 30ml,Beauty,5,707.68,3538.4
2024-03-22,Collagen Face Sheet Mask Pack,Beauty,19,208.64,3964.16
2024-03-22,Under Eye Cream Dark Circles,Beauty,1,411.92,411.92
2024-03-22,Noise Cancelling Headphones,Electronics,22,3825.52,84161.44
2024-03-22,Non-Stick Frying Pan 26cm,Home & Living,18,743.78,13388.04
2024-03-22,Under Eye Cream Dark Circles,Beauty,11,413.01,4543.11
2024-03-22,Moisturising Sunscreen SPF50,Beauty,16,387.65,6202.4
2024-03-22,Collagen Face Sheet Mask Pack,Beauty,11,206.26,2268.86
2024-03-22,Non-Stick Frying Pan 26cm,Home & Living,4,804.64,3218.56
2024-03-22,Stainless Steel Water Bottle 1L,Home & Living,3,503.45,1510.35
2024-03-22,Wireless Bluetooth Earbuds,Electronics,24,1342.46,32219.04
2024-03-22,Scented Soy Wax Candle,Home & Living,24,353.34,8480.16
2024-03-22,Slim Fit Chino Pants,Fashion,20,845.05,16901.0
2024-03-23,Leather Wallet Slim,Fashion,25,613.2,15330.0
2024-03-23,Scented Soy Wax Candle,Home & Living,23,323.6,7442.8
2024-03-23,Webcam HD 1080p,Electronics,2,1776.61,3553.22
2024-03-23,Collagen Face Sheet Mask Pack,Beauty,16,192.73,3083.68
2024-03-23,USB-C Fast Charging Cable,Electronics,15,324.79,4871.85
2024-03-23,Running Sports Shoes,Fashion,12,1893.93,22727.16
2024-03-23,Casual Denim Jacket,Fashion,7,1487.72,10414.04
2024-03-23,Non-Stick Frying Pan 26cm,Home & Living,22,805.89,17729.58
2024-03-24,Wireless Bluetooth Earbuds,Electronics,7,1334.85,9343.95
2024-03-24,Casual Denim Jacket,Fashion,4,1368.51,5474.04
2024-03-24,Vitamin C Face Serum 30ml,Beauty,7,701.03,4907.21
2024-03-24,Stainless Steel Water Bottle 1L,Home & Living,22,495.97,10911.34
2024-03-24,Natural Aloe Vera Gel 200ml,Beauty,25,241.79,6044.75
2024-03-25,Cotton Round Neck T-Shirt,Fashion,7,411.88,2883.16
2024-03-25,Wireless Bluetooth Earbuds,Electronics,21,1304.66,27397.86
2024-03-25,Scented Soy Wax Candle,Home & Living,5,373.3,1866.5
2024-03-25,Collagen Face Sheet Mask Pack,Beauty,23,200.51,4611.73
2024-03-25,USB-C Fast Charging Cable,Electronics,19,275.7,5238.3
2024-03-25,USB-C Fast Charging Cable,Electronics,11,270.07,2970.77
2024-03-25,Natural Aloe Vera Gel 200ml,Beauty,1,233.21,233.21
2024-03-25,Casual Denim Jacket,Fashion,16,1610.84,25773.44
2024-03-25,Smart LED Desk Lamp,Electronics,13,873.49,11355.37
2024-03-25,Laptop Stand Adjustable,Electronics,24,1883.6,45206.4
2024-03-26,Running Sports Shoes,Fashion,4,2033.87,8135.48
2024-03-26,Noise Cancelling Headphones,Electronics,9,4332.26,38990.34
2024-03-26,Memory Foam Pillow,Home & Living,9,952.99,8576.91
2024-03-26,Leather Wallet Slim,Fashion,15,571.72,8575.8
2024-03-26,Under Eye Cream Dark Circles,Beauty,4,413.32,1653.28
2024-03-26,Under Eye Cream Dark Circles,Beauty,6,419.25,2515.5
2024-03-26,Laptop Stand Adjustable,Electronics,10,1662.95,16629.5
2024-03-26,Laptop Stand Adjustable,Electronics,15,1707.76,25616.4
2024-03-26,Noise Cancelling Headphones,Electronics,13,3949.71,51346.23
2024-03-26,Non-Stick Frying Pan 26cm,Home & Living,18,856.78,15422.04
2024-03-26,Mechanical Keyboard RGB,Electronics,5,2401.62,12008.1
2024-03-27,Scented Soy Wax Candle,Home & Living,24,379.78,9114.72
2024-03-27,Smart LED Desk Lamp,Electronics,17,874.29,14862.93
2024-03-27,Portable Phone Charger 20000mAh,Electronics,23,1483.67,34124.41
2024-03-27,Moisturising Sunscreen SPF50,Beauty,1,380.68,380.68
2024-03-27,Smart LED Desk Lamp,Electronics,13,885.44,11510.72
2024-03-27,Under Eye Cream Dark Circles,Beauty,5,470.4,2352.0
2024-03-27,Smart LED Desk Lamp,Electronics,6,869.83,5218.98
2024-03-27,Smart LED Desk Lamp,Electronics,16,861.22,13779.52
2024-03-27,Slim Fit Chino Pants,Fashion,22,848.64,18670.08
2024-03-28,Laptop Stand Adjustable,Electronics,16,1845.93,29534.88
2024-03-28,Noise Cancelling Headphones,Electronics,14,4277.71,59887.94
2024-03-28,Slim Fit Chino Pants,Fashion,2,869.9,1739.8
2024-03-28,Cotton Round Neck T-Shirt,Fashion,20,398.47,7969.4
2024-03-28,Slim Fit Chino Pants,Fashion,21,917.41,19265.61
2024-03-28,Leather Wallet Slim,Fashion,20,646.99,12939.8
2024-03-28,Noise Cancelling Headphones,Electronics,17,3979.38,67649.46
2024-03-28,Portable Phone Charger 20000mAh,Electronics,24,1434.69,34432.56
2024-03-28,USB-C Fast Charging Cable,Electronics,5,293.22,1466.1
2024-03-28,Webcam HD 1080p,Electronics,7,1673.09,11711.63
2024-03-28,Mechanical Keyboard RGB,Electronics,12,2411.46,28937.52
2024-03-29,Stainless Steel Water Bottle 1L,Home & Living,16,461.32,7381.12
2024-03-29,Sunglasses UV400 Polarized,Fashion,7,794.67,5562.69
2024-03-29,Non-Stick Frying Pan 26cm,Home & Living,20,739.46,14789.2
2024-03-29,Smart LED Desk Lamp,Electronics,2,888.19,1776.38
2024-03-29,Bamboo Cutting Board Set,Home & Living,3,617.38,1852.14
2024-03-30,Under Eye Cream Dark Circles,Beauty,18,461.3,8303.4
2024-03-30,Smart LED Desk Lamp,Electronics,14,834.59,11684.26
2024-03-30,Cotton Round Neck T-Shirt,Fashion,12,370.06,4440.72
2024-03-30,Webcam HD 1080p,Electronics,7,1768.97,12382.79
2024-03-30,Bamboo Cutting Board Set,Home & Living,7,571.72,4002.04
2024-03-30,Slim Fit Chino Pants,Fashion,23,913.33,21006.59
2024-03-30,Moisturising Sunscreen SPF50,Beauty,18,415.22,7473.96
2024-03-31,Stainless Steel Water Bottle 1L,Home & Living,7,513.4,3593.8
2024-03-31,Mechanical Keyboard RGB,Electronics,17,2308.91,39251.47
2024-03-31,Casual Denim Jacket,Fashion,6,1498.74,8992.44
2024-03-31,Scented Soy Wax Candle,Home & Living,21,321.21,6745.41
2024-03-31,Bamboo Cutting Board Set,Home & Living,10,600.09,6000.9
2024-03-31,Webcam HD 1080p,Electronics,14,1781.06,24934.84
2024-03-31,Leather Wallet Slim,Fashion,7,604.84,4233.88
2024-03-31,Sunglasses UV400 Polarized,Fashion,5,834.94,4174.7
2024-03-31,Under Eye Cream Dark Circles,Beauty,17,414.7,7049.9
2024-03-31,Collagen Face Sheet Mask Pack,Beauty,13,184.91,2403.83
2024-03-31,Smart LED Desk Lamp,Electronics,16,923.75,14780.0
2024-03-31,Vitamin C Face Serum 30ml,Beauty,19,743.31,14122.89
2024-04-01,Slim Fit Chino Pants,Fashion,9,872.48,7852.32
2024-04-01,Wireless Bluetooth Earbuds,Electronics,16,1226.87,19629.92
2024-04-01,Slim Fit Chino Pants,Fashion,13,932.28,12119.64
2024-04-01,Slim Fit Chino Pants,Fashion,6,923.36,5540.16
2024-04-01,Cotton Round Neck T-Shirt,Fashion,11,379.73,4177.03
2024-04-01,Cotton Round Neck T-Shirt,Fashion,8,394.37,3154.96
2024-04-02,Under Eye Cream Dark Circles,Beauty,7,453.92,3177.44
2024-04-02,Laptop Stand Adjustable,Electronics,2,1681.19,3362.38
2024-04-02,Casual Denim Jacket,Fashion,6,1376.24,8257.44
2024-04-02,Moisturising Sunscreen SPF50,Beauty,21,396.33,8322.93
2024-04-02,Laptop Stand Adjustable,Electronics,16,1934.15,30946.4
2024-04-02,Memory Foam Pillow,Home & Living,21,877.27,18422.67
2024-04-02,Moisturising Sunscreen SPF50,Beauty,5,417.5,2087.5
2024-04-02,Running Sports Shoes,Fashion,23,2006.94,46159.62
2024-04-02,Natural Aloe Vera Gel 200ml,Beauty,18,232.22,4179.96
2024-04-02,Leather Wallet Slim,Fashion,2,625.79,1251.58
2024-04-02,Running Sports Shoes,Fashion,1,1897.8,1897.8
2024-04-02,Natural Aloe Vera Gel 200ml,Beauty,25,269.26,6731.5
2024-04-02,Vitamin C Face Serum 30ml,Beauty,14,652.09,9129.26
2024-04-02,Under Eye Cream Dark Circles,Beauty,17,418.13,7108.21
2024-04-03,Slim Fit Chino Pants,Fashion,18,974.22,17535.96
2024-04-03,USB-C Fast Charging Cable,Electronics,15,270.47,4057.05
2024-04-03,Smart LED Desk Lamp,Electronics,11,961.02,10571.22
2024-04-03,Non-Stick Frying Pan 26cm,Home & Living,3,751.26,2253.78
2024-04-03,Running Sports Shoes,Fashion,20,1963.13,39262.6
2024-04-03,Non-Stick Frying Pan 26cm,Home & Living,11,797.95,8777.45
2024-04-03,Leather Wallet Slim,Fashion,4,608.01,2432.04
2024-04-03,Vitamin C Face Serum 30ml,Beauty,6,642.9,3857.4
2024-04-03,Smart LED Desk Lamp,Electronics,20,848.73,16974.6
2024-04-03,Under Eye Cream Dark Circles,Beauty,21,416.06,8737.26
2024-04-03,Collagen Face Sheet Mask Pack,Beauty,4,199.8,799.2
2024-04-03,Wireless Bluetooth Earbuds,Electronics,24,1245.91,29901.84
2024-04-04,Portable Phone Charger 20000mAh,Electronics,21,1434.81,30131.01
2024-04-04,Laptop Stand Adjustable,Electronics,3,1837.98,5513.94
2024-04-04,Cotton Round Neck T-Shirt,Fashion,16,395.14,6322.24
2024-04-04,Laptop Stand Adjustable,Electronics,14,1937.27,27121.78
2024-04-04,Webcam HD 1080p,Electronics,3,1740.88,5222.64
2024-04-04,Non-Stick Frying Pan 26cm,Home & Living,25,790.28,19757.0
2024-04-04,Bamboo Cutting Board Set,Home & Living,24,637.73,15305.52
2024-04-04,Natural Aloe Vera Gel 200ml,Beauty,24,222.07,5329.68
2024-04-04,USB-C Fast Charging Cable,Electronics,2,297.82,595.64
2024-04-05,Vitamin C Face Serum 30ml,Beauty,21,727.31,15273.51
2024-04-05,Smart LED Desk Lamp,Electronics,6,909.19,5455.14
2024-04-05,Sunglasses UV400 Polarized,Fashion,10,826.55,8265.5
2024-04-05,Bamboo Cutting Board Set,Home & Living,9,630.91,5678.19
2024-04-05,Running Sports Shoes,Fashion,7,2120.39,14842.73
2024-04-05,Scented Soy Wax Candle,Home & Living,5,371.83,1859.15
2024-04-05,Running Sports Shoes,Fashion,23,2001.07,46024.61
2024-04-05,Smart LED Desk Lamp,Electronics,14,888.62,12440.68
2024-04-05,Leather Wallet Slim,Fashion,20,555.26,11105.2
2024-04-05,Mechanical Keyboard RGB,Electronics,1,2370.33,2370.33
2024-04-06,USB-C Fast Charging Cable,Electronics,17,262.5,4462.5
2024-04-06,Cotton Round Neck T-Shirt,Fashion,6,405.04,2430.24
2024-04-06,Leather Wallet Slim,Fashion,12,569.62,6835.44
2024-04-06,Laptop Stand Adjustable,Electronics,12,1881.88,22582.56
2024-04-06,Natural Aloe Vera Gel 200ml,Beauty,11,248.14,2729.54
2024-04-06,Non-Stick Frying Pan 26cm,Home & Living,25,749.4,18735.0
2024-04-06,Under Eye Cream Dark Circles,Beauty,3,440.61,1321.83
2024-04-06,Stainless Steel Water Bottle 1L,Home & Living,12,476.34,5716.08
2024-04-06,Mechanical Keyboard RGB,Electronics,12,2363.45,28361.4
2024-04-06,Bamboo Cutting Board Set,Home & Living,11,598.76,6586.36
2024-04-06,Natural Aloe Vera Gel 200ml,Beauty,9,241.71,2175.39
2024-04-06,Stainless Steel Water Bottle 1L,Home & Living,20,538.66,10773.2
2024-04-06,USB-C Fast Charging Cable,Electronics,8,280.92,2247.36
2024-04-07,USB-C Fast Charging Cable,Electronics,2,294.5,589.0
2024-04-07,Vitamin C Face Serum 30ml,Beauty,23,673.05,15480.15
2024-04-07,Non-Stick Frying Pan 26cm,Home & Living,10,790.72,7907.2
2024-04-07,USB-C Fast Charging Cable,Electronics,7,298.97,2092.79
2024-04-07,Running Sports Shoes,Fashion,17,1935.52,32903.84
2024-04-07,Running Sports Shoes,Fashion,9,2064.42,18579.78
2024-04-07,Moisturising Sunscreen SPF50,Beauty,12,373.79,4485.48
2024-04-07,Cotton Round Neck T-Shirt,Fashion,22,403.33,8873.26
2024-04-07,Webcam HD 1080p,Electronics,24,1912.3,45895.2
2024-04-07,Mechanical Keyboard RGB,Electronics,15,2528.86,37932.9
2024-04-07,Laptop Stand Adjustable,Electronics,5,1826.44,9132.2
2024-04-07,Moisturising Sunscreen SPF50,Beauty,3,418.68,1256.04
2024-04-08,Portable Phone Charger 20000mAh,Electronics,4,1590.89,6363.56
2024-04-08,Natural Aloe Vera Gel 200ml,Beauty,22,252.57,5556.54
2024-04-08,Under Eye Cream Dark Circles,Beauty,9,440.45,3964.05
2024-04-08,Moisturising Sunscreen SPF50,Beauty,20,404.89,8097.8
2024-04-08,Portable Phone Charger 20000mAh,Electronics,22,1407.82,30972.04
2024-04-08,Leather Wallet Slim,Fashion,6,604.77,3628.62
2024-04-08,Non-Stick Frying Pan 26cm,Home & Living,3,757.13,2271.39
2024-04-08,Running Sports Shoes,Fashion,5,1971.6,9858.0
2024-04-08,Running Sports Shoes,Fashion,12,2018.43,24221.16
2024-04-09,Vitamin C Face Serum 30ml,Beauty,20,722.34,14446.8
2024-04-09,Bamboo Cutting Board Set,Home & Living,16,621.26,9940.16
2024-04-09,Sunglasses UV400 Polarized,Fashion,18,771.1,13879.8
2024-04-09,Mechanical Keyboard RGB,Electronics,14,2387.73,33428.22
2024-04-09,Portable Phone Charger 20000mAh,Electronics,25,1538.71,38467.75
2024-04-09,Bamboo Cutting Board Set,Home & Living,6,589.11,3534.66
2024-04-09,Stainless Steel Water Bottle 1L,Home & Living,20,468.66,9373.2
2024-04-09,Memory Foam Pillow,Home & Living,9,892.17,8029.53
2024-04-09,Moisturising Sunscreen SPF50,Beauty,12,409.04,4908.48
2024-04-09,Webcam HD 1080p,Electronics,1,1832.33,1832.33
2024-04-09,Leather Wallet Slim,Fashion,18,598.86,10779.48
2024-04-10,Wireless Bluetooth Earbuds,Electronics,15,1372.17,20582.55
2024-04-10,Portable Phone Charger 20000mAh,Electronics,21,1617.83,33974.43
2024-04-10,Collagen Face Sheet Mask Pack,Beauty,5,198.55,992.75
2024-04-10,Stainless Steel Water Bottle 1L,Home & Living,3,467.51,1402.53
2024-04-10,USB-C Fast Charging Cable,Electronics,25,288.19,7204.75
2024-04-10,Noise Cancelling Headphones,Electronics,5,4176.71,20883.55
2024-04-11,Portable Phone Charger 20000mAh,Electronics,17,1533.92,26076.64
2024-04-11,Cotton Round Neck T-Shirt,Fashion,2,412.9,825.8
2024-04-11,Stainless Steel Water Bottle 1L,Home & Living,8,531.01,4248.08
2024-04-11,Casual Denim Jacket,Fashion,25,1544.74,38618.5
2024-04-11,Smart LED Desk Lamp,Electronics,5,964.62,4823.1
2024-04-11,Vitamin C Face Serum 30ml,Beauty,11,724.77,7972.47
2024-04-11,Wireless Bluetooth Earbuds,Electronics,13,1261.61,16400.93
2024-04-11,Natural Aloe Vera Gel 200ml,Beauty,20,242.89,4857.8
2024-04-11,Collagen Face Sheet Mask Pack,Beauty,17,197.48,3357.16
2024-04-11,Collagen Face Sheet Mask Pack,Beauty,24,211.92,5086.08
2024-04-11,USB-C Fast Charging Cable,Electronics,21,298.0,6258.0
2024-04-11,USB-C Fast Charging Cable,Electronics,3,264.51,793.53
2024-04-12,Casual Denim Jacket,Fashion,2,1430.12,2860.24
2024-04-12,Moisturising Sunscreen SPF50,Beauty,7,409.33,2865.31
2024-04-12,Moisturising Sunscreen SPF50,Beauty,5,383.42,1917.1
2024-04-12,Moisturising Sunscreen SPF50,Beauty,13,428.38,5568.94
2024-04-12,Leather Wallet Slim,Fashion,3,559.17,1677.51
2024-04-12,USB-C Fast Charging Cable,Electronics,24,284.7,6832.8
2024-04-12,Collagen Face Sheet Mask Pack,Beauty,21,180.14,3782.94
2024-04-13,Collagen Face Sheet Mask Pack,Beauty,15,211.08,3166.2
2024-04-13,Non-Stick Frying Pan 26cm,Home & Living,7,858.65,6010.55
2024-04-13,Laptop Stand Adjustable,Electronics,8,1789.29,14314.32
2024-04-13,Slim Fit Chino Pants,Fashion,4,831.95,3327.8
2024-04-13,Casual Denim Jacket,Fashion,22,1422.07,31285.54
2024-04-13,Webcam HD 1080p,Electronics,5,1947.28,9736.4
2024-04-13,Vitamin C Face Serum 30ml,Beauty,8,724.3,5794.4
2024-04-13,Smart LED Desk Lamp,Electronics,5,827.22,4136.1
2024-04-13,Mechanical Keyboard RGB,Electronics,21,2471.81,51908.01
2024-04-13,Portable Phone Charger 20000mAh,Electronics,4,1544.54,6178.16
2024-04-13,Smart LED Desk Lamp,Electronics,4,877.62,3510.48
2024-04-13,Mechanical Keyboard RGB,Electronics,22,2413.9,53105.8
2024-04-13,Smart LED Desk Lamp,Electronics,25,909.29,22732.25
2024-04-13,Scented Soy Wax Candle,Home & Living,5,369.95,1849.75
2024-04-13,Smart LED Desk Lamp,Electronics,18,916.69,16500.42
2024-04-14,Laptop Stand Adjustable,Electronics,24,1823.44,43762.56
2024-04-14,Sunglasses UV400 Polarized,Fashion,19,830.61,15781.59
2024-04-14,Natural Aloe Vera Gel 200ml,Beauty,5,260.45,1302.25
2024-04-14,Webcam HD 1080p,Electronics,11,1684.73,18532.03
2024-04-14,Cotton Round Neck T-Shirt,Fashion,7,391.2,2738.4
2024-04-14,Casual Denim Jacket,Fashion,24,1492.2,35812.8
2024-04-14,Leather Wallet Slim,Fashion,1,568.55,568.55
2024-04-14,Laptop Stand Adjustable,Electronics,25,1912.62,47815.5
2024-04-15,Non-Stick Frying Pan 26cm,Home & Living,6,846.18,5077.08
2024-04-15,Scented Soy Wax Candle,Home & Living,25,364.76,9119.0
2024-04-15,Memory Foam Pillow,Home & Living,21,920.05,19321.05
2024-04-15,Running Sports Shoes,Fashion,12,2131.94,25583.28
2024-04-15,Scented Soy Wax Candle,Home & Living,2,366.15,732.3
2024-04-15,Collagen Face Sheet Mask Pack,Beauty,6,204.66,1227.96
2024-04-15,Smart LED Desk Lamp,Electronics,25,845.65,21141.25
2024-04-15,Cotton Round Neck T-Shirt,Fashion,6,380.08,2280.48
2024-04-16,Webcam HD 1080p,Electronics,12,1781.61,21379.32
2024-04-16,USB-C Fast Charging Cable,Electronics,15,278.59,4178.85
2024-04-16,Slim Fit Chino Pants,Fashion,22,846.24,18617.28
2024-04-16,Running Sports Shoes,Fashion,15,2097.22,31458.3
2024-04-16,Smart LED Desk Lamp,Electronics,14,855.4,11975.6
2024-04-16,Casual Denim Jacket,Fashion,13,1574.89,20473.57
2024-04-16,Leather Wallet Slim,Fashion,1,564.54,564.54
2024-04-16,Smart LED Desk Lamp,Electronics,12,949.46,11393.52
2024-04-16,Cotton Round Neck T-Shirt,Fashion,9,424.87,3823.83
2024-04-16,Scented Soy Wax Candle,Home & Living,5,339.6,1698.0
2024-04-17,Running Sports Shoes,Fashion,13,1866.91,24269.83
2024-04-17,Sunglasses UV400 Polarized,Fashion,15,779.03,11685.45
2024-04-17,Memory Foam Pillow,Home & Living,23,867.15,19944.45
2024-04-17,Natural Aloe Vera Gel 200ml,Beauty,11,230.25,2532.75
2024-04-17,Memory Foam Pillow,Home & Living,21,904.49,18994.29
2024-04-17,Under Eye Cream Dark Circles,Beauty,15,469.21,7038.15
2024-04-17,Collagen Face Sheet Mask Pack,Beauty,6,187.79,1126.74
2024-04-17,Casual Denim Jacket,Fashion,16,1407.43,22518.88
2024-04-17,Leather Wallet Slim,Fashion,21,594.1,12476.1
2024-04-17,Portable Phone Charger 20000mAh,Electronics,4,1407.69,5630.76
2024-04-18,Leather Wallet Slim,Fashion,15,601.07,9016.05
2024-04-18,Bamboo Cutting Board Set,Home & Living,18,606.71,10920.78
2024-04-18,Sunglasses UV400 Polarized,Fashion,25,763.8,19095.0
2024-04-18,Webcam HD 1080p,Electronics,10,1857.42,18574.2
2024-04-18,Stainless Steel Water Bottle 1L,Home & Living,6,513.97,3083.82
2024-04-18,Noise Cancelling Headphones,Electronics,23,3749.5,86238.5
2024-04-18,Running Sports Shoes,Fashion,23,2090.68,48085.64
2024-04-18,Wireless Bluetooth Earbuds,Electronics,23,1266.77,29135.71
2024-04-18,Memory Foam Pillow,Home & Living,9,869.82,7828.38
2024-04-19,Under Eye Cream Dark Circles,Beauty,9,430.77,3876.93
2024-04-19,Laptop Stand Adjustable,Electronics,21,1732.06,36373.26
2024-04-19,Stainless Steel Water Bottle 1L,Home & Living,19,522.17,9921.23
2024-04-19,Smart LED Desk Lamp,Electronics,15,849.33,12739.95
2024-04-19,Memory Foam Pillow,Home & Living,16,851.09,13617.44
2024-04-19,Cotton Round Neck T-Shirt,Fashion,1,387.71,387.71
2024-04-19,Collagen Face Sheet Mask Pack,Beauty,24,188.45,4522.8
2024-04-20,Running Sports Shoes,Fashion,6,1960.63,11763.78
2024-04-20,Leather Wallet Slim,Fashion,17,635.93,10810.81
2024-04-20,Leather Wallet Slim,Fashion,9,620.56,5585.04
2024-04-20,Slim Fit Chino Pants,Fashion,25,872.74,21818.5
2024-04-20,Bamboo Cutting Board Set,Home & Living,8,597.08,4776.64
2024-04-20,Smart LED Desk Lamp,Electronics,21,822.08,17263.68
2024-04-20,Laptop Stand Adjustable,Electronics,25,1868.23,46705.75
2024-04-20,Leather Wallet Slim,Fashion,15,588.18,8822.7
2024-04-20,Moisturising Sunscreen SPF50,Beauty,15,415.0,6225.0
2024-04-20,Scented Soy Wax Candle,Home & Living,16,353.75,5660.0
2024-04-20,Smart LED Desk Lamp,Electronics,6,920.28,5521.68
2024-04-20,Under Eye Cream Dark Circles,Beauty,23,439.44,10107.12
2024-04-20,Wireless Bluetooth Earbuds,Electronics,24,1210.22,29045.28
2024-04-20,Smart LED Desk Lamp,Electronics,9,844.98,7604.82
2024-04-21,Vitamin C Face Serum 30ml,Beauty,11,662.22,7284.42
2024-04-21,Memory Foam Pillow,Home & Living,25,950.39,23759.75
2024-04-21,Leather Wallet Slim,Fashion,19,559.36,10627.84
2024-04-21,Moisturising Sunscreen SPF50,Beauty,12,411.89,4942.68
2024-04-21,Laptop Stand Adjustable,Electronics,13,1663.57,21626.41
2024-04-21,Laptop Stand Adjustable,Electronics,19,1730.95,32888.05
2024-04-21,Sunglasses UV400 Polarized,Fashion,6,817.91,4907.46
2024-04-21,Vitamin C Face Serum 30ml,Beauty,21,655.03,13755.63
2024-04-21,Leather Wallet Slim,Fashion,25,602.02,15050.5
2024-04-21,Cotton Round Neck T-Shirt,Fashion,9,370.88,3337.92
2024-04-22,Leather Wallet Slim,Fashion,20,550.67,11013.4
2024-04-22,Stainless Steel Water Bottle 1L,Home & Living,6,538.58,3231.48
2024-04-22,Webcam HD 1080p,Electronics,1,1727.65,1727.65
2024-04-22,Memory Foam Pillow,Home & Living,11,846.3,9309.3
2024-04-22,USB-C Fast Charging Cable,Electronics,8,316.3,2530.4
2024-04-22,Bamboo Cutting Board Set,Home & Living,22,606.8,13349.6
2024-04-22,Portable Phone Charger 20000mAh,Electronics,1,1535.74,1535.74
2024-04-22,Collagen Face Sheet Mask Pack,Beauty,2,187.56,375.12
2024-04-22,Natural Aloe Vera Gel 200ml,Beauty,16,259.74,4155.84
2024-04-22,Bamboo Cutting Board Set,Home & Living,12,569.28,6831.36
2024-04-23,Under Eye Cream Dark Circles,Beauty,22,459.31,10104.82
2024-04-23,Laptop Stand Adjustable,Electronics,25,1665.69,41642.25
2024-04-23,Webcam HD 1080p,Electronics,21,1828.83,38405.43
2024-04-23,Noise Cancelling Headphones,Electronics,18,4334.49,78020.82
2024-04-23,Memory Foam Pillow,Home & Living,23,868.66,19979.18
2024-04-23,Natural Aloe Vera Gel 200ml,Beauty,16,258.43,4134.88
2024-04-23,Mechanical Keyboard RGB,Electronics,9,2623.7,23613.3
2024-04-23,Vitamin C Face Serum 30ml,Beauty,20,705.48,14109.6
2024-04-23,Running Sports Shoes,Fashion,9,2136.82,19231.38
2024-04-23,Casual Denim Jacket,Fashion,9,1448.42,13035.78
2024-04-24,Sunglasses UV400 Polarized,Fashion,25,839.21,20980.25
2024-04-24,Smart LED Desk Lamp,Electronics,24,852.69,20464.56
2024-04-24,Natural Aloe Vera Gel 200ml,Beauty,20,265.49,5309.8
2024-04-24,Laptop Stand Adjustable,Electronics,2,1725.21,3450.42
2024-04-24,Portable Phone Charger 20000mAh,Electronics,7,1456.41,10194.87
2024-04-24,Smart LED Desk Lamp,Electronics,8,826.83,6614.64
2024-04-25,Portable Phone Charger 20000mAh,Electronics,17,1474.22,25061.74
2024-04-25,Running Sports Shoes,Fashion,11,1997.79,21975.69
2024-04-25,Smart LED Desk Lamp,Electronics,7,870.11,6090.77
2024-04-25,Non-Stick Frying Pan 26cm,Home & Living,20,796.6,15932.0
2024-04-25,Scented Soy Wax Candle,Home & Living,4,335.06,1340.24
2024-04-25,Scented Soy Wax Candle,Home & Living,5,336.47,1682.35
2024-04-25,Moisturising Sunscreen SPF50,Beauty,18,401.28,7223.04
2024-04-25,Wireless Bluetooth Earbuds,Electronics,2,1267.04,2534.08
2024-04-25,Moisturising Sunscreen SPF50,Beauty,16,417.32,6677.12
2024-04-25,Casual Denim Jacket,Fashion,22,1432.22,31508.84
2024-04-25,Laptop Stand Adjustable,Electronics,13,1949.64,25345.32
2024-04-25,Natural Aloe Vera Gel 200ml,Beauty,2,237.25,474.5
2024-04-26,Mechanical Keyboard RGB,Electronics,24,2531.34,60752.16
2024-04-26,Bamboo Cutting Board Set,Home & Living,21,579.05,12160.05
2024-04-26,Running Sports Shoes,Fashion,14,2139.57,29953.98
2024-04-26,Bamboo Cutting Board Set,Home & Living,4,636.9,2547.6
2024-04-26,USB-C Fast Charging Cable,Electronics,18,287.5,5175.0
2024-04-26,Leather Wallet Slim,Fashion,9,631.68,5685.12
2024-04-26,Under Eye Cream Dark Circles,Beauty,5,411.77,2058.85
2024-04-26,Natural Aloe Vera Gel 200ml,Beauty,19,267.28,5078.32
2024-04-27,Webcam HD 1080p,Electronics,7,1680.97,11766.79
2024-04-27,Casual Denim Jacket,Fashion,25,1493.26,37331.5
2024-04-27,USB-C Fast Charging Cable,Electronics,3,265.62,796.86
2024-04-27,Sunglasses UV400 Polarized,Fashion,18,746.54,13437.72
2024-04-27,Leather Wallet Slim,Fashion,11,583.06,6413.66
2024-04-27,Stainless Steel Water Bottle 1L,Home & Living,22,525.07,11551.54
2024-04-27,Running Sports Shoes,Fashion,12,1948.16,23377.92
2024-04-27,Portable Phone Charger 20000mAh,Electronics,23,1418.79,32632.17
2024-04-27,Scented Soy Wax Candle,Home & Living,9,322.79,2905.11
2024-04-27,Portable Phone Charger 20000mAh,Electronics,9,1463.56,13172.04
2024-04-28,Cotton Round Neck T-Shirt,Fashion,6,377.45,2264.7
2024-04-28,Smart LED Desk Lamp,Electronics,8,917.35,7338.8
2024-04-28,Cotton Round Neck T-Shirt,Fashion,19,413.3,7852.7
2024-04-28,USB-C Fast Charging Cable,Electronics,10,324.39,3243.9
2024-04-28,Sunglasses UV400 Polarized,Fashion,18,746.18,13431.24
2024-04-28,Running Sports Shoes,Fashion,7,1903.53,13324.71
2024-04-28,Mechanical Keyboard RGB,Electronics,25,2478.52,61963.0
2024-04-28,Non-Stick Frying Pan 26cm,Home & Living,19,835.48,15874.12
2024-04-28,Vitamin C Face Serum 30ml,Beauty,19,662.28,12583.32
2024-04-28,Collagen Face Sheet Mask Pack,Beauty,12,202.79,2433.48
2024-04-28,Running Sports Shoes,Fashion,2,2132.4,4264.8
2024-04-28,Moisturising Sunscreen SPF50,Beauty,14,428.01,5992.14
2024-04-28,Smart LED Desk Lamp,Electronics,13,941.47,12239.11
2024-04-28,Bamboo Cutting Board Set,Home & Living,14,565.51,7917.14
2024-04-28,Portable Phone Charger 20000mAh,Electronics,18,1606.15,28910.7
2024-04-28,Under Eye Cream Dark Circles,Beauty,19,428.49,8141.31
2024-04-28,Noise Cancelling Headphones,Electronics,12,4133.26,49599.12
2024-04-29,Natural Aloe Vera Gel 200ml,Beauty,3,265.77,797.31
2024-04-29,Portable Phone Charger 20000mAh,Electronics,6,1411.44,8468.64
2024-04-29,Running Sports Shoes,Fashion,5,2064.41,10322.05
2024-04-29,Bamboo Cutting Board Set,Home & Living,15,598.56,8978.4
2024-04-29,Leather Wallet Slim,Fashion,4,644.76,2579.04
2024-04-29,Stainless Steel Water Bottle 1L,Home & Living,24,499.31,11983.44
2024-04-29,Mechanical Keyboard RGB,Electronics,8,2324.8,18598.4
2024-04-29,Collagen Face Sheet Mask Pack,Beauty,23,182.04,4186.92
2024-04-29,Casual Denim Jacket,Fashion,14,1574.34,22040.76
2024-04-29,Smart LED Desk Lamp,Electronics,21,861.43,18090.03
2024-04-30,Stainless Steel Water Bottle 1L,Home & Living,9,490.74,4416.66
2024-04-30,Natural Aloe Vera Gel 200ml,Beauty,19,241.4,4586.6
2024-04-30,Running Sports Shoes,Fashion,10,2007.47,20074.7
2024-04-30,Cotton Round Neck T-Shirt,Fashion,3,371.69,1115.07
2024-04-30,Collagen Face Sheet Mask Pack,Beauty,21,200.87,4218.27
2024-04-30,Laptop Stand Adjustable,Electronics,17,1713.34,29126.78
2024-04-30,Running Sports Shoes,Fashion,21,2008.49,42178.29
2024-04-30,Bamboo Cutting Board Set,Home & Living,1,551.74,551.74
2024-04-30,Under Eye Cream Dark Circles,Beauty,12,412.91,4954.92
2024-04-30,Under Eye Cream Dark Circles,Beauty,18,446.36,8034.48
2024-04-30,Stainless Steel Water Bottle 1L,Home & Living,24,486.81,11683.44
2024-05-01,Slim Fit Chino Pants,Fashion,5,873.93,4369.65
2024-05-01,Bamboo Cutting Board Set,Home & Living,23,625.24,14380.52
2024-05-01,Portable Phone Charger 20000mAh,Electronics,25,1612.08,40302.0
2024-05-01,Casual Denim Jacket,Fashion,10,1458.8,14588.0
2024-05-01,Casual Denim Jacket,Fashion,17,1486.12,25264.04
2024-05-01,USB-C Fast Charging Cable,Electronics,11,307.0,3377.0
2024-05-01,Noise Cancelling Headphones,Electronics,17,3728.04,63376.68
2024-05-01,Laptop Stand Adjustable,Electronics,20,1949.26,38985.2
2024-05-01,Webcam HD 1080p,Electronics,18,1672.63,30107.34
2024-05-01,Vitamin C Face Serum 30ml,Beauty,23,683.08,15710.84
2024-05-01,Wireless Bluetooth Earbuds,Electronics,2,1248.56,2497.12
2024-05-01,Under Eye Cream Dark Circles,Beauty,5,460.92,2304.6
2024-05-01,Under Eye Cream Dark Circles,Beauty,19,416.71,7917.49
2024-05-02,Stainless Steel Water Bottle 1L,Home & Living,4,490.53,1962.12
2024-05-02,Vitamin C Face Serum 30ml,Beauty,2,723.27,1446.54
2024-05-02,USB-C Fast Charging Cable,Electronics,15,321.12,4816.8
2024-05-02,Noise Cancelling Headphones,Electronics,19,3863.39,73404.41
2024-05-02,Noise Cancelling Headphones,Electronics,24,4345.77,104298.48
2024-05-02,Leather Wallet Slim,Fashion,16,647.51,10360.16
2024-05-02,Memory Foam Pillow,Home & Living,25,836.85,20921.25
2024-05-03,USB-C Fast Charging Cable,Electronics,23,304.26,6997.98
2024-05-03,Sunglasses UV400 Polarized,Fashion,19,791.5,15038.5
2024-05-03,Collagen Face Sheet Mask Pack,Beauty,16,188.39,3014.24
2024-05-03,Noise Cancelling Headphones,Electronics,19,3760.81,71455.39
2024-05-03,Natural Aloe Vera Gel 200ml,Beauty,4,260.81,1043.24
2024-05-03,Smart LED Desk Lamp,Electronics,25,926.4,23160.0
2024-05-03,Natural Aloe Vera Gel 200ml,Beauty,13,255.17,3317.21
2024-05-03,Natural Aloe Vera Gel 200ml,Beauty,16,251.45,4023.2
2024-05-04,Running Sports Shoes,Fashion,9,2027.1,18243.9
2024-05-04,Memory Foam Pillow,Home & Living,16,894.02,14304.32
2024-05-04,Mechanical Keyboard RGB,Electronics,24,2308.12,55394.88
2024-05-04,Smart LED Desk Lamp,Electronics,20,890.39,17807.8
2024-05-04,Leather Wallet Slim,Fashion,9,593.29,5339.61
2024-05-04,USB-C Fast Charging Cable,Electronics,10,317.27,3172.7
2024-05-05,Stainless Steel Water Bottle 1L,Home & Living,23,521.73,11999.79
2024-05-05,Mechanical Keyboard RGB,Electronics,8,2418.24,19345.92
2024-05-05,Webcam HD 1080p,Electronics,5,1920.47,9602.35
2024-05-05,Scented Soy Wax Candle,Home & Living,19,330.61,6281.59
2024-05-05,Cotton Round Neck T-Shirt,Fashion,12,395.05,4740.6
2024-05-05,Running Sports Shoes,Fashion,12,1933.3,23199.6
2024-05-05,Vitamin C Face Serum 30ml,Beauty,15,725.03,10875.45
2024-05-05,Leather Wallet Slim,Fashion,23,588.81,13542.63
2024-05-05,Mechanical Keyboard RGB,Electronics,13,2336.27,30371.51
2024-05-06,Running Sports Shoes,Fashion,1,2029.28,2029.28
2024-05-06,Noise Cancelling Headphones,Electronics,1,3742.28,3742.28
2024-05-06,Wireless Bluetooth Earbuds,Electronics,20,1349.92,26998.4
2024-05-06,Stainless Steel Water Bottle 1L,Home & Living,8,479.33,3834.64
2024-05-06,Vitamin C Face Serum 30ml,Beauty,14,659.03,9226.42
2024-05-06,Casual Denim Jacket,Fashion,4,1549.82,6199.28
2024-05-06,Casual Denim Jacket,Fashion,8,1477.1,11816.8
2024-05-06,Laptop Stand Adjustable,Electronics,3,1661.49,4984.47
2024-05-06,Mechanical Keyboard RGB,Electronics,5,2319.11,11595.55
2024-05-06,USB-C Fast Charging Cable,Electronics,5,297.95,1489.75
2024-05-06,Vitamin C Face Serum 30ml,Beauty,14,640.62,8968.68
2024-05-06,Cotton Round Neck T-Shirt,Fashion,4,372.48,1489.92
2024-05-06,Non-Stick Frying Pan 26cm,Home & Living,14,738.67,10341.38
2024-05-07,Collagen Face Sheet Mask Pack,Beauty,2,194.21,388.42
2024-05-07,Moisturising Sunscreen SPF50,Beauty,11,392.91,4322.01
2024-05-07,Noise Cancelling Headphones,Electronics,23,3767.67,86656.41
2024-05-07,Smart LED Desk Lamp,Electronics,3,872.14,2616.42
2024-05-07,Non-Stick Frying Pan 26cm,Home & Living,16,732.74,11723.84
2024-05-07,Memory Foam Pillow,Home & Living,9,842.74,7584.66
2024-05-07,Memory Foam Pillow,Home & Living,5,908.8,4544.0
2024-05-07,Portable Phone Charger 20000mAh,Electronics,14,1444.37,20221.18
2024-05-08,Moisturising Sunscreen SPF50,Beauty,19,396.87,7540.53
2024-05-08,Webcam HD 1080p,Electronics,21,1855.59,38967.39
2024-05-08,Moisturising Sunscreen SPF50,Beauty,21,397.34,8344.14
2024-05-08,Under Eye Cream Dark Circles,Beauty,20,463.86,9277.2
2024-05-08,USB-C Fast Charging Cable,Electronics,21,267.29,5613.09
2024-05-08,Noise Cancelling Headphones,Electronics,5,3979.4,19897.0
2024-05-08,Laptop Stand Adjustable,Electronics,20,1696.87,33937.4
2024-05-08,Scented Soy Wax Candle,Home & Living,6,351.11,2106.66
2024-05-08,Natural Aloe Vera Gel 200ml,Beauty,12,258.61,3103.32
2024-05-08,Cotton Round Neck T-Shirt,Fashion,6,422.95,2537.7
2024-05-09,Running Sports Shoes,Fashion,17,2012.12,34206.04
2024-05-09,Non-Stick Frying Pan 26cm,Home & Living,13,835.96,10867.48
2024-05-09,Natural Aloe Vera Gel 200ml,Beauty,23,224.21,5156.83
2024-05-09,Non-Stick Frying Pan 26cm,Home & Living,22,856.32,18839.04
2024-05-09,Sunglasses UV400 Polarized,Fashion,6,774.47,4646.82
2024-05-09,Sunglasses UV400 Polarized,Fashion,24,822.81,19747.44
2024-05-09,Noise Cancelling Headphones,Electronics,6,4065.08,24390.48
2024-05-09,Scented Soy Wax Candle,Home & Living,7,374.01,2618.07
2024-05-10,USB-C Fast Charging Cable,Electronics,17,298.45,5073.65
2024-05-10,Noise Cancelling Headphones,Electronics,12,4266.62,51199.44
2024-05-10,Slim Fit Chino Pants,Fashion,19,883.85,16793.15
2024-05-10,USB-C Fast Charging Cable,Electronics,24,298.07,7153.68
2024-05-10,Vitamin C Face Serum 30ml,Beauty,2,677.82,1355.64
2024-05-10,Sunglasses UV400 Polarized,Fashion,1,752.42,752.42
2024-05-10,Vitamin C Face Serum 30ml,Beauty,23,706.51,16249.73
2024-05-10,Noise Cancelling Headphones,Electronics,18,3892.31,70061.58
2024-05-10,Running Sports Shoes,Fashion,21,2015.45,42324.45
2024-05-10,Moisturising Sunscreen SPF50,Beauty,23,410.83,9449.09
2024-05-10,Smart LED Desk Lamp,Electronics,4,912.94,3651.76
2024-05-10,Sunglasses UV400 Polarized,Fashion,15,732.8,10992.0
2024-05-11,Running Sports Shoes,Fashion,2,2003.82,4007.64
2024-05-11,Casual Denim Jacket,Fashion,24,1479.95,35518.8
2024-05-11,Slim Fit Chino Pants,Fashion,25,867.48,21687.0
2024-05-11,Non-Stick Frying Pan 26cm,Home & Living,3,746.67,2240.01
2024-05-11,Cotton Round Neck T-Shirt,Fashion,9,400.95,3608.55
2024-05-12,Webcam HD 1080p,Electronics,25,1896.9,47422.5
2024-05-12,Non-Stick Frying Pan 26cm,Home & Living,10,794.37,7943.7
2024-05-12,Natural Aloe Vera Gel 200ml,Beauty,13,231.95,3015.35
2024-05-12,Portable Phone Charger 20000mAh,Electronics,18,1556.43,28015.74
2024-05-12,Bamboo Cutting Board Set,Home & Living,25,568.13,14203.25
2024-05-12,Under Eye Cream Dark Circles,Beauty,9,463.6,4172.4
2024-05-12,Under Eye Cream Dark Circles,Beauty,19,459.87,8737.53
2024-05-12,Running Sports Shoes,Fashion,24,1975.39,47409.36
2024-05-13,Leather Wallet Slim,Fashion,19,581.99,11057.81
2024-05-13,USB-C Fast Charging Cable,Electronics,10,309.79,3097.9
2024-05-13,Noise Cancelling Headphones,Electronics,16,4134.74,66155.84
2024-05-13,Sunglasses UV400 Polarized,Fashion,15,745.06,11175.9
2024-05-13,Scented Soy Wax Candle,Home & Living,10,343.65,3436.5
2024-05-13,Collagen Face Sheet Mask Pack,Beauty,16,212.16,3394.56
2024-05-13,Casual Denim Jacket,Fashion,4,1510.25,6041.0
2024-05-13,Mechanical Keyboard RGB,Electronics,20,2368.67,47373.4
2024-05-13,Casual Denim Jacket,Fashion,3,1547.44,4642.32
2024-05-13,Scented Soy Wax Candle,Home & Living,12,359.61,4315.32
2024-05-13,Noise Cancelling Headphones,Electronics,5,3896.65,19483.25
2024-05-13,Stainless Steel Water Bottle 1L,Home & Living,3,505.03,1515.09
2024-05-13,Running Sports Shoes,Fashion,2,1935.45,3870.9
2024-05-13,Memory Foam Pillow,Home & Living,2,884.21,1768.42
2024-05-13,Stainless Steel Water Bottle 1L,Home & Living,11,522.92,5752.12
2024-05-13,Smart LED Desk Lamp,Electronics,10,848.8,8488.0
2024-05-14,Mechanical Keyboard RGB,Electronics,7,2470.29,17292.03
2024-05-14,Running Sports Shoes,Fashion,15,1985.99,29789.85
2024-05-14,Stainless Steel Water Bottle 1L,Home & Living,22,491.59,10814.98
2024-05-14,Running Sports Shoes,Fashion,24,1924.84,46196.16
2024-05-14,Noise Cancelling Headphones,Electronics,17,4191.34,71252.78
2024-05-14,Smart LED Desk Lamp,Electronics,15,952.33,14284.95
2024-05-14,Non-Stick Frying Pan 26cm,Home & Living,12,772.29,9267.48
2024-05-14,Leather Wallet Slim,Fashion,14,604.94,8469.16
2024-05-14,Wireless Bluetooth Earbuds,Electronics,19,1384.27,26301.13
2024-05-15,Cotton Round Neck T-Shirt,Fashion,3,414.5,1243.5
2024-05-15,Slim Fit Chino Pants,Fashion,7,888.3,6218.1
2024-05-15,Leather Wallet Slim,Fashion,20,581.02,11620.4
2024-05-15,Stainless Steel Water Bottle 1L,Home & Living,24,480.3,11527.2
2024-05-15,Noise Cancelling Headphones,Electronics,6,4053.1,24318.6
2024-05-15,Portable Phone Charger 20000mAh,Electronics,25,1443.46,36086.5
2024-05-15,Moisturising Sunscreen SPF50,Beauty,10,382.37,3823.7
2024-05-16,Cotton Round Neck T-Shirt,Fashion,18,406.97,7325.46
2024-05-16,Mechanical Keyboard RGB,Electronics,20,2508.95,50179.0
2024-05-16,Memory Foam Pillow,Home & Living,22,939.4,20666.8
2024-05-16,Laptop Stand Adjustable,Electronics,4,1761.39,7045.56
2024-05-16,Running Sports Shoes,Fashion,10,1971.22,19712.2
2024-05-16,Memory Foam Pillow,Home & Living,24,952.3,22855.2
2024-05-16,Wireless Bluetooth Earbuds,Electronics,4,1290.14,5160.56
2024-05-16,Noise Cancelling Headphones,Electronics,2,4173.99,8347.98
2024-05-16,Smart LED Desk Lamp,Electronics,7,838.78,5871.46
2024-05-16,Scented Soy Wax Candle,Home & Living,2,378.69,757.38
2024-05-16,Sunglasses UV400 Polarized,Fashion,12,759.03,9108.36
2024-05-16,Cotton Round Neck T-Shirt,Fashion,20,418.82,8376.4
2024-05-17,Laptop Stand Adjustable,Electronics,7,1805.73,12640.11
2024-05-17,Moisturising Sunscreen SPF50,Beauty,2,408.24,816.48
2024-05-17,Webcam HD 1080p,Electronics,6,1684.87,10109.22
2024-05-17,Natural Aloe Vera Gel 200ml,Beauty,20,250.62,5012.4
2024-05-17,Cotton Round Neck T-Shirt,Fashion,3,390.55,1171.65
2024-05-17,Running Sports Shoes,Fashion,22,1916.64,42166.08
2024-05-17,Collagen Face Sheet Mask Pack,Beauty,4,210.46,841.84
2024-05-17,Vitamin C Face Serum 30ml,Beauty,20,715.01,14300.2
2024-05-17,Wireless Bluetooth Earbuds,Electronics,13,1385.92,18016.96
2024-05-17,Cotton Round Neck T-Shirt,Fashion,2,391.6,783.2
2024-05-17,Smart LED Desk Lamp,Electronics,23,906.95,20859.85
2024-05-18,Under Eye Cream Dark Circles,Beauty,25,453.21,11330.25
2024-05-18,Cotton Round Neck T-Shirt,Fashion,17,382.96,6510.32
2024-05-18,Under Eye Cream Dark Circles,Beauty,11,413.28,4546.08
2024-05-18,USB-C Fast Charging Cable,Electronics,13,268.88,3495.44
2024-05-18,Running Sports Shoes,Fashion,16,1854.27,29668.32
2024-05-18,Slim Fit Chino Pants,Fashion,17,886.62,15072.54
2024-05-18,Non-Stick Frying Pan 26cm,Home & Living,20,839.51,16790.2
2024-05-18,Sunglasses UV400 Polarized,Fashion,23,787.34,18108.82
2024-05-18,Noise Cancelling Headphones,Electronics,20,4293.47,85869.4
2024-05-18,Webcam HD 1080p,Electronics,5,1732.37,8661.85
2024-05-18,Casual Denim Jacket,Fashion,25,1438.71,35967.75
2024-05-19,Collagen Face Sheet Mask Pack,Beauty,6,188.99,1133.94
2024-05-19,Webcam HD 1080p,Electronics,25,1771.14,44278.5
2024-05-19,Running Sports Shoes,Fashion,16,1875.18,30002.88
2024-05-19,Memory Foam Pillow,Home & Living,12,964.35,11572.2
2024-05-19,Mechanical Keyboard RGB,Electronics,7,2475.65,17329.55
2024-05-19,Scented Soy Wax Candle,Home & Living,12,335.8,4029.6
2024-05-19,Under Eye Cream Dark Circles,Beauty,23,478.49,11005.27
2024-05-19,USB-C Fast Charging Cable,Electronics,21,288.8,6064.8
2024-05-19,Scented Soy Wax Candle,Home & Living,20,339.48,6789.6
2024-05-20,Collagen Face Sheet Mask Pack,Beauty,23,182.79,4204.17
2024-05-20,Mechanical Keyboard RGB,Electronics,24,2658.5,63804.0
2024-05-20,Slim Fit Chino Pants,Fashion,20,938.92,18778.4
2024-05-20,Noise Cancelling Headphones,Electronics,23,3776.33,86855.59
2024-05-20,Under Eye Cream Dark Circles,Beauty,13,435.05,5655.65
2024-05-20,Leather Wallet Slim,Fashion,14,570.19,7982.66
2024-05-20,Noise Cancelling Headphones,Electronics,16,3970.83,63533.28
2024-05-20,Vitamin C Face Serum 30ml,Beauty,23,662.47,15236.81
2024-05-20,Memory Foam Pillow,Home & Living,22,844.96,18589.12
2024-05-20,USB-C Fast Charging Cable,Electronics,8,306.96,2455.68
2024-05-20,USB-C Fast Charging Cable,Electronics,11,312.72,3439.92
2024-05-21,Smart LED Desk Lamp,Electronics,9,837.99,7541.91
2024-05-21,Under Eye Cream Dark Circles,Beauty,4,440.54,1762.16
2024-05-21,Under Eye Cream Dark Circles,Beauty,13,476.18,6190.34
2024-05-21,Wireless Bluetooth Earbuds,Electronics,21,1219.14,25601.94
2024-05-21,Wireless Bluetooth Earbuds,Electronics,15,1287.48,19312.2
2024-05-21,Slim Fit Chino Pants,Fashion,11,892.57,9818.27
2024-05-21,Leather Wallet Slim,Fashion,10,594.15,5941.5
2024-05-21,Natural Aloe Vera Gel 200ml,Beauty,18,252.84,4551.12
2024-05-21,Memory Foam Pillow,Home & Living,10,887.77,8877.7
2024-05-21,Stainless Steel Water Bottle 1L,Home & Living,13,486.2,6320.6
2024-05-22,Noise Cancelling Headphones,Electronics,7,4209.81,29468.67
2024-05-22,Portable Phone Charger 20000mAh,Electronics,18,1509.53,27171.54
2024-05-22,Vitamin C Face Serum 30ml,Beauty,16,657.75,10524.0
2024-05-22,Noise Cancelling Headphones,Electronics,25,4064.75,101618.75
2024-05-22,Wireless Bluetooth Earbuds,Electronics,5,1274.79,6373.95
2024-05-22,Under Eye Cream Dark Circles,Beauty,5,469.25,2346.25
2024-05-22,Noise Cancelling Headphones,Electronics,15,4346.94,65204.1
2024-05-22,Sunglasses UV400 Polarized,Fashion,19,813.54,15457.26
2024-05-22,Vitamin C Face Serum 30ml,Beauty,18,726.68,13080.24
2024-05-23,Bamboo Cutting Board Set,Home & Living,2,588.84,1177.68
2024-05-23,Natural Aloe Vera Gel 200ml,Beauty,8,269.06,2152.48
2024-05-23,Noise Cancelling Headphones,Electronics,12,3854.98,46259.76
2024-05-23,Noise Cancelling Headphones,Electronics,11,4309.14,47400.54
2024-05-23,Cotton Round Neck T-Shirt,Fashion,7,414.92,2904.44
2024-05-23,USB-C Fast Charging Cable,Electronics,5,304.19,1520.95
2024-05-23,Running Sports Shoes,Fashion,21,2121.87,44559.27
2024-05-23,Cotton Round Neck T-Shirt,Fashion,23,419.58,9650.34
2024-05-23,Leather Wallet Slim,Fashion,4,609.31,2437.24
2024-05-23,Laptop Stand Adjustable,Electronics,23,1806.53,41550.19
2024-05-23,Noise Cancelling Headphones,Electronics,12,3734.07,44808.84
2024-05-24,Portable Phone Charger 20000mAh,Electronics,14,1534.68,21485.52
2024-05-24,Leather Wallet Slim,Fashion,19,576.63,10955.97
2024-05-24,Sunglasses UV400 Polarized,Fashion,2,828.81,1657.62
2024-05-24,Sunglasses UV400 Polarized,Fashion,20,800.27,16005.4
2024-05-24,Moisturising Sunscreen SPF50,Beauty,10,390.83,3908.3
2024-05-24,Under Eye Cream Dark Circles,Beauty,5,423.72,2118.6
2024-05-24,Stainless Steel Water Bottle 1L,Home & Living,19,533.73,10140.87
2024-05-24,Non-Stick Frying Pan 26cm,Home & Living,2,788.06,1576.12
2024-05-24,Casual Denim Jacket,Fashion,12,1473.14,17677.68
2024-05-24,Stainless Steel Water Bottle 1L,Home & Living,16,486.25,7780.0
2024-05-25,Laptop Stand Adjustable,Electronics,16,1794.13,28706.08
2024-05-25,Wireless Bluetooth Earbuds,Electronics,18,1241.1,22339.8
2024-05-25,Webcam HD 1080p,Electronics,21,1760.49,36970.29
2024-05-25,Vitamin C Face Serum 30ml,Beauty,5,711.88,3559.4
2024-05-25,Non-Stick Frying Pan 26cm,Home & Living,14,803.19,11244.66
2024-05-25,Scented Soy Wax Candle,Home & Living,16,332.75,5324.0
2024-05-25,Noise Cancelling Headphones,Electronics,6,3975.48,23852.88
2024-05-26,Non-Stick Frying Pan 26cm,Home & Living,16,739.86,11837.76
2024-05-26,Bamboo Cutting Board Set,Home & Living,20,619.41,12388.2
2024-05-26,Cotton Round Neck T-Shirt,Fashion,17,424.15,7210.55
2024-05-26,Webcam HD 1080p,Electronics,14,1717.29,24042.06
2024-05-26,Vitamin C Face Serum 30ml,Beauty,21,666.4,13994.4
2024-05-26,Slim Fit Chino Pants,Fashion,14,855.39,11975.46
2024-05-26,Moisturising Sunscreen SPF50,Beauty,2,429.13,858.26
2024-05-26,Mechanical Keyboard RGB,Electronics,20,2392.95,47859.0
2024-05-26,Under Eye Cream Dark Circles,Beauty,19,411.52,7818.88
2024-05-26,Slim Fit Chino Pants,Fashion,3,901.99,2705.97
2024-05-26,Collagen Face Sheet Mask Pack,Beauty,21,203.87,4281.27
2024-05-26,Wireless Bluetooth Earbuds,Electronics,15,1252.22,18783.3
2024-05-27,Under Eye Cream Dark Circles,Beauty,6,439.66,2637.96
2024-05-27,Vitamin C Face Serum 30ml,Beauty,20,731.39,14627.8
2024-05-27,Vitamin C Face Serum 30ml,Beauty,10,653.8,6538.0
2024-05-27,Natural Aloe Vera Gel 200ml,Beauty,5,261.84,1309.2
2024-05-27,Mechanical Keyboard RGB,Electronics,4,2422.28,9689.12
2024-05-27,Under Eye Cream Dark Circles,Beauty,4,475.73,1902.92
2024-05-27,Non-Stick Frying Pan 26cm,Home & Living,2,785.78,1571.56
2024-05-27,Cotton Round Neck T-Shirt,Fashion,25,393.33,9833.25
2024-05-27,Slim Fit Chino Pants,Fashion,7,966.8,6767.6
2024-05-27,Scented Soy Wax Candle,Home & Living,20,326.85,6537.0
2024-05-27,Moisturising Sunscreen SPF50,Beauty,18,400.27,7204.86
2024-05-27,Non-Stick Frying Pan 26cm,Home & Living,13,854.51,11108.63
2024-05-27,Stainless Steel Water Bottle 1L,Home & Living,7,528.25,3697.75
2024-05-28,Moisturising Sunscreen SPF50,Beauty,10,404.9,4049.0
2024-05-28,Non-Stick Frying Pan 26cm,Home & Living,3,732.63,2197.89
2024-05-28,Bamboo Cutting Board Set,Home & Living,11,611.89,6730.79
2024-05-28,Cotton Round Neck T-Shirt,Fashion,6,387.33,2323.98
2024-05-28,Moisturising Sunscreen SPF50,Beauty,3,371.36,1114.08
2024-05-28,Noise Cancelling Headphones,Electronics,9,4266.86,38401.74
2024-05-28,Moisturising Sunscreen SPF50,Beauty,21,425.08,8926.68
2024-05-28,Stainless Steel Water Bottle 1L,Home & Living,5,531.18,2655.9
2024-05-29,Scented Soy Wax Candle,Home & Living,7,353.56,2474.92
2024-05-29,Running Sports Shoes,Fashion,23,1880.93,43261.39
2024-05-29,Under Eye Cream Dark Circles,Beauty,17,476.24,8096.08
2024-05-29,Webcam HD 1080p,Electronics,13,1705.37,22169.81
2024-05-29,Vitamin C Face Serum 30ml,Beauty,18,743.85,13389.3
2024-05-29,Portable Phone Charger 20000mAh,Electronics,13,1550.58,20157.54
2024-05-29,Natural Aloe Vera Gel 200ml,Beauty,4,257.61,1030.44
2024-05-29,Non-Stick Frying Pan 26cm,Home & Living,19,753.6,14318.4
2024-05-29,Casual Denim Jacket,Fashion,13,1540.66,20028.58
2024-05-29,Under Eye Cream Dark Circles,Beauty,19,431.91,8206.29
2024-05-29,Stainless Steel Water Bottle 1L,Home & Living,12,534.45,6413.4
2024-05-29,Non-Stick Frying Pan 26cm,Home & Living,8,784.05,6272.4
2024-05-30,Non-Stick Frying Pan 26cm,Home & Living,12,852.13,10225.56
2024-05-30,Natural Aloe Vera Gel 200ml,Beauty,7,269.97,1889.79
2024-05-30,Moisturising Sunscreen SPF50,Beauty,1,403.78,403.78
2024-05-30,Mechanical Keyboard RGB,Electronics,6,2429.95,14579.7
2024-05-30,Wireless Bluetooth Earbuds,Electronics,22,1287.68,28328.96
2024-05-30,Running Sports Shoes,Fashion,25,2063.66,51591.5
2024-05-30,Laptop Stand Adjustable,Electronics,11,1894.25,20836.75
2024-05-30,Collagen Face Sheet Mask Pack,Beauty,2,214.53,429.06
2024-05-30,Mechanical Keyboard RGB,Electronics,5,2300.36,11501.8
2024-05-31,Mechanical Keyboard RGB,Electronics,8,2495.22,19961.76
2024-05-31,Non-Stick Frying Pan 26cm,Home & Living,25,825.68,20642.0
2024-05-31,Running Sports Shoes,Fashion,24,1891.11,45386.64
2024-05-31,Casual Denim Jacket,Fashion,11,1393.4,15327.4
2024-05-31,Casual Denim Jacket,Fashion,17,1545.83,26279.11
2024-05-31,Smart LED Desk Lamp,Electronics,18,836.43,15055.74
2024-05-31,Noise Cancelling Headphones,Electronics,22,3987.67,87728.74
2024-05-31,Running Sports Shoes,Fashion,19,1857.58,35294.02
2024-05-31,Smart LED Desk Lamp,Electronics,10,947.89,9478.9
2024-05-31,Slim Fit Chino Pants,Fashion,18,847.24,15250.32
2024-05-31,USB-C Fast Charging Cable,Electronics,25,285.78,7144.5
2024-06-01,Running Sports Shoes,Fashion,5,1957.74,9788.7
2024-06-01,Casual Denim Jacket,Fashion,12,1470.92,17651.04
2024-06-01,Mechanical Keyboard RGB,Electronics,6,2523.3,15139.8
2024-06-01,Laptop Stand Adjustable,Electronics,14,1844.48,25822.72
2024-06-01,Scented Soy Wax Candle,Home & Living,25,345.22,8630.5
2024-06-01,Collagen Face Sheet Mask Pack,Beauty,25,194.73,4868.25
2024-06-01,Wireless Bluetooth Earbuds,Electronics,25,1299.39,32484.75
2024-06-01,Moisturising Sunscreen SPF50,Beauty,10,372.51,3725.1
2024-06-01,Memory Foam Pillow,Home & Living,25,895.38,22384.5
2024-06-01,Wireless Bluetooth Earbuds,Electronics,14,1364.6,19104.4
2024-06-01,Cotton Round Neck T-Shirt,Fashion,25,407.98,10199.5
2024-06-01,Laptop Stand Adjustable,Electronics,3,1834.83,5504.49
2024-06-01,Natural Aloe Vera Gel 200ml,Beauty,6,223.66,1341.96
2024-06-01,Leather Wallet Slim,Fashion,10,615.44,6154.4
2024-06-01,Smart LED Desk Lamp,Electronics,25,890.93,22273.25
2024-06-01,Moisturising Sunscreen SPF50,Beauty,5,388.18,1940.9
2024-06-02,Portable Phone Charger 20000mAh,Electronics,23,1619.56,37249.88
2024-06-02,Smart LED Desk Lamp,Electronics,24,961.97,23087.28
2024-06-02,Noise Cancelling Headphones,Electronics,16,4069.45,65111.2
2024-06-02,Noise Cancelling Headphones,Electronics,20,4117.4,82348.0
2024-06-02,Wireless Bluetooth Earbuds,Electronics,25,1238.83,30970.75
2024-06-02,Noise Cancelling Headphones,Electronics,2,4052.3,8104.6
2024-06-02,Collagen Face Sheet Mask Pack,Beauty,14,209.24,2929.36
2024-06-02,Casual Denim Jacket,Fashion,24,1448.83,34771.92
2024-06-02,Memory Foam Pillow,Home & Living,15,922.6,13839.0
2024-06-02,Smart LED Desk Lamp,Electronics,8,883.18,7065.44
2024-06-02,Under Eye Cream Dark Circles,Beauty,25,419.59,10489.75
2024-06-02,Leather Wallet Slim,Fashion,11,616.72,6783.92
2024-06-03,Webcam HD 1080p,Electronics,17,1850.98,31466.66
2024-06-03,Noise Cancelling Headphones,Electronics,8,3902.52,31220.16
2024-06-03,Natural Aloe Vera Gel 200ml,Beauty,3,267.11,801.33
2024-06-03,Noise Cancelling Headphones,Electronics,12,3805.36,45664.32
2024-06-03,Collagen Face Sheet Mask Pack,Beauty,12,192.82,2313.84
2024-06-03,Mechanical Keyboard RGB,Electronics,16,2562.79,41004.64
2024-06-03,Mechanical Keyboard RGB,Electronics,22,2379.77,52354.94
2024-06-03,Sunglasses UV400 Polarized,Fashion,11,831.66,9148.26
2024-06-03,Moisturising Sunscreen SPF50,Beauty,23,393.89,9059.47
2024-06-04,Slim Fit Chino Pants,Fashion,23,945.89,21755.47
2024-06-04,Noise Cancelling Headphones,Electronics,21,4106.42,86234.82
2024-06-04,Running Sports Shoes,Fashion,13,1913.87,24880.31
2024-06-04,Sunglasses UV400 Polarized,Fashion,5,824.93,4124.65
2024-06-04,Scented Soy Wax Candle,Home & Living,10,336.5,3365.0
2024-06-04,Smart LED Desk Lamp,Electronics,7,941.11,6587.77
2024-06-04,Vitamin C Face Serum 30ml,Beauty,12,722.8,8673.6
2024-06-04,Mechanical Keyboard RGB,Electronics,22,2551.95,56142.9
2024-06-04,Noise Cancelling Headphones,Electronics,17,3887.23,66082.91
2024-06-05,Scented Soy Wax Candle,Home & Living,17,362.19,6157.23
2024-06-05,Wireless Bluetooth Earbuds,Electronics,5,1264.95,6324.75
2024-06-05,Portable Phone Charger 20000mAh,Electronics,2,1430.11,2860.22
2024-06-05,USB-C Fast Charging Cable,Electronics,2,280.42,560.84
2024-06-05,Collagen Face Sheet Mask Pack,Beauty,9,192.0,1728.0
2024-06-05,Moisturising Sunscreen SPF50,Beauty,10,408.4,4084.0
2024-06-05,Natural Aloe Vera Gel 200ml,Beauty,15,257.01,3855.15
2024-06-06,Laptop Stand Adjustable,Electronics,14,1756.76,24594.64
2024-06-06,Stainless Steel Water Bottle 1L,Home & Living,14,534.08,7477.12
2024-06-06,Running Sports Shoes,Fashion,8,1939.68,15517.44
2024-06-06,Scented Soy Wax Candle,Home & Living,15,342.09,5131.35
2024-06-06,Cotton Round Neck T-Shirt,Fashion,8,400.19,3201.52
2024-06-06,Laptop Stand Adjustable,Electronics,5,1677.64,8388.2
2024-06-06,Natural Aloe Vera Gel 200ml,Beauty,17,261.88,4451.96
2024-06-06,Casual Denim Jacket,Fashion,16,1492.48,23879.68
2024-06-06,Running Sports Shoes,Fashion,3,2035.71,6107.13
2024-06-06,Stainless Steel Water Bottle 1L,Home & Living,6,515.6,3093.6
2024-06-06,Non-Stick Frying Pan 26cm,Home & Living,8,756.02,6048.16
2024-06-06,Webcam HD 1080p,Electronics,18,1742.32,31361.76
2024-06-07,Collagen Face Sheet Mask Pack,Beauty,17,180.97,3076.49
2024-06-07,Leather Wallet Slim,Fashion,13,649.87,8448.31
2024-06-07,Casual Denim Jacket,Fashion,7,1435.57,10048.99
2024-06-07,Cotton Round Neck T-Shirt,Fashion,14,421.27,5897.78
2024-06-07,Casual Denim Jacket,Fashion,18,1578.98,28421.64
2024-06-07,Natural Aloe Vera Gel 200ml,Beauty,1,253.92,253.92
2024-06-07,Mechanical Keyboard RGB,Electronics,18,2451.08,44119.44
2024-06-07,Casual Denim Jacket,Fashion,11,1434.54,15779.94
2024-06-07,Cotton Round Neck T-Shirt,Fashion,9,417.76,3759.84
2024-06-07,Vitamin C Face Serum 30ml,Beauty,15,679.26,10188.9
2024-06-07,Running Sports Shoes,Fashion,9,1950.68,17556.12
2024-06-08,Slim Fit Chino Pants,Fashion,9,912.3,8210.7
2024-06-08,Portable Phone Charger 20000mAh,Electronics,10,1543.98,15439.8
2024-06-08,Collagen Face Sheet Mask Pack,Beauty,15,203.36,3050.4
2024-06-08,Running Sports Shoes,Fashion,25,2138.37,53459.25
2024-06-08,Casual Denim Jacket,Fashion,3,1619.42,4858.26
2024-06-08,Slim Fit Chino Pants,Fashion,25,951.34,23783.5
2024-06-08,Stainless Steel Water Bottle 1L,Home & Living,3,530.53,1591.59
2024-06-08,Webcam HD 1080p,Electronics,17,1740.23,29583.91
2024-06-09,Leather Wallet Slim,Fashion,7,580.2,4061.4
2024-06-09,USB-C Fast Charging Cable,Electronics,22,299.33,6585.26
2024-06-09,Cotton Round Neck T-Shirt,Fashion,12,423.55,5082.6
2024-06-09,Sunglasses UV400 Polarized,Fashion,8,845.07,6760.56
2024-06-09,Webcam HD 1080p,Electronics,3,1729.18,5187.54
2024-06-09,Collagen Face Sheet Mask Pack,Beauty,12,209.28,2511.36
2024-06-09,Sunglasses UV400 Polarized,Fashion,20,825.75,16515.0
2024-06-09,Noise Cancelling Headphones,Electronics,7,4155.26,29086.82
2024-06-09,Natural Aloe Vera Gel 200ml,Beauty,18,251.01,4518.18
2024-06-09,Memory Foam Pillow,Home & Living,8,931.69,7453.52
2024-06-09,Vitamin C Face Serum 30ml,Beauty,25,644.14,16103.5
2024-06-10,USB-C Fast Charging Cable,Electronics,5,291.41,1457.05
2024-06-10,Scented Soy Wax Candle,Home & Living,10,325.2,3252.0
2024-06-10,Natural Aloe Vera Gel 200ml,Beauty,22,233.8,5143.6
2024-06-10,Laptop Stand Adjustable,Electronics,15,1851.12,27766.8
2024-06-10,Memory Foam Pillow,Home & Living,12,838.33,10059.96
2024-06-10,Cotton Round Neck T-Shirt,Fashion,25,422.27,10556.75
2024-06-10,Leather Wallet Slim,Fashion,21,573.46,12042.66
2024-06-10,Non-Stick Frying Pan 26cm,Home & Living,18,846.81,15242.58
2024-06-10,Portable Phone Charger 20000mAh,Electronics,7,1414.65,9902.55
2024-06-10,Non-Stick Frying Pan 26cm,Home & Living,19,812.35,15434.65
2024-06-10,Under Eye Cream Dark Circles,Beauty,17,475.86,8089.62
2024-06-10,Portable Phone Charger 20000mAh,Electronics,24,1515.29,36366.96
2024-06-10,Smart LED Desk Lamp,Electronics,11,887.27,9759.97
2024-06-10,Scented Soy Wax Candle,Home & Living,15,378.34,5675.1
2024-06-10,Wireless Bluetooth Earbuds,Electronics,14,1265.89,17722.46
2024-06-10,Collagen Face Sheet Mask Pack,Beauty,7,184.43,1291.01
2024-06-11,Vitamin C Face Serum 30ml,Beauty,15,736.57,11048.55
2024-06-11,Casual Denim Jacket,Fashion,5,1484.46,7422.3
2024-06-11,Sunglasses UV400 Polarized,Fashion,7,802.58,5618.06
2024-06-11,Collagen Face Sheet Mask Pack,Beauty,20,192.88,3857.6
2024-06-11,Slim Fit Chino Pants,Fashion,3,936.36,2809.08
2024-06-11,Cotton Round Neck T-Shirt,Fashion,1,429.38,429.38
2024-06-12,Mechanical Keyboard RGB,Electronics,21,2509.12,52691.52
2024-06-12,Natural Aloe Vera Gel 200ml,Beauty,9,232.24,2090.16
2024-06-12,Webcam HD 1080p,Electronics,14,1758.12,24613.68
2024-06-12,Vitamin C Face Serum 30ml,Beauty,19,684.57,13006.83
2024-06-12,Smart LED Desk Lamp,Electronics,22,935.97,20591.34
2024-06-12,Bamboo Cutting Board Set,Home & Living,2,577.6,1155.2
2024-06-12,Cotton Round Neck T-Shirt,Fashion,10,397.42,3974.2
2024-06-13,Smart LED Desk Lamp,Electronics,7,930.34,6512.38
2024-06-13,Sunglasses UV400 Polarized,Fashion,4,768.99,3075.96
2024-06-13,Bamboo Cutting Board Set,Home & Living,24,634.01,15216.24
2024-06-13,Smart LED Desk Lamp,Electronics,14,911.67,12763.38
2024-06-13,Casual Denim Jacket,Fashion,23,1392.29,32022.67
2024-06-13,Smart LED Desk Lamp,Electronics,12,941.24,11294.88
2024-06-13,Scented Soy Wax Candle,Home & Living,2,323.24,646.48
2024-06-13,Stainless Steel Water Bottle 1L,Home & Living,12,516.82,6201.84
2024-06-14,Smart LED Desk Lamp,Electronics,21,865.87,18183.27
2024-06-14,Casual Denim Jacket,Fashion,20,1538.61,30772.2
2024-06-14,Wireless Bluetooth Earbuds,Electronics,4,1310.91,5243.64
2024-06-14,Casual Denim Jacket,Fashion,5,1611.64,8058.2
2024-06-14,Webcam HD 1080p,Electronics,11,1703.85,18742.35
2024-06-14,Sunglasses UV400 Polarized,Fashion,17,738.36,12552.12
2024-06-14,Scented Soy Wax Candle,Home & Living,3,321.95,965.85
2024-06-14,Under Eye Cream Dark Circles,Beauty,2,421.16,842.32
2024-06-14,Smart LED Desk Lamp,Electronics,9,922.16,8299.44
2024-06-14,Laptop Stand Adjustable,Electronics,25,1873.48,46837.0
2024-06-14,Scented Soy Wax Candle,Home & Living,1,338.51,338.51
2024-06-14,Slim Fit Chino Pants,Fashion,21,850.2,17854.2
2024-06-15,Smart LED Desk Lamp,Electronics,7,824.53,5771.71
2024-06-15,Laptop Stand Adjustable,Electronics,20,1741.15,34823.0
2024-06-15,Collagen Face Sheet Mask Pack,Beauty,10,209.82,2098.2
2024-06-15,Vitamin C Face Serum 30ml,Beauty,10,716.59,7165.9
2024-06-15,Running Sports Shoes,Fashion,15,2090.93,31363.95
2024-06-15,Moisturising Sunscreen SPF50,Beauty,4,421.78,1687.12
2024-06-15,Running Sports Shoes,Fashion,24,2119.87,50876.88
2024-06-15,Cotton Round Neck T-Shirt,Fashion,3,370.5,1111.5
2024-06-15,Cotton Round Neck T-Shirt,Fashion,17,407.81,6932.77
2024-06-15,Bamboo Cutting Board Set,Home & Living,7,567.24,3970.68
2024-06-15,Smart LED Desk Lamp,Electronics,21,939.46,19728.66
2024-06-15,Non-Stick Frying Pan 26cm,Home & Living,6,844.26,5065.56
2024-06-15,USB-C Fast Charging Cable,Electronics,18,280.85,5055.3
2024-06-16,Vitamin C Face Serum 30ml,Beauty,20,692.46,13849.2
2024-06-16,USB-C Fast Charging Cable,Electronics,6,315.65,1893.9
2024-06-16,Natural Aloe Vera Gel 200ml,Beauty,18,256.43,4615.74
2024-06-16,Stainless Steel Water Bottle 1L,Home & Living,25,495.15,12378.75
2024-06-16,Scented Soy Wax Candle,Home & Living,9,350.43,3153.87
2024-06-16,Leather Wallet Slim,Fashion,20,551.15,11023.0
2024-06-16,USB-C Fast Charging Cable,Electronics,23,307.75,7078.25
2024-06-16,Noise Cancelling Headphones,Electronics,12,3860.97,46331.64
2024-06-16,Memory Foam Pillow,Home & Living,14,871.2,12196.8
2024-06-16,Collagen Face Sheet Mask Pack,Beauty,3,214.59,643.77
2024-06-17,Sunglasses UV400 Polarized,Fashion,14,824.27,11539.78
2024-06-17,Cotton Round Neck T-Shirt,Fashion,17,411.94,7002.98
2024-06-17,Natural Aloe Vera Gel 200ml,Beauty,2,243.08,486.16
2024-06-17,Slim Fit Chino Pants,Fashion,14,927.98,12991.72
2024-06-17,Non-Stick Frying Pan 26cm,Home & Living,15,764.94,11474.1
2024-06-17,Noise Cancelling Headphones,Electronics,25,4128.5,103212.5
2024-06-17,Webcam HD 1080p,Electronics,21,1898.89,39876.69
2024-06-17,Memory Foam Pillow,Home & Living,6,870.13,5220.78
2024-06-17,Webcam HD 1080p,Electronics,10,1747.27,17472.7
2024-06-17,Laptop Stand Adjustable,Electronics,21,1872.26,39317.46
2024-06-18,Smart LED Desk Lamp,Electronics,15,835.27,12529.05
2024-06-18,Slim Fit Chino Pants,Fashion,11,966.19,10628.09
2024-06-18,USB-C Fast Charging Cable,Electronics,22,266.54,5863.88
2024-06-18,Slim Fit Chino Pants,Fashion,15,954.15,14312.25
2024-06-18,Laptop Stand Adjustable,Electronics,25,1772.93,44323.25
2024-06-18,Moisturising Sunscreen SPF50,Beauty,11,383.45,4217.95
2024-06-18,Natural Aloe Vera Gel 200ml,Beauty,5,228.57,1142.85
2024-06-18,Under Eye Cream Dark Circles,Beauty,24,470.6,11294.4
2024-06-19,Leather Wallet Slim,Fashion,19,557.27,10588.13
2024-06-19,Leather Wallet Slim,Fashion,6,634.78,3808.68
2024-06-19,Leather Wallet Slim,Fashion,4,557.19,2228.76
2024-06-19,Sunglasses UV400 Polarized,Fashion,2,751.15,1502.3
2024-06-19,Laptop Stand Adjustable,Electronics,20,1944.97,38899.4
2024-06-19,Non-Stick Frying Pan 26cm,Home & Living,7,857.41,6001.87
2024-06-19,Running Sports Shoes,Fashion,20,1984.34,39686.8
2024-06-19,Laptop Stand Adjustable,Electronics,4,1796.29,7185.16
2024-06-19,Moisturising Sunscreen SPF50,Beauty,8,406.41,3251.28
2024-06-19,Running Sports Shoes,Fashion,2,1915.03,3830.06
2024-06-19,Moisturising Sunscreen SPF50,Beauty,9,393.69,3543.21
2024-06-19,Collagen Face Sheet Mask Pack,Beauty,4,190.66,762.64
2024-06-19,Smart LED Desk Lamp,Electronics,14,917.41,12843.74
2024-06-20,Vitamin C Face Serum 30ml,Beauty,17,717.69,12200.73
2024-06-20,Noise Cancelling Headphones,Electronics,13,4099.1,53288.3
2024-06-20,Casual Denim Jacket,Fashion,4,1589.24,6356.96
2024-06-20,Portable Phone Charger 20000mAh,Electronics,8,1410.33,11282.64
2024-06-20,Webcam HD 1080p,Electronics,5,1833.37,9166.85
2024-06-20,USB-C Fast Charging Cable,Electronics,12,282.87,3394.44
2024-06-20,Memory Foam Pillow,Home & Living,12,909.41,10912.92
2024-06-21,Scented Soy Wax Candle,Home & Living,14,333.96,4675.44
2024-06-21,Cotton Round Neck T-Shirt,Fashion,25,424.95,10623.75
2024-06-21,Vitamin C Face Serum 30ml,Beauty,17,721.65,12268.05
2024-06-21,USB-C Fast Charging Cable,Electronics,1,267.88,267.88
2024-06-21,Webcam HD 1080p,Electronics,3,1769.56,5308.68
2024-06-21,Smart LED Desk Lamp,Electronics,22,962.49,21174.78
2024-06-21,Under Eye Cream Dark Circles,Beauty,11,475.12,5226.32
2024-06-21,Collagen Face Sheet Mask Pack,Beauty,7,213.26,1492.82
2024-06-21,Slim Fit Chino Pants,Fashion,12,963.38,11560.56
2024-06-22,Sunglasses UV400 Polarized,Fashion,24,733.7,17608.8
2024-06-22,Webcam HD 1080p,Electronics,6,1685.79,10114.74
2024-06-22,Natural Aloe Vera Gel 200ml,Beauty,16,258.52,4136.32
2024-06-22,Casual Denim Jacket,Fashion,10,1515.44,15154.4
2024-06-22,Smart LED Desk Lamp,Electronics,2,833.94,1667.88
2024-06-22,Portable Phone Charger 20000mAh,Electronics,6,1460.29,8761.74
2024-06-22,Wireless Bluetooth Earbuds,Electronics,2,1363.0,2726.0
2024-06-23,Moisturising Sunscreen SPF50,Beauty,12,415.59,4987.08
2024-06-23,Webcam HD 1080p,Electronics,6,1925.39,11552.34
2024-06-23,Leather Wallet Slim,Fashion,23,562.63,12940.49
2024-06-23,Sunglasses UV400 Polarized,Fashion,25,829.28,20732.0
2024-06-23,Webcam HD 1080p,Electronics,8,1861.28,14890.24
2024-06-23,Collagen Face Sheet Mask Pack,Beauty,17,204.19,3471.23
2024-06-23,Sunglasses UV400 Polarized,Fashion,20,846.4,16928.0
2024-06-24,Webcam HD 1080p,Electronics,13,1700.25,22103.25
2024-06-24,Running Sports Shoes,Fashion,23,1943.69,44704.87
2024-06-24,Wireless Bluetooth Earbuds,Electronics,3,1250.98,3752.94
2024-06-24,Scented Soy Wax Candle,Home & Living,10,346.67,3466.7
2024-06-24,Mechanical Keyboard RGB,Electronics,4,2432.74,9730.96
2024-06-24,Mechanical Keyboard RGB,Electronics,21,2517.63,52870.23
2024-06-24,Stainless Steel Water Bottle 1L,Home & Living,12,536.33,6435.96
2024-06-25,Wireless Bluetooth Earbuds,Electronics,1,1286.15,1286.15
2024-06-25,Casual Denim Jacket,Fashion,19,1594.14,30288.66
2024-06-25,Non-Stick Frying Pan 26cm,Home & Living,15,851.54,12773.1
2024-06-25,Leather Wallet Slim,Fashion,17,581.82,9890.94
2024-06-25,Collagen Face Sheet Mask Pack,Beauty,8,184.68,1477.44
2024-06-25,Noise Cancelling Headphones,Electronics,8,3887.54,31100.32
2024-06-25,Non-Stick Frying Pan 26cm,Home & Living,22,736.23,16197.06
2024-06-25,Webcam HD 1080p,Electronics,11,1932.16,21253.76
2024-06-25,Laptop Stand Adjustable,Electronics,19,1826.75,34708.25
2024-06-26,Casual Denim Jacket,Fashion,9,1418.69,12768.21
2024-06-26,USB-C Fast Charging Cable,Electronics,18,268.52,4833.36
2024-06-26,Non-Stick Frying Pan 26cm,Home & Living,22,834.57,18360.54
2024-06-26,Running Sports Shoes,Fashion,15,2114.72,31720.8
2024-06-26,Natural Aloe Vera Gel 200ml,Beauty,1,249.68,249.68
2024-06-26,Portable Phone Charger 20000mAh,Electronics,24,1602.7,38464.8
2024-06-26,Moisturising Sunscreen SPF50,Beauty,20,382.19,7643.8
2024-06-26,Scented Soy Wax Candle,Home & Living,14,362.72,5078.08
2024-06-26,USB-C Fast Charging Cable,Electronics,14,309.62,4334.68
2024-06-26,Natural Aloe Vera Gel 200ml,Beauty,24,228.48,5483.52
2024-06-26,Portable Phone Charger 20000mAh,Electronics,19,1543.81,29332.39
2024-06-26,USB-C Fast Charging Cable,Electronics,7,276.16,1933.12
2024-06-26,Scented Soy Wax Candle,Home & Living,11,345.09,3795.99
2024-06-26,Collagen Face Sheet Mask Pack,Beauty,14,211.52,2961.28
2024-06-26,Cotton Round Neck T-Shirt,Fashion,3,419.2,1257.6
2024-06-26,Under Eye Cream Dark Circles,Beauty,17,428.38,7282.46
2024-06-26,Mechanical Keyboard RGB,Electronics,1,2555.09,2555.09
2024-06-27,Casual Denim Jacket,Fashion,2,1478.33,2956.66
2024-06-27,Casual Denim Jacket,Fashion,25,1528.84,38221.0
2024-06-27,Smart LED Desk Lamp,Electronics,9,938.58,8447.22
2024-06-27,Stainless Steel Water Bottle 1L,Home & Living,5,479.86,2399.3
2024-06-27,Portable Phone Charger 20000mAh,Electronics,20,1456.77,29135.4
2024-06-27,Portable Phone Charger 20000mAh,Electronics,6,1571.85,9431.1
2024-06-27,Moisturising Sunscreen SPF50,Beauty,16,371.81,5948.96
2024-06-27,Running Sports Shoes,Fashion,22,1916.11,42154.42
2024-06-27,Under Eye Cream Dark Circles,Beauty,11,412.28,4535.08
2024-06-27,Vitamin C Face Serum 30ml,Beauty,22,731.09,16083.98
2024-06-27,Slim Fit Chino Pants,Fashion,18,946.95,17045.1
2024-06-27,Noise Cancelling Headphones,Electronics,18,3786.56,68158.08
2024-06-28,Stainless Steel Water Bottle 1L,Home & Living,15,537.23,8058.45
2024-06-28,Wireless Bluetooth Earbuds,Electronics,21,1235.07,25936.47
2024-06-28,Leather Wallet Slim,Fashion,25,616.14,15403.5
2024-06-28,Natural Aloe Vera Gel 200ml,Beauty,21,234.73,4929.33
2024-06-28,Under Eye Cream Dark Circles,Beauty,3,422.36,1267.08
2024-06-28,Memory Foam Pillow,Home & Living,16,911.14,14578.24
2024-06-28,Mechanical Keyboard RGB,Electronics,1,2540.74,2540.74
2024-06-28,Bamboo Cutting Board Set,Home & Living,6,635.67,3814.02
2024-06-28,Slim Fit Chino Pants,Fashion,6,851.27,5107.62
2024-06-28,Collagen Face Sheet Mask Pack,Beauty,20,211.73,4234.6
2024-06-29,Portable Phone Charger 20000mAh,Electronics,15,1422.94,21344.1
2024-06-29,Collagen Face Sheet Mask Pack,Beauty,21,202.2,4246.2
2024-06-29,Webcam HD 1080p,Electronics,19,1936.48,36793.12
2024-06-29,Wireless Bluetooth Earbuds,Electronics,3,1387.47,4162.41
2024-06-29,Leather Wallet Slim,Fashion,5,584.22,2921.1
2024-06-29,Non-Stick Frying Pan 26cm,Home & Living,18,752.07,13537.26
2024-06-29,Cotton Round Neck T-Shirt,Fashion,4,402.77,1611.08
2024-06-29,Moisturising Sunscreen SPF50,Beauty,11,370.01,4070.11
2024-06-29,Webcam HD 1080p,Electronics,25,1679.48,41987.0
2024-06-30,Under Eye Cream Dark Circles,Beauty,10,419.08,4190.8
2024-06-30,Smart LED Desk Lamp,Electronics,19,941.06,17880.14
2024-06-30,Leather Wallet Slim,Fashion,9,637.61,5738.49
2024-06-30,Memory Foam Pillow,Home & Living,10,935.52,9355.2
2024-06-30,Moisturising Sunscreen SPF50,Beauty,11,380.78,4188.58
2024-06-30,Scented Soy Wax Candle,Home & Living,13,364.46,4737.98
2024-06-30,Casual Denim Jacket,Fashion,5,1455.85,7279.25
2024-06-30,Non-Stick Frying Pan 26cm,Home & Living,25,839.88,20997.0
2024-06-30,Cotton Round Neck T-Shirt,Fashion,23,401.95,9244.85
2024-07-01,Stainless Steel Water Bottle 1L,Home & Living,20,534.41,10688.2
2024-07-01,Mechanical Keyboard RGB,Electronics,12,2344.22,28130.64
2024-07-01,Moisturising Sunscreen SPF50,Beauty,20,399.61,7992.2
2024-07-01,Slim Fit Chino Pants,Fashion,4,924.04,3696.16
2024-07-01,Cotton Round Neck T-Shirt,Fashion,20,412.12,8242.4
2024-07-01,Scented Soy Wax Candle,Home & Living,12,378.49,4541.88
2024-07-01,Noise Cancelling Headphones,Electronics,5,4047.98,20239.9
2024-07-01,Sunglasses UV400 Polarized,Fashion,23,745.01,17135.23
2024-07-01,Under Eye Cream Dark Circles,Beauty,4,446.16,1784.64
2024-07-01,Slim Fit Chino Pants,Fashion,25,931.02,23275.5
2024-07-01,Mechanical Keyboard RGB,Electronics,19,2448.21,46515.99
2024-07-01,Noise Cancelling Headphones,Electronics,10,4023.22,40232.2
2024-07-02,Scented Soy Wax Candle,Home & Living,5,374.99,1874.95
2024-07-02,Natural Aloe Vera Gel 200ml,Beauty,6,255.81,1534.86
2024-07-02,Sunglasses UV400 Polarized,Fashion,25,763.66,19091.5
2024-07-02,Non-Stick Frying Pan 26cm,Home & Living,20,818.76,16375.2
2024-07-02,Non-Stick Frying Pan 26cm,Home & Living,22,749.64,16492.08
2024-07-02,Under Eye Cream Dark Circles,Beauty,24,410.6,9854.4
2024-07-02,Portable Phone Charger 20000mAh,Electronics,8,1596.17,12769.36
2024-07-02,Natural Aloe Vera Gel 200ml,Beauty,4,245.65,982.6
2024-07-02,Running Sports Shoes,Fashion,7,2044.02,14308.14
2024-07-02,Moisturising Sunscreen SPF50,Beauty,7,390.29,2732.03
2024-07-02,USB-C Fast Charging Cable,Electronics,4,285.9,1143.6
2024-07-03,Leather Wallet Slim,Fashion,13,630.02,8190.26
2024-07-03,Webcam HD 1080p,Electronics,12,1726.67,20720.04
2024-07-03,Non-Stick Frying Pan 26cm,Home & Living,4,752.0,3008.0
2024-07-03,Noise Cancelling Headphones,Electronics,9,3770.44,33933.96
2024-07-03,Wireless Bluetooth Earbuds,Electronics,7,1364.06,9548.42
2024-07-03,Running Sports Shoes,Fashion,5,1902.72,9513.6
2024-07-03,Stainless Steel Water Bottle 1L,Home & Living,5,486.04,2430.2
2024-07-03,USB-C Fast Charging Cable,Electronics,15,302.72,4540.8
2024-07-03,Cotton Round Neck T-Shirt,Fashion,8,403.33,3226.64
2024-07-03,USB-C Fast Charging Cable,Electronics,19,286.26,5438.94
2024-07-04,Casual Denim Jacket,Fashion,15,1517.69,22765.35
2024-07-04,Noise Cancelling Headphones,Electronics,24,4043.91,97053.84
2024-07-04,Bamboo Cutting Board Set,Home & Living,7,592.53,4147.71
2024-07-04,Laptop Stand Adjustable,Electronics,11,1899.98,20899.78
2024-07-04,USB-C Fast Charging Cable,Electronics,25,313.37,7834.25
2024-07-04,Casual Denim Jacket,Fashion,25,1569.23,39230.75
2024-07-04,Bamboo Cutting Board Set,Home & Living,21,636.26,13361.46
2024-07-04,Noise Cancelling Headphones,Electronics,19,3715.78,70599.82
2024-07-04,Leather Wallet Slim,Fashion,1,609.43,609.43
2024-07-04,Running Sports Shoes,Fashion,3,2077.81,6233.43
2024-07-04,Natural Aloe Vera Gel 200ml,Beauty,14,258.47,3618.58
2024-07-04,Slim Fit Chino Pants,Fashion,23,901.12,20725.76
2024-07-04,Webcam HD 1080p,Electronics,1,1705.74,1705.74
2024-07-05,Collagen Face Sheet Mask Pack,Beauty,23,195.14,4488.22
2024-07-05,Noise Cancelling Headphones,Electronics,2,4021.42,8042.84
2024-07-05,Leather Wallet Slim,Fashion,11,637.38,7011.18
2024-07-05,Running Sports Shoes,Fashion,18,1967.48,35414.64
2024-07-05,Bamboo Cutting Board Set,Home & Living,23,557.17,12814.91
2024-07-05,Stainless Steel Water Bottle 1L,Home & Living,6,491.75,2950.5
2024-07-05,Sunglasses UV400 Polarized,Fashion,9,738.34,6645.06
2024-07-05,Slim Fit Chino Pants,Fashion,14,890.97,12473.58
2024-07-05,Vitamin C Face Serum 30ml,Beauty,2,715.87,1431.74
2024-07-05,Under Eye Cream Dark Circles,Beauty,13,441.15,5734.95
2024-07-05,Mechanical Keyboard RGB,Electronics,24,2661.68,63880.32
2024-07-06,Wireless Bluetooth Earbuds,Electronics,19,1382.36,26264.84
2024-07-06,Under Eye Cream Dark Circles,Beauty,25,466.63,11665.75
2024-07-06,Moisturising Sunscreen SPF50,Beauty,9,384.31,3458.79
2024-07-06,Casual Denim Jacket,Fashion,6,1463.0,8778.0
2024-07-06,Moisturising Sunscreen SPF50,Beauty,9,382.28,3440.52
2024-07-06,Under Eye Cream Dark Circles,Beauty,16,460.34,7365.44
2024-07-06,Smart LED Desk Lamp,Electronics,16,845.24,13523.84
2024-07-06,Portable Phone Charger 20000mAh,Electronics,13,1538.22,19996.86
2024-07-06,Portable Phone Charger 20000mAh,Electronics,13,1555.76,20224.88
2024-07-06,Leather Wallet Slim,Fashion,18,614.4,11059.2
2024-07-06,Vitamin C Face Serum 30ml,Beauty,24,733.6,17606.4
2024-07-06,Running Sports Shoes,Fashion,7,2126.25,14883.75
2024-07-07,Webcam HD 1080p,Electronics,10,1832.5,18325.0
2024-07-07,Moisturising Sunscreen SPF50,Beauty,21,398.82,8375.22
2024-07-07,Wireless Bluetooth Earbuds,Electronics,24,1224.15,29379.6
2024-07-07,Natural Aloe Vera Gel 200ml,Beauty,5,225.61,1128.05
2024-07-07,Memory Foam Pillow,Home & Living,5,880.4,4402.0
2024-07-07,Natural Aloe Vera Gel 200ml,Beauty,12,226.23,2714.76
2024-07-08,Casual Denim Jacket,Fashion,16,1435.75,22972.0
2024-07-08,Smart LED Desk Lamp,Electronics,24,881.7,21160.8
2024-07-08,Webcam HD 1080p,Electronics,10,1757.12,17571.2
2024-07-08,Non-Stick Frying Pan 26cm,Home & Living,1,782.8,782.8
2024-07-08,Smart LED Desk Lamp,Electronics,10,857.56,8575.6
2024-07-08,Smart LED Desk Lamp,Electronics,15,849.97,12749.55
2024-07-08,Noise Cancelling Headphones,Electronics,7,4242.4,29696.8
2024-07-08,Sunglasses UV400 Polarized,Fashion,17,796.82,13545.94
2024-07-08,Running Sports Shoes,Fashion,15,1985.11,29776.65
2024-07-08,Sunglasses UV400 Polarized,Fashion,24,761.75,18282.0
2024-07-09,Wireless Bluetooth Earbuds,Electronics,16,1308.94,20943.04
2024-07-09,Noise Cancelling Headphones,Electronics,23,3796.35,87316.05
2024-07-09,Wireless Bluetooth Earbuds,Electronics,18,1266.76,22801.68
2024-07-09,Natural Aloe Vera Gel 200ml,Beauty,3,238.6,715.8
2024-07-09,Casual Denim Jacket,Fashion,12,1440.39,17284.68
2024-07-09,Smart LED Desk Lamp,Electronics,24,950.94,22822.56
2024-07-09,Portable Phone Charger 20000mAh,Electronics,11,1495.9,16454.9
2024-07-10,Scented Soy Wax Candle,Home & Living,5,332.74,1663.7
2024-07-10,Cotton Round Neck T-Shirt,Fashion,20,378.82,7576.4
2024-07-10,Moisturising Sunscreen SPF50,Beauty,17,407.57,6928.69
2024-07-10,Moisturising Sunscreen SPF50,Beauty,14,400.76,5610.64
2024-07-10,Running Sports Shoes,Fashion,8,2096.06,16768.48
2024-07-10,USB-C Fast Charging Cable,Electronics,4,309.96,1239.84
2024-07-10,Natural Aloe Vera Gel 200ml,Beauty,19,263.81,5012.39
2024-07-10,Collagen Face Sheet Mask Pack,Beauty,23,183.22,4214.06
2024-07-10,Under Eye Cream Dark Circles,Beauty,13,438.42,5699.46
2024-07-10,Webcam HD 1080p,Electronics,15,1884.27,28264.05
2024-07-10,Memory Foam Pillow,Home & Living,12,905.85,10870.2
2024-07-10,Natural Aloe Vera Gel 200ml,Beauty,9,261.94,2357.46
2024-07-11,Portable Phone Charger 20000mAh,Electronics,3,1485.01,4455.03
2024-07-11,Under Eye Cream Dark Circles,Beauty,8,421.13,3369.04
2024-07-11,Webcam HD 1080p,Electronics,22,1736.65,38206.3
2024-07-11,Wireless Bluetooth Earbuds,Electronics,22,1295.0,28490.0
2024-07-11,Non-Stick Frying Pan 26cm,Home & Living,2,782.38,1564.76
2024-07-11,Slim Fit Chino Pants,Fashion,4,847.79,3391.16
2024-07-11,Slim Fit Chino Pants,Fashion,14,946.93,13257.02
2024-07-12,Vitamin C Face Serum 30ml,Beauty,7,724.3,5070.1
2024-07-12,Portable Phone Charger 20000mAh,Electronics,22,1609.73,35414.06
2024-07-12,Portable Phone Charger 20000mAh,Electronics,8,1534.66,12277.28
2024-07-12,Webcam HD 1080p,Electronics,11,1914.4,21058.4
2024-07-12,Running Sports Shoes,Fashion,17,1891.71,32159.07
2024-07-12,Wireless Bluetooth Earbuds,Electronics,1,1348.82,1348.82
2024-07-12,Laptop Stand Adjustable,Electronics,9,1896.86,17071.74
2024-07-12,Portable Phone Charger 20000mAh,Electronics,25,1401.03,35025.75
2024-07-12,Under Eye Cream Dark Circles,Beauty,10,455.52,4555.2
2024-07-12,Collagen Face Sheet Mask Pack,Beauty,11,204.39,2248.29
2024-07-12,Natural Aloe Vera Gel 200ml,Beauty,8,248.75,1990.0
2024-07-12,Vitamin C Face Serum 30ml,Beauty,6,745.49,4472.94
2024-07-12,Stainless Steel Water Bottle 1L,Home & Living,1,514.76,514.76
2024-07-13,Cotton Round Neck T-Shirt,Fashion,23,420.27,9666.21
2024-07-13,Wireless Bluetooth Earbuds,Electronics,10,1220.68,12206.8
2024-07-13,Non-Stick Frying Pan 26cm,Home & Living,13,742.93,9658.09
2024-07-13,Noise Cancelling Headphones,Electronics,21,4105.15,86208.15
2024-07-13,Cotton Round Neck T-Shirt,Fashion,20,411.53,8230.6
2024-07-13,Moisturising Sunscreen SPF50,Beauty,20,408.24,8164.8
2024-07-13,Wireless Bluetooth Earbuds,Electronics,15,1243.32,18649.8
2024-07-13,Leather Wallet Slim,Fashion,9,563.64,5072.76
2024-07-13,Webcam HD 1080p,Electronics,10,1790.6,17906.0
2024-07-13,Slim Fit Chino Pants,Fashion,14,916.72,12834.08
2024-07-13,Smart LED Desk Lamp,Electronics,4,899.08,3596.32
2024-07-13,Running Sports Shoes,Fashion,15,2068.0,31020.0
2024-07-13,Collagen Face Sheet Mask Pack,Beauty,8,196.3,1570.4
2024-07-13,Smart LED Desk Lamp,Electronics,17,885.79,15058.43
2024-07-14,Casual Denim Jacket,Fashion,19,1609.36,30577.84
2024-07-14,Casual Denim Jacket,Fashion,19,1362.51,25887.69
2024-07-14,Cotton Round Neck T-Shirt,Fashion,24,416.87,10004.88
2024-07-14,Leather Wallet Slim,Fashion,15,625.34,9380.1
2024-07-14,USB-C Fast Charging Cable,Electronics,18,291.44,5245.92
2024-07-14,Cotton Round Neck T-Shirt,Fashion,5,375.63,1878.15
2024-07-14,Noise Cancelling Headphones,Electronics,25,4337.5,108437.5
2024-07-14,Scented Soy Wax Candle,Home & Living,20,357.54,7150.8
2024-07-14,Moisturising Sunscreen SPF50,Beauty,14,393.97,5515.58
2024-07-14,Cotton Round Neck T-Shirt,Fashion,25,377.77,9444.25
2024-07-14,Smart LED Desk Lamp,Electronics,9,928.44,8355.96
2024-07-15,Bamboo Cutting Board Set,Home & Living,12,560.17,6722.04
2024-07-15,Portable Phone Charger 20000mAh,Electronics,23,1405.83,32334.09
2024-07-15,Non-Stick Frying Pan 26cm,Home & Living,1,755.41,755.41
2024-07-15,Webcam HD 1080p,Electronics,9,1702.67,15324.03
2024-07-15,USB-C Fast Charging Cable,Electronics,14,287.35,4022.9
2024-07-15,Sunglasses UV400 Polarized,Fashion,9,848.01,7632.09
2024-07-15,Webcam HD 1080p,Electronics,20,1738.56,34771.2
2024-07-15,Running Sports Shoes,Fashion,2,1933.51,3867.02
2024-07-15,Webcam HD 1080p,Electronics,14,1766.48,24730.72
2024-07-15,Mechanical Keyboard RGB,Electronics,4,2619.92,10479.68
2024-07-15,Stainless Steel Water Bottle 1L,Home & Living,15,502.45,7536.75
2024-07-15,Running Sports Shoes,Fashion,10,1973.54,19735.4
2024-07-15,Memory Foam Pillow,Home & Living,23,852.9,19616.7
2024-07-15,Slim Fit Chino Pants,Fashion,2,871.33,1742.66
2024-07-15,Stainless Steel Water Bottle 1L,Home & Living,19,476.57,9054.83
2024-07-16,Running Sports Shoes,Fashion,21,1929.45,40518.45
2024-07-16,Natural Aloe Vera Gel 200ml,Beauty,4,238.72,954.88
2024-07-16,Leather Wallet Slim,Fashion,20,608.58,12171.6
2024-07-16,Leather Wallet Slim,Fashion,20,592.74,11854.8
2024-07-16,Stainless Steel Water Bottle 1L,Home & Living,5,538.04,2690.2
2024-07-16,Mechanical Keyboard RGB,Electronics,1,2437.57,2437.57
2024-07-16,Smart LED Desk Lamp,Electronics,6,900.98,5405.88
2024-07-17,Slim Fit Chino Pants,Fashion,11,854.2,9396.2
2024-07-17,Noise Cancelling Headphones,Electronics,24,4105.78,98538.72
2024-07-17,Laptop Stand Adjustable,Electronics,19,1668.17,31695.23
2024-07-17,Slim Fit Chino Pants,Fashion,19,862.07,16379.33
2024-07-17,Cotton Round Neck T-Shirt,Fashion,22,394.07,8669.54
2024-07-17,Leather Wallet Slim,Fashion,7,618.28,4327.96
2024-07-18,Cotton Round Neck T-Shirt,Fashion,7,380.93,2666.51
2024-07-18,Collagen Face Sheet Mask Pack,Beauty,18,180.33,3245.94
2024-07-18,Webcam HD 1080p,Electronics,15,1798.79,26981.85
2024-07-18,Stainless Steel Water Bottle 1L,Home & Living,7,537.61,3763.27
2024-07-18,Stainless Steel Water Bottle 1L,Home & Living,5,471.09,2355.45
2024-07-18,Moisturising Sunscreen SPF50,Beauty,7,392.53,2747.71
2024-07-18,Smart LED Desk Lamp,Electronics,25,896.45,22411.25
2024-07-18,Smart LED Desk Lamp,Electronics,20,843.54,16870.8
2024-07-18,Non-Stick Frying Pan 26cm,Home & Living,8,813.28,6506.24
2024-07-18,Casual Denim Jacket,Fashion,19,1511.44,28717.36
2024-07-18,Laptop Stand Adjustable,Electronics,18,1876.67,33780.06
2024-07-18,Under Eye Cream Dark Circles,Beauty,8,465.22,3721.76
2024-07-18,Memory Foam Pillow,Home & Living,7,944.72,6613.04
2024-07-19,Vitamin C Face Serum 30ml,Beauty,2,714.93,1429.86
2024-07-19,Memory Foam Pillow,Home & Living,22,917.07,20175.54
2024-07-19,Wireless Bluetooth Earbuds,Electronics,10,1284.69,12846.9
2024-07-19,Webcam HD 1080p,Electronics,12,1710.47,20525.64
2024-07-19,Collagen Face Sheet Mask Pack,Beauty,8,210.17,1681.36
2024-07-20,Bamboo Cutting Board Set,Home & Living,25,625.86,15646.5
2024-07-20,Stainless Steel Water Bottle 1L,Home & Living,25,517.9,12947.5
2024-07-20,Natural Aloe Vera Gel 200ml,Beauty,25,221.19,5529.75
2024-07-20,Sunglasses UV400 Polarized,Fashion,25,814.45,20361.25
2024-07-21,USB-C Fast Charging Cable,Electronics,23,296.42,6817.66
2024-07-21,Sunglasses UV400 Polarized,Fashion,10,756.16,7561.6
2024-07-21,Portable Phone Charger 20000mAh,Electronics,21,1401.76,29436.96
2024-07-21,Smart LED Desk Lamp,Electronics,18,938.03,16884.54
2024-07-21,Smart LED Desk Lamp,Electronics,8,875.1,7000.8
2024-07-21,Noise Cancelling Headphones,Electronics,17,4132.54,70253.18
2024-07-21,Leather Wallet Slim,Fashion,25,566.52,14163.0
2024-07-21,Cotton Round Neck T-Shirt,Fashion,19,387.96,7371.24
2024-07-21,Stainless Steel Water Bottle 1L,Home & Living,23,532.1,12238.3
2024-07-21,Webcam HD 1080p,Electronics,23,1913.25,44004.75
2024-07-21,Mechanical Keyboard RGB,Electronics,25,2628.7,65717.5
2024-07-22,Under Eye Cream Dark Circles,Beauty,18,419.02,7542.36
2024-07-22,Noise Cancelling Headphones,Electronics,11,3893.32,42826.52
2024-07-22,Noise Cancelling Headphones,Electronics,12,4283.99,51407.88
2024-07-22,Webcam HD 1080p,Electronics,23,1701.76,39140.48
2024-07-22,Mechanical Keyboard RGB,Electronics,24,2456.95,58966.8
2024-07-22,Moisturising Sunscreen SPF50,Beauty,22,377.8,8311.6
2024-07-22,Casual Denim Jacket,Fashion,18,1351.22,24321.96
2024-07-22,Cotton Round Neck T-Shirt,Fashion,19,426.15,8096.85
2024-07-22,Bamboo Cutting Board Set,Home & Living,3,591.95,1775.85
2024-07-22,Collagen Face Sheet Mask Pack,Beauty,8,207.49,1659.92
2024-07-23,Sunglasses UV400 Polarized,Fashion,23,847.1,19483.3
2024-07-23,Collagen Face Sheet Mask Pack,Beauty,13,204.92,2663.96
2024-07-23,USB-C Fast Charging Cable,Electronics,16,314.81,5036.96
2024-07-23,Smart LED Desk Lamp,Electronics,13,915.9,11906.7
2024-07-23,Collagen Face Sheet Mask Pack,Beauty,7,193.88,1357.16
2024-07-23,Cotton Round Neck T-Shirt,Fashion,17,412.79,7017.43
2024-07-23,Wireless Bluetooth Earbuds,Electronics,24,1324.25,31782.0
2024-07-23,Webcam HD 1080p,Electronics,3,1678.98,5036.94
2024-07-23,Running Sports Shoes,Fashion,10,2138.38,21383.8
2024-07-24,Cotton Round Neck T-Shirt,Fashion,24,380.13,9123.12
2024-07-24,Noise Cancelling Headphones,Electronics,15,4227.2,63408.0
2024-07-24,Under Eye Cream Dark Circles,Beauty,6,437.68,2626.08
2024-07-24,Stainless Steel Water Bottle 1L,Home & Living,11,512.35,5635.85
2024-07-24,Noise Cancelling Headphones,Electronics,23,4172.23,95961.29
2024-07-24,Slim Fit Chino Pants,Fashion,18,907.51,16335.18
2024-07-24,Under Eye Cream Dark Circles,Beauty,4,419.62,1678.48
2024-07-24,Moisturising Sunscreen SPF50,Beauty,10,417.95,4179.5
2024-07-24,Webcam HD 1080p,Electronics,25,1746.24,43656.0
2024-07-24,Smart LED Desk Lamp,Electronics,23,925.04,21275.92
2024-07-24,Bamboo Cutting Board Set,Home & Living,23,550.86,12669.78
2024-07-24,Smart LED Desk Lamp,Electronics,11,933.0,10263.0
2024-07-25,Non-Stick Frying Pan 26cm,Home & Living,5,796.47,3982.35
2024-07-25,Memory Foam Pillow,Home & Living,6,852.97,5117.82
2024-07-25,Natural Aloe Vera Gel 200ml,Beauty,7,267.27,1870.89
2024-07-25,Mechanical Keyboard RGB,Electronics,24,2585.69,62056.56
2024-07-25,Cotton Round Neck T-Shirt,Fashion,16,392.1,6273.6
2024-07-25,Bamboo Cutting Board Set,Home & Living,24,599.28,14382.72
2024-07-26,Mechanical Keyboard RGB,Electronics,25,2392.37,59809.25
2024-07-26,Mechanical Keyboard RGB,Electronics,4,2444.08,9776.32
2024-07-26,Casual Denim Jacket,Fashion,10,1422.9,14229.0
2024-07-26,Collagen Face Sheet Mask Pack,Beauty,23,186.8,4296.4
2024-07-26,Sunglasses UV400 Polarized,Fashion,2,789.3,1578.6
2024-07-26,Laptop Stand Adjustable,Electronics,1,1922.73,1922.73
2024-07-26,Mechanical Keyboard RGB,Electronics,21,2633.56,55304.76
2024-07-26,Slim Fit Chino Pants,Fashion,5,965.83,4829.15
2024-07-26,Vitamin C Face Serum 30ml,Beauty,1,734.82,734.82
2024-07-26,Cotton Round Neck T-Shirt,Fashion,19,378.68,7194.92
2024-07-26,Sunglasses UV400 Polarized,Fashion,5,785.63,3928.15
2024-07-26,Moisturising Sunscreen SPF50,Beauty,4,414.26,1657.04
2024-07-26,Scented Soy Wax Candle,Home & Living,17,375.43,6382.31
2024-07-26,Webcam HD 1080p,Electronics,9,1795.55,16159.95
2024-07-26,Memory Foam Pillow,Home & Living,16,969.16,15506.56
2024-07-26,Noise Cancelling Headphones,Electronics,18,4155.41,74797.38
2024-07-26,Cotton Round Neck T-Shirt,Fashion,25,404.93,10123.25
2024-07-26,Leather Wallet Slim,Fashion,23,648.83,14923.09
2024-07-27,Mechanical Keyboard RGB,Electronics,20,2300.19,46003.8
2024-07-27,Bamboo Cutting Board Set,Home & Living,18,632.46,11384.28
2024-07-27,Bamboo Cutting Board Set,Home & Living,12,629.69,7556.28
2024-07-27,Bamboo Cutting Board Set,Home & Living,8,616.73,4933.84
2024-07-27,Wireless Bluetooth Earbuds,Electronics,15,1318.59,19778.85
2024-07-27,Stainless Steel Water Bottle 1L,Home & Living,20,505.57,10111.4
2024-07-27,Collagen Face Sheet Mask Pack,Beauty,16,211.38,3382.08
2024-07-27,Collagen Face Sheet Mask Pack,Beauty,23,193.13,4441.99
2024-07-27,Wireless Bluetooth Earbuds,Electronics,15,1289.0,19335.0
2024-07-27,Collagen Face Sheet Mask Pack,Beauty,14,184.98,2589.72
2024-07-27,Mechanical Keyboard RGB,Electronics,4,2690.25,10761.0
2024-07-27,Bamboo Cutting Board Set,Home & Living,17,577.1,9810.7
2024-07-27,Under Eye Cream Dark Circles,Beauty,13,422.58,5493.54
2024-07-27,Laptop Stand Adjustable,Electronics,11,1695.9,18654.9
2024-07-27,Mechanical Keyboard RGB,Electronics,5,2481.94,12409.7
2024-07-27,Under Eye Cream Dark Circles,Beauty,19,425.08,8076.52
2024-07-28,Laptop Stand Adjustable,Electronics,23,1913.4,44008.2
2024-07-28,Smart LED Desk Lamp,Electronics,21,940.46,19749.66
2024-07-28,Memory Foam Pillow,Home & Living,22,914.64,20122.08
2024-07-28,USB-C Fast Charging Cable,Electronics,17,260.47,4427.99
2024-07-28,Slim Fit Chino Pants,Fashion,14,850.73,11910.22
2024-07-28,USB-C Fast Charging Cable,Electronics,9,317.84,2860.56
2024-07-28,Mechanical Keyboard RGB,Electronics,22,2626.51,57783.22
2024-07-28,Natural Aloe Vera Gel 200ml,Beauty,3,221.08,663.24
2024-07-28,Sunglasses UV400 Polarized,Fashion,5,801.93,4009.65
2024-07-29,Wireless Bluetooth Earbuds,Electronics,24,1279.1,30698.4
2024-07-29,Scented Soy Wax Candle,Home & Living,8,335.61,2684.88
2024-07-29,Mechanical Keyboard RGB,Electronics,20,2602.23,52044.6
2024-07-29,Running Sports Shoes,Fashion,15,2039.15,30587.25
2024-07-29,Cotton Round Neck T-Shirt,Fashion,5,394.83,1974.15
2024-07-29,Laptop Stand Adjustable,Electronics,4,1709.05,6836.2
2024-07-29,Leather Wallet Slim,Fashion,22,565.22,12434.84
2024-07-29,Slim Fit Chino Pants,Fashion,16,846.59,13545.44
2024-07-29,Scented Soy Wax Candle,Home & Living,4,375.81,1503.24
2024-07-29,Smart LED Desk Lamp,Electronics,1,848.4,848.4
2024-07-30,Scented Soy Wax Candle,Home & Living,10,320.32,3203.2
2024-07-30,Slim Fit Chino Pants,Fashion,19,897.36,17049.84
2024-07-30,Non-Stick Frying Pan 26cm,Home & Living,13,859.2,11169.6
2024-07-30,Noise Cancelling Headphones,Electronics,16,3895.42,62326.72
2024-07-30,Bamboo Cutting Board Set,Home & Living,12,577.22,6926.64
2024-07-30,Under Eye Cream Dark Circles,Beauty,17,475.74,8087.58
2024-07-30,Mechanical Keyboard RGB,Electronics,23,2402.94,55267.62
2024-07-30,Moisturising Sunscreen SPF50,Beauty,11,424.31,4667.41
2024-07-30,Vitamin C Face Serum 30ml,Beauty,19,701.1,13320.9
2024-07-30,Portable Phone Charger 20000mAh,Electronics,9,1619.48,14575.32
2024-07-30,Slim Fit Chino Pants,Fashion,5,842.85,4214.25
2024-07-30,Memory Foam Pillow,Home & Living,23,879.76,20234.48
2024-07-31,Scented Soy Wax Candle,Home & Living,14,364.11,5097.54
2024-07-31,Under Eye Cream Dark Circles,Beauty,16,468.59,7497.44
2024-07-31,Casual Denim Jacket,Fashion,6,1441.56,8649.36
2024-07-31,Wireless Bluetooth Earbuds,Electronics,16,1367.9,21886.4
2024-07-31,Casual Denim Jacket,Fashion,6,1590.15,9540.9
2024-07-31,Bamboo Cutting Board Set,Home & Living,22,597.83,13152.26
2024-07-31,USB-C Fast Charging Cable,Electronics,20,323.23,6464.6
2024-07-31,Noise Cancelling Headphones,Electronics,18,4104.02,73872.36
2024-07-31,Moisturising Sunscreen SPF50,Beauty,6,385.1,2310.6
2024-07-31,Collagen Face Sheet Mask Pack,Beauty,5,180.02,900.1
2024-07-31,Casual Denim Jacket,Fashion,16,1355.87,21693.92
2024-08-01,Moisturising Sunscreen SPF50,Beauty,18,375.21,6753.78
2024-08-01,USB-C Fast Charging Cable,Electronics,3,285.15,855.45
2024-08-01,Scented Soy Wax Candle,Home & Living,10,330.67,3306.7
2024-08-01,Sunglasses UV400 Polarized,Fashion,1,842.7,842.7
2024-08-01,Noise Cancelling Headphones,Electronics,23,3933.33,90466.59
2024-08-01,Slim Fit Chino Pants,Fashion,22,961.71,21157.62
2024-08-01,Webcam HD 1080p,Electronics,9,1933.01,17397.09
2024-08-02,Smart LED Desk Lamp,Electronics,7,953.65,6675.55
2024-08-02,Stainless Steel Water Bottle 1L,Home & Living,3,485.76,1457.28
2024-08-02,Cotton Round Neck T-Shirt,Fashion,23,387.04,8901.92
2024-08-02,Noise Cancelling Headphones,Electronics,13,3701.12,48114.56
2024-08-02,Mechanical Keyboard RGB,Electronics,17,2641.99,44913.83
2024-08-02,Leather Wallet Slim,Fashion,18,550.37,9906.66
2024-08-02,Stainless Steel Water Bottle 1L,Home & Living,8,476.56,3812.48
2024-08-02,Noise Cancelling Headphones,Electronics,6,4257.24,25543.44
2024-08-02,Collagen Face Sheet Mask Pack,Beauty,7,211.91,1483.37
2024-08-02,Slim Fit Chino Pants,Fashion,14,911.6,12762.4
2024-08-02,Collagen Face Sheet Mask Pack,Beauty,22,213.05,4687.1
2024-08-02,Laptop Stand Adjustable,Electronics,18,1944.08,34993.44
2024-08-02,Casual Denim Jacket,Fashion,10,1573.46,15734.6
2024-08-03,Slim Fit Chino Pants,Fashion,17,831.27,14131.59
2024-08-03,Running Sports Shoes,Fashion,9,2057.74,18519.66
2024-08-03,USB-C Fast Charging Cable,Electronics,25,269.12,6728.0
2024-08-03,USB-C Fast Charging Cable,Electronics,18,308.34,5550.12
2024-08-04,Collagen Face Sheet Mask Pack,Beauty,12,206.9,2482.8
2024-08-04,Moisturising Sunscreen SPF50,Beauty,17,374.06,6359.02
2024-08-04,Portable Phone Charger 20000mAh,Electronics,19,1593.83,30282.77
2024-08-04,Laptop Stand Adjustable,Electronics,10,1843.06,18430.6
2024-08-04,Sunglasses UV400 Polarized,Fashion,8,817.68,6541.44
2024-08-04,Collagen Face Sheet Mask Pack,Beauty,24,182.57,4381.68
2024-08-04,Portable Phone Charger 20000mAh,Electronics,19,1443.41,27424.79
2024-08-04,Noise Cancelling Headphones,Electronics,14,4234.22,59279.08
2024-08-04,Sunglasses UV400 Polarized,Fashion,25,857.35,21433.75
2024-08-04,Casual Denim Jacket,Fashion,12,1388.81,16665.72
2024-08-05,Casual Denim Jacket,Fashion,2,1595.82,3191.64
2024-08-05,Memory Foam Pillow,Home & Living,19,906.48,17223.12
2024-08-05,Non-Stick Frying Pan 26cm,Home & Living,23,732.31,16843.13
2024-08-05,Running Sports Shoes,Fashion,15,1964.31,29464.65
2024-08-05,Smart LED Desk Lamp,Electronics,14,831.59,11642.26
2024-08-05,Wireless Bluetooth Earbuds,Electronics,7,1224.23,8569.61
2024-08-05,Bamboo Cutting Board Set,Home & Living,7,561.1,3927.7
2024-08-05,Wireless Bluetooth Earbuds,Electronics,22,1302.35,28651.7
2024-08-06,Natural Aloe Vera Gel 200ml,Beauty,14,250.68,3509.52
2024-08-06,Cotton Round Neck T-Shirt,Fashion,6,400.36,2402.16
2024-08-06,Vitamin C Face Serum 30ml,Beauty,20,643.83,12876.6
2024-08-06,USB-C Fast Charging Cable,Electronics,25,264.37,6609.25
2024-08-06,Mechanical Keyboard RGB,Electronics,14,2431.38,34039.32
2024-08-06,Mechanical Keyboard RGB,Electronics,5,2301.7,11508.5
2024-08-06,Sunglasses UV400 Polarized,Fashion,2,746.41,1492.82
2024-08-06,USB-C Fast Charging Cable,Electronics,18,292.82,5270.76
2024-08-06,Wireless Bluetooth Earbuds,Electronics,5,1306.17,6530.85
2024-08-06,USB-C Fast Charging Cable,Electronics,17,266.59,4532.03
2024-08-06,Non-Stick Frying Pan 26cm,Home & Living,24,760.81,18259.44
2024-08-07,Webcam HD 1080p,Electronics,10,1829.86,18298.6
2024-08-07,Collagen Face Sheet Mask Pack,Beauty,13,188.97,2456.61
2024-08-07,Cotton Round Neck T-Shirt,Fashion,4,429.06,1716.24
2024-08-07,Vitamin C Face Serum 30ml,Beauty,22,707.73,15570.06
2024-08-07,Mechanical Keyboard RGB,Electronics,1,2664.75,2664.75
2024-08-07,Bamboo Cutting Board Set,Home & Living,18,555.93,10006.74
2024-08-07,Sunglasses UV400 Polarized,Fashion,9,767.95,6911.55
2024-08-07,Wireless Bluetooth Earbuds,Electronics,19,1354.88,25742.72
2024-08-07,Bamboo Cutting Board Set,Home & Living,19,576.24,10948.56
2024-08-07,Webcam HD 1080p,Electronics,21,1796.63,37729.23
2024-08-08,Vitamin C Face Serum 30ml,Beauty,4,720.04,2880.16
2024-08-08,Portable Phone Charger 20000mAh,Electronics,17,1404.01,23868.17
2024-08-08,Collagen Face Sheet Mask Pack,Beauty,4,186.2,744.8
2024-08-08,Sunglasses UV400 Polarized,Fashion,13,849.57,11044.41
2024-08-08,Sunglasses UV400 Polarized,Fashion,6,811.3,4867.8
2024-08-08,Portable Phone Charger 20000mAh,Electronics,14,1556.3,21788.2
2024-08-08,Portable Phone Charger 20000mAh,Electronics,6,1459.99,8759.94
2024-08-08,Noise Cancelling Headphones,Electronics,6,4308.21,25849.26
2024-08-08,Leather Wallet Slim,Fashion,2,588.58,1177.16
2024-08-08,Webcam HD 1080p,Electronics,19,1923.26,36541.94
2024-08-08,USB-C Fast Charging Cable,Electronics,10,306.01,3060.1
2024-08-08,Cotton Round Neck T-Shirt,Fashion,12,375.03,4500.36
2024-08-09,Casual Denim Jacket,Fashion,15,1504.67,22570.05
2024-08-09,Slim Fit Chino Pants,Fashion,10,969.21,9692.1
2024-08-09,Laptop Stand Adjustable,Electronics,25,1869.03,46725.75
2024-08-09,Casual Denim Jacket,Fashion,2,1374.24,2748.48
2024-08-09,Wireless Bluetooth Earbuds,Electronics,10,1299.37,12993.7
2024-08-09,Non-Stick Frying Pan 26cm,Home & Living,3,858.79,2576.37
2024-08-09,Webcam HD 1080p,Electronics,10,1747.01,17470.1
2024-08-09,Leather Wallet Slim,Fashion,7,614.83,4303.81
2024-08-09,Running Sports Shoes,Fashion,25,2030.29,50757.25
2024-08-09,Natural Aloe Vera Gel 200ml,Beauty,25,226.3,5657.5
2024-08-09,Mechanical Keyboard RGB,Electronics,10,2436.5,24365.0
2024-08-09,Stainless Steel Water Bottle 1L,Home & Living,14,469.0,6566.0
2024-08-09,Running Sports Shoes,Fashion,20,1850.91,37018.2
2024-08-10,Laptop Stand Adjustable,Electronics,3,1822.73,5468.19
2024-08-10,USB-C Fast Charging Cable,Electronics,23,319.71,7353.33
2024-08-10,Under Eye Cream Dark Circles,Beauty,4,464.02,1856.08
2024-08-10,Wireless Bluetooth Earbuds,Electronics,25,1284.73,32118.25
2024-08-10,Moisturising Sunscreen SPF50,Beauty,19,407.54,7743.26
2024-08-10,Under Eye Cream Dark Circles,Beauty,11,466.37,5130.07
2024-08-10,Leather Wallet Slim,Fashion,12,556.14,6673.68
2024-08-10,Leather Wallet Slim,Fashion,25,614.81,15370.25
2024-08-10,USB-C Fast Charging Cable,Electronics,18,282.97,5093.46
2024-08-10,Portable Phone Charger 20000mAh,Electronics,23,1431.41,32922.43
2024-08-11,Moisturising Sunscreen SPF50,Beauty,19,410.66,7802.54
2024-08-11,USB-C Fast Charging Cable,Electronics,19,296.92,5641.48
2024-08-11,Under Eye Cream Dark Circles,Beauty,13,410.64,5338.32
2024-08-11,Vitamin C Face Serum 30ml,Beauty,8,669.03,5352.24
2024-08-11,Non-Stick Frying Pan 26cm,Home & Living,25,744.39,18609.75
2024-08-11,USB-C Fast Charging Cable,Electronics,19,271.53,5159.07
2024-08-11,Natural Aloe Vera Gel 200ml,Beauty,24,268.28,6438.72
2024-08-11,Mechanical Keyboard RGB,Electronics,25,2531.06,63276.5
2024-08-11,Mechanical Keyboard RGB,Electronics,2,2620.74,5241.48
2024-08-11,Portable Phone Charger 20000mAh,Electronics,11,1602.93,17632.23
2024-08-12,Noise Cancelling Headphones,Electronics,15,3771.48,56572.2
2024-08-12,Non-Stick Frying Pan 26cm,Home & Living,17,782.69,13305.73
2024-08-12,Non-Stick Frying Pan 26cm,Home & Living,19,829.16,15754.04
2024-08-12,Moisturising Sunscreen SPF50,Beauty,7,388.77,2721.39
2024-08-12,Moisturising Sunscreen SPF50,Beauty,22,381.46,8392.12
2024-08-12,Webcam HD 1080p,Electronics,16,1678.47,26855.52
2024-08-12,Smart LED Desk Lamp,Electronics,23,931.13,21415.99
2024-08-12,Slim Fit Chino Pants,Fashion,6,905.82,5434.92
2024-08-12,Vitamin C Face Serum 30ml,Beauty,23,681.45,15673.35
2024-08-12,Smart LED Desk Lamp,Electronics,6,880.36,5282.16
2024-08-12,Casual Denim Jacket,Fashion,1,1540.78,1540.78
2024-08-13,Cotton Round Neck T-Shirt,Fashion,8,383.17,3065.36
2024-08-13,Webcam HD 1080p,Electronics,9,1847.76,16629.84
2024-08-13,Sunglasses UV400 Polarized,Fashion,9,809.6,7286.4
2024-08-13,Non-Stick Frying Pan 26cm,Home & Living,25,801.74,20043.5
2024-08-13,Bamboo Cutting Board Set,Home & Living,4,637.81,2551.24
2024-08-13,Laptop Stand Adjustable,Electronics,9,1817.06,16353.54
2024-08-13,Casual Denim Jacket,Fashion,22,1445.82,31808.04
2024-08-13,Under Eye Cream Dark Circles,Beauty,9,419.74,3777.66
2024-08-13,Slim Fit Chino Pants,Fashion,12,926.85,11122.2
2024-08-13,Casual Denim Jacket,Fashion,14,1418.45,19858.3
2024-08-13,Bamboo Cutting Board Set,Home & Living,7,608.04,4256.28
2024-08-13,Collagen Face Sheet Mask Pack,Beauty,16,187.69,3003.04
2024-08-13,Mechanical Keyboard RGB,Electronics,19,2390.08,45411.52
2024-08-14,Scented Soy Wax Candle,Home & Living,1,357.59,357.59
2024-08-14,Leather Wallet Slim,Fashion,23,602.09,13848.07
2024-08-14,Noise Cancelling Headphones,Electronics,21,4019.86,84417.06
2024-08-14,Noise Cancelling Headphones,Electronics,22,4208.26,92581.72
2024-08-14,Running Sports Shoes,Fashion,18,2114.6,38062.8
2024-08-14,Noise Cancelling Headphones,Electronics,6,3750.83,22504.98
2024-08-14,Cotton Round Neck T-Shirt,Fashion,21,389.97,8189.37
2024-08-14,Casual Denim Jacket,Fashion,17,1461.78,24850.26
2024-08-14,Non-Stick Frying Pan 26cm,Home & Living,25,765.61,19140.25
2024-08-14,Cotton Round Neck T-Shirt,Fashion,20,411.84,8236.8
2024-08-14,Moisturising Sunscreen SPF50,Beauty,9,413.6,3722.4
2024-08-15,Portable Phone Charger 20000mAh,Electronics,19,1546.19,29377.61
2024-08-15,Portable Phone Charger 20000mAh,Electronics,12,1519.36,18232.32
2024-08-15,Mechanical Keyboard RGB,Electronics,14,2634.89,36888.46
2024-08-15,Memory Foam Pillow,Home & Living,19,914.27,17371.13
2024-08-15,Portable Phone Charger 20000mAh,Electronics,12,1461.74,17540.88
2024-08-15,Scented Soy Wax Candle,Home & Living,13,351.26,4566.38
2024-08-15,Moisturising Sunscreen SPF50,Beauty,20,383.23,7664.6
2024-08-15,Portable Phone Charger 20000mAh,Electronics,24,1493.72,35849.28
2024-08-15,Smart LED Desk Lamp,Electronics,5,954.0,4770.0
2024-08-15,Wireless Bluetooth Earbuds,Electronics,3,1366.41,4099.23
2024-08-15,Stainless Steel Water Bottle 1L,Home & Living,14,527.3,7382.2
2024-08-16,Laptop Stand Adjustable,Electronics,22,1713.31,37692.82
2024-08-16,Memory Foam Pillow,Home & Living,1,933.78,933.78
2024-08-16,Natural Aloe Vera Gel 200ml,Beauty,17,244.33,4153.61
2024-08-16,Scented Soy Wax Candle,Home & Living,23,379.07,8718.61
2024-08-16,Running Sports Shoes,Fashion,19,2047.33,38899.27
2024-08-16,Sunglasses UV400 Polarized,Fashion,22,769.33,16925.26
2024-08-16,Bamboo Cutting Board Set,Home & Living,18,592.67,10668.06
2024-08-16,Sunglasses UV400 Polarized,Fashion,17,791.44,13454.48
2024-08-16,Casual Denim Jacket,Fashion,5,1514.21,7571.05
2024-08-16,Running Sports Shoes,Fashion,6,2005.11,12030.66
2024-08-16,Collagen Face Sheet Mask Pack,Beauty,23,186.99,4300.77
2024-08-16,Collagen Face Sheet Mask Pack,Beauty,9,213.42,1920.78
2024-08-17,Moisturising Sunscreen SPF50,Beauty,3,426.47,1279.41
2024-08-17,Webcam HD 1080p,Electronics,8,1730.32,13842.56
2024-08-17,Scented Soy Wax Candle,Home & Living,14,353.74,4952.36
2024-08-17,Cotton Round Neck T-Shirt,Fashion,11,372.8,4100.8
2024-08-17,Moisturising Sunscreen SPF50,Beauty,18,377.87,6801.66
2024-08-17,Noise Cancelling Headphones,Electronics,13,3723.36,48403.68
2024-08-17,Memory Foam Pillow,Home & Living,16,898.7,14379.2
2024-08-17,Collagen Face Sheet Mask Pack,Beauty,3,206.47,619.41
2024-08-17,Scented Soy Wax Candle,Home & Living,22,352.12,7746.64
2024-08-17,Smart LED Desk Lamp,Electronics,20,909.75,18195.0
2024-08-17,Wireless Bluetooth Earbuds,Electronics,3,1311.41,3934.23
2024-08-17,Running Sports Shoes,Fashion,19,2095.47,39813.93
2024-08-17,Leather Wallet Slim,Fashion,2,581.77,1163.54
2024-08-17,Collagen Face Sheet Mask Pack,Beauty,6,188.0,1128.0
2024-08-18,Portable Phone Charger 20000mAh,Electronics,22,1435.47,31580.34
2024-08-18,Scented Soy Wax Candle,Home & Living,21,326.34,6853.14
2024-08-18,Cotton Round Neck T-Shirt,Fashion,25,428.29,10707.25
2024-08-18,Wireless Bluetooth Earbuds,Electronics,8,1224.0,9792.0
2024-08-18,Noise Cancelling Headphones,Electronics,10,4211.62,42116.2
2024-08-19,Portable Phone Charger 20000mAh,Electronics,19,1463.09,27798.71
2024-08-19,Slim Fit Chino Pants,Fashion,8,841.18,6729.44
2024-08-19,Moisturising Sunscreen SPF50,Beauty,16,379.79,6076.64
2024-08-19,Smart LED Desk Lamp,Electronics,5,904.47,4522.35
2024-08-19,Laptop Stand Adjustable,Electronics,24,1754.03,42096.72
2024-08-19,Scented Soy Wax Candle,Home & Living,20,344.86,6897.2
2024-08-19,Leather Wallet Slim,Fashion,7,570.39,3992.73
2024-08-19,Smart LED Desk Lamp,Electronics,8,871.41,6971.28
2024-08-19,Under Eye Cream Dark Circles,Beauty,7,419.76,2938.32
2024-08-20,Portable Phone Charger 20000mAh,Electronics,14,1422.59,19916.26
2024-08-20,Wireless Bluetooth Earbuds,Electronics,23,1211.17,27856.91
2024-08-20,Casual Denim Jacket,Fashion,17,1406.07,23903.19
2024-08-20,USB-C Fast Charging Cable,Electronics,7,277.36,1941.52
2024-08-20,Webcam HD 1080p,Electronics,11,1939.22,21331.42
2024-08-20,Vitamin C Face Serum 30ml,Beauty,18,717.25,12910.5
2024-08-20,Non-Stick Frying Pan 26cm,Home & Living,1,800.09,800.09
2024-08-20,Moisturising Sunscreen SPF50,Beauty,18,393.77,7087.86
2024-08-20,Vitamin C Face Serum 30ml,Beauty,18,731.36,13164.48
2024-08-20,Wireless Bluetooth Earbuds,Electronics,23,1386.1,31880.3
2024-08-20,Running Sports Shoes,Fashion,19,1858.04,35302.76
2024-08-20,Scented Soy Wax Candle,Home & Living,20,346.76,6935.2
2024-08-21,Under Eye Cream Dark Circles,Beauty,3,419.52,1258.56
2024-08-21,Leather Wallet Slim,Fashion,1,648.82,648.82
2024-08-21,Smart LED Desk Lamp,Electronics,12,938.93,11267.16
2024-08-21,Leather Wallet Slim,Fashion,2,593.62,1187.24
2024-08-21,Casual Denim Jacket,Fashion,15,1504.64,22569.6
2024-08-21,Webcam HD 1080p,Electronics,14,1849.92,25898.88
2024-08-21,Running Sports Shoes,Fashion,3,1964.68,5894.04
2024-08-22,Scented Soy Wax Candle,Home & Living,7,366.68,2566.76
2024-08-22,Laptop Stand Adjustable,Electronics,19,1760.72,33453.68
2024-08-22,Leather Wallet Slim,Fashion,2,566.18,1132.36
2024-08-22,Slim Fit Chino Pants,Fashion,1,836.7,836.7
2024-08-22,Casual Denim Jacket,Fashion,14,1431.8,20045.2
2024-08-22,Mechanical Keyboard RGB,Electronics,11,2540.79,27948.69
2024-08-22,Portable Phone Charger 20000mAh,Electronics,5,1474.91,7374.55
2024-08-23,Running Sports Shoes,Fashion,23,1938.07,44575.61
2024-08-23,Casual Denim Jacket,Fashion,5,1586.05,7930.25
2024-08-23,Vitamin C Face Serum 30ml,Beauty,22,723.7,15921.4
2024-08-23,Running Sports Shoes,Fashion,19,2012.45,38236.55
2024-08-23,Cotton Round Neck T-Shirt,Fashion,12,416.66,4999.92
2024-08-23,Running Sports Shoes,Fashion,23,2127.26,48926.98
2024-08-23,Collagen Face Sheet Mask Pack,Beauty,9,196.25,1766.25
2024-08-23,Wireless Bluetooth Earbuds,Electronics,10,1337.4,13374.0
2024-08-23,Under Eye Cream Dark Circles,Beauty,1,451.5,451.5
2024-08-23,Sunglasses UV400 Polarized,Fashion,17,836.52,14220.84
2024-08-23,Mechanical Keyboard RGB,Electronics,4,2393.02,9572.08
2024-08-23,Natural Aloe Vera Gel 200ml,Beauty,11,225.29,2478.19
2024-08-24,Bamboo Cutting Board Set,Home & Living,13,632.38,8220.94
2024-08-24,Cotton Round Neck T-Shirt,Fashion,25,424.26,10606.5
2024-08-24,Portable Phone Charger 20000mAh,Electronics,1,1450.69,1450.69
2024-08-24,Under Eye Cream Dark Circles,Beauty,6,459.86,2759.16
2024-08-24,Under Eye Cream Dark Circles,Beauty,13,429.63,5585.19
2024-08-24,Laptop Stand Adjustable,Electronics,20,1882.8,37656.0
2024-08-24,Smart LED Desk Lamp,Electronics,2,878.73,1757.46
2024-08-24,Casual Denim Jacket,Fashion,12,1403.48,16841.76
2024-08-24,Memory Foam Pillow,Home & Living,3,851.43,2554.29
2024-08-25,Memory Foam Pillow,Home & Living,8,901.95,7215.6
2024-08-25,Stainless Steel Water Bottle 1L,Home & Living,18,475.83,8564.94
2024-08-25,Leather Wallet Slim,Fashion,25,595.13,14878.25
2024-08-25,Natural Aloe Vera Gel 200ml,Beauty,11,225.55,2481.05
2024-08-25,Natural Aloe Vera Gel 200ml,Beauty,15,222.57,3338.55
2024-08-25,Mechanical Keyboard RGB,Electronics,2,2622.88,5245.76
2024-08-25,Leather Wallet Slim,Fashion,22,636.78,14009.16
2024-08-25,Scented Soy Wax Candle,Home & Living,4,346.51,1386.04
2024-08-25,USB-C Fast Charging Cable,Electronics,12,269.59,3235.08
2024-08-26,Cotton Round Neck T-Shirt,Fashion,13,416.93,5420.09
2024-08-26,Running Sports Shoes,Fashion,7,1974.76,13823.32
2024-08-26,Collagen Face Sheet Mask Pack,Beauty,8,188.43,1507.44
2024-08-26,Running Sports Shoes,Fashion,10,1893.73,18937.3
2024-08-26,Portable Phone Charger 20000mAh,Electronics,19,1457.87,27699.53
2024-08-26,Vitamin C Face Serum 30ml,Beauty,24,692.89,16629.36
2024-08-26,Natural Aloe Vera Gel 200ml,Beauty,17,269.01,4573.17
2024-08-26,Wireless Bluetooth Earbuds,Electronics,13,1230.35,15994.55
2024-08-26,Stainless Steel Water Bottle 1L,Home & Living,21,502.68,10556.28
2024-08-26,Smart LED Desk Lamp,Electronics,4,889.91,3559.64
2024-08-26,Mechanical Keyboard RGB,Electronics,2,2656.62,5313.24
2024-08-26,Webcam HD 1080p,Electronics,1,1913.64,1913.64
2024-08-26,USB-C Fast Charging Cable,Electronics,4,323.99,1295.96
2024-08-26,Memory Foam Pillow,Home & Living,24,898.11,21554.64
2024-08-26,Moisturising Sunscreen SPF50,Beauty,10,378.77,3787.7
2024-08-27,Sunglasses UV400 Polarized,Fashion,20,803.56,16071.2
2024-08-27,Slim Fit Chino Pants,Fashion,20,871.05,17421.0
2024-08-27,Noise Cancelling Headphones,Electronics,24,4146.53,99516.72
2024-08-27,Leather Wallet Slim,Fashion,3,562.95,1688.85
2024-08-27,Stainless Steel Water Bottle 1L,Home & Living,13,484.62,6300.06
2024-08-27,Scented Soy Wax Candle,Home & Living,6,379.95,2279.7
2024-08-28,Cotton Round Neck T-Shirt,Fashion,8,419.74,3357.92
2024-08-28,Non-Stick Frying Pan 26cm,Home & Living,2,819.23,1638.46
2024-08-28,Noise Cancelling Headphones,Electronics,12,3728.3,44739.6
2024-08-28,Slim Fit Chino Pants,Fashion,4,964.54,3858.16
2024-08-28,Natural Aloe Vera Gel 200ml,Beauty,4,254.28,1017.12
2024-08-28,Laptop Stand Adjustable,Electronics,18,1829.84,32937.12
2024-08-28,Memory Foam Pillow,Home & Living,20,841.12,16822.4
2024-08-28,Laptop Stand Adjustable,Electronics,13,1662.76,21615.88
2024-08-29,Moisturising Sunscreen SPF50,Beauty,16,410.47,6567.52
2024-08-29,Cotton Round Neck T-Shirt,Fashion,18,374.89,6748.02
2024-08-29,Mechanical Keyboard RGB,Electronics,4,2344.67,9378.68
2024-08-29,Slim Fit Chino Pants,Fashion,19,852.21,16191.99
2024-08-29,Smart LED Desk Lamp,Electronics,6,865.28,5191.68
2024-08-29,Casual Denim Jacket,Fashion,25,1569.26,39231.5
2024-08-29,Moisturising Sunscreen SPF50,Beauty,3,406.93,1220.79
2024-08-30,Cotton Round Neck T-Shirt,Fashion,5,414.98,2074.9
2024-08-30,Noise Cancelling Headphones,Electronics,12,4055.95,48671.4
2024-08-30,Smart LED Desk Lamp,Electronics,19,932.17,17711.23
2024-08-30,Running Sports Shoes,Fashion,11,2023.22,22255.42
2024-08-30,Mechanical Keyboard RGB,Electronics,1,2537.96,2537.96
2024-08-30,Portable Phone Charger 20000mAh,Electronics,13,1497.08,19462.04
2024-08-30,USB-C Fast Charging Cable,Electronics,21,311.89,6549.69
2024-08-30,Collagen Face Sheet Mask Pack,Beauty,20,186.76,3735.2
2024-08-30,Vitamin C Face Serum 30ml,Beauty,24,738.01,17712.24
2024-08-30,Sunglasses UV400 Polarized,Fashion,20,814.77,16295.4
2024-08-31,Mechanical Keyboard RGB,Electronics,22,2331.15,51285.3
2024-08-31,Stainless Steel Water Bottle 1L,Home & Living,3,493.44,1480.32
2024-08-31,Smart LED Desk Lamp,Electronics,23,868.57,19977.11
2024-08-31,Laptop Stand Adjustable,Electronics,4,1872.75,7491.0
2024-08-31,Vitamin C Face Serum 30ml,Beauty,13,736.83,9578.79
2024-08-31,Sunglasses UV400 Polarized,Fashion,3,855.31,2565.93
2024-08-31,Portable Phone Charger 20000mAh,Electronics,14,1609.62,22534.68
2024-09-01,Vitamin C Face Serum 30ml,Beauty,7,682.6,4778.2
2024-09-01,Mechanical Keyboard RGB,Electronics,18,2385.58,42940.44
2024-09-01,USB-C Fast Charging Cable,Electronics,2,288.01,576.02
2024-09-01,Portable Phone Charger 20000mAh,Electronics,25,1493.23,37330.75
2024-09-01,Stainless Steel Water Bottle 1L,Home & Living,25,469.09,11727.25
2024-09-01,Vitamin C Face Serum 30ml,Beauty,24,668.72,16049.28
2024-09-01,Wireless Bluetooth Earbuds,Electronics,17,1396.22,23735.74
2024-09-01,Slim Fit Chino Pants,Fashion,7,885.0,6195.0
2024-09-01,Slim Fit Chino Pants,Fashion,14,929.8,13017.2
2024-09-01,Laptop Stand Adjustable,Electronics,18,1755.75,31603.5
2024-09-02,Scented Soy Wax Candle,Home & Living,20,348.01,6960.2
2024-09-02,Non-Stick Frying Pan 26cm,Home & Living,15,814.08,12211.2
2024-09-02,Scented Soy Wax Candle,Home & Living,23,336.16,7731.68
2024-09-02,Cotton Round Neck T-Shirt,Fashion,4,415.93,1663.72
2024-09-02,Moisturising Sunscreen SPF50,Beauty,14,392.19,5490.66
2024-09-02,Stainless Steel Water Bottle 1L,Home & Living,21,490.41,10298.61
2024-09-02,Natural Aloe Vera Gel 200ml,Beauty,18,252.32,4541.76
2024-09-02,Wireless Bluetooth Earbuds,Electronics,7,1311.32,9179.24
2024-09-02,Under Eye Cream Dark Circles,Beauty,14,438.09,6133.26
2024-09-02,Casual Denim Jacket,Fashion,7,1498.52,10489.64
2024-09-02,Laptop Stand Adjustable,Electronics,24,1662.78,39906.72
2024-09-03,Wireless Bluetooth Earbuds,Electronics,14,1281.25,17937.5
2024-09-03,USB-C Fast Charging Cable,Electronics,6,312.9,1877.4
2024-09-03,Leather Wallet Slim,Fashion,5,576.48,2882.4
2024-09-03,Noise Cancelling Headphones,Electronics,7,3777.45,26442.15
2024-09-03,Leather Wallet Slim,Fashion,8,600.47,4803.76
2024-09-03,Cotton Round Neck T-Shirt,Fashion,19,381.3,7244.7
2024-09-03,Noise Cancelling Headphones,Electronics,16,4278.87,68461.92
2024-09-03,Leather Wallet Slim,Fashion,17,558.18,9489.06
2024-09-03,Moisturising Sunscreen SPF50,Beauty,3,398.37,1195.11
2024-09-03,Mechanical Keyboard RGB,Electronics,4,2386.08,9544.32
2024-09-03,Collagen Face Sheet Mask Pack,Beauty,24,211.02,5064.48
2024-09-03,Cotton Round Neck T-Shirt,Fashion,24,385.54,9252.96
2024-09-03,Cotton Round Neck T-Shirt,Fashion,11,426.99,4696.89
2024-09-04,Natural Aloe Vera Gel 200ml,Beauty,23,233.3,5365.9
2024-09-04,Casual Denim Jacket,Fashion,16,1618.94,25903.04
2024-09-04,Sunglasses UV400 Polarized,Fashion,17,765.48,13013.16
2024-09-04,Webcam HD 1080p,Electronics,5,1905.27,9526.35
2024-09-04,Non-Stick Frying Pan 26cm,Home & Living,1,758.08,758.08
2024-09-04,Wireless Bluetooth Earbuds,Electronics,9,1319.98,11879.82
2024-09-04,Bamboo Cutting Board Set,Home & Living,14,638.6,8940.4
2024-09-04,Noise Cancelling Headphones,Electronics,19,3862.41,73385.79
2024-09-04,Portable Phone Charger 20000mAh,Electronics,20,1481.22,29624.4
2024-09-04,Laptop Stand Adjustable,Electronics,18,1778.68,32016.24
2024-09-04,Non-Stick Frying Pan 26cm,Home & Living,6,755.94,4535.64
2024-09-04,Smart LED Desk Lamp,Electronics,7,940.11,6580.77
2024-09-04,Slim Fit Chino Pants,Fashion,16,955.87,15293.92
2024-09-04,Stainless Steel Water Bottle 1L,Home & Living,9,533.29,4799.61
2024-09-05,Bamboo Cutting Board Set,Home & Living,18,573.63,10325.34
2024-09-05,Collagen Face Sheet Mask Pack,Beauty,3,197.9,593.7
2024-09-05,Slim Fit Chino Pants,Fashion,14,871.25,12197.5
2024-09-05,Vitamin C Face Serum 30ml,Beauty,4,738.9,2955.6
2024-09-05,Scented Soy Wax Candle,Home & Living,15,362.53,5437.95
2024-09-05,Running Sports Shoes,Fashion,12,2139.62,25675.44
2024-09-05,Collagen Face Sheet Mask Pack,Beauty,14,187.52,2625.28
2024-09-05,Non-Stick Frying Pan 26cm,Home & Living,14,749.08,10487.12
2024-09-06,USB-C Fast Charging Cable,Electronics,8,275.38,2203.04
2024-09-06,Non-Stick Frying Pan 26cm,Home & Living,14,763.44,10688.16
2024-09-06,Mechanical Keyboard RGB,Electronics,12,2444.43,29333.16
2024-09-06,Smart LED Desk Lamp,Electronics,20,855.29,17105.8
2024-09-06,Mechanical Keyboard RGB,Electronics,12,2457.08,29484.96
2024-09-06,Webcam HD 1080p,Electronics,10,1844.11,18441.1
2024-09-06,Slim Fit Chino Pants,Fashion,9,888.21,7993.89
2024-09-06,Memory Foam Pillow,Home & Living,5,858.12,4290.6
2024-09-06,Bamboo Cutting Board Set,Home & Living,15,574.74,8621.1
2024-09-06,Natural Aloe Vera Gel 200ml,Beauty,20,265.02,5300.4
2024-09-06,Slim Fit Chino Pants,Fashion,22,865.27,19035.94
2024-09-06,Leather Wallet Slim,Fashion,16,576.08,9217.28
2024-09-07,Noise Cancelling Headphones,Electronics,13,3971.9,51634.7
2024-09-07,Natural Aloe Vera Gel 200ml,Beauty,15,232.42,3486.3
2024-09-07,Memory Foam Pillow,Home & Living,15,945.07,14176.05
2024-09-07,Portable Phone Charger 20000mAh,Electronics,4,1599.18,6396.72
2024-09-07,Leather Wallet Slim,Fashion,13,560.84,7290.92
2024-09-07,Casual Denim Jacket,Fashion,11,1545.4,16999.4
2024-09-07,Under Eye Cream Dark Circles,Beauty,15,444.12,6661.8
2024-09-07,Noise Cancelling Headphones,Electronics,10,4306.66,43066.6
2024-09-07,Non-Stick Frying Pan 26cm,Home & Living,19,817.75,15537.25
2024-09-07,Moisturising Sunscreen SPF50,Beauty,14,376.06,5264.84
2024-09-07,Webcam HD 1080p,Electronics,22,1833.25,40331.5
2024-09-08,Cotton Round Neck T-Shirt,Fashion,19,409.83,7786.77
2024-09-08,Laptop Stand Adjustable,Electronics,18,1741.97,31355.46
2024-09-08,Leather Wallet Slim,Fashion,11,601.85,6620.35
2024-09-08,Under Eye Cream Dark Circles,Beauty,8,424.99,3399.92
2024-09-08,Cotton Round Neck T-Shirt,Fashion,15,372.81,5592.15
2024-09-08,Casual Denim Jacket,Fashion,1,1419.56,1419.56
2024-09-08,Memory Foam Pillow,Home & Living,22,961.54,21153.88
2024-09-08,Moisturising Sunscreen SPF50,Beauty,23,416.74,9585.02
2024-09-08,USB-C Fast Charging Cable,Electronics,4,260.99,1043.96
2024-09-08,Moisturising Sunscreen SPF50,Beauty,6,393.67,2362.02
2024-09-08,Webcam HD 1080p,Electronics,11,1730.42,19034.62
2024-09-08,Vitamin C Face Serum 30ml,Beauty,2,724.74,1449.48
2024-09-08,Wireless Bluetooth Earbuds,Electronics,18,1317.67,23718.06
2024-09-09,Smart LED Desk Lamp,Electronics,6,878.32,5269.92
2024-09-09,Casual Denim Jacket,Fashion,13,1554.29,20205.77
2024-09-09,Under Eye Cream Dark Circles,Beauty,18,435.87,7845.66
2024-09-09,Portable Phone Charger 20000mAh,Electronics,23,1407.21,32365.83
2024-09-09,Slim Fit Chino Pants,Fashion,15,974.1,14611.5
2024-09-09,Non-Stick Frying Pan 26cm,Home & Living,8,764.36,6114.88
2024-09-09,Mechanical Keyboard RGB,Electronics,5,2433.74,12168.7
2024-09-09,Collagen Face Sheet Mask Pack,Beauty,17,214.18,3641.06
2024-09-10,Vitamin C Face Serum 30ml,Beauty,1,705.49,705.49
2024-09-10,Sunglasses UV400 Polarized,Fashion,25,778.29,19457.25
2024-09-10,Moisturising Sunscreen SPF50,Beauty,15,398.33,5974.95
2024-09-10,Scented Soy Wax Candle,Home & Living,10,358.9,3589.0
2024-09-10,Natural Aloe Vera Gel 200ml,Beauty,11,228.23,2510.53
2024-09-10,Leather Wallet Slim,Fashion,18,551.98,9935.64
2024-09-10,Moisturising Sunscreen SPF50,Beauty,16,403.09,6449.44
2024-09-10,Collagen Face Sheet Mask Pack,Beauty,13,206.45,2683.85
2024-09-10,Noise Cancelling Headphones,Electronics,17,3920.09,66641.53
2024-09-10,Vitamin C Face Serum 30ml,Beauty,7,743.75,5206.25
2024-09-10,Mechanical Keyboard RGB,Electronics,20,2516.0,50320.0
2024-09-10,Non-Stick Frying Pan 26cm,Home & Living,17,797.99,13565.83
2024-09-11,Sunglasses UV400 Polarized,Fashion,15,823.68,12355.2
2024-09-11,USB-C Fast Charging Cable,Electronics,24,270.27,6486.48
2024-09-11,Scented Soy Wax Candle,Home & Living,11,338.71,3725.81
2024-09-11,Bamboo Cutting Board Set,Home & Living,25,587.65,14691.25
2024-09-11,Under Eye Cream Dark Circles,Beauty,2,444.42,888.84
2024-09-11,Sunglasses UV400 Polarized,Fashion,12,826.58,9918.96
2024-09-11,Slim Fit Chino Pants,Fashion,25,858.94,21473.5
2024-09-11,Leather Wallet Slim,Fashion,21,618.16,12981.36
2024-09-12,Noise Cancelling Headphones,Electronics,7,4034.14,28238.98
2024-09-12,Mechanical Keyboard RGB,Electronics,21,2694.67,56588.07
2024-09-12,Natural Aloe Vera Gel 200ml,Beauty,22,236.66,5206.52
2024-09-12,Moisturising Sunscreen SPF50,Beauty,14,371.78,5204.92
2024-09-12,Mechanical Keyboard RGB,Electronics,5,2342.77,11713.85
2024-09-12,Scented Soy Wax Candle,Home & Living,3,344.48,1033.44
2024-09-12,Cotton Round Neck T-Shirt,Fashion,11,393.42,4327.62
2024-09-12,Slim Fit Chino Pants,Fashion,21,970.66,20383.86
2024-09-13,Cotton Round Neck T-Shirt,Fashion,2,382.19,764.38
2024-09-13,Collagen Face Sheet Mask Pack,Beauty,12,181.59,2179.08
2024-09-13,Vitamin C Face Serum 30ml,Beauty,14,684.31,9580.34
2024-09-13,Wireless Bluetooth Earbuds,Electronics,12,1226.2,14714.4
2024-09-13,Smart LED Desk Lamp,Electronics,3,837.46,2512.38
2024-09-13,Running Sports Shoes,Fashion,12,1997.6,23971.2
2024-09-13,Running Sports Shoes,Fashion,4,2056.66,8226.64
2024-09-13,Scented Soy Wax Candle,Home & Living,6,346.8,2080.8
2024-09-13,Wireless Bluetooth Earbuds,Electronics,17,1226.79,20855.43
2024-09-13,Under Eye Cream Dark Circles,Beauty,6,460.25,2761.5
2024-09-14,Leather Wallet Slim,Fashion,3,638.56,1915.68
2024-09-14,Leather Wallet Slim,Fashion,7,608.83,4261.81
2024-09-14,Memory Foam Pillow,Home & Living,12,923.13,11077.56
2024-09-14,Bamboo Cutting Board Set,Home & Living,23,625.31,14382.13
2024-09-14,USB-C Fast Charging Cable,Electronics,18,295.16,5312.88
2024-09-14,Collagen Face Sheet Mask Pack,Beauty,24,186.56,4477.44
2024-09-14,Smart LED Desk Lamp,Electronics,25,835.49,20887.25
2024-09-14,Slim Fit Chino Pants,Fashion,7,948.77,6641.39
2024-09-14,Sunglasses UV400 Polarized,Fashion,6,785.06,4710.36
2024-09-15,Scented Soy Wax Candle,Home & Living,24,345.33,8287.92
2024-09-15,Memory Foam Pillow,Home & Living,22,903.91,19886.02
2024-09-15,Wireless Bluetooth Earbuds,Electronics,18,1349.98,24299.64
2024-09-15,Memory Foam Pillow,Home & Living,18,967.48,17414.64
2024-09-15,Stainless Steel Water Bottle 1L,Home & Living,3,517.3,1551.9
2024-09-15,Smart LED Desk Lamp,Electronics,14,823.37,11527.18
2024-09-15,Laptop Stand Adjustable,Electronics,20,1776.79,35535.8
2024-09-15,Stainless Steel Water Bottle 1L,Home & Living,14,521.56,7301.84
2024-09-16,Sunglasses UV400 Polarized,Fashion,11,854.87,9403.57
2024-09-16,Wireless Bluetooth Earbuds,Electronics,9,1283.95,11555.55
2024-09-16,Cotton Round Neck T-Shirt,Fashion,20,373.31,7466.2
2024-09-16,Moisturising Sunscreen SPF50,Beauty,5,396.65,1983.25
2024-09-16,Wireless Bluetooth Earbuds,Electronics,18,1322.66,23807.88
2024-09-16,USB-C Fast Charging Cable,Electronics,21,277.51,5827.71
2024-09-16,Moisturising Sunscreen SPF50,Beauty,24,411.3,9871.2
2024-09-16,Running Sports Shoes,Fashion,18,2128.91,38320.38
2024-09-16,Noise Cancelling Headphones,Electronics,7,4024.99,28174.93
2024-09-16,Slim Fit Chino Pants,Fashion,11,855.51,9410.61
2024-09-16,Slim Fit Chino Pants,Fashion,9,933.82,8404.38
2024-09-16,Bamboo Cutting Board Set,Home & Living,14,631.91,8846.74
2024-09-17,USB-C Fast Charging Cable,Electronics,3,300.29,900.87
2024-09-17,Stainless Steel Water Bottle 1L,Home & Living,22,536.36,11799.92
2024-09-17,Smart LED Desk Lamp,Electronics,6,834.21,5005.26
2024-09-17,Mechanical Keyboard RGB,Electronics,12,2693.79,32325.48
2024-09-17,Running Sports Shoes,Fashion,10,2007.81,20078.1
2024-09-17,Running Sports Shoes,Fashion,20,2124.81,42496.2
2024-09-17,Collagen Face Sheet Mask Pack,Beauty,24,186.85,4484.4
2024-09-17,Webcam HD 1080p,Electronics,11,1823.43,20057.73
2024-09-17,Bamboo Cutting Board Set,Home & Living,3,592.65,1777.95
2024-09-17,Cotton Round Neck T-Shirt,Fashion,11,402.55,4428.05
2024-09-17,Smart LED Desk Lamp,Electronics,10,884.18,8841.8
2024-09-18,Leather Wallet Slim,Fashion,7,649.7,4547.9
2024-09-18,Laptop Stand Adjustable,Electronics,1,1733.67,1733.67
2024-09-18,Noise Cancelling Headphones,Electronics,25,3921.97,98049.25
2024-09-18,Vitamin C Face Serum 30ml,Beauty,11,663.59,7299.49
2024-09-18,Sunglasses UV400 Polarized,Fashion,14,790.44,11066.16
2024-09-18,Casual Denim Jacket,Fashion,19,1616.49,30713.31
2024-09-18,Laptop Stand Adjustable,Electronics,21,1781.77,37417.17
2024-09-18,Sunglasses UV400 Polarized,Fashion,20,844.98,16899.6
2024-09-18,Collagen Face Sheet Mask Pack,Beauty,22,202.91,4464.02
2024-09-18,Wireless Bluetooth Earbuds,Electronics,22,1273.73,28022.06
2024-09-18,Non-Stick Frying Pan 26cm,Home & Living,1,778.9,778.9
2024-09-19,Webcam HD 1080p,Electronics,17,1791.97,30463.49
2024-09-19,Non-Stick Frying Pan 26cm,Home & Living,7,796.0,5572.0
2024-09-19,Memory Foam Pillow,Home & Living,6,900.6,5403.6
2024-09-19,Wireless Bluetooth Earbuds,Electronics,14,1242.81,17399.34
2024-09-19,Wireless Bluetooth Earbuds,Electronics,2,1233.17,2466.34
2024-09-19,Laptop Stand Adjustable,Electronics,20,1741.35,34827.0
2024-09-19,Bamboo Cutting Board Set,Home & Living,14,550.9,7712.6
2024-09-19,Moisturising Sunscreen SPF50,Beauty,2,374.33,748.66
2024-09-19,Casual Denim Jacket,Fashion,17,1568.19,26659.23
2024-09-19,Sunglasses UV400 Polarized,Fashion,20,840.62,16812.4
2024-09-19,Running Sports Shoes,Fashion,11,2111.68,23228.48
2024-09-20,Casual Denim Jacket,Fashion,1,1487.57,1487.57
2024-09-20,Under Eye Cream Dark Circles,Beauty,2,434.76,869.52
2024-09-20,Bamboo Cutting Board Set,Home & Living,18,550.66,9911.88
2024-09-20,Leather Wallet Slim,Fashion,24,561.65,13479.6
2024-09-20,Cotton Round Neck T-Shirt,Fashion,12,416.54,4998.48
2024-09-20,Moisturising Sunscreen SPF50,Beauty,6,381.93,2291.58
2024-09-20,Mechanical Keyboard RGB,Electronics,3,2386.81,7160.43
2024-09-20,Scented Soy Wax Candle,Home & Living,12,343.82,4125.84
2024-09-20,Webcam HD 1080p,Electronics,25,1944.08,48602.0
2024-09-20,Stainless Steel Water Bottle 1L,Home & Living,24,493.5,11844.0
2024-09-21,Laptop Stand Adjustable,Electronics,17,1720.39,29246.63
2024-09-21,Casual Denim Jacket,Fashion,9,1404.56,12641.04
2024-09-21,Non-Stick Frying Pan 26cm,Home & Living,24,849.44,20386.56
2024-09-21,Bamboo Cutting Board Set,Home & Living,21,637.95,13396.95
2024-09-21,Smart LED Desk Lamp,Electronics,25,922.38,23059.5
2024-09-21,Bamboo Cutting Board Set,Home & Living,20,591.72,11834.4
2024-09-21,Smart LED Desk Lamp,Electronics,12,842.32,10107.84
2024-09-21,Leather Wallet Slim,Fashion,16,634.11,10145.76
2024-09-21,Scented Soy Wax Candle,Home & Living,9,379.73,3417.57
2024-09-21,Webcam HD 1080p,Electronics,13,1871.3,24326.9
2024-09-22,Memory Foam Pillow,Home & Living,9,966.66,8699.94
2024-09-22,Smart LED Desk Lamp,Electronics,18,943.45,16982.1
2024-09-22,Vitamin C Face Serum 30ml,Beauty,16,728.7,11659.2
2024-09-22,Casual Denim Jacket,Fashion,12,1432.78,17193.36
2024-09-22,Natural Aloe Vera Gel 200ml,Beauty,23,233.76,5376.48
2024-09-22,Bamboo Cutting Board Set,Home & Living,24,553.4,13281.6
2024-09-22,Slim Fit Chino Pants,Fashion,20,864.83,17296.6
2024-09-22,Mechanical Keyboard RGB,Electronics,25,2414.58,60364.5
2024-09-23,Natural Aloe Vera Gel 200ml,Beauty,3,253.06,759.18
2024-09-23,Moisturising Sunscreen SPF50,Beauty,9,391.94,3527.46
2024-09-23,USB-C Fast Charging Cable,Electronics,14,317.65,4447.1
2024-09-23,Smart LED Desk Lamp,Electronics,1,933.52,933.52
2024-09-23,Casual Denim Jacket,Fashion,14,1378.84,19303.76
2024-09-23,Non-Stick Frying Pan 26cm,Home & Living,8,809.6,6476.8
2024-09-23,Wireless Bluetooth Earbuds,Electronics,25,1312.58,32814.5
2024-09-23,Leather Wallet Slim,Fashion,4,613.16,2452.64
2024-09-23,Moisturising Sunscreen SPF50,Beauty,9,395.58,3560.22
2024-09-24,Portable Phone Charger 20000mAh,Electronics,20,1523.57,30471.4
2024-09-24,Noise Cancelling Headphones,Electronics,24,4009.74,96233.76
2024-09-24,Collagen Face Sheet Mask Pack,Beauty,22,193.15,4249.3
2024-09-24,Collagen Face Sheet Mask Pack,Beauty,23,189.89,4367.47
2024-09-24,Portable Phone Charger 20000mAh,Electronics,22,1511.05,33243.1
2024-09-24,USB-C Fast Charging Cable,Electronics,15,302.25,4533.75
2024-09-24,Wireless Bluetooth Earbuds,Electronics,20,1293.58,25871.6
2024-09-24,Under Eye Cream Dark Circles,Beauty,19,436.11,8286.09
2024-09-24,Leather Wallet Slim,Fashion,5,625.33,3126.65
2024-09-25,Under Eye Cream Dark Circles,Beauty,20,415.5,8310.0
2024-09-25,Scented Soy Wax Candle,Home & Living,16,334.39,5350.24
2024-09-25,Memory Foam Pillow,Home & Living,10,936.31,9363.1
2024-09-25,Natural Aloe Vera Gel 200ml,Beauty,17,249.63,4243.71
2024-09-25,Collagen Face Sheet Mask Pack,Beauty,7,214.28,1499.96
2024-09-25,Leather Wallet Slim,Fashion,25,613.73,15343.25
2024-09-25,Non-Stick Frying Pan 26cm,Home & Living,9,785.86,7072.74
2024-09-25,Portable Phone Charger 20000mAh,Electronics,23,1442.45,33176.35
2024-09-25,Smart LED Desk Lamp,Electronics,4,823.41,3293.64
2024-09-26,Noise Cancelling Headphones,Electronics,11,4313.87,47452.57
2024-09-26,Cotton Round Neck T-Shirt,Fashion,18,405.95,7307.1
2024-09-26,Portable Phone Charger 20000mAh,Electronics,15,1525.46,22881.9
2024-09-26,Sunglasses UV400 Polarized,Fashion,20,817.13,16342.6
2024-09-26,Running Sports Shoes,Fashion,24,1907.29,45774.96
2024-09-26,Running Sports Shoes,Fashion,10,1854.88,18548.8
2024-09-26,Running Sports Shoes,Fashion,11,2053.6,22589.6
2024-09-26,Memory Foam Pillow,Home & Living,24,934.7,22432.8
2024-09-26,Noise Cancelling Headphones,Electronics,13,3746.95,48710.35
2024-09-26,Vitamin C Face Serum 30ml,Beauty,7,683.89,4787.23
2024-09-26,Leather Wallet Slim,Fashion,24,629.21,15101.04
2024-09-26,Non-Stick Frying Pan 26cm,Home & Living,1,751.75,751.75
2024-09-27,Webcam HD 1080p,Electronics,20,1824.58,36491.6
2024-09-27,Leather Wallet Slim,Fashion,17,608.38,10342.46
2024-09-27,USB-C Fast Charging Cable,Electronics,21,302.18,6345.78
2024-09-27,Memory Foam Pillow,Home & Living,20,934.36,18687.2
2024-09-27,Moisturising Sunscreen SPF50,Beauty,10,413.8,4138.0
2024-09-27,Natural Aloe Vera Gel 200ml,Beauty,15,249.05,3735.75
2024-09-27,Laptop Stand Adjustable,Electronics,1,1849.48,1849.48
2024-09-27,Noise Cancelling Headphones,Electronics,12,3776.47,45317.64
2024-09-27,Under Eye Cream Dark Circles,Beauty,14,478.83,6703.62
2024-09-27,Slim Fit Chino Pants,Fashion,22,913.73,20102.06
2024-09-27,Wireless Bluetooth Earbuds,Electronics,15,1212.45,18186.75
2024-09-28,Scented Soy Wax Candle,Home & Living,6,365.51,2193.06
2024-09-28,Wireless Bluetooth Earbuds,Electronics,25,1340.56,33514.0
2024-09-28,Leather Wallet Slim,Fashion,23,575.24,13230.52
2024-09-28,Portable Phone Charger 20000mAh,Electronics,18,1400.22,25203.96
2024-09-28,Vitamin C Face Serum 30ml,Beauty,13,746.23,9700.99
2024-09-28,Slim Fit Chino Pants,Fashion,15,843.25,12648.75
2024-09-28,Laptop Stand Adjustable,Electronics,24,1886.42,45274.08
2024-09-28,Vitamin C Face Serum 30ml,Beauty,9,642.51,5782.59
2024-09-28,Natural Aloe Vera Gel 200ml,Beauty,14,240.49,3366.86
2024-09-28,Stainless Steel Water Bottle 1L,Home & Living,8,530.18,4241.44
2024-09-28,Cotton Round Neck T-Shirt,Fashion,23,371.29,8539.67
2024-09-29,Vitamin C Face Serum 30ml,Beauty,23,734.65,16896.95
2024-09-29,Slim Fit Chino Pants,Fashion,6,932.04,5592.24
2024-09-29,Scented Soy Wax Candle,Home & Living,15,366.17,5492.55
2024-09-29,Leather Wallet Slim,Fashion,16,556.83,8909.28
2024-09-29,Slim Fit Chino Pants,Fashion,5,852.65,4263.25
2024-09-29,Scented Soy Wax Candle,Home & Living,23,356.4,8197.2
2024-09-29,Wireless Bluetooth Earbuds,Electronics,7,1227.43,8592.01
2024-09-29,Portable Phone Charger 20000mAh,Electronics,24,1485.7,35656.8
2024-09-30,USB-C Fast Charging Cable,Electronics,1,296.62,296.62
2024-09-30,Webcam HD 1080p,Electronics,17,1814.73,30850.41
2024-09-30,Collagen Face Sheet Mask Pack,Beauty,14,194.27,2719.78
2024-09-30,Mechanical Keyboard RGB,Electronics,11,2344.4,25788.4
2024-09-30,Leather Wallet Slim,Fashion,17,587.26,9983.42
2024-09-30,Memory Foam Pillow,Home & Living,21,898.02,18858.42
2024-09-30,Vitamin C Face Serum 30ml,Beauty,10,693.75,6937.5
2024-09-30,USB-C Fast Charging Cable,Electronics,23,282.25,6491.75
2024-09-30,Casual Denim Jacket,Fashion,11,1542.26,16964.86
2024-09-30,Non-Stick Frying Pan 26cm,Home & Living,11,740.02,8140.22
2024-09-30,Mechanical Keyboard RGB,Electronics,11,2323.67,25560.37
2024-09-30,Noise Cancelling Headphones,Electronics,3,3746.65,11239.95
2024-10-01,Moisturising Sunscreen SPF50,Beauty,22,404.75,8904.5
2024-10-01,Noise Cancelling Headphones,Electronics,25,3777.22,94430.5
2024-10-01,Non-Stick Frying Pan 26cm,Home & Living,8,761.8,6094.4
2024-10-01,Smart LED Desk Lamp,Electronics,8,899.7,7197.6
2024-10-01,Stainless Steel Water Bottle 1L,Home & Living,11,518.54,5703.94
2024-10-01,Casual Denim Jacket,Fashion,4,1571.11,6284.44
2024-10-01,Mechanical Keyboard RGB,Electronics,15,2573.57,38603.55
2024-10-01,Slim Fit Chino Pants,Fashion,24,921.7,22120.8
2024-10-01,Webcam HD 1080p,Electronics,3,1801.24,5403.72
2024-10-01,Webcam HD 1080p,Electronics,13,1795.66,23343.58
2024-10-01,Stainless Steel Water Bottle 1L,Home & Living,9,509.13,4582.17
2024-10-01,Vitamin C Face Serum 30ml,Beauty,12,707.38,8488.56
2024-10-01,USB-C Fast Charging Cable,Electronics,24,320.61,7694.64
2024-10-02,Smart LED Desk Lamp,Electronics,7,832.34,5826.38
2024-10-02,Portable Phone Charger 20000mAh,Electronics,11,1595.85,17554.35
2024-10-02,Moisturising Sunscreen SPF50,Beauty,24,407.18,9772.32
2024-10-03,Mechanical Keyboard RGB,Electronics,21,2612.48,54862.08
2024-10-03,Noise Cancelling Headphones,Electronics,10,3821.68,38216.8
2024-10-03,Sunglasses UV400 Polarized,Fashion,24,792.19,19012.56
2024-10-03,Casual Denim Jacket,Fashion,11,1371.98,15091.78
2024-10-03,Scented Soy Wax Candle,Home & Living,6,362.77,2176.62
2024-10-03,Noise Cancelling Headphones,Electronics,7,4343.18,30402.26
2024-10-03,Running Sports Shoes,Fashion,17,1906.7,32413.9
2024-10-04,Scented Soy Wax Candle,Home & Living,25,351.84,8796.0
2024-10-04,Non-Stick Frying Pan 26cm,Home & Living,17,818.9,13921.3
2024-10-04,USB-C Fast Charging Cable,Electronics,6,277.61,1665.66
2024-10-04,Slim Fit Chino Pants,Fashion,18,970.42,17467.56
2024-10-04,Stainless Steel Water Bottle 1L,Home & Living,13,511.11,6644.43
2024-10-04,Slim Fit Chino Pants,Fashion,18,888.7,15996.6
2024-10-04,Scented Soy Wax Candle,Home & Living,23,349.96,8049.08
2024-10-04,Noise Cancelling Headphones,Electronics,15,3862.75,57941.25
2024-10-04,Cotton Round Neck T-Shirt,Fashion,21,374.43,7863.03
2024-10-04,Slim Fit Chino Pants,Fashion,14,863.82,12093.48
2024-10-04,Stainless Steel Water Bottle 1L,Home & Living,6,502.97,3017.82
2024-10-05,Casual Denim Jacket,Fashion,12,1556.45,18677.4
2024-10-05,Non-Stick Frying Pan 26cm,Home & Living,16,849.11,13585.76
2024-10-05,Slim Fit Chino Pants,Fashion,5,930.1,4650.5
2024-10-05,Memory Foam Pillow,Home & Living,11,847.67,9324.37
2024-10-05,Laptop Stand Adjustable,Electronics,25,1683.52,42088.0
2024-10-05,Cotton Round Neck T-Shirt,Fashion,9,383.16,3448.44
2024-10-05,USB-C Fast Charging Cable,Electronics,25,270.32,6758.0
2024-10-05,Memory Foam Pillow,Home & Living,18,876.87,15783.66
2024-10-05,Under Eye Cream Dark Circles,Beauty,15,448.14,6722.1
2024-10-05,Moisturising Sunscreen SPF50,Beauty,16,384.13,6146.08
2024-10-05,Webcam HD 1080p,Electronics,25,1937.45,48436.25
2024-10-05,Slim Fit Chino Pants,Fashion,5,969.73,4848.65
2024-10-05,Bamboo Cutting Board Set,Home & Living,25,620.43,15510.75
2024-10-06,Mechanical Keyboard RGB,Electronics,22,2449.91,53898.02
2024-10-06,Bamboo Cutting Board Set,Home & Living,14,637.48,8924.72
2024-10-06,Portable Phone Charger 20000mAh,Electronics,18,1599.26,28786.68
2024-10-06,Running Sports Shoes,Fashion,7,2111.78,14782.46
2024-10-06,Wireless Bluetooth Earbuds,Electronics,18,1316.54,23697.72
2024-10-06,Collagen Face Sheet Mask Pack,Beauty,15,209.42,3141.3
2024-10-06,Running Sports Shoes,Fashion,17,1945.69,33076.73
2024-10-06,Under Eye Cream Dark Circles,Beauty,25,443.67,11091.75
2024-10-06,Scented Soy Wax Candle,Home & Living,18,367.31,6611.58
2024-10-07,Cotton Round Neck T-Shirt,Fashion,22,420.98,9261.56
2024-10-07,Non-Stick Frying Pan 26cm,Home & Living,20,824.99,16499.8
2024-10-07,Sunglasses UV400 Polarized,Fashion,7,734.18,5139.26
2024-10-07,Casual Denim Jacket,Fashion,21,1425.8,29941.8
2024-10-07,Slim Fit Chino Pants,Fashion,25,836.46,20911.5
2024-10-08,Mechanical Keyboard RGB,Electronics,23,2500.49,57511.27
2024-10-08,Bamboo Cutting Board Set,Home & Living,25,557.7,13942.5
2024-10-08,Slim Fit Chino Pants,Fashion,25,918.4,22960.0
2024-10-08,Leather Wallet Slim,Fashion,15,627.4,9411.0
2024-10-08,Bamboo Cutting Board Set,Home & Living,25,551.78,13794.5
2024-10-08,Portable Phone Charger 20000mAh,Electronics,12,1452.6,17431.2
2024-10-08,Slim Fit Chino Pants,Fashion,5,910.21,4551.05
2024-10-08,Noise Cancelling Headphones,Electronics,2,4007.25,8014.5
2024-10-08,Wireless Bluetooth Earbuds,Electronics,5,1208.51,6042.55
2024-10-08,Bamboo Cutting Board Set,Home & Living,9,630.38,5673.42
2024-10-08,Bamboo Cutting Board Set,Home & Living,12,636.62,7639.44
2024-10-08,Smart LED Desk Lamp,Electronics,8,942.96,7543.68
2024-10-08,Noise Cancelling Headphones,Electronics,16,4084.26,65348.16
2024-10-08,Memory Foam Pillow,Home & Living,4,948.41,3793.64
2024-10-08,Vitamin C Face Serum 30ml,Beauty,12,702.47,8429.64
2024-10-09,Stainless Steel Water Bottle 1L,Home & Living,7,526.97,3688.79
2024-10-09,Wireless Bluetooth Earbuds,Electronics,20,1209.68,24193.6
2024-10-09,Bamboo Cutting Board Set,Home & Living,8,605.13,4841.04
2024-10-09,Memory Foam Pillow,Home & Living,5,888.62,4443.1
2024-10-09,Cotton Round Neck T-Shirt,Fashion,4,370.34,1481.36
2024-10-09,Noise Cancelling Headphones,Electronics,7,4319.94,30239.58
2024-10-09,Noise Cancelling Headphones,Electronics,24,4310.48,103451.52
2024-10-09,Wireless Bluetooth Earbuds,Electronics,25,1326.47,33161.75
2024-10-09,Non-Stick Frying Pan 26cm,Home & Living,5,795.51,3977.55
2024-10-09,Bamboo Cutting Board Set,Home & Living,5,567.3,2836.5
2024-10-09,Portable Phone Charger 20000mAh,Electronics,21,1418.47,29787.87
2024-10-09,Collagen Face Sheet Mask Pack,Beauty,25,192.04,4801.0
2024-10-09,Bamboo Cutting Board Set,Home & Living,6,610.33,3661.98
2024-10-09,Running Sports Shoes,Fashion,22,2008.91,44196.02
2024-10-09,Memory Foam Pillow,Home & Living,25,865.05,21626.25
2024-10-10,Stainless Steel Water Bottle 1L,Home & Living,25,470.85,11771.25
2024-10-10,Collagen Face Sheet Mask Pack,Beauty,24,213.61,5126.64
2024-10-10,Non-Stick Frying Pan 26cm,Home & Living,7,804.14,5628.98
2024-10-10,Wireless Bluetooth Earbuds,Electronics,6,1228.37,7370.22
2024-10-10,Stainless Steel Water Bottle 1L,Home & Living,25,520.79,13019.75
2024-10-10,Scented Soy Wax Candle,Home & Living,20,376.02,7520.4
2024-10-10,Leather Wallet Slim,Fashion,5,619.29,3096.45
2024-10-10,Under Eye Cream Dark Circles,Beauty,21,454.47,9543.87
2024-10-10,USB-C Fast Charging Cable,Electronics,11,262.0,2882.0
2024-10-10,Laptop Stand Adjustable,Electronics,6,1807.08,10842.48
2024-10-10,Moisturising Sunscreen SPF50,Beauty,15,406.31,6094.65
2024-10-11,Smart LED Desk Lamp,Electronics,15,916.07,13741.05
2024-10-11,Webcam HD 1080p,Electronics,15,1773.94,26609.1
2024-10-11,Scented Soy Wax Candle,Home & Living,3,370.87,1112.61
2024-10-11,Wireless Bluetooth Earbuds,Electronics,25,1353.64,33841.0
2024-10-11,Non-Stick Frying Pan 26cm,Home & Living,8,828.11,6624.88
2024-10-11,Wireless Bluetooth Earbuds,Electronics,25,1366.01,34150.25
2024-10-11,Mechanical Keyboard RGB,Electronics,23,2366.95,54439.85
2024-10-12,Mechanical Keyboard RGB,Electronics,25,2355.4,58885.0
2024-10-12,Laptop Stand Adjustable,Electronics,7,1701.31,11909.17
2024-10-12,Casual Denim Jacket,Fashion,24,1378.14,33075.36
2024-10-12,Natural Aloe Vera Gel 200ml,Beauty,17,258.62,4396.54
2024-10-12,Webcam HD 1080p,Electronics,25,1930.96,48274.0
2024-10-12,Casual Denim Jacket,Fashion,21,1492.71,31346.91
2024-10-12,USB-C Fast Charging Cable,Electronics,25,281.24,7031.0
2024-10-12,Moisturising Sunscreen SPF50,Beauty,17,375.37,6381.29
2024-10-12,Noise Cancelling Headphones,Electronics,23,4301.96,98945.08
2024-10-12,Portable Phone Charger 20000mAh,Electronics,17,1444.42,24555.14
2024-10-12,Scented Soy Wax Candle,Home & Living,23,374.02,8602.46
2024-10-13,Mechanical Keyboard RGB,Electronics,18,2563.85,46149.3
2024-10-13,Casual Denim Jacket,Fashion,25,1367.29,34182.25
2024-10-13,Webcam HD 1080p,Electronics,10,1680.3,16803.0
2024-10-13,Non-Stick Frying Pan 26cm,Home & Living,11,839.66,9236.26
2024-10-13,Bamboo Cutting Board Set,Home & Living,25,567.03,14175.75
2024-10-13,Running Sports Shoes,Fashion,13,1993.52,25915.76
2024-10-13,Stainless Steel Water Bottle 1L,Home & Living,17,487.6,8289.2
2024-10-13,Vitamin C Face Serum 30ml,Beauty,17,742.1,12615.7
2024-10-13,Natural Aloe Vera Gel 200ml,Beauty,9,241.15,2170.35
2024-10-13,Portable Phone Charger 20000mAh,Electronics,5,1453.81,7269.05
2024-10-13,Slim Fit Chino Pants,Fashion,25,875.56,21889.0
2024-10-13,Scented Soy Wax Candle,Home & Living,25,335.7,8392.5
2024-10-13,Slim Fit Chino Pants,Fashion,12,832.88,9994.56
2024-10-13,Under Eye Cream Dark Circles,Beauty,16,453.37,7253.92
2024-10-14,Casual Denim Jacket,Fashion,9,1369.87,12328.83
2024-10-14,Scented Soy Wax Candle,Home & Living,3,352.02,1056.06
2024-10-14,Cotton Round Neck T-Shirt,Fashion,23,422.71,9722.33
2024-10-14,Mechanical Keyboard RGB,Electronics,16,2596.68,41546.88
2024-10-14,Memory Foam Pillow,Home & Living,21,941.48,19771.08
2024-10-14,Smart LED Desk Lamp,Electronics,5,831.63,4158.15
2024-10-14,Vitamin C Face Serum 30ml,Beauty,17,687.15,11681.55
2024-10-14,Webcam HD 1080p,Electronics,25,1795.94,44898.5
2024-10-15,Under Eye Cream Dark Circles,Beauty,23,478.87,11014.01
2024-10-15,Sunglasses UV400 Polarized,Fashion,12,844.35,10132.2
2024-10-15,Noise Cancelling Headphones,Electronics,6,3832.45,22994.7
2024-10-15,Slim Fit Chino Pants,Fashion,21,960.78,20176.38
2024-10-15,Scented Soy Wax Candle,Home & Living,24,335.93,8062.32
2024-10-15,Natural Aloe Vera Gel 200ml,Beauty,10,258.39,2583.9
2024-10-15,Mechanical Keyboard RGB,Electronics,23,2625.52,60386.96
2024-10-15,Cotton Round Neck T-Shirt,Fashion,13,402.69,5234.97
2024-10-15,Noise Cancelling Headphones,Electronics,25,3736.08,93402.0
2024-10-15,Scented Soy Wax Candle,Home & Living,9,367.36,3306.24
2024-10-15,Slim Fit Chino Pants,Fashion,3,922.55,2767.65
2024-10-16,Under Eye Cream Dark Circles,Beauty,25,475.39,11884.75
2024-10-16,Mechanical Keyboard RGB,Electronics,25,2499.54,62488.5
2024-10-16,Stainless Steel Water Bottle 1L,Home & Living,22,529.44,11647.68
2024-10-16,USB-C Fast Charging Cable,Electronics,7,270.22,1891.54
2024-10-16,Non-Stick Frying Pan 26cm,Home & Living,10,847.97,8479.7
2024-10-16,Running Sports Shoes,Fashion,23,1891.25,43498.75
2024-10-16,Laptop Stand Adjustable,Electronics,6,1892.95,11357.7
2024-10-16,Non-Stick Frying Pan 26cm,Home & Living,11,736.34,8099.74
2024-10-16,Mechanical Keyboard RGB,Electronics,11,2667.11,29338.21
2024-10-16,Non-Stick Frying Pan 26cm,Home & Living,4,841.65,3366.6
2024-10-16,Scented Soy Wax Candle,Home & Living,23,363.61,8363.03
2024-10-16,Laptop Stand Adjustable,Electronics,13,1795.58,23342.54
2024-10-17,Slim Fit Chino Pants,Fashion,18,897.33,16151.94
2024-10-17,Vitamin C Face Serum 30ml,Beauty,10,694.62,6946.2
2024-10-17,Laptop Stand Adjustable,Electronics,24,1903.03,45672.72
2024-10-17,Webcam HD 1080p,Electronics,18,1806.56,32518.08
2024-10-17,Cotton Round Neck T-Shirt,Fashion,20,417.63,8352.6
2024-10-17,Slim Fit Chino Pants,Fashion,9,919.06,8271.54
2024-10-17,Sunglasses UV400 Polarized,Fashion,19,858.19,16305.61
2024-10-17,Cotton Round Neck T-Shirt,Fashion,12,410.32,4923.84
2024-10-17,Moisturising Sunscreen SPF50,Beauty,25,413.22,10330.5
2024-10-17,Scented Soy Wax Candle,Home & Living,12,352.66,4231.92
2024-10-17,Slim Fit Chino Pants,Fashion,10,868.21,8682.1
2024-10-18,Scented Soy Wax Candle,Home & Living,18,366.35,6594.3
2024-10-18,Collagen Face Sheet Mask Pack,Beauty,8,188.16,1505.28
2024-10-18,Vitamin C Face Serum 30ml,Beauty,25,729.99,18249.75
2024-10-18,Memory Foam Pillow,Home & Living,19,967.29,18378.51
2024-10-18,Collagen Face Sheet Mask Pack,Beauty,14,185.3,2594.2
2024-10-18,Laptop Stand Adjustable,Electronics,25,1806.66,45166.5
2024-10-18,Casual Denim Jacket,Fashion,5,1434.09,7170.45
2024-10-18,Natural Aloe Vera Gel 200ml,Beauty,4,252.22,1008.88
2024-10-18,Scented Soy Wax Candle,Home & Living,7,352.35,2466.45
2024-10-18,Noise Cancelling Headphones,Electronics,25,3931.41,98285.25
2024-10-18,Laptop Stand Adjustable,Electronics,15,1828.94,27434.1
2024-10-19,Collagen Face Sheet Mask Pack,Beauty,6,214.13,1284.78
2024-10-19,Portable Phone Charger 20000mAh,Electronics,25,1482.59,37064.75
2024-10-19,Bamboo Cutting Board Set,Home & Living,11,557.14,6128.54
2024-10-19,Bamboo Cutting Board Set,Home & Living,25,551.48,13787.0
2024-10-19,Casual Denim Jacket,Fashion,25,1500.25,37506.25
2024-10-19,Vitamin C Face Serum 30ml,Beauty,11,730.4,8034.4
2024-10-19,Running Sports Shoes,Fashion,21,2112.55,44363.55
2024-10-19,USB-C Fast Charging Cable,Electronics,17,302.63,5144.71
2024-10-19,Portable Phone Charger 20000mAh,Electronics,15,1455.62,21834.3
2024-10-19,Natural Aloe Vera Gel 200ml,Beauty,15,249.74,3746.1
2024-10-19,Leather Wallet Slim,Fashion,11,641.67,7058.37
2024-10-19,Sunglasses UV400 Polarized,Fashion,12,735.19,8822.28
2024-10-19,Scented Soy Wax Candle,Home & Living,11,348.07,3828.77
2024-10-20,Wireless Bluetooth Earbuds,Electronics,25,1237.14,30928.5
2024-10-20,Under Eye Cream Dark Circles,Beauty,25,446.8,11170.0
2024-10-20,Natural Aloe Vera Gel 200ml,Beauty,14,228.73,3202.22
2024-10-20,Noise Cancelling Headphones,Electronics,10,3804.65,38046.5
2024-10-20,Bamboo Cutting Board Set,Home & Living,22,553.98,12187.56
2024-10-20,Wireless Bluetooth Earbuds,Electronics,23,1254.48,28853.04
2024-10-21,Stainless Steel Water Bottle 1L,Home & Living,20,537.19,10743.8
2024-10-21,Portable Phone Charger 20000mAh,Electronics,7,1592.94,11150.58
2024-10-21,Under Eye Cream Dark Circles,Beauty,25,415.32,10383.0
2024-10-21,Non-Stick Frying Pan 26cm,Home & Living,14,831.37,11639.18
2024-10-21,Running Sports Shoes,Fashion,9,1889.27,17003.43
2024-10-21,Natural Aloe Vera Gel 200ml,Beauty,12,262.47,3149.64
2024-10-21,Vitamin C Face Serum 30ml,Beauty,15,736.55,11048.25
2024-10-21,Memory Foam Pillow,Home & Living,9,872.99,7856.91
2024-10-21,Scented Soy Wax Candle,Home & Living,6,355.17,2131.02
2024-10-21,Moisturising Sunscreen SPF50,Beauty,11,387.49,4262.39
2024-10-21,Cotton Round Neck T-Shirt,Fashion,25,420.36,10509.0
2024-10-22,Noise Cancelling Headphones,Electronics,17,4007.44,68126.48
2024-10-22,Slim Fit Chino Pants,Fashion,12,858.15,10297.8
2024-10-22,Collagen Face Sheet Mask Pack,Beauty,14,201.09,2815.26
2024-10-22,Natural Aloe Vera Gel 200ml,Beauty,7,265.69,1859.83
2024-10-22,Moisturising Sunscreen SPF50,Beauty,19,399.35,7587.65
2024-10-22,Non-Stick Frying Pan 26cm,Home & Living,5,810.69,4053.45
2024-10-22,Wireless Bluetooth Earbuds,Electronics,6,1345.87,8075.22
2024-10-22,Bamboo Cutting Board Set,Home & Living,11,587.61,6463.71
2024-10-22,Moisturising Sunscreen SPF50,Beauty,25,407.33,10183.25
2024-10-22,Portable Phone Charger 20000mAh,Electronics,22,1501.49,33032.78
2024-10-23,Moisturising Sunscreen SPF50,Beauty,23,426.92,9819.16
2024-10-23,Casual Denim Jacket,Fashion,24,1353.36,32480.64
2024-10-23,Webcam HD 1080p,Electronics,25,1654.5,41362.5
2024-10-23,Cotton Round Neck T-Shirt,Fashion,11,387.21,4259.31
2024-10-23,Vitamin C Face Serum 30ml,Beauty,25,746.43,18660.75
2024-10-23,Webcam HD 1080p,Electronics,11,1779.67,19576.37
2024-10-23,USB-C Fast Charging Cable,Electronics,10,290.85,2908.5
2024-10-23,Running Sports Shoes,Fashion,5,1863.26,9316.3
2024-10-23,Running Sports Shoes,Fashion,25,1924.46,48111.5
2024-10-23,Noise Cancelling Headphones,Electronics,12,4070.24,48842.88
2024-10-23,Laptop Stand Adjustable,Electronics,25,1739.03,43475.75
2024-10-23,Portable Phone Charger 20000mAh,Electronics,6,1571.87,9431.22
2024-10-24,Natural Aloe Vera Gel 200ml,Beauty,4,261.55,1046.2
2024-10-24,Laptop Stand Adjustable,Electronics,11,1861.2,20473.2
2024-10-24,Bamboo Cutting Board Set,Home & Living,25,554.99,13874.75
2024-10-24,Slim Fit Chino Pants,Fashion,11,906.97,9976.67
2024-10-24,Non-Stick Frying Pan 26cm,Home & Living,14,730.45,10226.3
2024-10-24,Under Eye Cream Dark Circles,Beauty,17,451.61,7677.37
2024-10-24,Portable Phone Charger 20000mAh,Electronics,11,1589.44,17483.84
2024-10-24,Collagen Face Sheet Mask Pack,Beauty,19,193.81,3682.39
2024-10-24,Casual Denim Jacket,Fashion,10,1457.66,14576.6
2024-10-25,Memory Foam Pillow,Home & Living,16,963.58,15417.28
2024-10-25,Cotton Round Neck T-Shirt,Fashion,9,381.98,3437.82
2024-10-25,Casual Denim Jacket,Fashion,25,1422.47,35561.75
2024-10-25,Running Sports Shoes,Fashion,25,2086.59,52164.75
2024-10-25,Noise Cancelling Headphones,Electronics,19,3986.04,75734.76
2024-10-25,Collagen Face Sheet Mask Pack,Beauty,12,211.75,2541.0
2024-10-25,USB-C Fast Charging Cable,Electronics,24,289.78,6954.72
2024-10-25,Laptop Stand Adjustable,Electronics,11,1908.64,20995.04
2024-10-25,Laptop Stand Adjustable,Electronics,15,1786.28,26794.2
2024-10-25,Leather Wallet Slim,Fashion,17,621.02,10557.34
2024-10-25,Vitamin C Face Serum 30ml,Beauty,9,671.46,6043.14
2024-10-25,Cotton Round Neck T-Shirt,Fashion,11,387.26,4259.86
2024-10-25,Collagen Face Sheet Mask Pack,Beauty,17,196.9,3347.3
2024-10-25,Natural Aloe Vera Gel 200ml,Beauty,25,229.97,5749.25
2024-10-25,Non-Stick Frying Pan 26cm,Home & Living,25,766.92,19173.0
2024-10-26,Casual Denim Jacket,Fashion,25,1448.45,36211.25
2024-10-26,Noise Cancelling Headphones,Electronics,10,3858.81,38588.1
2024-10-26,Laptop Stand Adjustable,Electronics,25,1890.85,47271.25
2024-10-26,Smart LED Desk Lamp,Electronics,19,940.88,17876.72
2024-10-26,Webcam HD 1080p,Electronics,10,1931.61,19316.1
2024-10-26,Running Sports Shoes,Fashion,7,1909.95,13369.65
2024-10-26,Laptop Stand Adjustable,Electronics,11,1928.87,21217.57
2024-10-26,Slim Fit Chino Pants,Fashion,20,965.92,19318.4
2024-10-27,Smart LED Desk Lamp,Electronics,25,961.55,24038.75
2024-10-27,USB-C Fast Charging Cable,Electronics,25,264.52,6613.0
2024-10-27,Portable Phone Charger 20000mAh,Electronics,17,1454.5,24726.5
2024-10-27,Slim Fit Chino Pants,Fashion,8,885.8,7086.4
2024-10-27,Collagen Face Sheet Mask Pack,Beauty,22,190.77,4196.94
2024-10-27,Slim Fit Chino Pants,Fashion,25,887.75,22193.75
2024-10-27,Non-Stick Frying Pan 26cm,Home & Living,25,809.51,20237.75
2024-10-27,Vitamin C Face Serum 30ml,Beauty,7,678.45,4749.15
2024-10-27,Running Sports Shoes,Fashion,13,2042.53,26552.89
2024-10-27,Moisturising Sunscreen SPF50,Beauty,7,416.05,2912.35
2024-10-28,Natural Aloe Vera Gel 200ml,Beauty,20,261.39,5227.8
2024-10-28,Casual Denim Jacket,Fashion,9,1554.55,13990.95
2024-10-28,Non-Stick Frying Pan 26cm,Home & Living,12,810.76,9729.12
2024-10-28,Scented Soy Wax Candle,Home & Living,5,335.84,1679.2
2024-10-28,Bamboo Cutting Board Set,Home & Living,15,628.97,9434.55
2024-10-28,Casual Denim Jacket,Fashion,20,1543.39,30867.8
2024-10-28,Smart LED Desk Lamp,Electronics,25,873.79,21844.75
2024-10-28,Running Sports Shoes,Fashion,24,1919.53,46068.72
2024-10-28,Moisturising Sunscreen SPF50,Beauty,21,399.55,8390.55
2024-10-28,Slim Fit Chino Pants,Fashion,13,846.02,10998.26
2024-10-28,Running Sports Shoes,Fashion,4,1860.2,7440.8
2024-10-28,Scented Soy Wax Candle,Home & Living,11,336.99,3706.89
2024-10-28,Cotton Round Neck T-Shirt,Fashion,16,381.35,6101.6
2024-10-29,Laptop Stand Adjustable,Electronics,6,1924.2,11545.2
2024-10-29,Laptop Stand Adjustable,Electronics,16,1770.27,28324.32
2024-10-29,Vitamin C Face Serum 30ml,Beauty,16,721.46,11543.36
2024-10-29,Non-Stick Frying Pan 26cm,Home & Living,24,841.26,20190.24
2024-10-29,Running Sports Shoes,Fashion,4,2146.71,8586.84
2024-10-29,Noise Cancelling Headphones,Electronics,9,3808.58,34277.22
2024-10-29,Collagen Face Sheet Mask Pack,Beauty,17,214.14,3640.38
2024-10-29,Casual Denim Jacket,Fashion,25,1421.17,35529.25
2024-10-29,Noise Cancelling Headphones,Electronics,5,4230.44,21152.2
2024-10-29,Leather Wallet Slim,Fashion,22,609.78,13415.16
2024-10-30,Smart LED Desk Lamp,Electronics,20,945.78,18915.6
2024-10-30,Portable Phone Charger 20000mAh,Electronics,25,1519.9,37997.5
2024-10-30,Cotton Round Neck T-Shirt,Fashion,7,389.64,2727.48
2024-10-30,Vitamin C Face Serum 30ml,Beauty,23,653.0,15019.0
2024-10-30,Non-Stick Frying Pan 26cm,Home & Living,25,752.62,18815.5
2024-10-30,Smart LED Desk Lamp,Electronics,20,887.44,17748.8
2024-10-30,Wireless Bluetooth Earbuds,Electronics,16,1249.49,19991.84
2024-10-30,Collagen Face Sheet Mask Pack,Beauty,20,181.28,3625.6
2024-10-30,Sunglasses UV400 Polarized,Fashion,23,774.08,17803.84
2024-10-30,Smart LED Desk Lamp,Electronics,6,906.27,5437.62
2024-10-31,Wireless Bluetooth Earbuds,Electronics,25,1373.09,34327.25
2024-10-31,Scented Soy Wax Candle,Home & Living,6,341.67,2050.02
2024-10-31,Running Sports Shoes,Fashion,12,1859.69,22316.28
2024-10-31,Bamboo Cutting Board Set,Home & Living,18,636.62,11459.16
2024-10-31,Leather Wallet Slim,Fashion,12,649.07,7788.84
2024-10-31,Scented Soy Wax Candle,Home & Living,16,332.68,5322.88
2024-10-31,Leather Wallet Slim,Fashion,6,649.86,3899.16
2024-10-31,Moisturising Sunscreen SPF50,Beauty,20,384.16,7683.2
2024-10-31,Memory Foam Pillow,Home & Living,2,912.02,1824.04
2024-10-31,Cotton Round Neck T-Shirt,Fashion,17,375.1,6376.7
2024-10-31,Running Sports Shoes,Fashion,4,2132.93,8531.72
2024-11-01,Non-Stick Frying Pan 26cm,Home & Living,14,738.97,10345.58
2024-11-01,Sunglasses UV400 Polarized,Fashion,25,851.62,21290.5
2024-11-01,Natural Aloe Vera Gel 200ml,Beauty,10,235.41,2354.1
2024-11-01,Portable Phone Charger 20000mAh,Electronics,24,1505.2,36124.8
2024-11-01,Sunglasses UV400 Polarized,Fashion,9,794.4,7149.6
2024-11-01,Bamboo Cutting Board Set,Home & Living,16,597.56,9560.96
2024-11-01,Mechanical Keyboard RGB,Electronics,6,2348.39,14090.34
2024-11-01,Moisturising Sunscreen SPF50,Beauty,8,417.9,3343.2
2024-11-01,Vitamin C Face Serum 30ml,Beauty,5,661.5,3307.5
2024-11-01,Smart LED Desk Lamp,Electronics,14,940.65,13169.1
2024-11-01,Non-Stick Frying Pan 26cm,Home & Living,25,806.49,20162.25
2024-11-02,Slim Fit Chino Pants,Fashion,25,918.28,22957.0
2024-11-02,Slim Fit Chino Pants,Fashion,9,867.92,7811.28
2024-11-02,Portable Phone Charger 20000mAh,Electronics,13,1513.39,19674.07
2024-11-02,Leather Wallet Slim,Fashion,14,594.49,8322.86
2024-11-02,Vitamin C Face Serum 30ml,Beauty,14,737.54,10325.56
2024-11-02,Vitamin C Face Serum 30ml,Beauty,7,709.67,4967.69
2024-11-02,USB-C Fast Charging Cable,Electronics,8,260.6,2084.8
2024-11-02,Wireless Bluetooth Earbuds,Electronics,12,1275.08,15300.96
2024-11-02,Smart LED Desk Lamp,Electronics,19,889.76,16905.44
2024-11-02,Noise Cancelling Headphones,Electronics,6,4019.49,24116.94
2024-11-03,Non-Stick Frying Pan 26cm,Home & Living,16,736.57,11785.12
2024-11-03,Laptop Stand Adjustable,Electronics,5,1674.82,8374.1
2024-11-03,Under Eye Cream Dark Circles,Beauty,10,459.24,4592.4
2024-11-03,Casual Denim Jacket,Fashion,14,1447.74,20268.36
2024-11-03,Sunglasses UV400 Polarized,Fashion,7,790.79,5535.53
2024-11-03,Vitamin C Face Serum 30ml,Beauty,25,737.39,18434.75
2024-11-04,Leather Wallet Slim,Fashion,19,560.32,10646.08
2024-11-04,Non-Stick Frying Pan 26cm,Home & Living,25,789.44,19736.0
2024-11-04,Sunglasses UV400 Polarized,Fashion,3,788.0,2364.0
2024-11-04,Casual Denim Jacket,Fashion,21,1525.69,32039.49
2024-11-04,Bamboo Cutting Board Set,Home & Living,22,576.5,12683.0
2024-11-04,Slim Fit Chino Pants,Fashion,20,952.13,19042.6
2024-11-04,Running Sports Shoes,Fashion,20,1992.62,39852.4
2024-11-04,Non-Stick Frying Pan 26cm,Home & Living,25,809.75,20243.75
2024-11-04,Noise Cancelling Headphones,Electronics,2,4236.33,8472.66
2024-11-05,Natural Aloe Vera Gel 200ml,Beauty,18,250.79,4514.22
2024-11-05,Running Sports Shoes,Fashion,12,2123.39,25480.68
2024-11-05,Non-Stick Frying Pan 26cm,Home & Living,20,757.86,15157.2
2024-11-05,Under Eye Cream Dark Circles,Beauty,23,439.72,10113.56
2024-11-05,Sunglasses UV400 Polarized,Fashion,17,732.88,12458.96
2024-11-05,Vitamin C Face Serum 30ml,Beauty,13,706.46,9183.98
2024-11-05,USB-C Fast Charging Cable,Electronics,17,314.77,5351.09
2024-11-05,Memory Foam Pillow,Home & Living,12,882.47,10589.64
2024-11-05,Memory Foam Pillow,Home & Living,18,946.61,17038.98
2024-11-05,Wireless Bluetooth Earbuds,Electronics,15,1380.36,20705.4
2024-11-06,Under Eye Cream Dark Circles,Beauty,22,464.45,10217.9
2024-11-06,Sunglasses UV400 Polarized,Fashion,7,854.99,5984.93
2024-11-06,Under Eye Cream Dark Circles,Beauty,3,443.67,1331.01
2024-11-06,Wireless Bluetooth Earbuds,Electronics,11,1209.05,13299.55
2024-11-06,Running Sports Shoes,Fashion,10,2032.07,20320.7
2024-11-06,Laptop Stand Adjustable,Electronics,25,1682.61,42065.25
2024-11-06,Memory Foam Pillow,Home & Living,5,914.97,4574.85
2024-11-06,Portable Phone Charger 20000mAh,Electronics,18,1415.24,25474.32
2024-11-06,Casual Denim Jacket,Fashion,15,1592.08,23881.2
2024-11-07,Portable Phone Charger 20000mAh,Electronics,23,1510.87,34750.01
2024-11-07,Smart LED Desk Lamp,Electronics,10,890.12,8901.2
2024-11-07,Mechanical Keyboard RGB,Electronics,8,2516.16,20129.28
2024-11-07,Cotton Round Neck T-Shirt,Fashion,10,380.12,3801.2
2024-11-07,Natural Aloe Vera Gel 200ml,Beauty,7,238.14,1666.98
2024-11-07,Natural Aloe Vera Gel 200ml,Beauty,19,240.22,4564.18
2024-11-07,Moisturising Sunscreen SPF50,Beauty,20,391.97,7839.4
2024-11-07,Running Sports Shoes,Fashion,4,1884.09,7536.36
2024-11-07,Non-Stick Frying Pan 26cm,Home & Living,9,799.84,7198.56
2024-11-08,Noise Cancelling Headphones,Electronics,15,3987.57,59813.55
2024-11-08,Smart LED Desk Lamp,Electronics,15,956.22,14343.3
2024-11-08,Laptop Stand Adjustable,Electronics,15,1813.1,27196.5
2024-11-08,Laptop Stand Adjustable,Electronics,23,1883.78,43326.94
2024-11-08,Wireless Bluetooth Earbuds,Electronics,23,1311.29,30159.67
2024-11-08,Scented Soy Wax Candle,Home & Living,10,324.6,3246.0
2024-11-08,Noise Cancelling Headphones,Electronics,11,4297.73,47275.03
2024-11-08,Moisturising Sunscreen SPF50,Beauty,17,425.37,7231.29
2024-11-08,Bamboo Cutting Board Set,Home & Living,10,601.7,6017.0
2024-11-08,Collagen Face Sheet Mask Pack,Beauty,4,196.18,784.72
2024-11-08,Casual Denim Jacket,Fashion,25,1395.31,34882.75
2024-11-08,Casual Denim Jacket,Fashion,12,1408.23,16898.76
2024-11-09,Collagen Face Sheet Mask Pack,Beauty,18,188.83,3398.94
2024-11-09,Cotton Round Neck T-Shirt,Fashion,21,370.05,7771.05
2024-11-09,Memory Foam Pillow,Home & Living,25,941.14,23528.5
2024-11-09,Slim Fit Chino Pants,Fashion,13,845.57,10992.41
2024-11-09,Memory Foam Pillow,Home & Living,21,895.27,18800.67
2024-11-10,Portable Phone Charger 20000mAh,Electronics,10,1604.26,16042.6
2024-11-10,Smart LED Desk Lamp,Electronics,23,879.21,20221.83
2024-11-10,Portable Phone Charger 20000mAh,Electronics,25,1538.6,38465.0
2024-11-10,Casual Denim Jacket,Fashion,22,1521.18,33465.96
2024-11-10,Wireless Bluetooth Earbuds,Electronics,25,1325.45,33136.25
2024-11-10,Vitamin C Face Serum 30ml,Beauty,21,741.93,15580.53
2024-11-10,Webcam HD 1080p,Electronics,8,1784.55,14276.4
2024-11-10,USB-C Fast Charging Cable,Electronics,18,263.83,4748.94
2024-11-10,Under Eye Cream Dark Circles,Beauty,25,436.27,10906.75
2024-11-10,Bamboo Cutting Board Set,Home & Living,25,572.0,14300.0
2024-11-10,Natural Aloe Vera Gel 200ml,Beauty,14,222.32,3112.48
2024-11-11,Stainless Steel Water Bottle 1L,Home & Living,16,466.52,7464.32
2024-11-11,Leather Wallet Slim,Fashion,13,572.84,7446.92
2024-11-11,Vitamin C Face Serum 30ml,Beauty,20,722.58,14451.6
2024-11-11,Bamboo Cutting Board Set,Home & Living,25,593.05,14826.25
2024-11-11,Bamboo Cutting Board Set,Home & Living,5,579.37,2896.85
2024-11-11,Vitamin C Face Serum 30ml,Beauty,13,655.95,8527.35
2024-11-11,Memory Foam Pillow,Home & Living,22,859.89,18917.58
2024-11-11,Cotton Round Neck T-Shirt,Fashion,25,400.06,10001.5
2024-11-11,Non-Stick Frying Pan 26cm,Home & Living,6,818.0,4908.0
2024-11-11,Memory Foam Pillow,Home & Living,15,915.41,13731.15
2024-11-11,Memory Foam Pillow,Home & Living,2,905.54,1811.08
2024-11-11,Portable Phone Charger 20000mAh,Electronics,17,1462.7,24865.9
2024-11-11,Wireless Bluetooth Earbuds,Electronics,8,1379.98,11039.84
2024-11-12,USB-C Fast Charging Cable,Electronics,25,279.89,6997.25
2024-11-12,Casual Denim Jacket,Fashion,2,1511.36,3022.72
2024-11-12,Mechanical Keyboard RGB,Electronics,17,2494.2,42401.4
2024-11-12,Sunglasses UV400 Polarized,Fashion,16,854.36,13669.76
2024-11-12,Mechanical Keyboard RGB,Electronics,25,2454.0,61350.0
2024-11-12,Laptop Stand Adjustable,Electronics,19,1792.74,34062.06
2024-11-12,Moisturising Sunscreen SPF50,Beauty,18,403.67,7266.06
2024-11-12,Non-Stick Frying Pan 26cm,Home & Living,25,784.71,19617.75
2024-11-12,USB-C Fast Charging Cable,Electronics,19,273.93,5204.67
2024-11-12,Smart LED Desk Lamp,Electronics,18,955.52,17199.36
2024-11-12,Smart LED Desk Lamp,Electronics,12,896.32,10755.84
2024-11-13,Webcam HD 1080p,Electronics,25,1762.93,44073.25
2024-11-13,Portable Phone Charger 20000mAh,Electronics,21,1474.81,30971.01
2024-11-13,Webcam HD 1080p,Electronics,5,1894.17,9470.85
2024-11-13,Memory Foam Pillow,Home & Living,24,887.08,21289.92
2024-11-13,Sunglasses UV400 Polarized,Fashion,12,819.2,9830.4
2024-11-13,USB-C Fast Charging Cable,Electronics,9,293.45,2641.05
2024-11-13,Slim Fit Chino Pants,Fashion,9,960.26,8642.34
2024-11-13,Slim Fit Chino Pants,Fashion,15,890.56,13358.4
2024-11-13,Casual Denim Jacket,Fashion,20,1516.73,30334.6
2024-11-13,Leather Wallet Slim,Fashion,12,633.6,7603.2
2024-11-14,Running Sports Shoes,Fashion,18,1855.18,33393.24
2024-11-14,Leather Wallet Slim,Fashion,25,581.78,14544.5
2024-11-14,Natural Aloe Vera Gel 200ml,Beauty,16,234.47,3751.52
2024-11-14,Collagen Face Sheet Mask Pack,Beauty,3,211.12,633.36
2024-11-14,Moisturising Sunscreen SPF50,Beauty,19,400.15,7602.85
2024-11-14,Portable Phone Charger 20000mAh,Electronics,25,1535.64,38391.0
2024-11-14,Stainless Steel Water Bottle 1L,Home & Living,18,469.19,8445.42
2024-11-14,Moisturising Sunscreen SPF50,Beauty,21,374.8,7870.8
2024-11-14,Leather Wallet Slim,Fashion,19,608.85,11568.15
2024-11-14,Smart LED Desk Lamp,Electronics,14,921.97,12907.58
2024-11-14,Collagen Face Sheet Mask Pack,Beauty,15,205.59,3083.85
2024-11-14,Cotton Round Neck T-Shirt,Fashion,14,372.86,5220.04
2024-11-14,Noise Cancelling Headphones,Electronics,3,4044.56,12133.68
2024-11-14,Sunglasses UV400 Polarized,Fashion,3,745.58,2236.74
2024-11-14,Cotton Round Neck T-Shirt,Fashion,15,373.76,5606.4
2024-11-14,Leather Wallet Slim,Fashion,18,599.6,10792.8
2024-11-15,Memory Foam Pillow,Home & Living,25,866.92,21673.0
2024-11-15,Running Sports Shoes,Fashion,7,2103.16,14722.12
2024-11-15,Slim Fit Chino Pants,Fashion,20,862.28,17245.6
2024-11-15,Portable Phone Charger 20000mAh,Electronics,21,1498.38,31465.98
2024-11-15,Laptop Stand Adjustable,Electronics,25,1708.24,42706.0
2024-11-15,Natural Aloe Vera Gel 200ml,Beauty,20,228.19,4563.8
2024-11-15,Wireless Bluetooth Earbuds,Electronics,6,1254.88,7529.28
2024-11-15,Sunglasses UV400 Polarized,Fashion,25,809.07,20226.75
2024-11-16,Natural Aloe Vera Gel 200ml,Beauty,23,244.8,5630.4
2024-11-16,Noise Cancelling Headphones,Electronics,11,3971.16,43682.76
2024-11-16,Moisturising Sunscreen SPF50,Beauty,14,373.44,5228.16
2024-11-16,Collagen Face Sheet Mask Pack,Beauty,11,190.38,2094.18
2024-11-16,USB-C Fast Charging Cable,Electronics,25,266.68,6667.0
2024-11-16,Casual Denim Jacket,Fashion,25,1472.62,36815.5
2024-11-16,Cotton Round Neck T-Shirt,Fashion,20,379.63,7592.6
2024-11-16,Non-Stick Frying Pan 26cm,Home & Living,12,773.25,9279.0
2024-11-16,Vitamin C Face Serum 30ml,Beauty,18,647.72,11658.96
2024-11-17,Portable Phone Charger 20000mAh,Electronics,9,1560.39,14043.51
2024-11-17,Stainless Steel Water Bottle 1L,Home & Living,25,485.27,12131.75
2024-11-17,Collagen Face Sheet Mask Pack,Beauty,13,198.42,2579.46
2024-11-17,Portable Phone Charger 20000mAh,Electronics,8,1535.54,12284.32
2024-11-17,USB-C Fast Charging Cable,Electronics,13,279.1,3628.3
2024-11-17,Cotton Round Neck T-Shirt,Fashion,11,429.39,4723.29
2024-11-17,Portable Phone Charger 20000mAh,Electronics,25,1596.5,39912.5
2024-11-17,Under Eye Cream Dark Circles,Beauty,15,448.63,6729.45
2024-11-18,Leather Wallet Slim,Fashion,17,612.28,10408.76
2024-11-18,Stainless Steel Water Bottle 1L,Home & Living,20,476.55,9531.0
2024-11-18,Collagen Face Sheet Mask Pack,Beauty,10,182.66,1826.6
2024-11-18,Mechanical Keyboard RGB,Electronics,9,2333.89,21005.01
2024-11-18,Portable Phone Charger 20000mAh,Electronics,14,1542.98,21601.72
2024-11-18,Cotton Round Neck T-Shirt,Fashion,23,375.93,8646.39
2024-11-18,Under Eye Cream Dark Circles,Beauty,15,455.56,6833.4
2024-11-18,Non-Stick Frying Pan 26cm,Home & Living,12,754.04,9048.48
2024-11-19,Mechanical Keyboard RGB,Electronics,10,2583.28,25832.8
2024-11-19,Running Sports Shoes,Fashion,25,2066.08,51652.0
2024-11-19,Running Sports Shoes,Fashion,19,2005.66,38107.54
2024-11-19,Smart LED Desk Lamp,Electronics,18,930.35,16746.3
2024-11-19,Memory Foam Pillow,Home & Living,25,933.86,23346.5
2024-11-19,Vitamin C Face Serum 30ml,Beauty,9,688.26,6194.34
2024-11-19,Cotton Round Neck T-Shirt,Fashion,2,395.22,790.44
2024-11-19,Memory Foam Pillow,Home & Living,17,871.97,14823.49
2024-11-19,Vitamin C Face Serum 30ml,Beauty,6,725.75,4354.5
2024-11-19,Bamboo Cutting Board Set,Home & Living,18,552.89,9952.02
2024-11-19,Noise Cancelling Headphones,Electronics,6,4200.89,25205.34
2024-11-20,Portable Phone Charger 20000mAh,Electronics,25,1467.77,36694.25
2024-11-20,Running Sports Shoes,Fashion,14,1890.72,26470.08
2024-11-20,Bamboo Cutting Board Set,Home & Living,20,575.42,11508.4
2024-11-20,Casual Denim Jacket,Fashion,19,1407.03,26733.57
2024-11-21,Noise Cancelling Headphones,Electronics,25,3877.18,96929.5
2024-11-21,USB-C Fast Charging Cable,Electronics,19,298.99,5680.81
2024-11-21,Portable Phone Charger 20000mAh,Electronics,5,1453.78,7268.9
2024-11-21,Natural Aloe Vera Gel 200ml,Beauty,9,256.1,2304.9
2024-11-21,Collagen Face Sheet Mask Pack,Beauty,5,209.59,1047.95
2024-11-21,Vitamin C Face Serum 30ml,Beauty,23,665.56,15307.88
2024-11-21,Smart LED Desk Lamp,Electronics,25,887.46,22186.5
2024-11-21,Noise Cancelling Headphones,Electronics,24,4283.88,102813.12
2024-11-22,Non-Stick Frying Pan 26cm,Home & Living,20,851.6,17032.0
2024-11-22,Slim Fit Chino Pants,Fashion,7,957.58,6703.06
2024-11-22,Under Eye Cream Dark Circles,Beauty,3,445.12,1335.36
2024-11-22,Laptop Stand Adjustable,Electronics,19,1689.1,32092.9
2024-11-22,Webcam HD 1080p,Electronics,19,1666.09,31655.71
2024-11-22,Mechanical Keyboard RGB,Electronics,17,2371.52,40315.84
2024-11-22,Casual Denim Jacket,Fashion,10,1561.79,15617.9
2024-11-22,Webcam HD 1080p,Electronics,19,1869.02,35511.38
2024-11-22,Stainless Steel Water Bottle 1L,Home & Living,14,482.72,6758.08
2024-11-22,Memory Foam Pillow,Home & Living,12,954.97,11459.64
2024-11-22,Casual Denim Jacket,Fashion,4,1509.77,6039.08
2024-11-22,Wireless Bluetooth Earbuds,Electronics,15,1224.35,18365.25
2024-11-22,Moisturising Sunscreen SPF50,Beauty,10,406.72,4067.2
2024-11-23,Moisturising Sunscreen SPF50,Beauty,13,427.7,5560.1
2024-11-23,USB-C Fast Charging Cable,Electronics,13,292.68,3804.84
2024-11-23,Noise Cancelling Headphones,Electronics,22,3800.87,83619.14
2024-11-23,Mechanical Keyboard RGB,Electronics,16,2311.44,36983.04
2024-11-23,Laptop Stand Adjustable,Electronics,10,1910.32,19103.2
2024-11-23,Webcam HD 1080p,Electronics,21,1825.1,38327.1
2024-11-23,Casual Denim Jacket,Fashion,17,1521.48,25865.16
2024-11-23,Scented Soy Wax Candle,Home & Living,16,366.8,5868.8
2024-11-24,Running Sports Shoes,Fashion,7,2020.81,14145.67
2024-11-24,Sunglasses UV400 Polarized,Fashion,20,810.16,16203.2
2024-11-24,Laptop Stand Adjustable,Electronics,21,1912.84,40169.64
2024-11-24,Scented Soy Wax Candle,Home & Living,6,325.51,1953.06
2024-11-24,Slim Fit Chino Pants,Fashion,10,886.16,8861.6
2024-11-24,Non-Stick Frying Pan 26cm,Home & Living,20,816.87,16337.4
2024-11-24,Sunglasses UV400 Polarized,Fashion,17,748.2,12719.4
2024-11-24,Moisturising Sunscreen SPF50,Beauty,10,376.43,3764.3
2024-11-25,Bamboo Cutting Board Set,Home & Living,14,560.67,7849.38
2024-11-25,Under Eye Cream Dark Circles,Beauty,10,461.71,4617.1
2024-11-25,Under Eye Cream Dark Circles,Beauty,25,441.23,11030.75
2024-11-25,Non-Stick Frying Pan 26cm,Home & Living,6,777.65,4665.9
2024-11-25,Casual Denim Jacket,Fashion,25,1562.97,39074.25
2024-11-25,Bamboo Cutting Board Set,Home & Living,9,574.03,5166.27
2024-11-25,Leather Wallet Slim,Fashion,14,592.27,8291.78
2024-11-25,Scented Soy Wax Candle,Home & Living,15,375.04,5625.6
2024-11-25,Bamboo Cutting Board Set,Home & Living,25,578.84,14471.0
2024-11-25,Wireless Bluetooth Earbuds,Electronics,20,1361.55,27231.0
2024-11-25,Bamboo Cutting Board Set,Home & Living,23,625.19,14379.37
2024-11-25,Smart LED Desk Lamp,Electronics,14,841.26,11777.64
2024-11-25,Moisturising Sunscreen SPF50,Beauty,14,383.31,5366.34
2024-11-26,Laptop Stand Adjustable,Electronics,15,1677.79,25166.85
2024-11-26,USB-C Fast Charging Cable,Electronics,8,269.91,2159.28
2024-11-26,Leather Wallet Slim,Fashion,14,648.78,9082.92
2024-11-26,Vitamin C Face Serum 30ml,Beauty,21,748.81,15725.01
2024-11-26,Cotton Round Neck T-Shirt,Fashion,5,370.78,1853.9
2024-11-26,Portable Phone Charger 20000mAh,Electronics,6,1531.05,9186.3
2024-11-26,Mechanical Keyboard RGB,Electronics,21,2694.65,56587.65
2024-11-26,Webcam HD 1080p,Electronics,12,1852.52,22230.24
2024-11-26,Scented Soy Wax Candle,Home & Living,8,327.4,2619.2
2024-11-26,Moisturising Sunscreen SPF50,Beauty,23,374.83,8621.09
2024-11-26,Stainless Steel Water Bottle 1L,Home & Living,20,498.53,9970.6
2024-11-26,Wireless Bluetooth Earbuds,Electronics,24,1318.9,31653.6
2024-11-27,Leather Wallet Slim,Fashion,17,568.0,9656.0
2024-11-27,Casual Denim Jacket,Fashion,17,1366.39,23228.63
2024-11-27,Mechanical Keyboard RGB,Electronics,19,2680.78,50934.82
2024-11-27,Wireless Bluetooth Earbuds,Electronics,15,1315.29,19729.35
2024-11-27,Sunglasses UV400 Polarized,Fashion,9,842.06,7578.54
2024-11-27,Running Sports Shoes,Fashion,12,2066.98,24803.76
2024-11-27,Scented Soy Wax Candle,Home & Living,9,350.75,3156.75
2024-11-27,Stainless Steel Water Bottle 1L,Home & Living,14,530.46,7426.44
2024-11-27,Noise Cancelling Headphones,Electronics,17,3842.21,65317.57
2024-11-28,Mechanical Keyboard RGB,Electronics,17,2477.93,42124.81
2024-11-28,Cotton Round Neck T-Shirt,Fashion,9,411.66,3704.94
2024-11-28,Laptop Stand Adjustable,Electronics,10,1655.77,16557.7
2024-11-28,Memory Foam Pillow,Home & Living,8,960.54,7684.32
2024-11-28,Under Eye Cream Dark Circles,Beauty,5,467.65,2338.25
2024-11-28,Portable Phone Charger 20000mAh,Electronics,25,1407.55,35188.75
2024-11-28,Portable Phone Charger 20000mAh,Electronics,24,1401.34,33632.16
2024-11-28,Noise Cancelling Headphones,Electronics,10,4066.77,40667.7
2024-11-28,Under Eye Cream Dark Circles,Beauty,19,420.88,7996.72
2024-11-28,Sunglasses UV400 Polarized,Fashion,14,766.26,10727.64
2024-11-28,Laptop Stand Adjustable,Electronics,25,1857.71,46442.75
2024-11-28,Scented Soy Wax Candle,Home & Living,12,373.59,4483.08
2024-11-29,Portable Phone Charger 20000mAh,Electronics,6,1589.4,9536.4
2024-11-29,USB-C Fast Charging Cable,Electronics,25,300.8,7520.0
2024-11-29,Scented Soy Wax Candle,Home & Living,13,351.37,4567.81
2024-11-29,Memory Foam Pillow,Home & Living,11,961.88,10580.68
2024-11-29,Vitamin C Face Serum 30ml,Beauty,3,677.55,2032.65
2024-11-29,Sunglasses UV400 Polarized,Fashion,25,838.09,20952.25
2024-11-30,Under Eye Cream Dark Circles,Beauty,14,456.6,6392.4
2024-11-30,Leather Wallet Slim,Fashion,15,646.02,9690.3
2024-11-30,Sunglasses UV400 Polarized,Fashion,8,830.0,6640.0
2024-11-30,Collagen Face Sheet Mask Pack,Beauty,21,192.45,4041.45
2024-11-30,Webcam HD 1080p,Electronics,25,1694.68,42367.0
2024-11-30,Noise Cancelling Headphones,Electronics,12,3752.79,45033.48
2024-11-30,Smart LED Desk Lamp,Electronics,5,839.52,4197.6
2024-11-30,Webcam HD 1080p,Electronics,18,1652.65,29747.7
2024-12-01,Natural Aloe Vera Gel 200ml,Beauty,25,266.23,6655.75
2024-12-01,Webcam HD 1080p,Electronics,25,1718.99,42974.75
2024-12-01,Vitamin C Face Serum 30ml,Beauty,25,748.52,18713.0
2024-12-01,Webcam HD 1080p,Electronics,9,1676.53,15088.77
2024-12-01,Laptop Stand Adjustable,Electronics,19,1932.83,36723.77
2024-12-01,Laptop Stand Adjustable,Electronics,17,1877.54,31918.18
2024-12-01,Memory Foam Pillow,Home & Living,16,910.59,14569.44
2024-12-01,Smart LED Desk Lamp,Electronics,12,880.44,10565.28
2024-12-01,Natural Aloe Vera Gel 200ml,Beauty,10,263.32,2633.2
2024-12-01,Running Sports Shoes,Fashion,19,2087.65,39665.35
2024-12-01,Bamboo Cutting Board Set,Home & Living,20,619.66,12393.2
2024-12-01,Cotton Round Neck T-Shirt,Fashion,13,409.57,5324.41
2024-12-01,Stainless Steel Water Bottle 1L,Home & Living,23,460.71,10596.33
2024-12-01,Portable Phone Charger 20000mAh,Electronics,18,1527.2,27489.6
2024-12-02,Noise Cancelling Headphones,Electronics,20,3734.98,74699.6
2024-12-02,Under Eye Cream Dark Circles,Beauty,7,462.57,3237.99
2024-12-02,Sunglasses UV400 Polarized,Fashion,11,805.71,8862.81
2024-12-02,Mechanical Keyboard RGB,Electronics,13,2449.45,31842.85
2024-12-02,Mechanical Keyboard RGB,Electronics,9,2546.66,22919.94
2024-12-02,Cotton Round Neck T-Shirt,Fashion,19,415.88,7901.72
2024-12-03,Slim Fit Chino Pants,Fashion,10,921.56,9215.6
2024-12-03,Vitamin C Face Serum 30ml,Beauty,16,672.3,10756.8
2024-12-03,Cotton Round Neck T-Shirt,Fashion,25,389.63,9740.75
2024-12-03,Leather Wallet Slim,Fashion,17,649.99,11049.83
2024-12-03,Memory Foam Pillow,Home & Living,6,902.78,5416.68
2024-12-03,Sunglasses UV400 Polarized,Fashion,18,814.7,14664.6
2024-12-03,Portable Phone Charger 20000mAh,Electronics,8,1559.24,12473.92
2024-12-03,Webcam HD 1080p,Electronics,16,1878.01,30048.16
2024-12-03,Stainless Steel Water Bottle 1L,Home & Living,7,531.29,3719.03
2024-12-03,Noise Cancelling Headphones,Electronics,10,3707.27,37072.7
2024-12-03,Memory Foam Pillow,Home & Living,8,892.6,7140.8
2024-12-04,Stainless Steel Water Bottle 1L,Home & Living,19,527.29,10018.51
2024-12-04,Bamboo Cutting Board Set,Home & Living,12,570.67,6848.04
2024-12-04,Casual Denim Jacket,Fashion,14,1553.93,21755.02
2024-12-04,Wireless Bluetooth Earbuds,Electronics,10,1293.94,12939.4
2024-12-04,Running Sports Shoes,Fashion,19,1863.05,35397.95
2024-12-04,Sunglasses UV400 Polarized,Fashion,18,747.83,13460.94
2024-12-04,Memory Foam Pillow,Home & Living,16,836.85,13389.6
2024-12-04,Bamboo Cutting Board Set,Home & Living,23,612.93,14097.39
2024-12-04,Cotton Round Neck T-Shirt,Fashion,25,385.53,9638.25
2024-12-04,Running Sports Shoes,Fashion,8,1976.48,15811.84
2024-12-04,Webcam HD 1080p,Electronics,13,1727.69,22459.97
2024-12-04,Scented Soy Wax Candle,Home & Living,2,348.93,697.86
2024-12-04,Slim Fit Chino Pants,Fashion,4,842.36,3369.44
2024-12-05,Bamboo Cutting Board Set,Home & Living,6,595.47,3572.82
2024-12-05,Memory Foam Pillow,Home & Living,20,967.97,19359.4
2024-12-05,Non-Stick Frying Pan 26cm,Home & Living,24,821.0,19704.0
2024-12-05,Laptop Stand Adjustable,Electronics,20,1751.58,35031.6
2024-12-05,Running Sports Shoes,Fashion,16,1967.73,31483.68
2024-12-05,Natural Aloe Vera Gel 200ml,Beauty,18,263.24,4738.32
2024-12-05,Running Sports Shoes,Fashion,3,2019.86,6059.58
2024-12-05,Casual Denim Jacket,Fashion,18,1514.75,27265.5
2024-12-05,Slim Fit Chino Pants,Fashion,24,864.21,20741.04
2024-12-06,Slim Fit Chino Pants,Fashion,23,830.64,19104.72
2024-12-06,Slim Fit Chino Pants,Fashion,22,893.64,19660.08
2024-12-06,Moisturising Sunscreen SPF50,Beauty,23,382.76,8803.48
2024-12-06,Portable Phone Charger 20000mAh,Electronics,6,1447.99,8687.94
2024-12-06,Wireless Bluetooth Earbuds,Electronics,25,1245.03,31125.75
2024-12-06,Stainless Steel Water Bottle 1L,Home & Living,22,525.79,11567.38
2024-12-06,Running Sports Shoes,Fashion,21,1942.69,40796.49
2024-12-07,Natural Aloe Vera Gel 200ml,Beauty,12,242.92,2915.04
2024-12-07,Memory Foam Pillow,Home & Living,11,904.08,9944.88
2024-12-07,Mechanical Keyboard RGB,Electronics,25,2432.77,60819.25
2024-12-07,Bamboo Cutting Board Set,Home & Living,20,621.05,12421.0
2024-12-08,Cotton Round Neck T-Shirt,Fashion,15,390.46,5856.9
2024-12-08,Memory Foam Pillow,Home & Living,7,915.11,6405.77
2024-12-08,Casual Denim Jacket,Fashion,24,1511.72,36281.28
2024-12-08,Leather Wallet Slim,Fashion,14,607.07,8498.98
2024-12-08,Under Eye Cream Dark Circles,Beauty,13,475.93,6187.09
2024-12-08,Wireless Bluetooth Earbuds,Electronics,25,1273.86,31846.5
2024-12-08,Mechanical Keyboard RGB,Electronics,19,2540.35,48266.65
2024-12-08,Portable Phone Charger 20000mAh,Electronics,24,1461.77,35082.48
2024-12-09,Under Eye Cream Dark Circles,Beauty,11,420.29,4623.19
2024-12-09,Sunglasses UV400 Polarized,Fashion,13,824.9,10723.7
2024-12-09,Cotton Round Neck T-Shirt,Fashion,21,403.46,8472.66
2024-12-09,Mechanical Keyboard RGB,Electronics,25,2520.36,63009.0
2024-12-09,Casual Denim Jacket,Fashion,2,1568.09,3136.18
2024-12-09,Wireless Bluetooth Earbuds,Electronics,21,1276.62,26809.02
2024-12-09,Moisturising Sunscreen SPF50,Beauty,16,387.15,6194.4
2024-12-09,Slim Fit Chino Pants,Fashion,4,889.1,3556.4
2024-12-09,Running Sports Shoes,Fashion,23,1993.35,45847.05
2024-12-10,Running Sports Shoes,Fashion,9,2035.02,18315.18
2024-12-10,Slim Fit Chino Pants,Fashion,12,937.68,11252.16
2024-12-10,Mechanical Keyboard RGB,Electronics,16,2470.21,39523.36
2024-12-10,Moisturising Sunscreen SPF50,Beauty,19,379.89,7217.91
2024-12-10,Leather Wallet Slim,Fashion,9,636.25,5726.25
2024-12-10,Natural Aloe Vera Gel 200ml,Beauty,21,245.88,5163.48
2024-12-10,Smart LED Desk Lamp,Electronics,7,835.38,5847.66
2024-12-10,Wireless Bluetooth Earbuds,Electronics,10,1235.7,12357.0
2024-12-10,Running Sports Shoes,Fashion,7,2088.05,14616.35
2024-12-10,Cotton Round Neck T-Shirt,Fashion,6,417.99,2507.94
2024-12-10,Bamboo Cutting Board Set,Home & Living,10,609.53,6095.3
2024-12-10,Natural Aloe Vera Gel 200ml,Beauty,13,235.69,3063.97
2024-12-10,Cotton Round Neck T-Shirt,Fashion,9,370.93,3338.37
2024-12-10,Stainless Steel Water Bottle 1L,Home & Living,19,487.31,9258.89
2024-12-10,USB-C Fast Charging Cable,Electronics,21,271.66,5704.86
2024-12-10,Under Eye Cream Dark Circles,Beauty,10,475.22,4752.2
2024-12-10,Smart LED Desk Lamp,Electronics,17,947.27,16103.59
2024-12-10,Non-Stick Frying Pan 26cm,Home & Living,25,839.73,20993.25
2024-12-11,Casual Denim Jacket,Fashion,6,1353.97,8123.82
2024-12-11,USB-C Fast Charging Cable,Electronics,16,322.67,5162.72
2024-12-11,Portable Phone Charger 20000mAh,Electronics,20,1514.58,30291.6
2024-12-11,Collagen Face Sheet Mask Pack,Beauty,11,214.39,2358.29
2024-12-11,Stainless Steel Water Bottle 1L,Home & Living,4,539.84,2159.36
2024-12-11,Cotton Round Neck T-Shirt,Fashion,21,409.38,8596.98
2024-12-11,Stainless Steel Water Bottle 1L,Home & Living,14,466.78,6534.92
2024-12-11,Vitamin C Face Serum 30ml,Beauty,8,737.28,5898.24
2024-12-11,Sunglasses UV400 Polarized,Fashion,11,768.61,8454.71
2024-12-12,Collagen Face Sheet Mask Pack,Beauty,8,194.44,1555.52
2024-12-12,USB-C Fast Charging Cable,Electronics,16,269.07,4305.12
2024-12-12,Noise Cancelling Headphones,Electronics,16,4299.72,68795.52
2024-12-12,Vitamin C Face Serum 30ml,Beauty,25,734.9,18372.5
2024-12-12,Memory Foam Pillow,Home & Living,16,853.24,13651.84
2024-12-12,Bamboo Cutting Board Set,Home & Living,25,565.45,14136.25
2024-12-12,Moisturising Sunscreen SPF50,Beauty,25,411.86,10296.5
2024-12-12,Non-Stick Frying Pan 26cm,Home & Living,16,796.47,12743.52
2024-12-12,Stainless Steel Water Bottle 1L,Home & Living,17,536.21,9115.57
2024-12-13,Stainless Steel Water Bottle 1L,Home & Living,14,471.94,6607.16
2024-12-13,Vitamin C Face Serum 30ml,Beauty,10,662.38,6623.8
2024-12-13,Noise Cancelling Headphones,Electronics,10,4265.28,42652.8
2024-12-13,Mechanical Keyboard RGB,Electronics,16,2544.23,40707.68
2024-12-13,Cotton Round Neck T-Shirt,Fashion,9,370.9,3338.1
2024-12-13,Smart LED Desk Lamp,Electronics,5,851.84,4259.2
2024-12-13,Bamboo Cutting Board Set,Home & Living,9,624.53,5620.77
2024-12-13,Memory Foam Pillow,Home & Living,25,837.32,20933.0
2024-12-14,Webcam HD 1080p,Electronics,9,1909.76,17187.84
2024-12-14,Under Eye Cream Dark Circles,Beauty,19,466.74,8868.06
2024-12-14,Sunglasses UV400 Polarized,Fashion,23,763.1,17551.3
2024-12-14,Portable Phone Charger 20000mAh,Electronics,25,1529.17,38229.25
2024-12-14,Laptop Stand Adjustable,Electronics,10,1934.89,19348.9
2024-12-14,Running Sports Shoes,Fashion,23,2031.76,46730.48
2024-12-14,Moisturising Sunscreen SPF50,Beauty,22,386.81,8509.82
2024-12-14,Under Eye Cream Dark Circles,Beauty,22,415.32,9137.04
2024-12-14,Moisturising Sunscreen SPF50,Beauty,25,424.65,10616.25
2024-12-14,Smart LED Desk Lamp,Electronics,22,927.64,20408.08
2024-12-14,Portable Phone Charger 20000mAh,Electronics,10,1582.6,15826.0
2024-12-14,Webcam HD 1080p,Electronics,8,1781.7,14253.6
2024-12-14,Non-Stick Frying Pan 26cm,Home & Living,21,852.37,17899.77
2024-12-15,Cotton Round Neck T-Shirt,Fashion,14,396.49,5550.86
2024-12-15,Memory Foam Pillow,Home & Living,25,840.98,21024.5
2024-12-15,Noise Cancelling Headphones,Electronics,6,4044.32,24265.92
2024-12-15,Webcam HD 1080p,Electronics,21,1732.11,36374.31
2024-12-15,Sunglasses UV400 Polarized,Fashion,9,775.05,6975.45
2024-12-15,Vitamin C Face Serum 30ml,Beauty,25,651.4,16285.0
2024-12-15,Webcam HD 1080p,Electronics,23,1938.52,44585.96
2024-12-15,Casual Denim Jacket,Fashion,17,1504.17,25570.89
2024-12-15,Wireless Bluetooth Earbuds,Electronics,10,1259.58,12595.8
2024-12-15,Mechanical Keyboard RGB,Electronics,15,2534.55,38018.25
2024-12-15,Vitamin C Face Serum 30ml,Beauty,25,740.62,18515.5
2024-12-16,Running Sports Shoes,Fashion,7,1993.69,13955.83
2024-12-16,Stainless Steel Water Bottle 1L,Home & Living,23,524.42,12061.66
2024-12-16,Moisturising Sunscreen SPF50,Beauty,11,400.37,4404.07
2024-12-16,Laptop Stand Adjustable,Electronics,11,1806.71,19873.81
2024-12-16,Leather Wallet Slim,Fashion,6,614.71,3688.26
2024-12-16,Bamboo Cutting Board Set,Home & Living,13,563.2,7321.6
2024-12-16,Webcam HD 1080p,Electronics,13,1712.14,22257.82
2024-12-16,Non-Stick Frying Pan 26cm,Home & Living,11,815.49,8970.39
2024-12-16,Memory Foam Pillow,Home & Living,9,887.31,7985.79
2024-12-16,Memory Foam Pillow,Home & Living,11,968.24,10650.64
2024-12-16,Leather Wallet Slim,Fashion,14,573.42,8027.88
2024-12-17,Stainless Steel Water Bottle 1L,Home & Living,21,492.8,10348.8
2024-12-17,Smart LED Desk Lamp,Electronics,12,957.08,11484.96
2024-12-17,Portable Phone Charger 20000mAh,Electronics,16,1480.51,23688.16
2024-12-17,Slim Fit Chino Pants,Fashion,12,949.25,11391.0
2024-12-17,Sunglasses UV400 Polarized,Fashion,23,778.42,17903.66
2024-12-17,Running Sports Shoes,Fashion,3,1970.52,5911.56
2024-12-17,Memory Foam Pillow,Home & Living,17,880.21,14963.57
2024-12-17,Vitamin C Face Serum 30ml,Beauty,5,668.51,3342.55
2024-12-17,Webcam HD 1080p,Electronics,16,1731.39,27702.24
2024-12-17,Natural Aloe Vera Gel 200ml,Beauty,6,255.07,1530.42
2024-12-18,Natural Aloe Vera Gel 200ml,Beauty,14,260.03,3640.42
2024-12-18,Moisturising Sunscreen SPF50,Beauty,15,425.48,6382.2
2024-12-18,Portable Phone Charger 20000mAh,Electronics,20,1571.48,31429.6
2024-12-18,Under Eye Cream Dark Circles,Beauty,14,467.38,6543.32
2024-12-18,Stainless Steel Water Bottle 1L,Home & Living,5,466.55,2332.75
2024-12-18,Under Eye Cream Dark Circles,Beauty,11,420.61,4626.71
2024-12-18,Laptop Stand Adjustable,Electronics,6,1654.51,9927.06
2024-12-18,Scented Soy Wax Candle,Home & Living,13,342.69,4454.97
2024-12-18,Stainless Steel Water Bottle 1L,Home & Living,16,489.47,7831.52
2024-12-18,Portable Phone Charger 20000mAh,Electronics,15,1577.07,23656.05
2024-12-18,Stainless Steel Water Bottle 1L,Home & Living,9,502.49,4522.41
2024-12-18,Under Eye Cream Dark Circles,Beauty,15,479.03,7185.45
2024-12-18,Smart LED Desk Lamp,Electronics,25,840.15,21003.75
2024-12-19,Noise Cancelling Headphones,Electronics,12,4238.57,50862.84
2024-12-19,Vitamin C Face Serum 30ml,Beauty,21,728.84,15305.64
2024-12-19,Memory Foam Pillow,Home & Living,20,939.54,18790.8
2024-12-19,Under Eye Cream Dark Circles,Beauty,23,429.37,9875.51
2024-12-19,Webcam HD 1080p,Electronics,24,1661.78,39882.72
2024-12-19,Memory Foam Pillow,Home & Living,14,857.63,12006.82
2024-12-19,Webcam HD 1080p,Electronics,7,1812.36,12686.52
2024-12-19,Cotton Round Neck T-Shirt,Fashion,25,405.48,10137.0
2024-12-19,Casual Denim Jacket,Fashion,16,1389.38,22230.08
2024-12-19,Under Eye Cream Dark Circles,Beauty,14,450.06,6300.84
2024-12-19,Running Sports Shoes,Fashion,25,2145.01,53625.25
2024-12-20,Natural Aloe Vera Gel 200ml,Beauty,25,264.24,6606.0
2024-12-20,Bamboo Cutting Board Set,Home & Living,25,588.31,14707.75
2024-12-20,Natural Aloe Vera Gel 200ml,Beauty,7,262.63,1838.41
2024-12-20,Portable Phone Charger 20000mAh,Electronics,6,1407.04,8442.24
2024-12-20,Moisturising Sunscreen SPF50,Beauty,13,426.02,5538.26
2024-12-20,Slim Fit Chino Pants,Fashion,18,901.29,16223.22
2024-12-20,Memory Foam Pillow,Home & Living,19,860.55,16350.45
2024-12-20,Cotton Round Neck T-Shirt,Fashion,23,408.47,9394.81
2024-12-20,Slim Fit Chino Pants,Fashion,11,835.81,9193.91
2024-12-20,Natural Aloe Vera Gel 200ml,Beauty,25,258.73,6468.25
2024-12-20,Portable Phone Charger 20000mAh,Electronics,15,1560.61,23409.15
2024-12-21,Leather Wallet Slim,Fashion,19,618.92,11759.48
2024-12-21,Portable Phone Charger 20000mAh,Electronics,12,1594.56,19134.72
2024-12-21,Memory Foam Pillow,Home & Living,3,957.07,2871.21
2024-12-21,Mechanical Keyboard RGB,Electronics,16,2546.71,40747.36
2024-12-21,Sunglasses UV400 Polarized,Fashion,25,746.31,18657.75
2024-12-21,Leather Wallet Slim,Fashion,9,637.61,5738.49
2024-12-21,USB-C Fast Charging Cable,Electronics,25,305.12,7628.0
2024-12-21,Smart LED Desk Lamp,Electronics,9,850.85,7657.65
2024-12-21,Portable Phone Charger 20000mAh,Electronics,7,1451.07,10157.49
2024-12-21,Cotton Round Neck T-Shirt,Fashion,25,419.97,10499.25
2024-12-21,Noise Cancelling Headphones,Electronics,23,3907.0,89861.0
2024-12-21,Vitamin C Face Serum 30ml,Beauty,25,706.07,17651.75
2024-12-21,Portable Phone Charger 20000mAh,Electronics,15,1542.5,23137.5
2024-12-22,Bamboo Cutting Board Set,Home & Living,17,586.11,9963.87
2024-12-22,Mechanical Keyboard RGB,Electronics,21,2332.24,48977.04
2024-12-22,Sunglasses UV400 Polarized,Fashion,19,818.87,15558.53
2024-12-22,Slim Fit Chino Pants,Fashion,21,852.53,17903.13
2024-12-22,Natural Aloe Vera Gel 200ml,Beauty,12,220.24,2642.88
2024-12-22,Memory Foam Pillow,Home & Living,17,882.44,15001.48
2024-12-22,Mechanical Keyboard RGB,Electronics,21,2573.09,54034.89
2024-12-22,Natural Aloe Vera Gel 200ml,Beauty,25,265.08,6627.0
2024-12-22,Natural Aloe Vera Gel 200ml,Beauty,11,248.65,2735.15
2024-12-22,Noise Cancelling Headphones,Electronics,12,4172.35,50068.2
2024-12-22,Bamboo Cutting Board Set,Home & Living,11,636.04,6996.44
2024-12-23,Slim Fit Chino Pants,Fashion,10,965.67,9656.7
2024-12-23,Mechanical Keyboard RGB,Electronics,6,2543.65,15261.9
2024-12-23,Collagen Face Sheet Mask Pack,Beauty,4,200.04,800.16
2024-12-23,Collagen Face Sheet Mask Pack,Beauty,7,201.11,1407.77
2024-12-23,Non-Stick Frying Pan 26cm,Home & Living,24,836.81,20083.44
2024-12-23,Running Sports Shoes,Fashion,4,2144.96,8579.84
2024-12-24,Smart LED Desk Lamp,Electronics,2,868.43,1736.86
2024-12-24,Non-Stick Frying Pan 26cm,Home & Living,19,856.61,16275.59
2024-12-24,Smart LED Desk Lamp,Electronics,12,877.18,10526.16
2024-12-24,Cotton Round Neck T-Shirt,Fashion,24,418.73,10049.52
2024-12-24,Vitamin C Face Serum 30ml,Beauty,7,665.92,4661.44
2024-12-24,Casual Denim Jacket,Fashion,14,1366.94,19137.16
2024-12-24,Portable Phone Charger 20000mAh,Electronics,15,1424.09,21361.35
2024-12-24,Webcam HD 1080p,Electronics,24,1736.33,41671.92
2024-12-24,Casual Denim Jacket,Fashion,22,1616.02,35552.44
2024-12-24,Mechanical Keyboard RGB,Electronics,9,2499.13,22492.17
2024-12-24,Smart LED Desk Lamp,Electronics,3,922.16,2766.48
2024-12-24,Memory Foam Pillow,Home & Living,24,856.45,20554.8
2024-12-24,Moisturising Sunscreen SPF50,Beauty,7,426.25,2983.75
2024-12-25,Non-Stick Frying Pan 26cm,Home & Living,17,735.87,12509.79
2024-12-25,Scented Soy Wax Candle,Home & Living,23,366.54,8430.42
2024-12-25,Leather Wallet Slim,Fashion,20,565.12,11302.4
2024-12-25,Portable Phone Charger 20000mAh,Electronics,8,1515.95,12127.6
2024-12-25,Noise Cancelling Headphones,Electronics,21,3960.43,83169.03
2024-12-25,Under Eye Cream Dark Circles,Beauty,20,459.88,9197.6
2024-12-25,Webcam HD 1080p,Electronics,7,1682.92,11780.44
2024-12-25,Webcam HD 1080p,Electronics,10,1875.61,18756.1
2024-12-25,Moisturising Sunscreen SPF50,Beauty,17,408.48,6944.16
2024-12-25,Moisturising Sunscreen SPF50,Beauty,8,425.8,3406.4
2024-12-25,Moisturising Sunscreen SPF50,Beauty,4,400.96,1603.84
2024-12-25,Under Eye Cream Dark Circles,Beauty,16,445.11,7121.76
2024-12-25,Leather Wallet Slim,Fashion,22,616.14,13555.08
2024-12-26,Portable Phone Charger 20000mAh,Electronics,9,1592.7,14334.3
2024-12-26,Wireless Bluetooth Earbuds,Electronics,22,1318.25,29001.5
2024-12-26,Moisturising Sunscreen SPF50,Beauty,13,409.4,5322.2
2024-12-26,Running Sports Shoes,Fashion,9,2116.26,19046.34
2024-12-26,Wireless Bluetooth Earbuds,Electronics,25,1229.74,30743.5
2024-12-26,Wireless Bluetooth Earbuds,Electronics,19,1306.29,24819.51
2024-12-26,Leather Wallet Slim,Fashion,12,600.68,7208.16
2024-12-26,Running Sports Shoes,Fashion,5,2090.04,10450.2
2024-12-26,Scented Soy Wax Candle,Home & Living,21,345.6,7257.6
2024-12-26,Leather Wallet Slim,Fashion,9,561.38,5052.42
2024-12-26,Portable Phone Charger 20000mAh,Electronics,14,1566.9,21936.6
2024-12-26,Wireless Bluetooth Earbuds,Electronics,16,1399.45,22391.2
2024-12-26,Collagen Face Sheet Mask Pack,Beauty,8,181.59,1452.72
2024-12-27,Running Sports Shoes,Fashion,24,2053.82,49291.68
2024-12-27,Vitamin C Face Serum 30ml,Beauty,18,651.78,11732.04
2024-12-27,Natural Aloe Vera Gel 200ml,Beauty,18,262.17,4719.06
2024-12-27,Noise Cancelling Headphones,Electronics,25,4126.73,103168.25
2024-12-27,Running Sports Shoes,Fashion,12,2061.08,24732.96
2024-12-27,Noise Cancelling Headphones,Electronics,10,4241.68,42416.8
2024-12-27,Sunglasses UV400 Polarized,Fashion,8,797.54,6380.32
2024-12-27,Under Eye Cream Dark Circles,Beauty,23,421.4,9692.2
2024-12-27,Scented Soy Wax Candle,Home & Living,10,324.5,3245.0
2024-12-28,Collagen Face Sheet Mask Pack,Beauty,25,209.43,5235.75
2024-12-28,Running Sports Shoes,Fashion,9,1903.22,17128.98
2024-12-28,Wireless Bluetooth Earbuds,Electronics,25,1309.91,32747.75
2024-12-28,Collagen Face Sheet Mask Pack,Beauty,18,202.31,3641.58
2024-12-28,Non-Stick Frying Pan 26cm,Home & Living,17,824.57,14017.69
2024-12-28,Bamboo Cutting Board Set,Home & Living,13,623.89,8110.57
2024-12-28,Portable Phone Charger 20000mAh,Electronics,12,1544.18,18530.16
2024-12-28,Leather Wallet Slim,Fashion,18,610.06,10981.08
2024-12-28,Noise Cancelling Headphones,Electronics,8,4253.72,34029.76
2024-12-28,Bamboo Cutting Board Set,Home & Living,5,611.32,3056.6
2024-12-28,Moisturising Sunscreen SPF50,Beauty,11,376.03,4136.33
2024-12-29,Portable Phone Charger 20000mAh,Electronics,16,1617.05,25872.8
2024-12-29,Wireless Bluetooth Earbuds,Electronics,25,1230.94,30773.5
2024-12-29,Laptop Stand Adjustable,Electronics,25,1743.43,43585.75
2024-12-29,Stainless Steel Water Bottle 1L,Home & Living,20,489.35,9787.0
2024-12-29,Cotton Round Neck T-Shirt,Fashion,13,415.65,5403.45
2024-12-29,Natural Aloe Vera Gel 200ml,Beauty,24,231.81,5563.44
2024-12-29,Casual Denim Jacket,Fashion,5,1492.19,7460.95
2024-12-29,Natural Aloe Vera Gel 200ml,Beauty,11,225.59,2481.49
2024-12-29,Bamboo Cutting Board Set,Home & Living,20,557.12,11142.4
2024-12-30,USB-C Fast Charging Cable,Electronics,22,261.8,5759.6
2024-12-30,USB-C Fast Charging Cable,Electronics,25,284.56,7114.0
2024-12-30,USB-C Fast Charging Cable,Electronics,25,319.28,7982.0
2024-12-30,Mechanical Keyboard RGB,Electronics,21,2364.41,49652.61
2024-12-30,Casual Denim Jacket,Fashion,9,1554.39,13989.51
2024-12-30,Scented Soy Wax Candle,Home & Living,18,372.14,6698.52
2024-12-30,Leather Wallet Slim,Fashion,22,628.42,13825.24
2024-12-30,Stainless Steel Water Bottle 1L,Home & Living,11,531.97,5851.67
2024-12-30,Bamboo Cutting Board Set,Home & Living,4,596.54,2386.16
2024-12-30,Collagen Face Sheet Mask Pack,Beauty,14,184.73,2586.22
2024-12-30,Laptop Stand Adjustable,Electronics,9,1838.28,16544.52
2024-12-30,Non-Stick Frying Pan 26cm,Home & Living,9,740.8,6667.2
2024-12-31,Wireless Bluetooth Earbuds,Electronics,20,1242.46,24849.2
2024-12-31,Noise Cancelling Headphones,Electronics,16,4223.58,67577.28
2024-12-31,Webcam HD 1080p,Electronics,25,1652.0,41300.0
2024-12-31,Leather Wallet Slim,Fashion,23,571.46,13143.58
2024-12-31,Mechanical Keyboard RGB,Electronics,8,2355.29,18842.32
2024-12-31,Laptop Stand Adjustable,Electronics,5,1746.69,8733.45
2024-12-31,Under Eye Cream Dark Circles,Beauty,25,435.26,10881.5
2024-12-31,Slim Fit Chino Pants,Fashion,10,852.33,8523.3
2024-12-31,Moisturising Sunscreen SPF50,Beauty,22,373.22,8210.84
2024-12-31,Smart LED Desk Lamp,Electronics,19,856.49,16273.31
2024-12-31,Laptop Stand Adjustable,Electronics,12,1811.93,21743.16
2024-12-31,Collagen Face Sheet Mask Pack,Beauty,7,185.66,1299.62
2025-01-01,Stainless Steel Water Bottle 1L,Home & Living,1,503.25,503.25
2025-01-01,USB-C Fast Charging Cable,Electronics,21,294.84,6191.64
2025-01-01,Under Eye Cream Dark Circles,Beauty,6,453.92,2723.52
2025-01-01,Cotton Round Neck T-Shirt,Fashion,8,375.2,3001.6
2025-01-01,Collagen Face Sheet Mask Pack,Beauty,4,188.66,754.64
2025-01-01,Portable Phone Charger 20000mAh,Electronics,17,1598.61,27176.37
2025-01-01,Running Sports Shoes,Fashion,4,2139.06,8556.24
2025-01-01,Under Eye Cream Dark Circles,Beauty,25,428.27,10706.75
2025-01-01,Under Eye Cream Dark Circles,Beauty,12,438.32,5259.84
2025-01-01,Cotton Round Neck T-Shirt,Fashion,24,428.76,10290.24
2025-01-01,Scented Soy Wax Candle,Home & Living,21,377.07,7918.47
2025-01-01,Cotton Round Neck T-Shirt,Fashion,9,374.41,3369.69
2025-01-01,Memory Foam Pillow,Home & Living,21,928.77,19504.17
2025-01-02,Natural Aloe Vera Gel 200ml,Beauty,14,228.19,3194.66
2025-01-02,Cotton Round Neck T-Shirt,Fashion,23,428.51,9855.73
2025-01-02,Moisturising Sunscreen SPF50,Beauty,6,399.58,2397.48
2025-01-02,Stainless Steel Water Bottle 1L,Home & Living,4,488.96,1955.84
2025-01-02,Mechanical Keyboard RGB,Electronics,8,2478.99,19831.92
2025-01-02,Sunglasses UV400 Polarized,Fashion,23,740.84,17039.32
2025-01-02,Memory Foam Pillow,Home & Living,10,834.41,8344.1
2025-01-02,Noise Cancelling Headphones,Electronics,12,3754.52,45054.24
2025-01-02,Webcam HD 1080p,Electronics,7,1713.9,11997.3
2025-01-02,Laptop Stand Adjustable,Electronics,21,1880.92,39499.32
2025-01-02,Stainless Steel Water Bottle 1L,Home & Living,1,494.91,494.91
2025-01-02,Under Eye Cream Dark Circles,Beauty,9,434.26,3908.34
2025-01-02,Sunglasses UV400 Polarized,Fashion,19,755.4,14352.6
2025-01-02,Cotton Round Neck T-Shirt,Fashion,18,378.32,6809.76
2025-01-02,Laptop Stand Adjustable,Electronics,6,1921.78,11530.68
2025-01-02,Portable Phone Charger 20000mAh,Electronics,24,1560.48,37451.52
2025-01-03,Natural Aloe Vera Gel 200ml,Beauty,19,269.22,5115.18
2025-01-03,Noise Cancelling Headphones,Electronics,6,3712.26,22273.56
2025-01-03,Leather Wallet Slim,Fashion,14,575.49,8056.86
2025-01-03,Noise Cancelling Headphones,Electronics,9,4180.32,37622.88
2025-01-03,Non-Stick Frying Pan 26cm,Home & Living,2,851.09,1702.18
2025-01-03,Vitamin C Face Serum 30ml,Beauty,13,682.9,8877.7
2025-01-03,Bamboo Cutting Board Set,Home & Living,8,633.6,5068.8
2025-01-03,Smart LED Desk Lamp,Electronics,18,881.32,15863.76
2025-01-03,Vitamin C Face Serum 30ml,Beauty,6,746.81,4480.86
2025-01-03,Wireless Bluetooth Earbuds,Electronics,8,1325.22,10601.76
2025-01-03,Scented Soy Wax Candle,Home & Living,3,344.41,1033.23
2025-01-03,Bamboo Cutting Board Set,Home & Living,24,632.29,15174.96
2025-01-03,Casual Denim Jacket,Fashion,12,1394.34,16732.08
2025-01-03,Scented Soy Wax Candle,Home & Living,8,321.64,2573.12
2025-01-03,Mechanical Keyboard RGB,Electronics,9,2437.97,21941.73
2025-01-03,Slim Fit Chino Pants,Fashion,24,845.92,20302.08
2025-01-04,Slim Fit Chino Pants,Fashion,15,939.62,14094.3
2025-01-04,Non-Stick Frying Pan 26cm,Home & Living,18,763.64,13745.52
2025-01-04,Collagen Face Sheet Mask Pack,Beauty,25,202.07,5051.75
2025-01-04,Under Eye Cream Dark Circles,Beauty,13,437.91,5692.83
2025-01-04,Noise Cancelling Headphones,Electronics,23,3788.26,87129.98
2025-01-04,Bamboo Cutting Board Set,Home & Living,24,629.98,15119.52
2025-01-04,Wireless Bluetooth Earbuds,Electronics,12,1373.46,16481.52
2025-01-04,Wireless Bluetooth Earbuds,Electronics,21,1252.13,26294.73
2025-01-04,Wireless Bluetooth Earbuds,Electronics,21,1352.71,28406.91
2025-01-05,Collagen Face Sheet Mask Pack,Beauty,25,187.72,4693.0
2025-01-05,Mechanical Keyboard RGB,Electronics,19,2663.18,50600.42
2025-01-05,Natural Aloe Vera Gel 200ml,Beauty,19,225.36,4281.84
2025-01-05,Memory Foam Pillow,Home & Living,21,866.02,18186.42
2025-01-05,Cotton Round Neck T-Shirt,Fashion,22,429.95,9458.9
2025-01-05,Webcam HD 1080p,Electronics,19,1724.4,32763.6
2025-01-05,Cotton Round Neck T-Shirt,Fashion,20,407.09,8141.8
2025-01-05,Moisturising Sunscreen SPF50,Beauty,25,411.74,10293.5
2025-01-05,Wireless Bluetooth Earbuds,Electronics,25,1343.0,33575.0
2025-01-05,Non-Stick Frying Pan 26cm,Home & Living,13,856.16,11130.08
2025-01-05,Memory Foam Pillow,Home & Living,24,931.07,22345.68
2025-01-05,Bamboo Cutting Board Set,Home & Living,3,626.95,1880.85
2025-01-05,Running Sports Shoes,Fashion,25,1973.8,49345.0
2025-01-05,Stainless Steel Water Bottle 1L,Home & Living,21,524.78,11020.38
2025-01-05,Collagen Face Sheet Mask Pack,Beauty,20,213.36,4267.2
2025-01-05,Memory Foam Pillow,Home & Living,2,862.36,1724.72
2025-01-06,Leather Wallet Slim,Fashion,3,565.33,1695.99
2025-01-06,Webcam HD 1080p,Electronics,11,1823.51,20058.61
2025-01-06,Natural Aloe Vera Gel 200ml,Beauty,5,225.65,1128.25
2025-01-06,Collagen Face Sheet Mask Pack,Beauty,19,186.53,3544.07
2025-01-06,Mechanical Keyboard RGB,Electronics,25,2664.97,66624.25
2025-01-06,Under Eye Cream Dark Circles,Beauty,12,465.91,5590.92
2025-01-06,Portable Phone Charger 20000mAh,Electronics,13,1537.01,19981.13
2025-01-07,Under Eye Cream Dark Circles,Beauty,23,416.69,9583.87
2025-01-07,Webcam HD 1080p,Electronics,21,1942.85,40799.85
2025-01-07,Collagen Face Sheet Mask Pack,Beauty,4,196.24,784.96
2025-01-07,Noise Cancelling Headphones,Electronics,14,4229.45,59212.3
2025-01-07,Smart LED Desk Lamp,Electronics,9,894.18,8047.62
2025-01-07,Portable Phone Charger 20000mAh,Electronics,25,1414.26,35356.5
2025-01-07,Collagen Face Sheet Mask Pack,Beauty,6,182.49,1094.94
2025-01-07,Vitamin C Face Serum 30ml,Beauty,17,657.41,11175.97
2025-01-07,Memory Foam Pillow,Home & Living,4,872.3,3489.2
2025-01-08,Casual Denim Jacket,Fashion,19,1377.04,26163.76
2025-01-08,Running Sports Shoes,Fashion,14,1880.82,26331.48
2025-01-08,Sunglasses UV400 Polarized,Fashion,6,796.06,4776.36
2025-01-08,Portable Phone Charger 20000mAh,Electronics,20,1429.1,28582.0
2025-01-08,Non-Stick Frying Pan 26cm,Home & Living,4,795.01,3180.04
2025-01-08,USB-C Fast Charging Cable,Electronics,25,322.72,8068.0
2025-01-08,Moisturising Sunscreen SPF50,Beauty,21,396.64,8329.44
2025-01-08,USB-C Fast Charging Cable,Electronics,14,291.75,4084.5
2025-01-08,Bamboo Cutting Board Set,Home & Living,4,614.6,2458.4
2025-01-09,Webcam HD 1080p,Electronics,22,1781.64,39196.08
2025-01-09,Laptop Stand Adjustable,Electronics,3,1785.36,5356.08
2025-01-09,Wireless Bluetooth Earbuds,Electronics,25,1213.72,30343.0
2025-01-09,Mechanical Keyboard RGB,Electronics,12,2408.3,28899.6
2025-01-09,Casual Denim Jacket,Fashion,2,1453.94,2907.88
2025-01-09,Sunglasses UV400 Polarized,Fashion,12,803.46,9641.52
2025-01-09,Smart LED Desk Lamp,Electronics,15,941.32,14119.8
2025-01-09,Running Sports Shoes,Fashion,13,2087.27,27134.51
2025-01-09,Portable Phone Charger 20000mAh,Electronics,4,1589.8,6359.2
2025-01-09,USB-C Fast Charging Cable,Electronics,16,309.89,4958.24
2025-01-09,Mechanical Keyboard RGB,Electronics,3,2370.45,7111.35
2025-01-09,Moisturising Sunscreen SPF50,Beauty,4,386.23,1544.92
2025-01-09,Scented Soy Wax Candle,Home & Living,13,320.05,4160.65
2025-01-09,USB-C Fast Charging Cable,Electronics,14,282.59,3956.26
2025-01-09,Stainless Steel Water Bottle 1L,Home & Living,14,467.15,6540.1
2025-01-10,Bamboo Cutting Board Set,Home & Living,20,586.2,11724.0
2025-01-10,Slim Fit Chino Pants,Fashion,13,963.45,12524.85
2025-01-10,Laptop Stand Adjustable,Electronics,9,1674.37,15069.33
2025-01-10,Moisturising Sunscreen SPF50,Beauty,6,376.63,2259.78
2025-01-10,Scented Soy Wax Candle,Home & Living,15,320.07,4801.05
2025-01-10,Collagen Face Sheet Mask Pack,Beauty,10,189.84,1898.4
2025-01-10,Sunglasses UV400 Polarized,Fashion,14,839.47,11752.58
2025-01-10,Slim Fit Chino Pants,Fashion,10,857.32,8573.2
2025-01-10,Bamboo Cutting Board Set,Home & Living,2,579.07,1158.14
2025-01-11,Webcam HD 1080p,Electronics,3,1832.1,5496.3
2025-01-11,Running Sports Shoes,Fashion,25,1972.49,49312.25
2025-01-11,Cotton Round Neck T-Shirt,Fashion,23,384.32,8839.36
2025-01-12,Portable Phone Charger 20000mAh,Electronics,25,1539.37,38484.25
2025-01-12,Sunglasses UV400 Polarized,Fashion,14,770.19,10782.66
2025-01-12,Leather Wallet Slim,Fashion,12,602.75,7233.0
2025-01-12,Mechanical Keyboard RGB,Electronics,24,2507.63,60183.12
2025-01-12,Noise Cancelling Headphones,Electronics,17,4117.24,69993.08
2025-01-12,Bamboo Cutting Board Set,Home & Living,23,568.85,13083.55
2025-01-12,Portable Phone Charger 20000mAh,Electronics,18,1491.42,26845.56
2025-01-12,Portable Phone Charger 20000mAh,Electronics,23,1534.1,35284.3
2025-01-12,Leather Wallet Slim,Fashion,16,567.01,9072.16
2025-01-12,Cotton Round Neck T-Shirt,Fashion,17,406.26,6906.42
2025-01-13,Portable Phone Charger 20000mAh,Electronics,15,1565.04,23475.6
2025-01-13,Slim Fit Chino Pants,Fashion,17,884.05,15028.85
2025-01-13,Webcam HD 1080p,Electronics,4,1730.83,6923.32
2025-01-13,Moisturising Sunscreen SPF50,Beauty,23,416.64,9582.72
2025-01-13,Under Eye Cream Dark Circles,Beauty,11,437.54,4812.94
2025-01-13,Casual Denim Jacket,Fashion,25,1508.47,37711.75
2025-01-13,Non-Stick Frying Pan 26cm,Home & Living,5,826.04,4130.2
2025-01-14,Bamboo Cutting Board Set,Home & Living,16,614.11,9825.76
2025-01-14,Cotton Round Neck T-Shirt,Fashion,5,388.32,1941.6
2025-01-14,Non-Stick Frying Pan 26cm,Home & Living,11,781.73,8599.03
2025-01-14,Non-Stick Frying Pan 26cm,Home & Living,25,857.17,21429.25
2025-01-14,Cotton Round Neck T-Shirt,Fashion,8,389.29,3114.32
2025-01-14,Sunglasses UV400 Polarized,Fashion,24,773.33,18559.92
2025-01-14,Sunglasses UV400 Polarized,Fashion,19,735.07,13966.33
2025-01-14,Portable Phone Charger 20000mAh,Electronics,13,1443.01,18759.13
2025-01-14,Wireless Bluetooth Earbuds,Electronics,13,1223.5,15905.5
2025-01-14,Sunglasses UV400 Polarized,Fashion,1,857.65,857.65
2025-01-15,Under Eye Cream Dark Circles,Beauty,7,431.67,3021.69
2025-01-15,Stainless Steel Water Bottle 1L,Home & Living,23,526.52,12109.96
2025-01-15,Webcam HD 1080p,Electronics,4,1696.6,6786.4
2025-01-15,Noise Cancelling Headphones,Electronics,15,3744.22,56163.3
2025-01-15,Vitamin C Face Serum 30ml,Beauty,15,669.56,10043.4
2025-01-15,Stainless Steel Water Bottle 1L,Home & Living,16,472.24,7555.84
2025-01-15,Under Eye Cream Dark Circles,Beauty,16,454.22,7267.52
2025-01-15,Casual Denim Jacket,Fashion,15,1540.5,23107.5
2025-01-15,Laptop Stand Adjustable,Electronics,22,1876.85,41290.7
2025-01-15,Moisturising Sunscreen SPF50,Beauty,20,420.79,8415.8
2025-01-15,Non-Stick Frying Pan 26cm,Home & Living,6,733.97,4403.82
2025-01-15,Stainless Steel Water Bottle 1L,Home & Living,11,461.1,5072.1
2025-01-15,Moisturising Sunscreen SPF50,Beauty,20,392.39,7847.8
2025-01-15,Under Eye Cream Dark Circles,Beauty,14,450.42,6305.88
2025-01-16,Natural Aloe Vera Gel 200ml,Beauty,5,254.15,1270.75
2025-01-16,Natural Aloe Vera Gel 200ml,Beauty,2,226.79,453.58
2025-01-16,Bamboo Cutting Board Set,Home & Living,17,617.1,10490.7
2025-01-16,Scented Soy Wax Candle,Home & Living,5,351.68,1758.4
2025-01-16,Laptop Stand Adjustable,Electronics,8,1733.2,13865.6
2025-01-16,Wireless Bluetooth Earbuds,Electronics,2,1234.48,2468.96
2025-01-17,Smart LED Desk Lamp,Electronics,3,911.55,2734.65
2025-01-17,Mechanical Keyboard RGB,Electronics,6,2317.69,13906.14
2025-01-17,Moisturising Sunscreen SPF50,Beauty,18,408.29,7349.22
2025-01-17,Webcam HD 1080p,Electronics,24,1726.36,41432.64
2025-01-17,Casual Denim Jacket,Fashion,2,1590.2,3180.4
2025-01-17,Mechanical Keyboard RGB,Electronics,13,2558.74,33263.62
2025-01-17,USB-C Fast Charging Cable,Electronics,12,285.33,3423.96
2025-01-17,Leather Wallet Slim,Fashion,21,563.69,11837.49
2025-01-17,Moisturising Sunscreen SPF50,Beauty,6,400.53,2403.18
2025-01-17,Leather Wallet Slim,Fashion,11,626.09,6886.99
2025-01-17,Collagen Face Sheet Mask Pack,Beauty,15,212.43,3186.45
2025-01-17,Cotton Round Neck T-Shirt,Fashion,21,425.82,8942.22
2025-01-18,Under Eye Cream Dark Circles,Beauty,18,471.62,8489.16
2025-01-18,Cotton Round Neck T-Shirt,Fashion,5,375.39,1876.95
2025-01-18,Smart LED Desk Lamp,Electronics,4,845.62,3382.48
2025-01-18,Cotton Round Neck T-Shirt,Fashion,18,377.38,6792.84
2025-01-18,Slim Fit Chino Pants,Fashion,18,950.7,17112.6
2025-01-18,Wireless Bluetooth Earbuds,Electronics,8,1235.91,9887.28
2025-01-18,Wireless Bluetooth Earbuds,Electronics,10,1361.16,13611.6
2025-01-19,Under Eye Cream Dark Circles,Beauty,17,444.78,7561.26
2025-01-19,Noise Cancelling Headphones,Electronics,7,4136.22,28953.54
2025-01-19,Bamboo Cutting Board Set,Home & Living,2,554.9,1109.8
2025-01-19,Collagen Face Sheet Mask Pack,Beauty,5,193.41,967.05
2025-01-19,Scented Soy Wax Candle,Home & Living,10,373.38,3733.8
2025-01-19,Smart LED Desk Lamp,Electronics,4,907.05,3628.2
2025-01-19,Stainless Steel Water Bottle 1L,Home & Living,23,518.64,11928.72
2025-01-19,Stainless Steel Water Bottle 1L,Home & Living,4,470.7,1882.8
2025-01-19,Leather Wallet Slim,Fashion,3,597.98,1793.94
2025-01-19,Collagen Face Sheet Mask Pack,Beauty,10,195.98,1959.8
2025-01-19,Smart LED Desk Lamp,Electronics,6,929.23,5575.38
2025-01-20,Collagen Face Sheet Mask Pack,Beauty,11,180.93,1990.23
2025-01-20,Laptop Stand Adjustable,Electronics,4,1749.61,6998.44
2025-01-20,Memory Foam Pillow,Home & Living,12,837.93,10055.16
2025-01-20,Non-Stick Frying Pan 26cm,Home & Living,25,772.04,19301.0
2025-01-20,Mechanical Keyboard RGB,Electronics,14,2318.92,32464.88
2025-01-20,Cotton Round Neck T-Shirt,Fashion,18,392.77,7069.86
2025-01-20,Natural Aloe Vera Gel 200ml,Beauty,22,257.03,5654.66
2025-01-20,Laptop Stand Adjustable,Electronics,19,1909.67,36283.73
2025-01-20,Under Eye Cream Dark Circles,Beauty,24,436.37,10472.88
2025-01-20,Mechanical Keyboard RGB,Electronics,10,2688.84,26888.4
2025-01-20,Noise Cancelling Headphones,Electronics,25,3731.31,93282.75
2025-01-21,Mechanical Keyboard RGB,Electronics,9,2508.31,22574.79
2025-01-21,Leather Wallet Slim,Fashion,23,555.63,12779.49
2025-01-21,Natural Aloe Vera Gel 200ml,Beauty,18,233.69,4206.42
2025-01-21,Mechanical Keyboard RGB,Electronics,3,2434.86,7304.58
2025-01-21,Natural Aloe Vera Gel 200ml,Beauty,7,265.96,1861.72
2025-01-21,Under Eye Cream Dark Circles,Beauty,13,446.66,5806.58
2025-01-21,Vitamin C Face Serum 30ml,Beauty,24,650.51,15612.24
2025-01-21,Natural Aloe Vera Gel 200ml,Beauty,22,249.81,5495.82
2025-01-21,Sunglasses UV400 Polarized,Fashion,10,749.35,7493.5
2025-01-22,Non-Stick Frying Pan 26cm,Home & Living,12,784.06,9408.72
2025-01-22,Portable Phone Charger 20000mAh,Electronics,14,1410.85,19751.9
2025-01-22,Running Sports Shoes,Fashion,8,2073.16,16585.28
2025-01-22,Cotton Round Neck T-Shirt,Fashion,11,389.9,4288.9
2025-01-22,USB-C Fast Charging Cable,Electronics,15,317.78,4766.7
2025-01-22,Memory Foam Pillow,Home & Living,10,924.01,9240.1
2025-01-23,Portable Phone Charger 20000mAh,Electronics,3,1400.66,4201.98
2025-01-23,USB-C Fast Charging Cable,Electronics,22,268.65,5910.3
2025-01-23,USB-C Fast Charging Cable,Electronics,22,284.44,6257.68
2025-01-23,Collagen Face Sheet Mask Pack,Beauty,5,196.84,984.2
2025-01-23,Under Eye Cream Dark Circles,Beauty,23,441.38,10151.74
2025-01-23,Running Sports Shoes,Fashion,15,2035.47,30532.05
2025-01-23,Slim Fit Chino Pants,Fashion,11,891.24,9803.64
2025-01-23,Noise Cancelling Headphones,Electronics,6,3781.48,22688.88
2025-01-23,Smart LED Desk Lamp,Electronics,13,859.16,11169.08
2025-01-23,Casual Denim Jacket,Fashion,2,1434.83,2869.66
2025-01-24,Moisturising Sunscreen SPF50,Beauty,24,378.28,9078.72
2025-01-24,Bamboo Cutting Board Set,Home & Living,14,557.4,7803.6
2025-01-24,Vitamin C Face Serum 30ml,Beauty,20,745.28,14905.6
2025-01-24,Moisturising Sunscreen SPF50,Beauty,2,375.3,750.6
2025-01-24,Wireless Bluetooth Earbuds,Electronics,10,1312.12,13121.2
2025-01-24,Webcam HD 1080p,Electronics,20,1807.75,36155.0
2025-01-24,Running Sports Shoes,Fashion,17,1997.57,33958.69
2025-01-24,Smart LED Desk Lamp,Electronics,20,913.99,18279.8
2025-01-24,Vitamin C Face Serum 30ml,Beauty,13,728.03,9464.39
2025-01-24,Natural Aloe Vera Gel 200ml,Beauty,9,224.28,2018.52
2025-01-24,USB-C Fast Charging Cable,Electronics,4,290.32,1161.28
2025-01-24,Casual Denim Jacket,Fashion,2,1619.75,3239.5
2025-01-25,Sunglasses UV400 Polarized,Fashion,11,772.61,8498.71
2025-01-25,Slim Fit Chino Pants,Fashion,10,940.5,9405.0
2025-01-25,USB-C Fast Charging Cable,Electronics,25,276.49,6912.25
2025-01-25,Mechanical Keyboard RGB,Electronics,16,2332.64,37322.24
2025-01-25,Wireless Bluetooth Earbuds,Electronics,10,1242.96,12429.6
2025-01-25,Wireless Bluetooth Earbuds,Electronics,24,1358.87,32612.88
2025-01-25,Cotton Round Neck T-Shirt,Fashion,11,400.92,4410.12
2025-01-25,Stainless Steel Water Bottle 1L,Home & Living,25,501.96,12549.0
2025-01-25,Laptop Stand Adjustable,Electronics,10,1803.53,18035.3
2025-01-25,Sunglasses UV400 Polarized,Fashion,4,814.69,3258.76
2025-01-25,USB-C Fast Charging Cable,Electronics,9,307.25,2765.25
2025-01-25,Vitamin C Face Serum 30ml,Beauty,19,689.53,13101.07
2025-01-25,Sunglasses UV400 Polarized,Fashion,16,742.17,11874.72
2025-01-25,Webcam HD 1080p,Electronics,23,1851.88,42593.24
2025-01-25,Vitamin C Face Serum 30ml,Beauty,8,684.8,5478.4
2025-01-25,Slim Fit Chino Pants,Fashion,18,903.75,16267.5
2025-01-25,Memory Foam Pillow,Home & Living,25,926.52,23163.0
2025-01-25,Sunglasses UV400 Polarized,Fashion,11,799.36,8792.96
2025-01-26,Smart LED Desk Lamp,Electronics,24,830.45,19930.8
2025-01-26,Collagen Face Sheet Mask Pack,Beauty,22,214.3,4714.6
2025-01-26,Under Eye Cream Dark Circles,Beauty,10,422.41,4224.1
2025-01-26,Running Sports Shoes,Fashion,15,2020.39,30305.85
2025-01-26,Mechanical Keyboard RGB,Electronics,20,2395.54,47910.8
2025-01-26,Stainless Steel Water Bottle 1L,Home & Living,8,528.57,4228.56
2025-01-26,Leather Wallet Slim,Fashion,22,575.71,12665.62
2025-01-26,Bamboo Cutting Board Set,Home & Living,22,553.82,12184.04
2025-01-26,Slim Fit Chino Pants,Fashion,22,955.18,21013.96
2025-01-26,Non-Stick Frying Pan 26cm,Home & Living,3,854.63,2563.89
2025-01-26,Collagen Face Sheet Mask Pack,Beauty,18,203.13,3656.34
2025-01-27,Noise Cancelling Headphones,Electronics,11,3877.91,42657.01
2025-01-27,Memory Foam Pillow,Home & Living,20,862.13,17242.6
2025-01-27,Non-Stick Frying Pan 26cm,Home & Living,18,824.42,14839.56
2025-01-28,Bamboo Cutting Board Set,Home & Living,24,580.41,13929.84
2025-01-28,Memory Foam Pillow,Home & Living,21,869.84,18266.64
2025-01-28,Wireless Bluetooth Earbuds,Electronics,14,1246.26,17447.64
2025-01-28,Non-Stick Frying Pan 26cm,Home & Living,9,750.82,6757.38
2025-01-28,Scented Soy Wax Candle,Home & Living,17,358.07,6087.19
2025-01-28,Portable Phone Charger 20000mAh,Electronics,20,1514.57,30291.4
2025-01-28,Scented Soy Wax Candle,Home & Living,13,325.8,4235.4
2025-01-29,Noise Cancelling Headphones,Electronics,5,4011.93,20059.65
2025-01-29,Scented Soy Wax Candle,Home & Living,23,379.1,8719.3
2025-01-29,Under Eye Cream Dark Circles,Beauty,25,427.3,10682.5
2025-01-29,Vitamin C Face Serum 30ml,Beauty,1,700.63,700.63
2025-01-29,Non-Stick Frying Pan 26cm,Home & Living,18,730.9,13156.2
2025-01-29,Under Eye Cream Dark Circles,Beauty,20,442.28,8845.6
2025-01-29,Collagen Face Sheet Mask Pack,Beauty,5,188.46,942.3
2025-01-29,Vitamin C Face Serum 30ml,Beauty,20,740.43,14808.6
2025-01-29,USB-C Fast Charging Cable,Electronics,16,266.59,4265.44
2025-01-29,Running Sports Shoes,Fashion,7,1898.53,13289.71
2025-01-29,Wireless Bluetooth Earbuds,Electronics,9,1326.41,11937.69
2025-01-30,Moisturising Sunscreen SPF50,Beauty,5,380.28,1901.4
2025-01-30,Portable Phone Charger 20000mAh,Electronics,16,1575.33,25205.28
2025-01-30,Cotton Round Neck T-Shirt,Fashion,10,377.3,3773.0
2025-01-30,Memory Foam Pillow,Home & Living,20,851.42,17028.4
2025-01-30,Laptop Stand Adjustable,Electronics,10,1825.6,18256.0
2025-01-30,Mechanical Keyboard RGB,Electronics,12,2686.9,32242.8
2025-01-30,Casual Denim Jacket,Fashion,21,1524.84,32021.64
2025-01-30,Moisturising Sunscreen SPF50,Beauty,17,390.13,6632.21
2025-01-30,Non-Stick Frying Pan 26cm,Home & Living,14,780.56,10927.84
2025-01-30,Wireless Bluetooth Earbuds,Electronics,6,1217.4,7304.4
2025-01-30,Slim Fit Chino Pants,Fashion,13,911.34,11847.42
2025-01-30,Running Sports Shoes,Fashion,23,1950.95,44871.85
2025-01-30,Running Sports Shoes,Fashion,22,1954.93,43008.46
2025-01-30,Memory Foam Pillow,Home & Living,18,953.12,17156.16
2025-01-31,Memory Foam Pillow,Home & Living,12,836.21,10034.52
2025-01-31,Mechanical Keyboard RGB,Electronics,23,2665.25,61300.75
2025-01-31,USB-C Fast Charging Cable,Electronics,2,316.44,632.88
2025-01-31,Bamboo Cutting Board Set,Home & Living,22,550.99,12121.78
2025-01-31,Wireless Bluetooth Earbuds,Electronics,4,1361.28,5445.12
2025-01-31,Running Sports Shoes,Fashion,17,1971.89,33522.13
2025-01-31,Scented Soy Wax Candle,Home & Living,2,323.2,646.4
2025-01-31,Moisturising Sunscreen SPF50,Beauty,5,381.72,1908.6
2025-01-31,Cotton Round Neck T-Shirt,Fashion,4,387.79,1551.16
2025-01-31,Portable Phone Charger 20000mAh,Electronics,6,1585.32,9511.92
2025-01-31,Moisturising Sunscreen SPF50,Beauty,16,376.71,6027.36
2025-02-01,Sunglasses UV400 Polarized,Fashion,11,773.97,8513.67
2025-02-01,Memory Foam Pillow,Home & Living,10,888.23,8882.3
2025-02-01,Sunglasses UV400 Polarized,Fashion,1,818.57,818.57
2025-02-01,Bamboo Cutting Board Set,Home & Living,8,598.22,4785.76
2025-02-01,Noise Cancelling Headphones,Electronics,8,4090.05,32720.4
2025-02-01,Vitamin C Face Serum 30ml,Beauty,16,684.82,10957.12
2025-02-01,Collagen Face Sheet Mask Pack,Beauty,13,201.67,2621.71
2025-02-01,Natural Aloe Vera Gel 200ml,Beauty,22,243.27,5351.94
2025-02-01,Non-Stick Frying Pan 26cm,Home & Living,24,743.53,17844.72
2025-02-01,Moisturising Sunscreen SPF50,Beauty,8,389.79,3118.32
2025-02-02,Smart LED Desk Lamp,Electronics,21,826.52,17356.92
2025-02-02,Moisturising Sunscreen SPF50,Beauty,10,374.44,3744.4
2025-02-02,Mechanical Keyboard RGB,Electronics,9,2628.35,23655.15
2025-02-02,Under Eye Cream Dark Circles,Beauty,2,438.79,877.58
2025-02-02,Leather Wallet Slim,Fashion,12,596.58,7158.96
2025-02-02,Moisturising Sunscreen SPF50,Beauty,5,427.53,2137.65
2025-02-02,Stainless Steel Water Bottle 1L,Home & Living,14,476.42,6669.88
2025-02-02,Collagen Face Sheet Mask Pack,Beauty,5,202.22,1011.1
2025-02-02,Slim Fit Chino Pants,Fashion,19,856.18,16267.42
2025-02-02,Collagen Face Sheet Mask Pack,Beauty,11,208.79,2296.69
2025-02-03,USB-C Fast Charging Cable,Electronics,16,312.73,5003.68
2025-02-03,Laptop Stand Adjustable,Electronics,6,1682.25,10093.5
2025-02-03,Moisturising Sunscreen SPF50,Beauty,12,371.0,4452.0
2025-02-03,Non-Stick Frying Pan 26cm,Home & Living,4,754.74,3018.96
2025-02-03,Laptop Stand Adjustable,Electronics,17,1878.55,31935.35
2025-02-03,Laptop Stand Adjustable,Electronics,16,1690.61,27049.76
2025-02-03,Noise Cancelling Headphones,Electronics,18,3961.87,71313.66
2025-02-03,Slim Fit Chino Pants,Fashion,2,937.77,1875.54
2025-02-04,Collagen Face Sheet Mask Pack,Beauty,21,206.0,4326.0
2025-02-04,Memory Foam Pillow,Home & Living,20,884.98,17699.6
2025-02-04,Natural Aloe Vera Gel 200ml,Beauty,25,249.41,6235.25
2025-02-04,Wireless Bluetooth Earbuds,Electronics,22,1226.86,26990.92
2025-02-04,Laptop Stand Adjustable,Electronics,24,1687.44,40498.56
2025-02-05,USB-C Fast Charging Cable,Electronics,24,322.6,7742.4
2025-02-05,Scented Soy Wax Candle,Home & Living,2,379.02,758.04
2025-02-05,Non-Stick Frying Pan 26cm,Home & Living,7,825.06,5775.42
2025-02-05,Slim Fit Chino Pants,Fashion,18,847.38,15252.84
2025-02-05,Smart LED Desk Lamp,Electronics,22,924.71,20343.62
2025-02-05,Mechanical Keyboard RGB,Electronics,24,2452.03,58848.72
2025-02-05,Moisturising Sunscreen SPF50,Beauty,23,403.87,9289.01
2025-02-05,Memory Foam Pillow,Home & Living,18,837.81,15080.58
2025-02-05,Memory Foam Pillow,Home & Living,4,904.26,3617.04
2025-02-05,Stainless Steel Water Bottle 1L,Home & Living,25,512.32,12808.0
2025-02-05,Vitamin C Face Serum 30ml,Beauty,1,650.62,650.62
2025-02-06,Cotton Round Neck T-Shirt,Fashion,17,426.16,7244.72
2025-02-06,Natural Aloe Vera Gel 200ml,Beauty,3,254.71,764.13
2025-02-06,Non-Stick Frying Pan 26cm,Home & Living,14,799.99,11199.86
2025-02-06,Webcam HD 1080p,Electronics,12,1680.69,20168.28
2025-02-06,Portable Phone Charger 20000mAh,Electronics,5,1610.39,8051.95
2025-02-06,Noise Cancelling Headphones,Electronics,23,4233.91,97379.93
2025-02-06,Vitamin C Face Serum 30ml,Beauty,15,723.14,10847.1
2025-02-06,Wireless Bluetooth Earbuds,Electronics,6,1247.3,7483.8
2025-02-06,Sunglasses UV400 Polarized,Fashion,7,846.25,5923.75
2025-02-06,Smart LED Desk Lamp,Electronics,11,952.12,10473.32
2025-02-07,Natural Aloe Vera Gel 200ml,Beauty,2,248.94,497.88
2025-02-07,Memory Foam Pillow,Home & Living,8,945.51,7564.08
2025-02-07,Webcam HD 1080p,Electronics,16,1928.31,30852.96
2025-02-07,Cotton Round Neck T-Shirt,Fashion,24,372.16,8931.84
2025-02-07,Leather Wallet Slim,Fashion,9,562.45,5062.05
2025-02-07,Under Eye Cream Dark Circles,Beauty,15,430.15,6452.25
2025-02-07,Cotton Round Neck T-Shirt,Fashion,21,420.27,8825.67
2025-02-07,Noise Cancelling Headphones,Electronics,2,3820.44,7640.88
2025-02-07,Webcam HD 1080p,Electronics,14,1657.02,23198.28
2025-02-08,Webcam HD 1080p,Electronics,3,1764.6,5293.8
2025-02-08,Noise Cancelling Headphones,Electronics,6,4024.21,24145.26
2025-02-08,Vitamin C Face Serum 30ml,Beauty,16,713.28,11412.48
2025-02-08,Under Eye Cream Dark Circles,Beauty,16,433.05,6928.8
2025-02-08,Smart LED Desk Lamp,Electronics,25,885.06,22126.5
2025-02-08,Noise Cancelling Headphones,Electronics,21,3958.65,83131.65
2025-02-08,USB-C Fast Charging Cable,Electronics,23,299.58,6890.34
2025-02-08,Noise Cancelling Headphones,Electronics,24,3982.7,95584.8
2025-02-09,Sunglasses UV400 Polarized,Fashion,19,837.09,15904.71
2025-02-09,Wireless Bluetooth Earbuds,Electronics,7,1320.22,9241.54
2025-02-09,Scented Soy Wax Candle,Home & Living,18,360.79,6494.22
2025-02-09,Scented Soy Wax Candle,Home & Living,22,360.21,7924.62
2025-02-09,Stainless Steel Water Bottle 1L,Home & Living,5,520.14,2600.7
2025-02-09,Noise Cancelling Headphones,Electronics,19,4225.02,80275.38
2025-02-09,Casual Denim Jacket,Fashion,19,1598.85,30378.15
2025-02-09,Bamboo Cutting Board Set,Home & Living,13,582.18,7568.34
2025-02-09,Natural Aloe Vera Gel 200ml,Beauty,5,264.04,1320.2
2025-02-09,Webcam HD 1080p,Electronics,20,1713.51,34270.2
2025-02-09,Casual Denim Jacket,Fashion,23,1400.75,32217.25
2025-02-10,Collagen Face Sheet Mask Pack,Beauty,25,207.8,5195.0
2025-02-10,Sunglasses UV400 Polarized,Fashion,22,742.39,16332.58
2025-02-10,Sunglasses UV400 Polarized,Fashion,19,757.39,14390.41
2025-02-10,Smart LED Desk Lamp,Electronics,11,887.27,9759.97
2025-02-10,Leather Wallet Slim,Fashion,15,628.67,9430.05
2025-02-10,Sunglasses UV400 Polarized,Fashion,13,765.1,9946.3
2025-02-10,Memory Foam Pillow,Home & Living,1,887.06,887.06
2025-02-10,Leather Wallet Slim,Fashion,16,637.23,10195.68
2025-02-10,Webcam HD 1080p,Electronics,10,1870.89,18708.9
2025-02-10,Mechanical Keyboard RGB,Electronics,19,2431.44,46197.36
2025-02-10,Collagen Face Sheet Mask Pack,Beauty,14,188.14,2633.96
2025-02-10,Smart LED Desk Lamp,Electronics,17,845.92,14380.64
2025-02-11,Mechanical Keyboard RGB,Electronics,7,2418.48,16929.36
2025-02-11,USB-C Fast Charging Cable,Electronics,25,275.85,6896.25
2025-02-11,Noise Cancelling Headphones,Electronics,7,4051.11,28357.77
2025-02-11,Casual Denim Jacket,Fashion,5,1438.6,7193.0
2025-02-11,Vitamin C Face Serum 30ml,Beauty,12,708.85,8506.2
2025-02-11,Casual Denim Jacket,Fashion,3,1619.73,4859.19
2025-02-11,Laptop Stand Adjustable,Electronics,22,1738.81,38253.82
2025-02-12,Scented Soy Wax Candle,Home & Living,8,329.86,2638.88
2025-02-12,Casual Denim Jacket,Fashion,18,1487.17,26769.06
2025-02-12,Collagen Face Sheet Mask Pack,Beauty,21,188.49,3958.29
2025-02-12,USB-C Fast Charging Cable,Electronics,4,284.12,1136.48
2025-02-12,Leather Wallet Slim,Fashion,16,557.16,8914.56
2025-02-12,Wireless Bluetooth Earbuds,Electronics,10,1294.65,12946.5
2025-02-12,Scented Soy Wax Candle,Home & Living,9,336.53,3028.77
2025-02-13,Moisturising Sunscreen SPF50,Beauty,24,374.89,8997.36
2025-02-13,Running Sports Shoes,Fashion,8,2088.93,16711.44
2025-02-13,Smart LED Desk Lamp,Electronics,14,829.4,11611.6
2025-02-13,Stainless Steel Water Bottle 1L,Home & Living,13,466.22,6060.86
2025-02-13,Casual Denim Jacket,Fashion,10,1465.86,14658.6
2025-02-13,Natural Aloe Vera Gel 200ml,Beauty,21,242.74,5097.54
2025-02-13,Running Sports Shoes,Fashion,12,2066.43,24797.16
2025-02-13,Noise Cancelling Headphones,Electronics,24,3883.58,93205.92
2025-02-13,Leather Wallet Slim,Fashion,9,605.74,5451.66
2025-02-13,Noise Cancelling Headphones,Electronics,13,4256.38,55332.94
2025-02-14,Bamboo Cutting Board Set,Home & Living,11,578.01,6358.11
2025-02-14,Webcam HD 1080p,Electronics,20,1825.25,36505.0
2025-02-14,Non-Stick Frying Pan 26cm,Home & Living,2,816.68,1633.36
2025-02-14,Memory Foam Pillow,Home & Living,25,922.34,23058.5
2025-02-14,Moisturising Sunscreen SPF50,Beauty,8,415.9,3327.2
2025-02-14,Sunglasses UV400 Polarized,Fashion,2,789.22,1578.44
2025-02-14,Wireless Bluetooth Earbuds,Electronics,7,1355.34,9487.38
2025-02-14,Casual Denim Jacket,Fashion,14,1566.63,21932.82
2025-02-14,Portable Phone Charger 20000mAh,Electronics,2,1584.61,3169.22
2025-02-14,Casual Denim Jacket,Fashion,22,1505.37,33118.14
2025-02-14,Cotton Round Neck T-Shirt,Fashion,19,408.35,7758.65
2025-02-14,Leather Wallet Slim,Fashion,20,591.03,11820.6
2025-02-14,Moisturising Sunscreen SPF50,Beauty,19,376.41,7151.79
2025-02-14,Smart LED Desk Lamp,Electronics,18,841.78,15152.04
2025-02-14,Under Eye Cream Dark Circles,Beauty,1,473.85,473.85
2025-02-14,Leather Wallet Slim,Fashion,14,599.27,8389.78
2025-02-14,Laptop Stand Adjustable,Electronics,6,1790.23,10741.38
2025-02-15,Cotton Round Neck T-Shirt,Fashion,19,408.17,7755.23
2025-02-15,Mechanical Keyboard RGB,Electronics,14,2540.38,35565.32
2025-02-15,Scented Soy Wax Candle,Home & Living,14,365.86,5122.04
2025-02-15,Noise Cancelling Headphones,Electronics,25,4062.4,101560.0
2025-02-15,Bamboo Cutting Board Set,Home & Living,12,562.94,6755.28
2025-02-15,Sunglasses UV400 Polarized,Fashion,16,787.9,12606.4
2025-02-15,Non-Stick Frying Pan 26cm,Home & Living,2,792.82,1585.64
2025-02-15,Leather Wallet Slim,Fashion,23,580.05,13341.15
2025-02-15,Casual Denim Jacket,Fashion,6,1466.47,8798.82
2025-02-15,Cotton Round Neck T-Shirt,Fashion,10,427.36,4273.6
2025-02-15,Bamboo Cutting Board Set,Home & Living,2,569.5,1139.0
2025-02-15,Vitamin C Face Serum 30ml,Beauty,5,733.29,3666.45
2025-02-15,Running Sports Shoes,Fashion,25,1993.77,49844.25
2025-02-15,Mechanical Keyboard RGB,Electronics,9,2601.52,23413.68
2025-02-16,Smart LED Desk Lamp,Electronics,8,924.64,7397.12
2025-02-16,Casual Denim Jacket,Fashion,21,1458.79,30634.59
2025-02-16,Moisturising Sunscreen SPF50,Beauty,2,422.39,844.78
2025-02-16,Wireless Bluetooth Earbuds,Electronics,24,1297.96,31151.04
2025-02-16,Noise Cancelling Headphones,Electronics,8,3735.83,29886.64
2025-02-16,Moisturising Sunscreen SPF50,Beauty,16,389.16,6226.56
2025-02-16,Sunglasses UV400 Polarized,Fashion,21,763.82,16040.22
2025-02-16,Vitamin C Face Serum 30ml,Beauty,15,698.42,10476.3
2025-02-16,Webcam HD 1080p,Electronics,16,1836.09,29377.44
2025-02-17,Cotton Round Neck T-Shirt,Fashion,13,428.81,5574.53
2025-02-17,Noise Cancelling Headphones,Electronics,11,4245.8,46703.8
2025-02-17,Bamboo Cutting Board Set,Home & Living,1,586.05,586.05
2025-02-17,USB-C Fast Charging Cable,Electronics,8,284.61,2276.88
2025-02-17,Laptop Stand Adjustable,Electronics,1,1944.16,1944.16
2025-02-17,Mechanical Keyboard RGB,Electronics,20,2644.85,52897.0
2025-02-17,Stainless Steel Water Bottle 1L,Home & Living,3,523.27,1569.81
2025-02-17,Smart LED Desk Lamp,Electronics,1,959.08,959.08
2025-02-17,Natural Aloe Vera Gel 200ml,Beauty,21,230.96,4850.16
2025-02-18,Leather Wallet Slim,Fashion,19,577.28,10968.32
2025-02-18,Non-Stick Frying Pan 26cm,Home & Living,4,813.99,3255.96
2025-02-18,Laptop Stand Adjustable,Electronics,12,1913.6,22963.2
2025-02-18,Leather Wallet Slim,Fashion,19,631.08,11990.52
2025-02-18,Under Eye Cream Dark Circles,Beauty,11,434.14,4775.54
2025-02-18,Slim Fit Chino Pants,Fashion,8,921.99,7375.92
2025-02-18,Noise Cancelling Headphones,Electronics,23,3890.27,89476.21
2025-02-18,Under Eye Cream Dark Circles,Beauty,21,425.93,8944.53
2025-02-18,Leather Wallet Slim,Fashion,8,637.54,5100.32
2025-02-18,Vitamin C Face Serum 30ml,Beauty,20,730.13,14602.6
2025-02-18,Collagen Face Sheet Mask Pack,Beauty,3,192.52,577.56
2025-02-18,Laptop Stand Adjustable,Electronics,18,1786.39,32155.02
2025-02-19,Stainless Steel Water Bottle 1L,Home & Living,2,504.75,1009.5
2025-02-19,Sunglasses UV400 Polarized,Fashion,9,825.12,7426.08
2025-02-19,Under Eye Cream Dark Circles,Beauty,18,467.07,8407.26
2025-02-19,Cotton Round Neck T-Shirt,Fashion,17,380.34,6465.78
2025-02-19,Wireless Bluetooth Earbuds,Electronics,10,1340.02,13400.2
2025-02-19,Natural Aloe Vera Gel 200ml,Beauty,22,264.96,5829.12
2025-02-19,Under Eye Cream Dark Circles,Beauty,4,437.59,1750.36
2025-02-19,USB-C Fast Charging Cable,Electronics,24,303.54,7284.96
2025-02-20,Running Sports Shoes,Fashion,9,2014.01,18126.09
2025-02-20,Running Sports Shoes,Fashion,5,1872.8,9364.0
2025-02-20,Mechanical Keyboard RGB,Electronics,8,2304.01,18432.08
2025-02-20,Moisturising Sunscreen SPF50,Beauty,14,406.15,5686.1
2025-02-20,Leather Wallet Slim,Fashion,17,573.25,9745.25
2025-02-20,Sunglasses UV400 Polarized,Fashion,12,845.18,10142.16
2025-02-20,Collagen Face Sheet Mask Pack,Beauty,10,184.32,1843.2
2025-02-20,Under Eye Cream Dark Circles,Beauty,14,467.17,6540.38
2025-02-20,Slim Fit Chino Pants,Fashion,9,925.37,8328.33
2025-02-20,Webcam HD 1080p,Electronics,3,1804.38,5413.14
2025-02-20,Laptop Stand Adjustable,Electronics,14,1871.5,26201.0
2025-02-20,Noise Cancelling Headphones,Electronics,14,3943.06,55202.84
2025-02-20,Running Sports Shoes,Fashion,3,1953.5,5860.5
2025-02-20,Stainless Steel Water Bottle 1L,Home & Living,21,507.64,10660.44
2025-02-21,Natural Aloe Vera Gel 200ml,Beauty,21,231.49,4861.29
2025-02-21,Cotton Round Neck T-Shirt,Fashion,5,387.65,1938.25
2025-02-21,Bamboo Cutting Board Set,Home & Living,24,627.4,15057.6
2025-02-21,Sunglasses UV400 Polarized,Fashion,20,854.93,17098.6
2025-02-21,Noise Cancelling Headphones,Electronics,19,4089.9,77708.1
2025-02-21,Leather Wallet Slim,Fashion,15,602.78,9041.7
2025-02-21,Noise Cancelling Headphones,Electronics,7,4329.3,30305.1
2025-02-21,Stainless Steel Water Bottle 1L,Home & Living,25,533.28,13332.0
2025-02-21,Scented Soy Wax Candle,Home & Living,24,350.58,8413.92
2025-02-21,Cotton Round Neck T-Shirt,Fashion,11,408.3,4491.3
2025-02-21,Webcam HD 1080p,Electronics,24,1708.64,41007.36
2025-02-21,Scented Soy Wax Candle,Home & Living,24,362.04,8688.96
2025-02-21,Bamboo Cutting Board Set,Home & Living,16,579.49,9271.84
2025-02-21,Non-Stick Frying Pan 26cm,Home & Living,7,750.44,5253.08
2025-02-22,Slim Fit Chino Pants,Fashion,11,895.24,9847.64
2025-02-22,Natural Aloe Vera Gel 200ml,Beauty,15,268.13,4021.95
2025-02-22,Casual Denim Jacket,Fashion,11,1414.62,15560.82
2025-02-22,Casual Denim Jacket,Fashion,9,1476.36,13287.24
2025-02-22,Bamboo Cutting Board Set,Home & Living,17,569.14,9675.38
2025-02-22,Running Sports Shoes,Fashion,20,2144.58,42891.6
2025-02-22,Memory Foam Pillow,Home & Living,4,911.12,3644.48
2025-02-22,Natural Aloe Vera Gel 200ml,Beauty,6,265.55,1593.3
2025-02-22,Slim Fit Chino Pants,Fashion,21,869.44,18258.24
2025-02-22,Scented Soy Wax Candle,Home & Living,5,358.67,1793.35
2025-02-22,Leather Wallet Slim,Fashion,22,575.49,12660.78
2025-02-23,Natural Aloe Vera Gel 200ml,Beauty,20,257.52,5150.4
2025-02-23,Natural Aloe Vera Gel 200ml,Beauty,23,221.03,5083.69
2025-02-23,Vitamin C Face Serum 30ml,Beauty,13,688.26,8947.38
2025-02-23,Slim Fit Chino Pants,Fashion,7,939.15,6574.05
2025-02-23,Portable Phone Charger 20000mAh,Electronics,18,1486.65,26759.7
2025-02-23,Casual Denim Jacket,Fashion,11,1403.86,15442.46
2025-02-23,Collagen Face Sheet Mask Pack,Beauty,25,206.77,5169.25
2025-02-23,Stainless Steel Water Bottle 1L,Home & Living,24,479.13,11499.12
2025-02-23,Non-Stick Frying Pan 26cm,Home & Living,20,737.12,14742.4
2025-02-24,Sunglasses UV400 Polarized,Fashion,20,851.96,17039.2
2025-02-24,Running Sports Shoes,Fashion,17,1979.17,33645.89
2025-02-24,Natural Aloe Vera Gel 200ml,Beauty,6,225.7,1354.2
2025-02-24,Sunglasses UV400 Polarized,Fashion,6,790.18,4741.08
2025-02-24,Stainless Steel Water Bottle 1L,Home & Living,23,466.6,10731.8
2025-02-24,Scented Soy Wax Candle,Home & Living,24,367.62,8822.88
2025-02-24,Mechanical Keyboard RGB,Electronics,3,2542.04,7626.12
2025-02-24,Noise Cancelling Headphones,Electronics,3,3901.25,11703.75
2025-02-24,Noise Cancelling Headphones,Electronics,1,4203.14,4203.14
2025-02-24,Webcam HD 1080p,Electronics,3,1800.97,5402.91
2025-02-25,Slim Fit Chino Pants,Fashion,8,837.93,6703.44
2025-02-25,Laptop Stand Adjustable,Electronics,20,1850.26,37005.2
2025-02-25,Scented Soy Wax Candle,Home & Living,7,370.7,2594.9
2025-02-25,Portable Phone Charger 20000mAh,Electronics,20,1615.22,32304.4
2025-02-25,Scented Soy Wax Candle,Home & Living,22,340.99,7501.78
2025-02-25,Sunglasses UV400 Polarized,Fashion,20,818.67,16373.4
2025-02-25,USB-C Fast Charging Cable,Electronics,14,265.06,3710.84
2025-02-25,Leather Wallet Slim,Fashion,14,609.42,8531.88
2025-02-26,Noise Cancelling Headphones,Electronics,14,3994.89,55928.46
2025-02-26,Memory Foam Pillow,Home & Living,16,916.67,14666.72
2025-02-26,Smart LED Desk Lamp,Electronics,7,884.71,6192.97
2025-02-26,Scented Soy Wax Candle,Home & Living,24,322.03,7728.72
2025-02-26,Scented Soy Wax Candle,Home & Living,11,351.42,3865.62
2025-02-26,Wireless Bluetooth Earbuds,Electronics,3,1354.55,4063.65
2025-02-26,Stainless Steel Water Bottle 1L,Home & Living,10,530.93,5309.3
2025-02-26,Smart LED Desk Lamp,Electronics,4,957.96,3831.84
2025-02-26,Mechanical Keyboard RGB,Electronics,19,2569.38,48818.22
2025-02-26,Slim Fit Chino Pants,Fashion,17,961.15,16339.55
2025-02-26,Laptop Stand Adjustable,Electronics,11,1746.5,19211.5
2025-02-27,Vitamin C Face Serum 30ml,Beauty,10,688.26,6882.6
2025-02-27,Cotton Round Neck T-Shirt,Fashion,24,407.89,9789.36
2025-02-27,USB-C Fast Charging Cable,Electronics,19,318.87,6058.53
2025-02-27,Bamboo Cutting Board Set,Home & Living,1,588.78,588.78
2025-02-27,USB-C Fast Charging Cable,Electronics,19,266.0,5054.0
2025-02-27,Vitamin C Face Serum 30ml,Beauty,11,710.39,7814.29
2025-02-27,Vitamin C Face Serum 30ml,Beauty,5,672.7,3363.5
2025-02-27,USB-C Fast Charging Cable,Electronics,4,280.56,1122.24
2025-02-27,Scented Soy Wax Candle,Home & Living,18,344.64,6203.52
2025-02-27,Sunglasses UV400 Polarized,Fashion,7,778.34,5448.38
2025-02-27,Moisturising Sunscreen SPF50,Beauty,10,402.5,4025.0
2025-02-27,Wireless Bluetooth Earbuds,Electronics,18,1365.57,24580.26
2025-02-27,Memory Foam Pillow,Home & Living,12,862.03,10344.36
2025-02-27,Non-Stick Frying Pan 26cm,Home & Living,23,823.58,18942.34
2025-02-27,Moisturising Sunscreen SPF50,Beauty,16,375.58,6009.28
2025-02-28,Leather Wallet Slim,Fashion,4,624.5,2498.0
2025-02-28,Cotton Round Neck T-Shirt,Fashion,16,399.3,6388.8
2025-02-28,Leather Wallet Slim,Fashion,18,612.8,11030.4
2025-02-28,Sunglasses UV400 Polarized,Fashion,13,744.93,9684.09
2025-02-28,Laptop Stand Adjustable,Electronics,13,1673.34,21753.42
2025-02-28,Wireless Bluetooth Earbuds,Electronics,1,1383.04,1383.04
2025-02-28,Webcam HD 1080p,Electronics,1,1789.5,1789.5
2025-02-28,Collagen Face Sheet Mask Pack,Beauty,25,204.29,5107.25
2025-03-01,USB-C Fast Charging Cable,Electronics,25,273.32,6833.0
2025-03-01,Slim Fit Chino Pants,Fashion,6,874.63,5247.78
2025-03-01,Memory Foam Pillow,Home & Living,9,858.12,7723.08
2025-03-01,Stainless Steel Water Bottle 1L,Home & Living,25,460.27,11506.75
2025-03-01,Scented Soy Wax Candle,Home & Living,10,371.0,3710.0
2025-03-01,Laptop Stand Adjustable,Electronics,11,1656.45,18220.95
2025-03-01,Wireless Bluetooth Earbuds,Electronics,22,1264.24,27813.28
2025-03-01,Webcam HD 1080p,Electronics,24,1892.94,45430.56
2025-03-02,Webcam HD 1080p,Electronics,25,1847.57,46189.25
2025-03-02,Slim Fit Chino Pants,Fashion,21,921.99,19361.79
2025-03-02,Casual Denim Jacket,Fashion,15,1475.18,22127.7
2025-03-02,Smart LED Desk Lamp,Electronics,25,937.05,23426.25
2025-03-02,Non-Stick Frying Pan 26cm,Home & Living,17,817.64,13899.88
2025-03-02,Under Eye Cream Dark Circles,Beauty,25,465.11,11627.75
2025-03-02,Webcam HD 1080p,Electronics,8,1942.58,15540.64
2025-03-02,Noise Cancelling Headphones,Electronics,7,4148.1,29036.7
2025-03-02,Vitamin C Face Serum 30ml,Beauty,25,681.07,17026.75
2025-03-02,Laptop Stand Adjustable,Electronics,20,1925.51,38510.2
2025-03-02,Collagen Face Sheet Mask Pack,Beauty,15,186.95,2804.25
2025-03-02,Memory Foam Pillow,Home & Living,19,923.67,17549.73
2025-03-02,Mechanical Keyboard RGB,Electronics,5,2557.3,12786.5
2025-03-03,Cotton Round Neck T-Shirt,Fashion,22,420.91,9260.02
2025-03-03,Mechanical Keyboard RGB,Electronics,3,2534.82,7604.46
2025-03-03,Laptop Stand Adjustable,Electronics,9,1799.62,16196.58
2025-03-03,Collagen Face Sheet Mask Pack,Beauty,23,205.17,4718.91
2025-03-03,Stainless Steel Water Bottle 1L,Home & Living,14,503.49,7048.86
2025-03-03,Portable Phone Charger 20000mAh,Electronics,15,1491.8,22377.0
2025-03-03,Bamboo Cutting Board Set,Home & Living,3,585.54,1756.62
2025-03-03,Stainless Steel Water Bottle 1L,Home & Living,1,469.82,469.82
2025-03-03,Leather Wallet Slim,Fashion,7,637.96,4465.72
2025-03-03,Natural Aloe Vera Gel 200ml,Beauty,19,244.27,4641.13
2025-03-03,Smart LED Desk Lamp,Electronics,20,936.49,18729.8
2025-03-04,Stainless Steel Water Bottle 1L,Home & Living,7,470.19,3291.33
2025-03-04,Noise Cancelling Headphones,Electronics,7,3812.13,26684.91
2025-03-04,Wireless Bluetooth Earbuds,Electronics,16,1331.53,21304.48
2025-03-04,Non-Stick Frying Pan 26cm,Home & Living,19,807.22,15337.18
2025-03-04,Stainless Steel Water Bottle 1L,Home & Living,18,485.28,8735.04
2025-03-04,Moisturising Sunscreen SPF50,Beauty,13,413.95,5381.35
2025-03-04,Webcam HD 1080p,Electronics,18,1661.7,29910.6
2025-03-04,Bamboo Cutting Board Set,Home & Living,2,559.05,1118.1
2025-03-04,Collagen Face Sheet Mask Pack,Beauty,24,209.87,5036.88
2025-03-05,Leather Wallet Slim,Fashion,5,579.78,2898.9
2025-03-05,Smart LED Desk Lamp,Electronics,15,945.51,14182.65
2025-03-05,Laptop Stand Adjustable,Electronics,6,1935.73,11614.38
2025-03-05,Wireless Bluetooth Earbuds,Electronics,8,1265.17,10121.36
2025-03-05,Slim Fit Chino Pants,Fashion,3,891.84,2675.52
2025-03-05,Scented Soy Wax Candle,Home & Living,24,371.23,8909.52
2025-03-05,Casual Denim Jacket,Fashion,20,1509.83,30196.6
2025-03-05,Wireless Bluetooth Earbuds,Electronics,22,1203.51,26477.22
2025-03-06,Casual Denim Jacket,Fashion,13,1461.26,18996.38
2025-03-06,Memory Foam Pillow,Home & Living,1,855.74,855.74
2025-03-06,Smart LED Desk Lamp,Electronics,10,862.79,8627.9
2025-03-06,Scented Soy Wax Candle,Home & Living,12,367.75,4413.0
2025-03-06,Webcam HD 1080p,Electronics,4,1797.31,7189.24
2025-03-06,Under Eye Cream Dark Circles,Beauty,5,423.27,2116.35
2025-03-06,Non-Stick Frying Pan 26cm,Home & Living,9,772.18,6949.62
2025-03-07,Casual Denim Jacket,Fashion,5,1442.16,7210.8
2025-03-07,Bamboo Cutting Board Set,Home & Living,15,585.39,8780.85
2025-03-07,Bamboo Cutting Board Set,Home & Living,9,554.1,4986.9
2025-03-07,Under Eye Cream Dark Circles,Beauty,11,440.52,4845.72
2025-03-07,Cotton Round Neck T-Shirt,Fashion,16,376.11,6017.76
2025-03-07,Collagen Face Sheet Mask Pack,Beauty,20,193.04,3860.8
2025-03-07,Moisturising Sunscreen SPF50,Beauty,4,404.41,1617.64
2025-03-07,Webcam HD 1080p,Electronics,21,1768.65,37141.65
2025-03-07,Smart LED Desk Lamp,Electronics,23,824.1,18954.3
2025-03-08,Portable Phone Charger 20000mAh,Electronics,15,1572.41,23586.15
2025-03-08,Casual Denim Jacket,Fashion,11,1520.1,16721.1
2025-03-08,USB-C Fast Charging Cable,Electronics,9,278.75,2508.75
2025-03-08,Sunglasses UV400 Polarized,Fashion,17,819.59,13933.03
2025-03-08,Mechanical Keyboard RGB,Electronics,9,2686.27,24176.43
2025-03-08,Non-Stick Frying Pan 26cm,Home & Living,4,787.28,3149.12
2025-03-08,Webcam HD 1080p,Electronics,21,1654.16,34737.36
2025-03-08,Natural Aloe Vera Gel 200ml,Beauty,24,233.35,5600.4
2025-03-08,Cotton Round Neck T-Shirt,Fashion,15,387.18,5807.7
2025-03-09,Running Sports Shoes,Fashion,11,2086.65,22953.15
2025-03-09,Cotton Round Neck T-Shirt,Fashion,24,413.44,9922.56
2025-03-09,Moisturising Sunscreen SPF50,Beauty,12,413.55,4962.6
2025-03-09,Leather Wallet Slim,Fashion,7,620.31,4342.17
2025-03-09,Scented Soy Wax Candle,Home & Living,10,361.01,3610.1
2025-03-09,Natural Aloe Vera Gel 200ml,Beauty,9,242.93,2186.37
2025-03-09,Sunglasses UV400 Polarized,Fashion,17,740.35,12585.95
2025-03-09,Wireless Bluetooth Earbuds,Electronics,25,1286.07,32151.75
2025-03-09,Vitamin C Face Serum 30ml,Beauty,3,735.66,2206.98
2025-03-10,Noise Cancelling Headphones,Electronics,11,4184.37,46028.07
2025-03-10,Non-Stick Frying Pan 26cm,Home & Living,1,774.55,774.55
2025-03-10,Moisturising Sunscreen SPF50,Beauty,17,415.2,7058.4
2025-03-10,Non-Stick Frying Pan 26cm,Home & Living,17,800.43,13607.31
2025-03-10,Casual Denim Jacket,Fashion,14,1610.52,22547.28
2025-03-10,Mechanical Keyboard RGB,Electronics,16,2634.66,42154.56
2025-03-10,Mechanical Keyboard RGB,Electronics,9,2309.14,20782.26
2025-03-10,Memory Foam Pillow,Home & Living,20,955.83,19116.6
2025-03-10,Mechanical Keyboard RGB,Electronics,23,2325.21,53479.83
2025-03-11,USB-C Fast Charging Cable,Electronics,23,280.56,6452.88
2025-03-11,Mechanical Keyboard RGB,Electronics,6,2429.53,14577.18
2025-03-11,Portable Phone Charger 20000mAh,Electronics,7,1549.03,10843.21
2025-03-11,Vitamin C Face Serum 30ml,Beauty,18,740.51,13329.18
2025-03-11,Casual Denim Jacket,Fashion,21,1453.97,30533.37
2025-03-11,Scented Soy Wax Candle,Home & Living,22,347.76,7650.72
2025-03-11,Memory Foam Pillow,Home & Living,9,871.01,7839.09
2025-03-11,Natural Aloe Vera Gel 200ml,Beauty,19,259.98,4939.62
2025-03-12,Scented Soy Wax Candle,Home & Living,21,325.87,6843.27
2025-03-12,Portable Phone Charger 20000mAh,Electronics,2,1590.63,3181.26
2025-03-12,Moisturising Sunscreen SPF50,Beauty,18,405.38,7296.84
2025-03-12,Casual Denim Jacket,Fashion,16,1382.39,22118.24
2025-03-12,Memory Foam Pillow,Home & Living,11,965.91,10625.01
2025-03-12,Wireless Bluetooth Earbuds,Electronics,5,1278.49,6392.45
2025-03-12,Sunglasses UV400 Polarized,Fashion,9,781.1,7029.9
2025-03-12,Non-Stick Frying Pan 26cm,Home & Living,17,791.65,13458.05
2025-03-12,Collagen Face Sheet Mask Pack,Beauty,13,190.22,2472.86
2025-03-12,Mechanical Keyboard RGB,Electronics,1,2633.51,2633.51
2025-03-12,Noise Cancelling Headphones,Electronics,1,4011.94,4011.94
2025-03-13,Wireless Bluetooth Earbuds,Electronics,19,1301.58,24730.02
2025-03-13,Running Sports Shoes,Fashion,8,1988.43,15907.44
2025-03-13,Running Sports Shoes,Fashion,17,2042.12,34716.04
2025-03-13,Wireless Bluetooth Earbuds,Electronics,5,1372.56,6862.8
2025-03-13,Moisturising Sunscreen SPF50,Beauty,18,401.29,7223.22
2025-03-13,Non-Stick Frying Pan 26cm,Home & Living,6,739.01,4434.06
2025-03-13,Collagen Face Sheet Mask Pack,Beauty,17,204.16,3470.72
2025-03-13,Non-Stick Frying Pan 26cm,Home & Living,1,803.56,803.56
2025-03-14,Mechanical Keyboard RGB,Electronics,23,2403.23,55274.29
2025-03-14,Webcam HD 1080p,Electronics,7,1859.32,13015.24
2025-03-14,Scented Soy Wax Candle,Home & Living,4,358.74,1434.96
2025-03-14,Bamboo Cutting Board Set,Home & Living,5,561.17,2805.85
2025-03-14,Mechanical Keyboard RGB,Electronics,1,2628.3,2628.3
2025-03-14,Memory Foam Pillow,Home & Living,19,870.9,16547.1
2025-03-14,Memory Foam Pillow,Home & Living,18,888.34,15990.12
2025-03-14,Webcam HD 1080p,Electronics,2,1757.57,3515.14
2025-03-14,Scented Soy Wax Candle,Home & Living,16,376.42,6022.72
2025-03-14,Non-Stick Frying Pan 26cm,Home & Living,1,848.9,848.9
2025-03-14,Webcam HD 1080p,Electronics,2,1785.1,3570.2
2025-03-14,Casual Denim Jacket,Fashion,2,1555.74,3111.48
2025-03-14,Mechanical Keyboard RGB,Electronics,6,2597.72,15586.32
2025-03-14,Natural Aloe Vera Gel 200ml,Beauty,20,226.34,4526.8
2025-03-14,Smart LED Desk Lamp,Electronics,12,893.93,10727.16
2025-03-14,Stainless Steel Water Bottle 1L,Home & Living,9,512.89,4616.01
2025-03-14,Laptop Stand Adjustable,Electronics,23,1887.83,43420.09
2025-03-15,Vitamin C Face Serum 30ml,Beauty,5,726.83,3634.15
2025-03-15,Vitamin C Face Serum 30ml,Beauty,17,677.15,11511.55
2025-03-15,Non-Stick Frying Pan 26cm,Home & Living,17,733.53,12470.01
2025-03-15,Casual Denim Jacket,Fashion,11,1486.54,16351.94
2025-03-15,Slim Fit Chino Pants,Fashion,4,835.63,3342.52
2025-03-15,Memory Foam Pillow,Home & Living,13,921.49,11979.37
2025-03-15,Bamboo Cutting Board Set,Home & Living,25,553.57,13839.25
2025-03-15,Webcam HD 1080p,Electronics,18,1677.8,30200.4
2025-03-15,Bamboo Cutting Board Set,Home & Living,5,584.96,2924.8
2025-03-15,Vitamin C Face Serum 30ml,Beauty,19,653.75,12421.25
2025-03-15,Stainless Steel Water Bottle 1L,Home & Living,7,475.77,3330.39
2025-03-15,Slim Fit Chino Pants,Fashion,25,919.83,22995.75
2025-03-16,Stainless Steel Water Bottle 1L,Home & Living,12,496.76,5961.12
2025-03-16,Memory Foam Pillow,Home & Living,1,876.18,876.18
2025-03-16,Wireless Bluetooth Earbuds,Electronics,25,1382.06,34551.5
2025-03-16,Vitamin C Face Serum 30ml,Beauty,12,717.75,8613.0
2025-03-16,Slim Fit Chino Pants,Fashion,21,835.23,17539.83
2025-03-16,Casual Denim Jacket,Fashion,25,1612.49,40312.25
2025-03-16,Scented Soy Wax Candle,Home & Living,13,378.09,4915.17
2025-03-17,Portable Phone Charger 20000mAh,Electronics,19,1532.15,29110.85
2025-03-17,Wireless Bluetooth Earbuds,Electronics,14,1398.9,19584.6
2025-03-17,Mechanical Keyboard RGB,Electronics,11,2647.05,29117.55
2025-03-17,Noise Cancelling Headphones,Electronics,17,3916.72,66584.24
2025-03-17,Non-Stick Frying Pan 26cm,Home & Living,11,839.57,9235.27
2025-03-17,Running Sports Shoes,Fashion,5,1884.23,9421.15
2025-03-17,USB-C Fast Charging Cable,Electronics,17,282.18,4797.06
2025-03-17,Slim Fit Chino Pants,Fashion,18,916.5,16497.0
2025-03-17,Memory Foam Pillow,Home & Living,7,956.67,6696.69
2025-03-17,Noise Cancelling Headphones,Electronics,13,4315.5,56101.5
2025-03-17,Natural Aloe Vera Gel 200ml,Beauty,18,249.53,4491.54
2025-03-18,Collagen Face Sheet Mask Pack,Beauty,13,193.19,2511.47
2025-03-18,Leather Wallet Slim,Fashion,5,558.31,2791.55
2025-03-18,Memory Foam Pillow,Home & Living,11,951.7,10468.7
2025-03-18,Natural Aloe Vera Gel 200ml,Beauty,3,222.1,666.3
2025-03-18,Natural Aloe Vera Gel 200ml,Beauty,5,241.06,1205.3
2025-03-18,Smart LED Desk Lamp,Electronics,14,822.45,11514.3
2025-03-18,Natural Aloe Vera Gel 200ml,Beauty,19,231.92,4406.48
2025-03-18,Laptop Stand Adjustable,Electronics,18,1910.33,34385.94
2025-03-18,Webcam HD 1080p,Electronics,12,1930.58,23166.96
2025-03-18,Wireless Bluetooth Earbuds,Electronics,17,1246.31,21187.27
2025-03-18,Cotton Round Neck T-Shirt,Fashion,12,412.69,4952.28
2025-03-18,Slim Fit Chino Pants,Fashion,22,946.1,20814.2
2025-03-19,Moisturising Sunscreen SPF50,Beauty,9,421.27,3791.43
2025-03-19,Leather Wallet Slim,Fashion,7,606.79,4247.53
2025-03-19,Wireless Bluetooth Earbuds,Electronics,11,1324.96,14574.56
2025-03-19,Slim Fit Chino Pants,Fashion,16,899.9,14398.4
2025-03-19,Sunglasses UV400 Polarized,Fashion,2,742.1,1484.2
2025-03-19,Bamboo Cutting Board Set,Home & Living,6,574.53,3447.18
2025-03-19,Memory Foam Pillow,Home & Living,21,875.5,18385.5
2025-03-19,Smart LED Desk Lamp,Electronics,1,950.64,950.64
2025-03-19,Running Sports Shoes,Fashion,1,1949.79,1949.79
2025-03-19,Scented Soy Wax Candle,Home & Living,23,330.79,7608.17
2025-03-20,Laptop Stand Adjustable,Electronics,6,1758.65,10551.9
2025-03-20,Cotton Round Neck T-Shirt,Fashion,1,388.13,388.13
2025-03-20,Running Sports Shoes,Fashion,25,1851.21,46280.25
2025-03-20,Moisturising Sunscreen SPF50,Beauty,15,419.26,6288.9
2025-03-20,Noise Cancelling Headphones,Electronics,20,4139.35,82787.0
2025-03-20,Sunglasses UV400 Polarized,Fashion,3,750.44,2251.32
2025-03-20,Scented Soy Wax Candle,Home & Living,12,366.86,4402.32
2025-03-20,Non-Stick Frying Pan 26cm,Home & Living,7,766.82,5367.74
2025-03-20,Vitamin C Face Serum 30ml,Beauty,18,657.56,11836.08
2025-03-20,Non-Stick Frying Pan 26cm,Home & Living,9,781.81,7036.29
2025-03-21,Laptop Stand Adjustable,Electronics,3,1683.02,5049.06
2025-03-21,Bamboo Cutting Board Set,Home & Living,18,553.78,9968.04
2025-03-21,Leather Wallet Slim,Fashion,21,586.74,12321.54
2025-03-21,Sunglasses UV400 Polarized,Fashion,3,763.57,2290.71
2025-03-21,Non-Stick Frying Pan 26cm,Home & Living,17,843.61,14341.37
2025-03-21,Leather Wallet Slim,Fashion,14,601.7,8423.8
2025-03-21,Webcam HD 1080p,Electronics,7,1778.37,12448.59
2025-03-21,Mechanical Keyboard RGB,Electronics,19,2605.61,49506.59
2025-03-21,Scented Soy Wax Candle,Home & Living,9,354.98,3194.82
2025-03-21,Running Sports Shoes,Fashion,14,2082.69,29157.66
2025-03-21,Non-Stick Frying Pan 26cm,Home & Living,13,756.61,9835.93
2025-03-21,Stainless Steel Water Bottle 1L,Home & Living,9,514.28,4628.52
2025-03-21,Noise Cancelling Headphones,Electronics,21,3970.22,83374.62
2025-03-21,Sunglasses UV400 Polarized,Fashion,4,859.86,3439.44
2025-03-22,Casual Denim Jacket,Fashion,22,1477.55,32506.1
2025-03-22,Scented Soy Wax Candle,Home & Living,5,366.3,1831.5
2025-03-22,Mechanical Keyboard RGB,Electronics,25,2519.62,62990.5
2025-03-22,Scented Soy Wax Candle,Home & Living,16,374.17,5986.72
2025-03-22,Collagen Face Sheet Mask Pack,Beauty,17,183.62,3121.54
2025-03-22,Collagen Face Sheet Mask Pack,Beauty,22,202.13,4446.86
2025-03-22,Scented Soy Wax Candle,Home & Living,19,332.18,6311.42
2025-03-22,Smart LED Desk Lamp,Electronics,7,913.15,6392.05
2025-03-22,Webcam HD 1080p,Electronics,21,1941.54,40772.34
2025-03-23,Scented Soy Wax Candle,Home & Living,16,351.43,5622.88
2025-03-23,Stainless Steel Water Bottle 1L,Home & Living,14,528.85,7403.9
2025-03-23,Noise Cancelling Headphones,Electronics,15,4097.61,61464.15
2025-03-23,Mechanical Keyboard RGB,Electronics,17,2484.07,42229.19
2025-03-23,Moisturising Sunscreen SPF50,Beauty,13,386.15,5019.95
2025-03-23,Casual Denim Jacket,Fashion,17,1515.97,25771.49
2025-03-23,Webcam HD 1080p,Electronics,3,1714.29,5142.87
2025-03-23,Collagen Face Sheet Mask Pack,Beauty,6,192.31,1153.86
2025-03-23,Portable Phone Charger 20000mAh,Electronics,11,1420.3,15623.3
2025-03-23,Moisturising Sunscreen SPF50,Beauty,5,403.1,2015.5
2025-03-23,Slim Fit Chino Pants,Fashion,21,932.05,19573.05
2025-03-23,Mechanical Keyboard RGB,Electronics,24,2549.65,61191.6
2025-03-23,Cotton Round Neck T-Shirt,Fashion,25,414.9,10372.5
2025-03-23,Collagen Face Sheet Mask Pack,Beauty,24,209.42,5026.08
2025-03-23,Cotton Round Neck T-Shirt,Fashion,13,403.82,5249.66
2025-03-24,Mechanical Keyboard RGB,Electronics,18,2597.85,46761.3
2025-03-24,Portable Phone Charger 20000mAh,Electronics,14,1508.68,21121.52
2025-03-24,Non-Stick Frying Pan 26cm,Home & Living,15,853.79,12806.85
2025-03-24,Laptop Stand Adjustable,Electronics,11,1812.2,19934.2
2025-03-24,Moisturising Sunscreen SPF50,Beauty,2,385.16,770.32
2025-03-24,Sunglasses UV400 Polarized,Fashion,7,806.33,5644.31
2025-03-24,Sunglasses UV400 Polarized,Fashion,11,748.18,8229.98
2025-03-25,Laptop Stand Adjustable,Electronics,7,1896.12,13272.84
2025-03-25,Sunglasses UV400 Polarized,Fashion,15,853.98,12809.7
2025-03-25,Collagen Face Sheet Mask Pack,Beauty,17,212.04,3604.68
2025-03-25,Moisturising Sunscreen SPF50,Beauty,18,378.01,6804.18
2025-03-25,Cotton Round Neck T-Shirt,Fashion,4,410.45,1641.8
2025-03-26,Portable Phone Charger 20000mAh,Electronics,25,1429.21,35730.25
2025-03-26,Bamboo Cutting Board Set,Home & Living,2,586.31,1172.62
2025-03-26,Leather Wallet Slim,Fashion,11,596.18,6557.98
2025-03-26,Mechanical Keyboard RGB,Electronics,24,2697.96,64751.04
2025-03-26,Leather Wallet Slim,Fashion,13,555.77,7225.01
2025-03-26,Noise Cancelling Headphones,Electronics,11,4004.97,44054.67
2025-03-26,Casual Denim Jacket,Fashion,5,1610.44,8052.2
2025-03-26,Non-Stick Frying Pan 26cm,Home & Living,2,787.79,1575.58
2025-03-26,Webcam HD 1080p,Electronics,17,1878.79,31939.43
2025-03-26,Non-Stick Frying Pan 26cm,Home & Living,4,832.66,3330.64
2025-03-26,Collagen Face Sheet Mask Pack,Beauty,8,197.47,1579.76
2025-03-26,Mechanical Keyboard RGB,Electronics,17,2610.57,44379.69
2025-03-26,Smart LED Desk Lamp,Electronics,8,825.1,6600.8
2025-03-26,Smart LED Desk Lamp,Electronics,10,945.73,9457.3
2025-03-26,Moisturising Sunscreen SPF50,Beauty,7,394.18,2759.26
2025-03-27,Laptop Stand Adjustable,Electronics,4,1886.18,7544.72
2025-03-27,Smart LED Desk Lamp,Electronics,5,879.92,4399.6
2025-03-27,USB-C Fast Charging Cable,Electronics,17,287.92,4894.64
2025-03-27,Sunglasses UV400 Polarized,Fashion,16,760.36,12165.76
2025-03-28,Casual Denim Jacket,Fashion,13,1402.17,18228.21
2025-03-28,Non-Stick Frying Pan 26cm,Home & Living,8,828.18,6625.44
2025-03-28,Casual Denim Jacket,Fashion,12,1601.51,19218.12
2025-03-28,Non-Stick Frying Pan 26cm,Home & Living,4,804.39,3217.56
2025-03-28,Natural Aloe Vera Gel 200ml,Beauty,25,232.56,5814.0
2025-03-28,Noise Cancelling Headphones,Electronics,25,4040.13,101003.25
2025-03-28,Scented Soy Wax Candle,Home & Living,20,379.82,7596.4
2025-03-28,Under Eye Cream Dark Circles,Beauty,19,455.84,8660.96
2025-03-28,Bamboo Cutting Board Set,Home & Living,18,568.77,10237.86
2025-03-28,USB-C Fast Charging Cable,Electronics,3,314.19,942.57
2025-03-28,Mechanical Keyboard RGB,Electronics,12,2575.15,30901.8
2025-03-29,Collagen Face Sheet Mask Pack,Beauty,7,183.04,1281.28
2025-03-29,Vitamin C Face Serum 30ml,Beauty,24,715.28,17166.72
2025-03-29,Non-Stick Frying Pan 26cm,Home & Living,24,738.99,17735.76
2025-03-29,Scented Soy Wax Candle,Home & Living,14,376.04,5264.56
2025-03-29,Laptop Stand Adjustable,Electronics,11,1877.59,20653.49
2025-03-29,Leather Wallet Slim,Fashion,19,649.79,12346.01
2025-03-29,Laptop Stand Adjustable,Electronics,8,1769.21,14153.68
2025-03-29,Bamboo Cutting Board Set,Home & Living,18,550.78,9914.04
2025-03-29,Natural Aloe Vera Gel 200ml,Beauty,8,253.22,2025.76
2025-03-29,Smart LED Desk Lamp,Electronics,11,874.15,9615.65
2025-03-29,Slim Fit Chino Pants,Fashion,25,845.15,21128.75
2025-03-29,Non-Stick Frying Pan 26cm,Home & Living,9,843.76,7593.84
2025-03-30,Leather Wallet Slim,Fashion,5,563.02,2815.1
2025-03-30,Memory Foam Pillow,Home & Living,3,889.95,2669.85
2025-03-30,Natural Aloe Vera Gel 200ml,Beauty,9,223.92,2015.28
2025-03-30,Non-Stick Frying Pan 26cm,Home & Living,21,813.61,17085.81
2025-03-30,Vitamin C Face Serum 30ml,Beauty,11,737.69,8114.59
2025-03-30,Non-Stick Frying Pan 26cm,Home & Living,5,768.56,3842.8
2025-03-30,Smart LED Desk Lamp,Electronics,6,890.15,5340.9
2025-03-30,Running Sports Shoes,Fashion,4,1991.45,7965.8
2025-03-30,Sunglasses UV400 Polarized,Fashion,25,817.26,20431.5
2025-03-30,Stainless Steel Water Bottle 1L,Home & Living,24,502.35,12056.4
2025-03-30,Running Sports Shoes,Fashion,25,2046.73,51168.25
2025-03-30,Cotton Round Neck T-Shirt,Fashion,23,396.56,9120.88
2025-03-30,Mechanical Keyboard RGB,Electronics,14,2683.59,37570.26
2025-03-30,Leather Wallet Slim,Fashion,15,555.85,8337.75
2025-03-30,Non-Stick Frying Pan 26cm,Home & Living,4,740.12,2960.48
2025-03-30,Under Eye Cream Dark Circles,Beauty,17,476.65,8103.05
2025-03-31,USB-C Fast Charging Cable,Electronics,1,296.84,296.84
2025-03-31,Non-Stick Frying Pan 26cm,Home & Living,17,776.92,13207.64
2025-03-31,Under Eye Cream Dark Circles,Beauty,12,469.28,5631.36
2025-03-31,Sunglasses UV400 Polarized,Fashion,22,795.28,17496.16
2025-03-31,Mechanical Keyboard RGB,Electronics,21,2420.01,50820.21
2025-03-31,Bamboo Cutting Board Set,Home & Living,22,595.4,13098.8
2025-03-31,Sunglasses UV400 Polarized,Fashion,13,759.07,9867.91
2025-03-31,Wireless Bluetooth Earbuds,Electronics,8,1376.14,11009.12
2025-03-31,Slim Fit Chino Pants,Fashion,4,879.26,3517.04
2025-03-31,Stainless Steel Water Bottle 1L,Home & Living,16,521.78,8348.48
2025-03-31,Under Eye Cream Dark Circles,Beauty,11,438.35,4821.85
2025-04-01,Slim Fit Chino Pants,Fashion,13,910.12,11831.56
2025-04-01,Collagen Face Sheet Mask Pack,Beauty,20,210.77,4215.4
2025-04-01,Moisturising Sunscreen SPF50,Beauty,8,407.48,3259.84
2025-04-01,Wireless Bluetooth Earbuds,Electronics,14,1333.15,18664.1
2025-04-01,Slim Fit Chino Pants,Fashion,25,908.55,22713.75
2025-04-01,Scented Soy Wax Candle,Home & Living,12,367.64,4411.68
2025-04-01,Laptop Stand Adjustable,Electronics,19,1846.77,35088.63
2025-04-02,Slim Fit Chino Pants,Fashion,8,930.78,7446.24
2025-04-02,Webcam HD 1080p,Electronics,1,1692.17,1692.17
2025-04-02,Cotton Round Neck T-Shirt,Fashion,9,376.8,3391.2
2025-04-02,Slim Fit Chino Pants,Fashion,6,940.82,5644.92
2025-04-02,Running Sports Shoes,Fashion,25,2076.4,51910.0
2025-04-02,Bamboo Cutting Board Set,Home & Living,3,625.61,1876.83
2025-04-02,Casual Denim Jacket,Fashion,25,1358.5,33962.5
2025-04-02,Wireless Bluetooth Earbuds,Electronics,21,1309.78,27505.38
2025-04-02,Moisturising Sunscreen SPF50,Beauty,19,380.06,7221.14
2025-04-02,Scented Soy Wax Candle,Home & Living,14,347.5,4865.0
2025-04-02,Cotton Round Neck T-Shirt,Fashion,18,410.98,7397.64
2025-04-02,Moisturising Sunscreen SPF50,Beauty,15,378.18,5672.7
2025-04-02,Vitamin C Face Serum 30ml,Beauty,22,643.13,14148.86
2025-04-03,Sunglasses UV400 Polarized,Fashion,20,809.56,16191.2
2025-04-03,Natural Aloe Vera Gel 200ml,Beauty,21,258.33,5424.93
2025-04-03,Memory Foam Pillow,Home & Living,4,957.27,3829.08
2025-04-03,Leather Wallet Slim,Fashion,3,619.13,1857.39
2025-04-03,Slim Fit Chino Pants,Fashion,23,938.44,21584.12
2025-04-03,Running Sports Shoes,Fashion,6,1996.76,11980.56
2025-04-03,Noise Cancelling Headphones,Electronics,4,3854.77,15419.08
2025-04-03,Mechanical Keyboard RGB,Electronics,19,2437.97,46321.43
2025-04-03,Sunglasses UV400 Polarized,Fashion,1,850.5,850.5
2025-04-03,Laptop Stand Adjustable,Electronics,12,1826.31,21915.72
2025-04-03,Noise Cancelling Headphones,Electronics,21,4184.35,87871.35
2025-04-03,Under Eye Cream Dark Circles,Beauty,25,445.96,11149.0
2025-04-03,Portable Phone Charger 20000mAh,Electronics,6,1459.19,8755.14
2025-04-04,Collagen Face Sheet Mask Pack,Beauty,18,203.84,3669.12
2025-04-04,Laptop Stand Adjustable,Electronics,23,1745.85,40154.55
2025-04-04,Moisturising Sunscreen SPF50,Beauty,8,376.1,3008.8
2025-04-04,Wireless Bluetooth Earbuds,Electronics,21,1395.64,29308.44
2025-04-04,Under Eye Cream Dark Circles,Beauty,25,461.11,11527.75
2025-04-04,Running Sports Shoes,Fashion,8,1881.55,15052.4
2025-04-04,Collagen Face Sheet Mask Pack,Beauty,24,188.53,4524.72
2025-04-04,Slim Fit Chino Pants,Fashion,23,917.71,21107.33
2025-04-04,Leather Wallet Slim,Fashion,18,562.93,10132.74
2025-04-05,Sunglasses UV400 Polarized,Fashion,18,836.47,15056.46
2025-04-05,Leather Wallet Slim,Fashion,19,598.14,11364.66
2025-04-05,Slim Fit Chino Pants,Fashion,8,876.61,7012.88
2025-04-05,Vitamin C Face Serum 30ml,Beauty,19,697.95,13261.05
2025-04-05,Sunglasses UV400 Polarized,Fashion,25,740.3,18507.5
2025-04-05,Laptop Stand Adjustable,Electronics,2,1914.72,3829.44
2025-04-05,Moisturising Sunscreen SPF50,Beauty,7,382.3,2676.1
2025-04-05,Memory Foam Pillow,Home & Living,4,890.24,3560.96
2025-04-05,Noise Cancelling Headphones,Electronics,25,4287.74,107193.5
2025-04-06,Portable Phone Charger 20000mAh,Electronics,14,1415.46,19816.44
2025-04-06,Natural Aloe Vera Gel 200ml,Beauty,15,267.97,4019.55
2025-04-06,Non-Stick Frying Pan 26cm,Home & Living,9,851.04,7659.36
2025-04-06,Sunglasses UV400 Polarized,Fashion,19,840.01,15960.19
2025-04-06,Webcam HD 1080p,Electronics,6,1849.85,11099.1
2025-04-06,Webcam HD 1080p,Electronics,3,1751.95,5255.85
2025-04-06,Slim Fit Chino Pants,Fashion,6,963.3,5779.8
2025-04-06,Scented Soy Wax Candle,Home & Living,15,364.81,5472.15
2025-04-06,Slim Fit Chino Pants,Fashion,19,934.29,17751.51
2025-04-06,Running Sports Shoes,Fashion,24,1862.61,44702.64
2025-04-07,Cotton Round Neck T-Shirt,Fashion,18,374.08,6733.44
2025-04-07,Under Eye Cream Dark Circles,Beauty,25,422.85,10571.25
2025-04-07,Collagen Face Sheet Mask Pack,Beauty,8,181.2,1449.6
2025-04-07,Collagen Face Sheet Mask Pack,Beauty,17,202.35,3439.95
2025-04-07,Running Sports Shoes,Fashion,10,1910.15,19101.5
2025-04-07,Cotton Round Neck T-Shirt,Fashion,20,417.26,8345.2
2025-04-07,Webcam HD 1080p,Electronics,7,1928.06,13496.42
2025-04-08,Noise Cancelling Headphones,Electronics,2,4227.66,8455.32
2025-04-08,Sunglasses UV400 Polarized,Fashion,10,819.48,8194.8
2025-04-08,Noise Cancelling Headphones,Electronics,7,3970.15,27791.05
2025-04-08,Vitamin C Face Serum 30ml,Beauty,22,653.08,14367.76
2025-04-08,Collagen Face Sheet Mask Pack,Beauty,22,198.82,4374.04
2025-04-08,Wireless Bluetooth Earbuds,Electronics,6,1306.24,7837.44
2025-04-08,Collagen Face Sheet Mask Pack,Beauty,19,210.01,3990.19
2025-04-09,Smart LED Desk Lamp,Electronics,15,882.29,13234.35
2025-04-09,Stainless Steel Water Bottle 1L,Home & Living,24,537.29,12894.96
2025-04-09,Natural Aloe Vera Gel 200ml,Beauty,12,243.84,2926.08
2025-04-09,Laptop Stand Adjustable,Electronics,7,1714.04,11998.28
2025-04-09,Memory Foam Pillow,Home & Living,13,892.71,11605.23
2025-04-09,Collagen Face Sheet Mask Pack,Beauty,16,200.43,3206.88
2025-04-09,Portable Phone Charger 20000mAh,Electronics,3,1529.63,4588.89
2025-04-09,Smart LED Desk Lamp,Electronics,20,846.58,16931.6
2025-04-09,Running Sports Shoes,Fashion,3,2121.37,6364.11
2025-04-09,Scented Soy Wax Candle,Home & Living,1,370.85,370.85
2025-04-10,Sunglasses UV400 Polarized,Fashion,23,839.8,19315.4
2025-04-10,Vitamin C Face Serum 30ml,Beauty,19,710.24,13494.56
2025-04-10,Wireless Bluetooth Earbuds,Electronics,17,1327.78,22572.26
2025-04-10,Collagen Face Sheet Mask Pack,Beauty,16,208.09,3329.44
2025-04-10,Collagen Face Sheet Mask Pack,Beauty,10,202.01,2020.1
2025-04-10,Mechanical Keyboard RGB,Electronics,14,2503.7,35051.8
2025-04-10,Wireless Bluetooth Earbuds,Electronics,7,1324.87,9274.09
2025-04-10,Natural Aloe Vera Gel 200ml,Beauty,2,251.12,502.24
2025-04-10,Webcam HD 1080p,Electronics,19,1800.11,34202.09
2025-04-10,Scented Soy Wax Candle,Home & Living,25,360.0,9000.0
2025-04-10,Vitamin C Face Serum 30ml,Beauty,23,693.67,15954.41
2025-04-10,Webcam HD 1080p,Electronics,14,1949.36,27291.04
2025-04-10,Noise Cancelling Headphones,Electronics,15,3943.72,59155.8
2025-04-10,Laptop Stand Adjustable,Electronics,12,1839.74,22076.88
2025-04-10,Stainless Steel Water Bottle 1L,Home & Living,11,506.71,5573.81
2025-04-11,Casual Denim Jacket,Fashion,14,1459.33,20430.62
2025-04-11,Scented Soy Wax Candle,Home & Living,17,367.37,6245.29
2025-04-11,Leather Wallet Slim,Fashion,1,631.4,631.4
2025-04-11,Natural Aloe Vera Gel 200ml,Beauty,18,255.66,4601.88
2025-04-11,Bamboo Cutting Board Set,Home & Living,5,623.38,3116.9
2025-04-11,Portable Phone Charger 20000mAh,Electronics,3,1566.78,4700.34
2025-04-12,Smart LED Desk Lamp,Electronics,23,856.66,19703.18
2025-04-12,Vitamin C Face Serum 30ml,Beauty,12,682.52,8190.24
2025-04-12,Scented Soy Wax Candle,Home & Living,15,367.62,5514.3
2025-04-12,Non-Stick Frying Pan 26cm,Home & Living,18,774.76,13945.68
2025-04-12,Vitamin C Face Serum 30ml,Beauty,12,704.15,8449.8
2025-04-12,Cotton Round Neck T-Shirt,Fashion,21,395.48,8305.08
2025-04-12,Leather Wallet Slim,Fashion,22,599.75,13194.5
2025-04-12,Vitamin C Face Serum 30ml,Beauty,13,716.46,9313.98
2025-04-12,Webcam HD 1080p,Electronics,6,1806.42,10838.52
2025-04-13,Vitamin C Face Serum 30ml,Beauty,5,711.12,3555.6
2025-04-13,Portable Phone Charger 20000mAh,Electronics,9,1607.11,14463.99
2025-04-13,Webcam HD 1080p,Electronics,20,1770.59,35411.8
2025-04-13,Stainless Steel Water Bottle 1L,Home & Living,11,524.58,5770.38
2025-04-13,Smart LED Desk Lamp,Electronics,3,919.55,2758.65
2025-04-13,Running Sports Shoes,Fashion,17,2123.76,36103.92
2025-04-13,Under Eye Cream Dark Circles,Beauty,20,468.98,9379.6
2025-04-13,Under Eye Cream Dark Circles,Beauty,5,438.24,2191.2
2025-04-14,Wireless Bluetooth Earbuds,Electronics,3,1346.5,4039.5
2025-04-14,Leather Wallet Slim,Fashion,11,640.49,7045.39
2025-04-14,Vitamin C Face Serum 30ml,Beauty,6,737.26,4423.56
2025-04-14,Sunglasses UV400 Polarized,Fashion,14,762.82,10679.48
2025-04-14,Smart LED Desk Lamp,Electronics,6,821.68,4930.08
2025-04-14,Slim Fit Chino Pants,Fashion,17,846.03,14382.51
2025-04-14,Non-Stick Frying Pan 26cm,Home & Living,21,804.88,16902.48
2025-04-14,Cotton Round Neck T-Shirt,Fashion,6,389.07,2334.42
2025-04-14,USB-C Fast Charging Cable,Electronics,2,319.54,639.08
2025-04-14,Scented Soy Wax Candle,Home & Living,10,364.81,3648.1
2025-04-14,USB-C Fast Charging Cable,Electronics,10,263.53,2635.3
2025-04-15,Noise Cancelling Headphones,Electronics,4,3749.55,14998.2
2025-04-15,Natural Aloe Vera Gel 200ml,Beauty,5,231.63,1158.15
2025-04-15,Leather Wallet Slim,Fashion,1,577.34,577.34
2025-04-15,USB-C Fast Charging Cable,Electronics,1,316.73,316.73
2025-04-15,Bamboo Cutting Board Set,Home & Living,23,581.21,13367.83
2025-04-15,Mechanical Keyboard RGB,Electronics,3,2313.93,6941.79
2025-04-15,Running Sports Shoes,Fashion,17,2066.13,35124.21
2025-04-15,Collagen Face Sheet Mask Pack,Beauty,7,197.8,1384.6
2025-04-15,Scented Soy Wax Candle,Home & Living,4,336.94,1347.76
2025-04-15,Running Sports Shoes,Fashion,11,2040.99,22450.89
2025-04-15,Slim Fit Chino Pants,Fashion,9,842.38,7581.42
2025-04-16,Bamboo Cutting Board Set,Home & Living,25,571.03,14275.75
2025-04-16,Bamboo Cutting Board Set,Home & Living,22,571.92,12582.24
2025-04-16,Cotton Round Neck T-Shirt,Fashion,15,400.1,6001.5
2025-04-16,Non-Stick Frying Pan 26cm,Home & Living,9,857.81,7720.29
2025-04-16,Leather Wallet Slim,Fashion,17,599.13,10185.21
2025-04-16,Non-Stick Frying Pan 26cm,Home & Living,12,731.27,8775.24
2025-04-16,Under Eye Cream Dark Circles,Beauty,25,412.64,10316.0
2025-04-16,Bamboo Cutting Board Set,Home & Living,16,636.74,10187.84
2025-04-16,Smart LED Desk Lamp,Electronics,12,875.73,10508.76
2025-04-16,USB-C Fast Charging Cable,Electronics,1,288.56,288.56
2025-04-16,Vitamin C Face Serum 30ml,Beauty,25,666.05,16651.25
2025-04-17,Running Sports Shoes,Fashion,3,2007.04,6021.12
2025-04-17,Bamboo Cutting Board Set,Home & Living,14,591.17,8276.38
2025-04-17,Laptop Stand Adjustable,Electronics,9,1796.84,16171.56
2025-04-17,Collagen Face Sheet Mask Pack,Beauty,22,210.08,4621.76
2025-04-17,Wireless Bluetooth Earbuds,Electronics,24,1321.98,31727.52
2025-04-17,Casual Denim Jacket,Fashion,10,1506.15,15061.5
2025-04-17,Scented Soy Wax Candle,Home & Living,5,378.97,1894.85
2025-04-17,Running Sports Shoes,Fashion,6,1948.57,11691.42
2025-04-17,Bamboo Cutting Board Set,Home & Living,9,610.25,5492.25
2025-04-17,Scented Soy Wax Candle,Home & Living,17,364.25,6192.25
2025-04-17,Wireless Bluetooth Earbuds,Electronics,5,1239.32,6196.6
2025-04-17,Non-Stick Frying Pan 26cm,Home & Living,12,807.21,9686.52
2025-04-17,Memory Foam Pillow,Home & Living,7,897.12,6279.84
2025-04-17,Wireless Bluetooth Earbuds,Electronics,19,1361.89,25875.91
2025-04-17,Bamboo Cutting Board Set,Home & Living,13,568.58,7391.54
2025-04-17,USB-C Fast Charging Cable,Electronics,5,272.98,1364.9
2025-04-18,Cotton Round Neck T-Shirt,Fashion,24,429.29,10302.96
2025-04-18,Cotton Round Neck T-Shirt,Fashion,24,405.45,9730.8
2025-04-18,Under Eye Cream Dark Circles,Beauty,7,479.2,3354.4
2025-04-18,Wireless Bluetooth Earbuds,Electronics,25,1373.76,34344.0
2025-04-18,Running Sports Shoes,Fashion,13,2006.93,26090.09
2025-04-18,Portable Phone Charger 20000mAh,Electronics,11,1474.35,16217.85
2025-04-18,Webcam HD 1080p,Electronics,5,1777.21,8886.05
2025-04-18,Smart LED Desk Lamp,Electronics,2,960.3,1920.6
2025-04-18,Running Sports Shoes,Fashion,1,1876.55,1876.55
2025-04-18,Memory Foam Pillow,Home & Living,5,931.66,4658.3
2025-04-18,Collagen Face Sheet Mask Pack,Beauty,2,206.51,413.02
2025-04-18,USB-C Fast Charging Cable,Electronics,6,299.54,1797.24
2025-04-18,Sunglasses UV400 Polarized,Fashion,3,801.15,2403.45
2025-04-18,Sunglasses UV400 Polarized,Fashion,22,799.1,17580.2
2025-04-18,Bamboo Cutting Board Set,Home & Living,17,613.19,10424.23
2025-04-19,Running Sports Shoes,Fashion,1,2144.4,2144.4
2025-04-19,Mechanical Keyboard RGB,Electronics,25,2652.3,66307.5
2025-04-19,Casual Denim Jacket,Fashion,5,1508.39,7541.95
2025-04-19,Memory Foam Pillow,Home & Living,16,939.78,15036.48
2025-04-19,Mechanical Keyboard RGB,Electronics,8,2530.02,20240.16
2025-04-19,Running Sports Shoes,Fashion,5,2003.77,10018.85
2025-04-19,Stainless Steel Water Bottle 1L,Home & Living,6,524.18,3145.08
2025-04-19,Running Sports Shoes,Fashion,15,1875.68,28135.2
2025-04-19,Cotton Round Neck T-Shirt,Fashion,4,392.79,1571.16
2025-04-19,Memory Foam Pillow,Home & Living,25,941.32,23533.0
2025-04-19,Bamboo Cutting Board Set,Home & Living,13,559.28,7270.64
2025-04-19,Cotton Round Neck T-Shirt,Fashion,18,381.21,6861.78
2025-04-19,Natural Aloe Vera Gel 200ml,Beauty,18,249.17,4485.06
2025-04-20,Mechanical Keyboard RGB,Electronics,24,2383.99,57215.76
2025-04-20,Smart LED Desk Lamp,Electronics,25,903.46,22586.5
2025-04-20,Portable Phone Charger 20000mAh,Electronics,11,1418.84,15607.24
2025-04-20,Running Sports Shoes,Fashion,25,2131.43,53285.75
2025-04-20,Running Sports Shoes,Fashion,12,1990.34,23884.08
2025-04-20,Noise Cancelling Headphones,Electronics,8,3774.32,30194.56
2025-04-20,Moisturising Sunscreen SPF50,Beauty,9,400.67,3606.03
2025-04-21,Laptop Stand Adjustable,Electronics,6,1719.74,10318.44
2025-04-21,Natural Aloe Vera Gel 200ml,Beauty,6,247.5,1485.0
2025-04-21,Natural Aloe Vera Gel 200ml,Beauty,4,226.63,906.52
2025-04-21,Wireless Bluetooth Earbuds,Electronics,23,1361.37,31311.51
2025-04-21,Collagen Face Sheet Mask Pack,Beauty,6,199.72,1198.32
2025-04-21,Running Sports Shoes,Fashion,12,1984.86,23818.32
2025-04-21,Sunglasses UV400 Polarized,Fashion,9,827.57,7448.13
2025-04-21,Sunglasses UV400 Polarized,Fashion,5,799.51,3997.55
2025-04-21,USB-C Fast Charging Cable,Electronics,3,292.25,876.75
2025-04-21,Natural Aloe Vera Gel 200ml,Beauty,12,250.84,3010.08
2025-04-21,Laptop Stand Adjustable,Electronics,11,1933.63,21269.93
2025-04-22,Webcam HD 1080p,Electronics,3,1839.54,5518.62
2025-04-22,Noise Cancelling Headphones,Electronics,14,3978.78,55702.92
2025-04-22,Natural Aloe Vera Gel 200ml,Beauty,1,250.91,250.91
2025-04-22,Webcam HD 1080p,Electronics,9,1902.17,17119.53
2025-04-22,Cotton Round Neck T-Shirt,Fashion,18,387.09,6967.62
2025-04-22,Under Eye Cream Dark Circles,Beauty,16,451.46,7223.36
2025-04-22,Sunglasses UV400 Polarized,Fashion,9,766.53,6898.77
2025-04-22,Stainless Steel Water Bottle 1L,Home & Living,8,504.46,4035.68
2025-04-22,Under Eye Cream Dark Circles,Beauty,15,413.99,6209.85
2025-04-22,Casual Denim Jacket,Fashion,21,1456.24,30581.04
2025-04-22,Sunglasses UV400 Polarized,Fashion,22,858.72,18891.84
2025-04-22,Webcam HD 1080p,Electronics,22,1729.67,38052.74
2025-04-23,Non-Stick Frying Pan 26cm,Home & Living,6,755.49,4532.94
2025-04-23,Collagen Face Sheet Mask Pack,Beauty,22,199.16,4381.52
2025-04-23,Running Sports Shoes,Fashion,9,2099.12,18892.08
2025-04-23,Slim Fit Chino Pants,Fashion,11,972.31,10695.41
2025-04-23,Slim Fit Chino Pants,Fashion,9,867.25,7805.25
2025-04-23,Slim Fit Chino Pants,Fashion,9,896.11,8064.99
2025-04-23,Under Eye Cream Dark Circles,Beauty,20,458.44,9168.8
2025-04-23,Wireless Bluetooth Earbuds,Electronics,23,1333.14,30662.22
2025-04-23,Noise Cancelling Headphones,Electronics,21,4157.87,87315.27
2025-04-23,Wireless Bluetooth Earbuds,Electronics,7,1333.14,9331.98
2025-04-23,Under Eye Cream Dark Circles,Beauty,3,445.39,1336.17
2025-04-23,Stainless Steel Water Bottle 1L,Home & Living,14,522.06,7308.84
2025-04-23,Under Eye Cream Dark Circles,Beauty,25,432.03,10800.75
2025-04-23,Smart LED Desk Lamp,Electronics,21,899.16,18882.36
2025-04-23,Mechanical Keyboard RGB,Electronics,20,2525.35,50507.0
2025-04-23,Under Eye Cream Dark Circles,Beauty,15,478.1,7171.5
2025-04-23,Cotton Round Neck T-Shirt,Fashion,7,387.66,2713.62
2025-04-23,Noise Cancelling Headphones,Electronics,11,4329.76,47627.36
2025-04-24,Webcam HD 1080p,Electronics,16,1847.25,29556.0
2025-04-24,Portable Phone Charger 20000mAh,Electronics,4,1590.97,6363.88
2025-04-24,Scented Soy Wax Candle,Home & Living,14,363.97,5095.58
2025-04-24,Noise Cancelling Headphones,Electronics,24,4228.47,101483.28
2025-04-24,Cotton Round Neck T-Shirt,Fashion,10,428.43,4284.3
2025-04-24,Leather Wallet Slim,Fashion,22,589.13,12960.86
2025-04-24,Stainless Steel Water Bottle 1L,Home & Living,25,532.88,13322.0
2025-04-24,Portable Phone Charger 20000mAh,Electronics,18,1584.71,28524.78
2025-04-24,Noise Cancelling Headphones,Electronics,9,4222.48,38002.32
2025-04-25,Moisturising Sunscreen SPF50,Beauty,25,380.93,9523.25
2025-04-25,Sunglasses UV400 Polarized,Fashion,23,787.42,18110.66
2025-04-25,Noise Cancelling Headphones,Electronics,13,4157.47,54047.11
2025-04-25,Portable Phone Charger 20000mAh,Electronics,3,1520.19,4560.57
2025-04-25,Cotton Round Neck T-Shirt,Fashion,21,396.62,8329.02
2025-04-25,Running Sports Shoes,Fashion,11,1869.87,20568.57
2025-04-25,Leather Wallet Slim,Fashion,17,637.61,10839.37
2025-04-25,Webcam HD 1080p,Electronics,12,1850.94,22211.28
2025-04-25,Laptop Stand Adjustable,Electronics,13,1895.09,24636.17
2025-04-25,Sunglasses UV400 Polarized,Fashion,5,808.48,4042.4
2025-04-25,Sunglasses UV400 Polarized,Fashion,11,856.94,9426.34
2025-04-25,Webcam HD 1080p,Electronics,11,1906.49,20971.39
2025-04-25,Scented Soy Wax Candle,Home & Living,23,334.85,7701.55
2025-04-25,Collagen Face Sheet Mask Pack,Beauty,8,202.18,1617.44
2025-04-26,Laptop Stand Adjustable,Electronics,23,1897.88,43651.24
2025-04-26,Under Eye Cream Dark Circles,Beauty,25,429.81,10745.25
2025-04-26,Running Sports Shoes,Fashion,17,1911.19,32490.23
2025-04-26,Slim Fit Chino Pants,Fashion,21,838.52,17608.92
2025-04-26,Under Eye Cream Dark Circles,Beauty,13,462.94,6018.22
2025-04-26,Wireless Bluetooth Earbuds,Electronics,14,1364.18,19098.52
2025-04-26,Moisturising Sunscreen SPF50,Beauty,21,370.89,7788.69
2025-04-26,Vitamin C Face Serum 30ml,Beauty,10,663.73,6637.3
2025-04-27,Bamboo Cutting Board Set,Home & Living,10,591.5,5915.0
2025-04-27,Vitamin C Face Serum 30ml,Beauty,25,686.13,17153.25
2025-04-27,USB-C Fast Charging Cable,Electronics,12,301.2,3614.4
2025-04-27,Leather Wallet Slim,Fashion,22,581.66,12796.52
2025-04-27,Natural Aloe Vera Gel 200ml,Beauty,25,267.87,6696.75
2025-04-27,Under Eye Cream Dark Circles,Beauty,6,446.86,2681.16
2025-04-27,Under Eye Cream Dark Circles,Beauty,15,415.26,6228.9
2025-04-27,Running Sports Shoes,Fashion,11,2108.36,23191.96
2025-04-27,Scented Soy Wax Candle,Home & Living,13,321.57,4180.41
2025-04-27,USB-C Fast Charging Cable,Electronics,16,318.24,5091.84
2025-04-28,Bamboo Cutting Board Set,Home & Living,21,556.79,11692.59
2025-04-28,Moisturising Sunscreen SPF50,Beauty,20,399.96,7999.2
2025-04-28,Cotton Round Neck T-Shirt,Fashion,16,426.84,6829.44
2025-04-28,Webcam HD 1080p,Electronics,14,1757.81,24609.34
2025-04-28,Scented Soy Wax Candle,Home & Living,20,361.47,7229.4
2025-04-28,Stainless Steel Water Bottle 1L,Home & Living,16,470.98,7535.68
2025-04-28,Under Eye Cream Dark Circles,Beauty,6,432.18,2593.08
2025-04-28,Leather Wallet Slim,Fashion,15,565.23,8478.45
2025-04-28,Casual Denim Jacket,Fashion,17,1506.64,25612.88
2025-04-28,Laptop Stand Adjustable,Electronics,2,1773.2,3546.4
2025-04-29,Natural Aloe Vera Gel 200ml,Beauty,19,231.5,4398.5
2025-04-29,Portable Phone Charger 20000mAh,Electronics,20,1458.03,29160.6
2025-04-29,USB-C Fast Charging Cable,Electronics,23,323.54,7441.42
2025-04-29,Cotton Round Neck T-Shirt,Fashion,10,426.39,4263.9
2025-04-29,Wireless Bluetooth Earbuds,Electronics,9,1285.82,11572.38
2025-04-29,Portable Phone Charger 20000mAh,Electronics,2,1612.44,3224.88
2025-04-30,Under Eye Cream Dark Circles,Beauty,11,445.74,4903.14
2025-04-30,Stainless Steel Water Bottle 1L,Home & Living,2,463.13,926.26
2025-04-30,Vitamin C Face Serum 30ml,Beauty,15,687.14,10307.1
2025-04-30,Portable Phone Charger 20000mAh,Electronics,1,1458.15,1458.15
2025-04-30,Portable Phone Charger 20000mAh,Electronics,14,1448.5,20279.0
2025-04-30,Moisturising Sunscreen SPF50,Beauty,4,391.73,1566.92
2025-05-01,Portable Phone Charger 20000mAh,Electronics,19,1430.84,27185.96
2025-05-01,Moisturising Sunscreen SPF50,Beauty,4,409.18,1636.72
2025-05-01,Smart LED Desk Lamp,Electronics,2,936.19,1872.38
2025-05-01,USB-C Fast Charging Cable,Electronics,23,307.19,7065.37
2025-05-01,Memory Foam Pillow,Home & Living,16,831.44,13303.04
2025-05-01,Leather Wallet Slim,Fashion,3,570.49,1711.47
2025-05-01,Casual Denim Jacket,Fashion,22,1515.68,33344.96
2025-05-01,Under Eye Cream Dark Circles,Beauty,9,417.72,3759.48
2025-05-02,Laptop Stand Adjustable,Electronics,21,1940.61,40752.81
2025-05-02,Wireless Bluetooth Earbuds,Electronics,9,1344.61,12101.49
2025-05-02,Memory Foam Pillow,Home & Living,7,918.54,6429.78
2025-05-02,Natural Aloe Vera Gel 200ml,Beauty,21,231.86,4869.06
2025-05-02,Moisturising Sunscreen SPF50,Beauty,16,405.93,6494.88
2025-05-02,Cotton Round Neck T-Shirt,Fashion,3,423.34,1270.02
2025-05-02,Mechanical Keyboard RGB,Electronics,15,2446.63,36699.45
2025-05-03,Scented Soy Wax Candle,Home & Living,2,353.41,706.82
2025-05-03,Collagen Face Sheet Mask Pack,Beauty,9,210.16,1891.44
2025-05-03,Vitamin C Face Serum 30ml,Beauty,18,667.59,12016.62
2025-05-03,Natural Aloe Vera Gel 200ml,Beauty,25,242.7,6067.5
2025-05-03,Scented Soy Wax Candle,Home & Living,16,362.05,5792.8
2025-05-03,Under Eye Cream Dark Circles,Beauty,23,415.75,9562.25
2025-05-03,Scented Soy Wax Candle,Home & Living,23,334.36,7690.28
2025-05-03,Mechanical Keyboard RGB,Electronics,25,2630.76,65769.0
2025-05-03,Smart LED Desk Lamp,Electronics,20,879.07,17581.4
2025-05-03,Webcam HD 1080p,Electronics,15,1866.61,27999.15
2025-05-03,Stainless Steel Water Bottle 1L,Home & Living,3,533.81,1601.43
2025-05-03,Under Eye Cream Dark Circles,Beauty,5,420.11,2100.55
2025-05-03,Laptop Stand Adjustable,Electronics,21,1877.75,39432.75
2025-05-03,Cotton Round Neck T-Shirt,Fashion,21,420.37,8827.77
2025-05-03,Scented Soy Wax Candle,Home & Living,20,356.28,7125.6
2025-05-03,Natural Aloe Vera Gel 200ml,Beauty,14,266.26,3727.64
2025-05-03,Memory Foam Pillow,Home & Living,7,895.54,6268.78
2025-05-03,Casual Denim Jacket,Fashion,18,1468.4,26431.2
2025-05-04,Webcam HD 1080p,Electronics,25,1769.64,44241.0
2025-05-04,Noise Cancelling Headphones,Electronics,4,3905.91,15623.64
2025-05-04,Smart LED Desk Lamp,Electronics,14,822.7,11517.8
2025-05-04,Slim Fit Chino Pants,Fashion,2,914.06,1828.12
2025-05-04,Stainless Steel Water Bottle 1L,Home & Living,9,490.86,4417.74
2025-05-04,Sunglasses UV400 Polarized,Fashion,11,822.27,9044.97
2025-05-04,Casual Denim Jacket,Fashion,12,1383.83,16605.96
2025-05-04,Mechanical Keyboard RGB,Electronics,5,2627.88,13139.4
2025-05-04,Stainless Steel Water Bottle 1L,Home & Living,13,480.47,6246.11
2025-05-04,Moisturising Sunscreen SPF50,Beauty,11,385.87,4244.57
2025-05-05,Cotton Round Neck T-Shirt,Fashion,10,395.81,3958.1
2025-05-05,Memory Foam Pillow,Home & Living,13,966.32,12562.16
2025-05-05,Under Eye Cream Dark Circles,Beauty,19,460.38,8747.22
2025-05-05,Vitamin C Face Serum 30ml,Beauty,11,687.84,7566.24
2025-05-05,Running Sports Shoes,Fashion,8,2080.63,16645.04
2025-05-05,Collagen Face Sheet Mask Pack,Beauty,20,187.44,3748.8
2025-05-05,Sunglasses UV400 Polarized,Fashion,1,839.46,839.46
2025-05-05,Slim Fit Chino Pants,Fashion,13,920.4,11965.2
2025-05-05,Sunglasses UV400 Polarized,Fashion,13,774.74,10071.62
2025-05-05,Scented Soy Wax Candle,Home & Living,14,338.71,4741.94
2025-05-05,Natural Aloe Vera Gel 200ml,Beauty,16,258.1,4129.6
2025-05-05,Moisturising Sunscreen SPF50,Beauty,16,403.07,6449.12
2025-05-05,Bamboo Cutting Board Set,Home & Living,16,616.71,9867.36
2025-05-06,Webcam HD 1080p,Electronics,15,1872.39,28085.85
2025-05-06,Natural Aloe Vera Gel 200ml,Beauty,22,250.44,5509.68
2025-05-06,Wireless Bluetooth Earbuds,Electronics,6,1205.09,7230.54
2025-05-06,Laptop Stand Adjustable,Electronics,4,1806.55,7226.2
2025-05-06,Casual Denim Jacket,Fashion,19,1421.84,27014.96
2025-05-06,Noise Cancelling Headphones,Electronics,7,4130.09,28910.63
2025-05-06,Laptop Stand Adjustable,Electronics,19,1724.77,32770.63
2025-05-06,Mechanical Keyboard RGB,Electronics,5,2580.51,12902.55
2025-05-06,Running Sports Shoes,Fashion,3,2008.02,6024.06
2025-05-06,Mechanical Keyboard RGB,Electronics,8,2377.71,19021.68
2025-05-06,Mechanical Keyboard RGB,Electronics,20,2635.46,52709.2
2025-05-06,Webcam HD 1080p,Electronics,16,1892.51,30280.16
2025-05-06,Bamboo Cutting Board Set,Home & Living,22,625.31,13756.82
2025-05-06,Under Eye Cream Dark Circles,Beauty,4,431.72,1726.88
2025-05-07,Natural Aloe Vera Gel 200ml,Beauty,9,244.95,2204.55
2025-05-07,Scented Soy Wax Candle,Home & Living,10,320.87,3208.7
2025-05-07,Laptop Stand Adjustable,Electronics,9,1907.88,17170.92
2025-05-07,Collagen Face Sheet Mask Pack,Beauty,8,186.45,1491.6
2025-05-07,Scented Soy Wax Candle,Home & Living,9,325.29,2927.61
2025-05-07,Non-Stick Frying Pan 26cm,Home & Living,17,840.96,14296.32
2025-05-07,Moisturising Sunscreen SPF50,Beauty,12,388.47,4661.64
2025-05-07,USB-C Fast Charging Cable,Electronics,22,276.12,6074.64
2025-05-07,Collagen Face Sheet Mask Pack,Beauty,20,199.79,3995.8
2025-05-07,Sunglasses UV400 Polarized,Fashion,2,738.38,1476.76
2025-05-08,Non-Stick Frying Pan 26cm,Home & Living,3,854.79,2564.37
2025-05-08,Laptop Stand Adjustable,Electronics,1,1718.29,1718.29
2025-05-08,Slim Fit Chino Pants,Fashion,1,924.11,924.11
2025-05-08,Bamboo Cutting Board Set,Home & Living,7,564.68,3952.76
2025-05-08,Vitamin C Face Serum 30ml,Beauty,3,726.69,2180.07
2025-05-08,Wireless Bluetooth Earbuds,Electronics,25,1279.29,31982.25
2025-05-08,Under Eye Cream Dark Circles,Beauty,23,472.85,10875.55
2025-05-08,Collagen Face Sheet Mask Pack,Beauty,2,209.39,418.78
2025-05-08,Running Sports Shoes,Fashion,19,1915.65,36397.35
2025-05-09,Sunglasses UV400 Polarized,Fashion,10,835.25,8352.5
2025-05-09,Running Sports Shoes,Fashion,6,1966.42,11798.52
2025-05-09,Stainless Steel Water Bottle 1L,Home & Living,12,498.07,5976.84
2025-05-09,USB-C Fast Charging Cable,Electronics,9,311.13,2800.17
2025-05-09,Laptop Stand Adjustable,Electronics,15,1807.07,27106.05
2025-05-09,Sunglasses UV400 Polarized,Fashion,25,851.66,21291.5
2025-05-09,USB-C Fast Charging Cable,Electronics,16,272.17,4354.72
2025-05-09,Leather Wallet Slim,Fashion,11,561.78,6179.58
2025-05-09,Sunglasses UV400 Polarized,Fashion,15,744.85,11172.75
2025-05-09,Smart LED Desk Lamp,Electronics,3,905.21,2715.63
2025-05-09,Sunglasses UV400 Polarized,Fashion,20,799.02,15980.4
2025-05-10,Laptop Stand Adjustable,Electronics,14,1691.6,23682.4
2025-05-10,Noise Cancelling Headphones,Electronics,23,4146.33,95365.59
2025-05-10,Natural Aloe Vera Gel 200ml,Beauty,23,224.2,5156.6
2025-05-10,Smart LED Desk Lamp,Electronics,25,921.19,23029.75
2025-05-10,Non-Stick Frying Pan 26cm,Home & Living,11,834.57,9180.27
2025-05-10,Wireless Bluetooth Earbuds,Electronics,6,1297.86,7787.16
2025-05-10,Portable Phone Charger 20000mAh,Electronics,11,1512.02,16632.22
2025-05-10,Slim Fit Chino Pants,Fashion,6,967.01,5802.06
2025-05-10,Bamboo Cutting Board Set,Home & Living,11,623.16,6854.76
2025-05-10,Slim Fit Chino Pants,Fashion,9,954.77,8592.93
2025-05-10,Slim Fit Chino Pants,Fashion,19,921.22,17503.18
2025-05-11,Leather Wallet Slim,Fashion,20,644.06,12881.2
2025-05-11,Smart LED Desk Lamp,Electronics,12,868.65,10423.8
2025-05-11,Under Eye Cream Dark Circles,Beauty,20,413.4,8268.0
2025-05-11,Collagen Face Sheet Mask Pack,Beauty,14,204.93,2869.02
2025-05-11,Mechanical Keyboard RGB,Electronics,18,2494.45,44900.1
2025-05-11,Collagen Face Sheet Mask Pack,Beauty,16,213.54,3416.64
2025-05-11,Laptop Stand Adjustable,Electronics,4,1853.04,7412.16
2025-05-11,Laptop Stand Adjustable,Electronics,7,1876.49,13135.43
2025-05-11,Casual Denim Jacket,Fashion,25,1509.77,37744.25
2025-05-11,Noise Cancelling Headphones,Electronics,16,4283.64,68538.24
2025-05-11,USB-C Fast Charging Cable,Electronics,21,324.71,6818.91
2025-05-12,Mechanical Keyboard RGB,Electronics,7,2359.85,16518.95
2025-05-12,Portable Phone Charger 20000mAh,Electronics,20,1484.79,29695.8
2025-05-12,Casual Denim Jacket,Fashion,14,1358.99,19025.86
2025-05-12,Leather Wallet Slim,Fashion,20,630.78,12615.6
2025-05-12,Cotton Round Neck T-Shirt,Fashion,3,427.04,1281.12
2025-05-12,Laptop Stand Adjustable,Electronics,21,1683.62,35356.02
2025-05-12,Noise Cancelling Headphones,Electronics,6,4179.34,25076.04
2025-05-12,Non-Stick Frying Pan 26cm,Home & Living,23,762.52,17537.96
2025-05-13,Running Sports Shoes,Fashion,13,2079.69,27035.97
2025-05-13,Under Eye Cream Dark Circles,Beauty,11,415.24,4567.64
2025-05-13,Mechanical Keyboard RGB,Electronics,10,2431.74,24317.4
2025-05-13,Bamboo Cutting Board Set,Home & Living,10,559.04,5590.4
2025-05-13,Wireless Bluetooth Earbuds,Electronics,23,1369.66,31502.18
2025-05-13,Webcam HD 1080p,Electronics,8,1808.87,14470.96
2025-05-13,Under Eye Cream Dark Circles,Beauty,16,428.95,6863.2
2025-05-13,Laptop Stand Adjustable,Electronics,10,1876.65,18766.5
2025-05-13,Mechanical Keyboard RGB,Electronics,11,2315.07,25465.77
2025-05-13,Casual Denim Jacket,Fashion,1,1512.64,1512.64
2025-05-14,Leather Wallet Slim,Fashion,15,610.15,9152.25
2025-05-14,Under Eye Cream Dark Circles,Beauty,25,416.8,10420.0
2025-05-14,Mechanical Keyboard RGB,Electronics,23,2591.03,59593.69
2025-05-14,Natural Aloe Vera Gel 200ml,Beauty,19,230.71,4383.49
2025-05-14,Portable Phone Charger 20000mAh,Electronics,16,1570.78,25132.48
2025-05-14,Scented Soy Wax Candle,Home & Living,5,326.22,1631.1
2025-05-14,Sunglasses UV400 Polarized,Fashion,22,853.87,18785.14
2025-05-14,Running Sports Shoes,Fashion,4,1960.52,7842.08
2025-05-14,Running Sports Shoes,Fashion,14,2140.21,29962.94
2025-05-14,Running Sports Shoes,Fashion,8,1946.49,15571.92
2025-05-14,Laptop Stand Adjustable,Electronics,2,1915.73,3831.46
2025-05-14,Non-Stick Frying Pan 26cm,Home & Living,9,855.04,7695.36
2025-05-15,Webcam HD 1080p,Electronics,22,1841.27,40507.94
2025-05-15,Portable Phone Charger 20000mAh,Electronics,21,1576.68,33110.28
2025-05-15,Scented Soy Wax Candle,Home & Living,20,329.61,6592.2
2025-05-15,Leather Wallet Slim,Fashion,5,584.43,2922.15
2025-05-15,Bamboo Cutting Board Set,Home & Living,11,558.18,6139.98
2025-05-15,Cotton Round Neck T-Shirt,Fashion,22,411.75,9058.5
2025-05-15,Smart LED Desk Lamp,Electronics,1,836.95,836.95
2025-05-15,Bamboo Cutting Board Set,Home & Living,5,579.77,2898.85
2025-05-15,Scented Soy Wax Candle,Home & Living,16,355.65,5690.4
2025-05-15,Laptop Stand Adjustable,Electronics,3,1708.1,5124.3
2025-05-15,Sunglasses UV400 Polarized,Fashion,19,831.34,15795.46
2025-05-15,Mechanical Keyboard RGB,Electronics,9,2669.61,24026.49
2025-05-15,USB-C Fast Charging Cable,Electronics,7,277.25,1940.75
2025-05-16,Cotton Round Neck T-Shirt,Fashion,5,427.76,2138.8
2025-05-16,Natural Aloe Vera Gel 200ml,Beauty,4,220.13,880.52
2025-05-16,Portable Phone Charger 20000mAh,Electronics,24,1488.2,35716.8
2025-05-16,USB-C Fast Charging Cable,Electronics,22,296.89,6531.58
2025-05-16,Slim Fit Chino Pants,Fashion,24,901.03,21624.72
2025-05-16,Scented Soy Wax Candle,Home & Living,13,338.44,4399.72
2025-05-16,Bamboo Cutting Board Set,Home & Living,13,568.7,7393.1
2025-05-16,Cotton Round Neck T-Shirt,Fashion,16,370.29,5924.64
2025-05-16,Non-Stick Frying Pan 26cm,Home & Living,17,831.74,14139.58
2025-05-16,Scented Soy Wax Candle,Home & Living,7,378.52,2649.64
2025-05-16,Casual Denim Jacket,Fashion,15,1383.01,20745.15
2025-05-16,Noise Cancelling Headphones,Electronics,3,4140.3,12420.9
2025-05-16,Sunglasses UV400 Polarized,Fashion,5,829.09,4145.45
2025-05-16,Natural Aloe Vera Gel 200ml,Beauty,22,233.46,5136.12
2025-05-16,Running Sports Shoes,Fashion,8,1948.28,15586.24
2025-05-16,Webcam HD 1080p,Electronics,5,1818.75,9093.75
2025-05-16,Scented Soy Wax Candle,Home & Living,24,378.68,9088.32
2025-05-16,Leather Wallet Slim,Fashion,25,584.75,14618.75
2025-05-17,Vitamin C Face Serum 30ml,Beauty,18,653.0,11754.0
2025-05-17,Moisturising Sunscreen SPF50,Beauty,20,409.53,8190.6
2025-05-17,Wireless Bluetooth Earbuds,Electronics,3,1219.16,3657.48
2025-05-17,Webcam HD 1080p,Electronics,5,1850.72,9253.6
2025-05-17,Mechanical Keyboard RGB,Electronics,15,2554.74,38321.1
2025-05-17,Non-Stick Frying Pan 26cm,Home & Living,22,820.31,18046.82
2025-05-17,USB-C Fast Charging Cable,Electronics,21,271.43,5700.03
2025-05-17,USB-C Fast Charging Cable,Electronics,24,283.04,6792.96
2025-05-17,Casual Denim Jacket,Fashion,6,1563.44,9380.64
2025-05-18,Natural Aloe Vera Gel 200ml,Beauty,15,267.85,4017.75
2025-05-18,Noise Cancelling Headphones,Electronics,23,4129.23,94972.29
2025-05-18,Running Sports Shoes,Fashion,13,1979.07,25727.91
2025-05-18,Natural Aloe Vera Gel 200ml,Beauty,11,261.64,2878.04
2025-05-18,Mechanical Keyboard RGB,Electronics,4,2648.29,10593.16
2025-05-18,Natural Aloe Vera Gel 200ml,Beauty,4,224.82,899.28
2025-05-18,Leather Wallet Slim,Fashion,15,646.61,9699.15
2025-05-18,Vitamin C Face Serum 30ml,Beauty,24,748.72,17969.28
2025-05-18,Scented Soy Wax Candle,Home & Living,12,340.76,4089.12
2025-05-18,Vitamin C Face Serum 30ml,Beauty,14,645.42,9035.88
2025-05-18,Portable Phone Charger 20000mAh,Electronics,22,1504.32,33095.04
2025-05-18,Casual Denim Jacket,Fashion,21,1456.93,30595.53
2025-05-19,Bamboo Cutting Board Set,Home & Living,8,566.8,4534.4
2025-05-19,Casual Denim Jacket,Fashion,16,1390.06,22240.96
2025-05-19,Natural Aloe Vera Gel 200ml,Beauty,11,263.88,2902.68
2025-05-19,Webcam HD 1080p,Electronics,20,1745.51,34910.2
2025-05-19,Non-Stick Frying Pan 26cm,Home & Living,8,732.54,5860.32
2025-05-19,Bamboo Cutting Board Set,Home & Living,22,566.75,12468.5
2025-05-19,Memory Foam Pillow,Home & Living,4,954.18,3816.72
2025-05-19,Natural Aloe Vera Gel 200ml,Beauty,1,221.11,221.11
2025-05-19,Bamboo Cutting Board Set,Home & Living,4,628.78,2515.12
2025-05-19,Natural Aloe Vera Gel 200ml,Beauty,9,239.26,2153.34
2025-05-19,Natural Aloe Vera Gel 200ml,Beauty,13,226.09,2939.17
2025-05-19,Portable Phone Charger 20000mAh,Electronics,17,1456.24,24756.08
2025-05-20,Stainless Steel Water Bottle 1L,Home & Living,8,538.7,4309.6
2025-05-20,Under Eye Cream Dark Circles,Beauty,20,468.6,9372.0
2025-05-20,Bamboo Cutting Board Set,Home & Living,20,551.61,11032.2
2025-05-20,Sunglasses UV400 Polarized,Fashion,19,809.63,15382.97
2025-05-20,Noise Cancelling Headphones,Electronics,6,4301.13,25806.78
2025-05-20,Cotton Round Neck T-Shirt,Fashion,10,397.41,3974.1
2025-05-20,Memory Foam Pillow,Home & Living,21,948.5,19918.5
2025-05-20,Running Sports Shoes,Fashion,25,2063.6,51590.0
2025-05-20,USB-C Fast Charging Cable,Electronics,9,286.88,2581.92
2025-05-20,Bamboo Cutting Board Set,Home & Living,6,626.27,3757.62
2025-05-20,Wireless Bluetooth Earbuds,Electronics,21,1204.55,25295.55
2025-05-20,Mechanical Keyboard RGB,Electronics,21,2341.91,49180.11
2025-05-20,Bamboo Cutting Board Set,Home & Living,3,564.44,1693.32
2025-05-21,Vitamin C Face Serum 30ml,Beauty,24,658.02,15792.48
2025-05-21,Stainless Steel Water Bottle 1L,Home & Living,15,512.37,7685.55
2025-05-21,Vitamin C Face Serum 30ml,Beauty,21,665.18,13968.78
2025-05-21,Portable Phone Charger 20000mAh,Electronics,16,1619.14,25906.24
2025-05-21,Moisturising Sunscreen SPF50,Beauty,13,386.75,5027.75
2025-05-21,Scented Soy Wax Candle,Home & Living,22,361.08,7943.76
2025-05-21,Leather Wallet Slim,Fashion,5,550.65,2753.25
2025-05-22,Bamboo Cutting Board Set,Home & Living,12,553.64,6643.68
2025-05-22,Laptop Stand Adjustable,Electronics,18,1887.12,33968.16
2025-05-22,Under Eye Cream Dark Circles,Beauty,20,410.78,8215.6
2025-05-22,Smart LED Desk Lamp,Electronics,15,902.92,13543.8
2025-05-22,Portable Phone Charger 20000mAh,Electronics,25,1525.08,38127.0
2025-05-22,Cotton Round Neck T-Shirt,Fashion,15,370.13,5551.95
2025-05-22,Slim Fit Chino Pants,Fashion,15,893.84,13407.6
2025-05-23,USB-C Fast Charging Cable,Electronics,11,288.4,3172.4
2025-05-23,Collagen Face Sheet Mask Pack,Beauty,20,201.81,4036.2
2025-05-23,Memory Foam Pillow,Home & Living,2,880.49,1760.98
2025-05-23,Stainless Steel Water Bottle 1L,Home & Living,11,470.82,5179.02
2025-05-23,Memory Foam Pillow,Home & Living,19,876.71,16657.49
2025-05-23,Scented Soy Wax Candle,Home & Living,15,328.04,4920.6
2025-05-23,Wireless Bluetooth Earbuds,Electronics,3,1266.5,3799.5
2025-05-23,Smart LED Desk Lamp,Electronics,5,844.42,4222.1
2025-05-23,Casual Denim Jacket,Fashion,24,1374.05,32977.2
2025-05-23,Wireless Bluetooth Earbuds,Electronics,14,1281.07,17934.98
2025-05-24,Cotton Round Neck T-Shirt,Fashion,25,385.26,9631.5
2025-05-24,USB-C Fast Charging Cable,Electronics,25,280.72,7018.0
2025-05-24,Noise Cancelling Headphones,Electronics,7,3768.37,26378.59
2025-05-24,Bamboo Cutting Board Set,Home & Living,6,612.19,3673.14
2025-05-24,Under Eye Cream Dark Circles,Beauty,25,424.68,10617.0
2025-05-24,Running Sports Shoes,Fashion,25,1864.6,46615.0
2025-05-24,Slim Fit Chino Pants,Fashion,9,848.85,7639.65
2025-05-24,USB-C Fast Charging Cable,Electronics,3,288.93,866.79
2025-05-24,Casual Denim Jacket,Fashion,22,1409.37,31006.14
2025-05-25,Slim Fit Chino Pants,Fashion,10,890.14,8901.4
2025-05-25,Bamboo Cutting Board Set,Home & Living,16,631.62,10105.92
2025-05-25,Portable Phone Charger 20000mAh,Electronics,14,1441.16,20176.24
2025-05-25,Casual Denim Jacket,Fashion,19,1514.27,28771.13
2025-05-25,Vitamin C Face Serum 30ml,Beauty,4,667.04,2668.16
2025-05-25,Moisturising Sunscreen SPF50,Beauty,13,402.68,5234.84
2025-05-25,USB-C Fast Charging Cable,Electronics,24,302.8,7267.2
2025-05-25,Smart LED Desk Lamp,Electronics,21,835.59,17547.39
2025-05-25,Portable Phone Charger 20000mAh,Electronics,4,1411.55,5646.2
2025-05-25,Wireless Bluetooth Earbuds,Electronics,16,1302.73,20843.68
2025-05-26,Webcam HD 1080p,Electronics,23,1653.17,38022.91
2025-05-26,USB-C Fast Charging Cable,Electronics,6,282.65,1695.9
2025-05-26,Scented Soy Wax Candle,Home & Living,13,332.22,4318.86
2025-05-26,Vitamin C Face Serum 30ml,Beauty,3,649.24,1947.72
2025-05-26,Slim Fit Chino Pants,Fashion,16,974.96,15599.36
2025-05-26,Laptop Stand Adjustable,Electronics,12,1722.61,20671.32
2025-05-26,Portable Phone Charger 20000mAh,Electronics,8,1507.09,12056.72
2025-05-26,Stainless Steel Water Bottle 1L,Home & Living,13,507.21,6593.73
2025-05-26,Scented Soy Wax Candle,Home & Living,16,344.97,5519.52
2025-05-26,Moisturising Sunscreen SPF50,Beauty,17,377.13,6411.21
2025-05-27,Moisturising Sunscreen SPF50,Beauty,25,374.43,9360.75
2025-05-27,Collagen Face Sheet Mask Pack,Beauty,10,201.17,2011.7
2025-05-27,Mechanical Keyboard RGB,Electronics,12,2600.01,31200.12
2025-05-27,Webcam HD 1080p,Electronics,7,1759.47,12316.29
2025-05-27,USB-C Fast Charging Cable,Electronics,8,307.85,2462.8
2025-05-27,Under Eye Cream Dark Circles,Beauty,4,420.49,1681.96
2025-05-27,Natural Aloe Vera Gel 200ml,Beauty,5,227.93,1139.65
2025-05-27,Noise Cancelling Headphones,Electronics,18,4035.81,72644.58
2025-05-27,Slim Fit Chino Pants,Fashion,19,966.78,18368.82
2025-05-28,Portable Phone Charger 20000mAh,Electronics,13,1569.86,20408.18
2025-05-28,Bamboo Cutting Board Set,Home & Living,22,564.26,12413.72
2025-05-28,Slim Fit Chino Pants,Fashion,22,845.06,18591.32
2025-05-28,Smart LED Desk Lamp,Electronics,2,962.57,1925.14
2025-05-28,Scented Soy Wax Candle,Home & Living,12,363.92,4367.04
2025-05-28,Slim Fit Chino Pants,Fashion,23,927.63,21335.49
2025-05-28,Laptop Stand Adjustable,Electronics,5,1716.85,8584.25
2025-05-28,Vitamin C Face Serum 30ml,Beauty,4,641.42,2565.68
2025-05-28,Wireless Bluetooth Earbuds,Electronics,3,1225.29,3675.87
2025-05-28,Portable Phone Charger 20000mAh,Electronics,15,1588.01,23820.15
2025-05-28,Memory Foam Pillow,Home & Living,1,871.22,871.22
2025-05-28,Smart LED Desk Lamp,Electronics,18,950.42,17107.56
2025-05-29,Collagen Face Sheet Mask Pack,Beauty,11,203.05,2233.55
2025-05-29,Stainless Steel Water Bottle 1L,Home & Living,10,537.28,5372.8
2025-05-29,Bamboo Cutting Board Set,Home & Living,9,557.6,5018.4
2025-05-29,Collagen Face Sheet Mask Pack,Beauty,23,199.8,4595.4
2025-05-29,Casual Denim Jacket,Fashion,7,1401.13,9807.91
2025-05-29,Laptop Stand Adjustable,Electronics,23,1672.22,38461.06
2025-05-29,Vitamin C Face Serum 30ml,Beauty,23,645.45,14845.35
2025-05-29,Wireless Bluetooth Earbuds,Electronics,10,1336.15,13361.5
2025-05-29,Slim Fit Chino Pants,Fashion,2,959.54,1919.08
2025-05-29,Bamboo Cutting Board Set,Home & Living,14,563.31,7886.34
2025-05-29,Casual Denim Jacket,Fashion,15,1579.68,23695.2
2025-05-29,Stainless Steel Water Bottle 1L,Home & Living,18,483.0,8694.0
2025-05-30,Moisturising Sunscreen SPF50,Beauty,4,424.23,1696.92
2025-05-30,Scented Soy Wax Candle,Home & Living,25,322.24,8056.0
2025-05-30,Under Eye Cream Dark Circles,Beauty,21,415.72,8730.12
2025-05-30,Cotton Round Neck T-Shirt,Fashion,11,377.37,4151.07
2025-05-30,Webcam HD 1080p,Electronics,5,1918.76,9593.8
2025-05-30,Under Eye Cream Dark Circles,Beauty,10,448.71,4487.1
2025-05-31,Wireless Bluetooth Earbuds,Electronics,5,1238.66,6193.3
2025-05-31,USB-C Fast Charging Cable,Electronics,23,270.89,6230.47
2025-05-31,Webcam HD 1080p,Electronics,11,1816.72,19983.92
2025-05-31,Moisturising Sunscreen SPF50,Beauty,25,417.21,10430.25
2025-05-31,Sunglasses UV400 Polarized,Fashion,6,786.76,4720.56
2025-05-31,USB-C Fast Charging Cable,Electronics,9,267.32,2405.88
2025-05-31,Wireless Bluetooth Earbuds,Electronics,11,1331.79,14649.69
2025-05-31,Laptop Stand Adjustable,Electronics,25,1833.99,45849.75
2025-05-31,Laptop Stand Adjustable,Electronics,3,1682.08,5046.24
2025-05-31,Mechanical Keyboard RGB,Electronics,9,2514.86,22633.74
2025-06-01,Vitamin C Face Serum 30ml,Beauty,17,650.74,11062.58
2025-06-01,Vitamin C Face Serum 30ml,Beauty,23,749.1,17229.3
2025-06-01,Mechanical Keyboard RGB,Electronics,9,2385.43,21468.87
2025-06-01,Memory Foam Pillow,Home & Living,8,844.76,6758.08
2025-06-01,Natural Aloe Vera Gel 200ml,Beauty,25,245.77,6144.25
2025-06-02,USB-C Fast Charging Cable,Electronics,20,263.53,5270.6
2025-06-02,Mechanical Keyboard RGB,Electronics,17,2448.76,41628.92
2025-06-02,Wireless Bluetooth Earbuds,Electronics,22,1204.74,26504.28
2025-06-02,Leather Wallet Slim,Fashion,19,553.78,10521.82
2025-06-02,Scented Soy Wax Candle,Home & Living,9,346.35,3117.15
2025-06-02,Natural Aloe Vera Gel 200ml,Beauty,13,222.54,2893.02
2025-06-02,Smart LED Desk Lamp,Electronics,5,879.29,4396.45
2025-06-02,Mechanical Keyboard RGB,Electronics,10,2326.84,23268.4
2025-06-02,USB-C Fast Charging Cable,Electronics,23,266.3,6124.9
2025-06-02,Memory Foam Pillow,Home & Living,9,952.58,8573.22
2025-06-02,Running Sports Shoes,Fashion,10,1989.59,19895.9
2025-06-03,Vitamin C Face Serum 30ml,Beauty,11,679.26,7471.86
2025-06-03,USB-C Fast Charging Cable,Electronics,7,290.45,2033.15
2025-06-03,Vitamin C Face Serum 30ml,Beauty,11,737.8,8115.8
2025-06-03,Vitamin C Face Serum 30ml,Beauty,12,741.81,8901.72
2025-06-03,Vitamin C Face Serum 30ml,Beauty,11,703.83,7742.13
2025-06-03,Vitamin C Face Serum 30ml,Beauty,4,742.65,2970.6
2025-06-03,Leather Wallet Slim,Fashion,15,581.84,8727.6
2025-06-03,Webcam HD 1080p,Electronics,1,1697.92,1697.92
2025-06-03,Sunglasses UV400 Polarized,Fashion,8,736.14,5889.12
2025-06-04,Running Sports Shoes,Fashion,25,1852.97,46324.25
2025-06-04,Vitamin C Face Serum 30ml,Beauty,16,745.82,11933.12
2025-06-04,Stainless Steel Water Bottle 1L,Home & Living,25,496.68,12417.0
2025-06-04,Scented Soy Wax Candle,Home & Living,16,362.69,5803.04
2025-06-04,Non-Stick Frying Pan 26cm,Home & Living,18,831.36,14964.48
2025-06-04,Collagen Face Sheet Mask Pack,Beauty,14,203.52,2849.28
2025-06-04,Portable Phone Charger 20000mAh,Electronics,1,1493.9,1493.9
2025-06-04,Memory Foam Pillow,Home & Living,8,847.6,6780.8
2025-06-04,Moisturising Sunscreen SPF50,Beauty,6,427.72,2566.32
2025-06-04,Natural Aloe Vera Gel 200ml,Beauty,25,252.22,6305.5
2025-06-05,USB-C Fast Charging Cable,Electronics,2,319.37,638.74
2025-06-05,Scented Soy Wax Candle,Home & Living,5,376.66,1883.3
2025-06-05,Collagen Face Sheet Mask Pack,Beauty,22,202.88,4463.36
2025-06-05,Webcam HD 1080p,Electronics,1,1746.0,1746.0
2025-06-05,Portable Phone Charger 20000mAh,Electronics,4,1472.68,5890.72
2025-06-05,Natural Aloe Vera Gel 200ml,Beauty,15,252.37,3785.55
2025-06-05,Under Eye Cream Dark Circles,Beauty,2,430.0,860.0
2025-06-05,Mechanical Keyboard RGB,Electronics,18,2475.48,44558.64
2025-06-05,Slim Fit Chino Pants,Fashion,20,972.86,19457.2
2025-06-06,Stainless Steel Water Bottle 1L,Home & Living,14,507.55,7105.7
2025-06-06,Slim Fit Chino Pants,Fashion,22,883.35,19433.7
2025-06-06,Webcam HD 1080p,Electronics,6,1843.07,11058.42
2025-06-06,Slim Fit Chino Pants,Fashion,11,950.49,10455.39
2025-06-06,Webcam HD 1080p,Electronics,8,1834.05,14672.4
2025-06-06,Laptop Stand Adjustable,Electronics,2,1783.57,3567.14
2025-06-06,Slim Fit Chino Pants,Fashion,2,966.5,1933.0
2025-06-06,Webcam HD 1080p,Electronics,2,1894.36,3788.72
2025-06-06,Vitamin C Face Serum 30ml,Beauty,25,678.83,16970.75
2025-06-06,Smart LED Desk Lamp,Electronics,5,940.89,4704.45
2025-06-06,Mechanical Keyboard RGB,Electronics,22,2438.28,53642.16
2025-06-06,Laptop Stand Adjustable,Electronics,19,1832.92,34825.48
2025-06-07,Casual Denim Jacket,Fashion,9,1360.93,12248.37
2025-06-07,Vitamin C Face Serum 30ml,Beauty,24,707.47,16979.28
2025-06-07,Memory Foam Pillow,Home & Living,17,944.74,16060.58
2025-06-07,Bamboo Cutting Board Set,Home & Living,16,615.37,9845.92
2025-06-07,Non-Stick Frying Pan 26cm,Home & Living,5,809.18,4045.9
2025-06-07,Under Eye Cream Dark Circles,Beauty,22,448.38,9864.36
2025-06-07,USB-C Fast Charging Cable,Electronics,25,296.47,7411.75
2025-06-07,Slim Fit Chino Pants,Fashion,18,941.18,16941.24
2025-06-07,Wireless Bluetooth Earbuds,Electronics,11,1380.67,15187.37
2025-06-07,Webcam HD 1080p,Electronics,5,1921.18,9605.9
2025-06-07,Webcam HD 1080p,Electronics,21,1766.69,37100.49
2025-06-07,Natural Aloe Vera Gel 200ml,Beauty,25,230.94,5773.5
2025-06-07,Scented Soy Wax Candle,Home & Living,5,352.96,1764.8
2025-06-07,Wireless Bluetooth Earbuds,Electronics,5,1389.8,6949.0
2025-06-07,Webcam HD 1080p,Electronics,4,1852.94,7411.76
2025-06-07,Scented Soy Wax Candle,Home & Living,23,331.96,7635.08
2025-06-07,Bamboo Cutting Board Set,Home & Living,25,579.18,14479.5
2025-06-08,Moisturising Sunscreen SPF50,Beauty,16,420.98,6735.68
2025-06-08,USB-C Fast Charging Cable,Electronics,25,316.11,7902.75
2025-06-08,Sunglasses UV400 Polarized,Fashion,14,795.06,11130.84
2025-06-08,Moisturising Sunscreen SPF50,Beauty,12,385.45,4625.4
2025-06-08,Collagen Face Sheet Mask Pack,Beauty,13,209.35,2721.55
2025-06-08,Memory Foam Pillow,Home & Living,12,880.86,10570.32
2025-06-08,Running Sports Shoes,Fashion,14,2104.64,29464.96
2025-06-08,Mechanical Keyboard RGB,Electronics,17,2421.78,41170.26
2025-06-08,USB-C Fast Charging Cable,Electronics,21,299.33,6285.93
2025-06-08,Mechanical Keyboard RGB,Electronics,19,2354.68,44738.92
2025-06-08,Cotton Round Neck T-Shirt,Fashion,12,401.37,4816.44
2025-06-09,Stainless Steel Water Bottle 1L,Home & Living,5,506.85,2534.25
2025-06-09,Wireless Bluetooth Earbuds,Electronics,9,1264.76,11382.84
2025-06-09,Sunglasses UV400 Polarized,Fashion,16,841.74,13467.84
2025-06-09,Moisturising Sunscreen SPF50,Beauty,18,424.62,7643.16
2025-06-09,Leather Wallet Slim,Fashion,23,638.54,14686.42
2025-06-09,Under Eye Cream Dark Circles,Beauty,13,456.33,5932.29
2025-06-09,Noise Cancelling Headphones,Electronics,24,4116.13,98787.12
2025-06-09,Memory Foam Pillow,Home & Living,23,841.09,19345.07
2025-06-09,Noise Cancelling Headphones,Electronics,5,3850.77,19253.85
2025-06-09,Stainless Steel Water Bottle 1L,Home & Living,25,487.25,12181.25
2025-06-09,Webcam HD 1080p,Electronics,5,1784.3,8921.5
2025-06-09,Running Sports Shoes,Fashion,21,2009.68,42203.28
2025-06-10,Natural Aloe Vera Gel 200ml,Beauty,13,231.53,3009.89
2025-06-10,Collagen Face Sheet Mask Pack,Beauty,11,187.38,2061.18
2025-06-10,Scented Soy Wax Candle,Home & Living,12,379.01,4548.12
2025-06-10,Sunglasses UV400 Polarized,Fashion,9,730.67,6576.03
2025-06-10,Under Eye Cream Dark Circles,Beauty,13,447.63,5819.19
2025-06-10,Laptop Stand Adjustable,Electronics,8,1694.47,13555.76
2025-06-10,Smart LED Desk Lamp,Electronics,3,952.49,2857.47
2025-06-11,Cotton Round Neck T-Shirt,Fashion,11,417.36,4590.96
2025-06-11,Stainless Steel Water Bottle 1L,Home & Living,12,495.59,5947.08
2025-06-11,Smart LED Desk Lamp,Electronics,21,844.36,17731.56
2025-06-11,Stainless Steel Water Bottle 1L,Home & Living,4,501.66,2006.64
2025-06-11,USB-C Fast Charging Cable,Electronics,18,271.93,4894.74
2025-06-11,USB-C Fast Charging Cable,Electronics,15,264.66,3969.9
2025-06-11,Smart LED Desk Lamp,Electronics,23,841.63,19357.49
2025-06-11,Webcam HD 1080p,Electronics,3,1761.05,5283.15
2025-06-12,Moisturising Sunscreen SPF50,Beauty,1,380.33,380.33
2025-06-12,Stainless Steel Water Bottle 1L,Home & Living,14,469.35,6570.9
2025-06-12,Noise Cancelling Headphones,Electronics,17,3920.69,66651.73
2025-06-12,Vitamin C Face Serum 30ml,Beauty,2,700.61,1401.22
2025-06-13,Mechanical Keyboard RGB,Electronics,7,2481.76,17372.32
2025-06-13,Memory Foam Pillow,Home & Living,23,854.7,19658.1
2025-06-13,Laptop Stand Adjustable,Electronics,16,1901.43,30422.88
2025-06-13,Laptop Stand Adjustable,Electronics,4,1747.88,6991.52
2025-06-13,Sunglasses UV400 Polarized,Fashion,23,838.67,19289.41
2025-06-13,Bamboo Cutting Board Set,Home & Living,8,571.74,4573.92
2025-06-13,Collagen Face Sheet Mask Pack,Beauty,18,206.21,3711.78
2025-06-13,Running Sports Shoes,Fashion,11,1949.88,21448.68
2025-06-14,Sunglasses UV400 Polarized,Fashion,5,790.9,3954.5
2025-06-14,Non-Stick Frying Pan 26cm,Home & Living,25,780.84,19521.0
2025-06-14,Portable Phone Charger 20000mAh,Electronics,21,1598.74,33573.54
2025-06-14,Bamboo Cutting Board Set,Home & Living,13,605.78,7875.14
2025-06-14,Noise Cancelling Headphones,Electronics,17,4238.91,72061.47
2025-06-14,Webcam HD 1080p,Electronics,19,1774.73,33719.87
2025-06-14,Laptop Stand Adjustable,Electronics,24,1888.33,45319.92
2025-06-14,Wireless Bluetooth Earbuds,Electronics,11,1368.34,15051.74
2025-06-14,Casual Denim Jacket,Fashion,25,1528.54,38213.5
2025-06-14,Leather Wallet Slim,Fashion,5,551.02,2755.1
2025-06-15,Leather Wallet Slim,Fashion,15,634.54,9518.1
2025-06-15,Stainless Steel Water Bottle 1L,Home & Living,19,470.72,8943.68
2025-06-15,Portable Phone Charger 20000mAh,Electronics,21,1617.56,33968.76
2025-06-15,Sunglasses UV400 Polarized,Fashion,21,779.96,16379.16
2025-06-15,Under Eye Cream Dark Circles,Beauty,12,470.06,5640.72
2025-06-15,USB-C Fast Charging Cable,Electronics,21,261.15,5484.15
2025-06-15,Mechanical Keyboard RGB,Electronics,7,2416.91,16918.37
2025-06-15,Natural Aloe Vera Gel 200ml,Beauty,9,254.26,2288.34
2025-06-15,Cotton Round Neck T-Shirt,Fashion,24,413.95,9934.8
2025-06-15,Sunglasses UV400 Polarized,Fashion,16,794.4,12710.4
2025-06-15,Casual Denim Jacket,Fashion,14,1480.75,20730.5
2025-06-15,Leather Wallet Slim,Fashion,15,585.78,8786.7
2025-06-15,Bamboo Cutting Board Set,Home & Living,5,588.6,2943.0
2025-06-15,Memory Foam Pillow,Home & Living,8,854.22,6833.76
2025-06-16,Non-Stick Frying Pan 26cm,Home & Living,19,808.26,15356.94
2025-06-16,Sunglasses UV400 Polarized,Fashion,12,801.16,9613.92
2025-06-16,Wireless Bluetooth Earbuds,Electronics,12,1324.15,15889.8
2025-06-16,Bamboo Cutting Board Set,Home & Living,16,570.43,9126.88
2025-06-16,Stainless Steel Water Bottle 1L,Home & Living,24,481.4,11553.6
2025-06-16,USB-C Fast Charging Cable,Electronics,13,309.29,4020.77
2025-06-16,Non-Stick Frying Pan 26cm,Home & Living,16,846.12,13537.92
2025-06-16,Cotton Round Neck T-Shirt,Fashion,11,413.28,4546.08
2025-06-16,Stainless Steel Water Bottle 1L,Home & Living,15,489.24,7338.6
2025-06-16,Moisturising Sunscreen SPF50,Beauty,23,379.63,8731.49
2025-06-16,Non-Stick Frying Pan 26cm,Home & Living,16,842.08,13473.28
2025-06-16,Casual Denim Jacket,Fashion,8,1446.92,11575.36
2025-06-17,USB-C Fast Charging Cable,Electronics,22,291.18,6405.96
2025-06-17,Laptop Stand Adjustable,Electronics,15,1745.54,26183.1
2025-06-17,Wireless Bluetooth Earbuds,Electronics,22,1357.8,29871.6
2025-06-17,Portable Phone Charger 20000mAh,Electronics,7,1589.27,11124.89
2025-06-17,Memory Foam Pillow,Home & Living,3,866.19,2598.57
2025-06-17,Slim Fit Chino Pants,Fashion,8,898.62,7188.96
2025-06-17,Webcam HD 1080p,Electronics,1,1871.48,1871.48
2025-06-17,Noise Cancelling Headphones,Electronics,12,4115.89,49390.68
2025-06-17,Scented Soy Wax Candle,Home & Living,10,353.53,3535.3
2025-06-18,Cotton Round Neck T-Shirt,Fashion,22,413.98,9107.56
2025-06-18,Under Eye Cream Dark Circles,Beauty,2,472.42,944.84
2025-06-18,USB-C Fast Charging Cable,Electronics,13,292.44,3801.72
2025-06-18,Memory Foam Pillow,Home & Living,11,879.22,9671.42
2025-06-18,Leather Wallet Slim,Fashion,19,562.77,10692.63
2025-06-18,Leather Wallet Slim,Fashion,6,604.77,3628.62
2025-06-18,Stainless Steel Water Bottle 1L,Home & Living,11,533.89,5872.79
2025-06-18,Webcam HD 1080p,Electronics,15,1825.64,27384.6
2025-06-18,Non-Stick Frying Pan 26cm,Home & Living,10,740.18,7401.8
2025-06-18,Bamboo Cutting Board Set,Home & Living,14,579.38,8111.32
2025-06-18,USB-C Fast Charging Cable,Electronics,23,304.79,7010.17
2025-06-18,Mechanical Keyboard RGB,Electronics,15,2610.62,39159.3
2025-06-18,Bamboo Cutting Board Set,Home & Living,4,588.79,2355.16
2025-06-19,Webcam HD 1080p,Electronics,5,1707.96,8539.8
2025-06-19,Stainless Steel Water Bottle 1L,Home & Living,19,499.83,9496.77
2025-06-19,Bamboo Cutting Board Set,Home & Living,1,603.32,603.32
2025-06-20,Sunglasses UV400 Polarized,Fashion,11,785.74,8643.14
2025-06-20,Cotton Round Neck T-Shirt,Fashion,11,394.1,4335.1
2025-06-20,Collagen Face Sheet Mask Pack,Beauty,6,184.85,1109.1
2025-06-20,Under Eye Cream Dark Circles,Beauty,11,470.22,5172.42
2025-06-20,Wireless Bluetooth Earbuds,Electronics,9,1355.74,12201.66
2025-06-20,Slim Fit Chino Pants,Fashion,15,967.04,14505.6
2025-06-20,Wireless Bluetooth Earbuds,Electronics,11,1314.48,14459.28
2025-06-21,Webcam HD 1080p,Electronics,8,1721.33,13770.64
2025-06-21,Non-Stick Frying Pan 26cm,Home & Living,13,815.75,10604.75
2025-06-21,Sunglasses UV400 Polarized,Fashion,3,833.71,2501.13
2025-06-21,Moisturising Sunscreen SPF50,Beauty,6,396.84,2381.04
2025-06-21,Memory Foam Pillow,Home & Living,20,842.99,16859.8
2025-06-21,Collagen Face Sheet Mask Pack,Beauty,9,180.05,1620.45
2025-06-21,Noise Cancelling Headphones,Electronics,12,4122.14,49465.68
2025-06-21,Stainless Steel Water Bottle 1L,Home & Living,7,498.33,3488.31
2025-06-21,Mechanical Keyboard RGB,Electronics,6,2349.67,14098.02
2025-06-21,Smart LED Desk Lamp,Electronics,16,824.74,13195.84
2025-06-21,Running Sports Shoes,Fashion,11,2063.23,22695.53
2025-06-21,Laptop Stand Adjustable,Electronics,14,1935.52,27097.28
2025-06-22,Smart LED Desk Lamp,Electronics,6,944.89,5669.34
2025-06-22,Casual Denim Jacket,Fashion,19,1537.5,29212.5
2025-06-22,Sunglasses UV400 Polarized,Fashion,12,738.82,8865.84
2025-06-22,Wireless Bluetooth Earbuds,Electronics,6,1208.14,7248.84
2025-06-22,Non-Stick Frying Pan 26cm,Home & Living,12,849.37,10192.44
2025-06-22,Wireless Bluetooth Earbuds,Electronics,13,1389.95,18069.35
2025-06-22,Webcam HD 1080p,Electronics,12,1838.56,22062.72
2025-06-22,Mechanical Keyboard RGB,Electronics,14,2373.01,33222.14
2025-06-22,Bamboo Cutting Board Set,Home & Living,13,631.78,8213.14
2025-06-23,Non-Stick Frying Pan 26cm,Home & Living,9,760.38,6843.42
2025-06-23,Running Sports Shoes,Fashion,23,2114.45,48632.35
2025-06-23,Under Eye Cream Dark Circles,Beauty,8,449.15,3593.2
2025-06-23,Wireless Bluetooth Earbuds,Electronics,12,1309.74,15716.88
2025-06-23,Slim Fit Chino Pants,Fashion,14,879.63,12314.82
2025-06-23,Natural Aloe Vera Gel 200ml,Beauty,22,250.57,5512.54
2025-06-23,Smart LED Desk Lamp,Electronics,18,961.16,17300.88
2025-06-23,Vitamin C Face Serum 30ml,Beauty,22,723.36,15913.92
2025-06-24,Under Eye Cream Dark Circles,Beauty,7,459.72,3218.04
2025-06-24,Moisturising Sunscreen SPF50,Beauty,9,427.49,3847.41
2025-06-24,Wireless Bluetooth Earbuds,Electronics,19,1207.87,22949.53
2025-06-24,Smart LED Desk Lamp,Electronics,19,843.44,16025.36
2025-06-24,Under Eye Cream Dark Circles,Beauty,14,478.04,6692.56
2025-06-24,Portable Phone Charger 20000mAh,Electronics,16,1424.76,22796.16
2025-06-24,Laptop Stand Adjustable,Electronics,12,1806.97,21683.64
2025-06-24,Vitamin C Face Serum 30ml,Beauty,16,744.71,11915.36
2025-06-25,Under Eye Cream Dark Circles,Beauty,6,410.71,2464.26
2025-06-25,Slim Fit Chino Pants,Fashion,2,969.99,1939.98
2025-06-25,Memory Foam Pillow,Home & Living,24,938.79,22530.96
2025-06-25,Casual Denim Jacket,Fashion,11,1447.16,15918.76
2025-06-25,Leather Wallet Slim,Fashion,11,555.89,6114.79
2025-06-25,Vitamin C Face Serum 30ml,Beauty,8,741.45,5931.6
2025-06-25,Under Eye Cream Dark Circles,Beauty,4,429.94,1719.76
2025-06-25,Casual Denim Jacket,Fashion,1,1406.18,1406.18
2025-06-25,Running Sports Shoes,Fashion,17,2000.23,34003.91
2025-06-25,Smart LED Desk Lamp,Electronics,15,907.75,13616.25
2025-06-25,Webcam HD 1080p,Electronics,15,1720.34,25805.1
2025-06-25,Moisturising Sunscreen SPF50,Beauty,4,427.55,1710.2
2025-06-25,Bamboo Cutting Board Set,Home & Living,1,603.86,603.86
2025-06-25,Smart LED Desk Lamp,Electronics,1,919.11,919.11
2025-06-25,Slim Fit Chino Pants,Fashion,1,914.38,914.38
2025-06-25,Mechanical Keyboard RGB,Electronics,10,2596.73,25967.3
2025-06-25,Collagen Face Sheet Mask Pack,Beauty,3,208.03,624.09
2025-06-25,Moisturising Sunscreen SPF50,Beauty,20,414.38,8287.6
2025-06-26,Leather Wallet Slim,Fashion,19,625.88,11891.72
2025-06-26,Leather Wallet Slim,Fashion,16,554.49,8871.84
2025-06-26,Sunglasses UV400 Polarized,Fashion,1,792.21,792.21
2025-06-26,Moisturising Sunscreen SPF50,Beauty,19,387.95,7371.05
2025-06-26,Running Sports Shoes,Fashion,15,1941.43,29121.45
2025-06-26,Smart LED Desk Lamp,Electronics,17,825.89,14040.13
2025-06-26,Moisturising Sunscreen SPF50,Beauty,18,397.76,7159.68
2025-06-26,Bamboo Cutting Board Set,Home & Living,25,582.24,14556.0
2025-06-26,Stainless Steel Water Bottle 1L,Home & Living,4,527.84,2111.36
2025-06-26,Vitamin C Face Serum 30ml,Beauty,9,697.86,6280.74
2025-06-26,Smart LED Desk Lamp,Electronics,1,823.74,823.74
2025-06-27,Stainless Steel Water Bottle 1L,Home & Living,23,461.16,10606.68
2025-06-27,Running Sports Shoes,Fashion,21,1961.48,41191.08
2025-06-27,Leather Wallet Slim,Fashion,11,600.24,6602.64
2025-06-27,Wireless Bluetooth Earbuds,Electronics,1,1243.11,1243.11
2025-06-27,Slim Fit Chino Pants,Fashion,12,853.08,10236.96
2025-06-27,Cotton Round Neck T-Shirt,Fashion,18,377.09,6787.62
2025-06-27,Moisturising Sunscreen SPF50,Beauty,11,418.79,4606.69
2025-06-28,Noise Cancelling Headphones,Electronics,15,3753.7,56305.5
2025-06-28,Cotton Round Neck T-Shirt,Fashion,7,382.18,2675.26
2025-06-28,Cotton Round Neck T-Shirt,Fashion,4,405.43,1621.72
2025-06-28,Casual Denim Jacket,Fashion,6,1562.49,9374.94
2025-06-28,Non-Stick Frying Pan 26cm,Home & Living,13,812.56,10563.28
2025-06-28,Bamboo Cutting Board Set,Home & Living,21,554.41,11642.61
2025-06-28,Wireless Bluetooth Earbuds,Electronics,2,1233.71,2467.42
2025-06-28,Smart LED Desk Lamp,Electronics,25,893.68,22342.0
2025-06-28,Noise Cancelling Headphones,Electronics,4,4042.07,16168.28
2025-06-28,Collagen Face Sheet Mask Pack,Beauty,25,194.65,4866.25
2025-06-28,Scented Soy Wax Candle,Home & Living,25,358.14,8953.5
2025-06-28,Cotton Round Neck T-Shirt,Fashion,17,409.83,6967.11
2025-06-28,Smart LED Desk Lamp,Electronics,15,914.61,13719.15
2025-06-28,Cotton Round Neck T-Shirt,Fashion,13,415.69,5403.97
2025-06-28,Stainless Steel Water Bottle 1L,Home & Living,25,486.9,12172.5
2025-06-29,Non-Stick Frying Pan 26cm,Home & Living,23,841.8,19361.4
2025-06-29,Vitamin C Face Serum 30ml,Beauty,24,666.67,16000.08
2025-06-29,Memory Foam Pillow,Home & Living,23,945.95,21756.85
2025-06-29,Under Eye Cream Dark Circles,Beauty,20,423.87,8477.4
2025-06-29,Vitamin C Face Serum 30ml,Beauty,10,724.83,7248.3
2025-06-29,Mechanical Keyboard RGB,Electronics,8,2361.27,18890.16
2025-06-29,Natural Aloe Vera Gel 200ml,Beauty,4,223.33,893.32
2025-06-29,Leather Wallet Slim,Fashion,13,603.25,7842.25
2025-06-29,Noise Cancelling Headphones,Electronics,4,4045.36,16181.44
2025-06-29,Smart LED Desk Lamp,Electronics,10,933.48,9334.8
2025-06-29,Wireless Bluetooth Earbuds,Electronics,18,1294.06,23293.08
2025-06-29,Slim Fit Chino Pants,Fashion,7,918.02,6426.14
2025-06-29,Laptop Stand Adjustable,Electronics,20,1871.11,37422.2
2025-06-29,Slim Fit Chino Pants,Fashion,7,921.27,6448.89
2025-06-30,Stainless Steel Water Bottle 1L,Home & Living,4,490.12,1960.48
2025-06-30,Smart LED Desk Lamp,Electronics,20,962.14,19242.8
2025-06-30,Memory Foam Pillow,Home & Living,12,841.75,10101.0
2025-06-30,Moisturising Sunscreen SPF50,Beauty,11,428.87,4717.57
2025-06-30,Portable Phone Charger 20000mAh,Electronics,9,1522.73,13704.57
2025-06-30,Noise Cancelling Headphones,Electronics,4,3939.66,15758.64
2025-06-30,Webcam HD 1080p,Electronics,12,1778.07,21336.84
2025-06-30,Collagen Face Sheet Mask Pack,Beauty,20,208.97,4179.4
