review_date,product_name,category,source,author_name,rating,review_text
2024-01-01,Cotton Round Neck T-Shirt,Fashion,Google Reviews,Ravi C.,4,Absolutely love this product! Works exactly as described.
2024-01-02,Smart LED Desk Lamp,Electronics,Website,Ravi C.,4,Good value for money. Happy with it.
2024-01-02,Cotton Round Neck T-Shirt,Fashion,App Store,Karan V.,5,Absolutely love this product! Works exactly as described.
2024-01-03,Casual Denim Jacket,Fashion,App Store,Kavya N.,3,Packaging was a bit damaged but product is fine.
2024-01-04,Scented Soy Wax Candle,Home & Living,App Store,Rahul K.,5,Quality is top notch. Totally worth it.
2024-01-04,Memory Foam Pillow,Home & Living,Website,Kavya N.,4,Excellent product. Will buy again.
2024-01-04,Natural Aloe Vera Gel 200ml,Beauty,Flipkart,Suresh B.,4,Sturdy build quality and works perfectly.
2024-01-04,Noise Cancelling Headphones,Electronics,Flipkart,Ravi C.,4,Works like a charm. Very pleased.
2024-01-05,Natural Aloe Vera Gel 200ml,Beauty,Google Reviews,Deepa M.,5,Quality is top notch. Totally worth it.
2024-01-05,Noise Cancelling Headphones,Electronics,App Store,Nisha L.,5,Quality is top notch. Totally worth it.
2024-01-06,Natural Aloe Vera Gel 200ml,Beauty,Amazon,Arjun M.,4,Absolutely love this product! Works exactly as described.
2024-01-06,Smart LED Desk Lamp,Electronics,Google Reviews,Rahul K.,5,Exceeded my expectations. 5 stars!
2024-01-06,Sunglasses UV400 Polarized,Fashion,Flipkart,Rohan D.,4,Absolutely love this product! Works exactly as described.
2024-01-06,Wireless Bluetooth Earbuds,Electronics,Google Reviews,Vikram T.,3,"Not bad, but not great either."
2024-01-07,Non-Stick Frying Pan 26cm,Home & Living,Website,Priya S.,5,Quality is top notch. Totally worth it.
2024-01-08,Slim Fit Chino Pants,Fashion,Google Reviews,Sneha P.,1,Does not match the description at all.
2024-01-08,Non-Stick Frying Pan 26cm,Home & Living,Website,Arjun M.,4,Sturdy build quality and works perfectly.
2024-01-08,Casual Denim Jacket,Fashion,Website,Deepa M.,5,Very satisfied with my purchase. Fast delivery too.
2024-01-09,Under Eye Cream Dark Circles,Beauty,Amazon,Meera J.,5,Excellent product. Will buy again.
2024-01-10,Memory Foam Pillow,Home & Living,Google Reviews,Priya S.,4,Sturdy build quality and works perfectly.
2024-01-10,Vitamin C Face Serum 30ml,Beauty,Google Reviews,Suresh B.,5,Very satisfied with my purchase. Fast delivery too.
2024-01-10,Noise Cancelling Headphones,Electronics,App Store,Ravi C.,5,Works like a charm. Very pleased.
2024-01-11,Leather Wallet Slim,Fashion,Amazon,Rohan D.,5,Very satisfied with my purchase. Fast delivery too.
2024-01-11,Moisturising Sunscreen SPF50,Beauty,Flipkart,Aditya R.,2,Would not recommend. Waste of money.
2024-01-11,Wireless Bluetooth Earbuds,Electronics,Website,Priya S.,5,Very satisfied with my purchase. Fast delivery too.
2024-01-12,Wireless Bluetooth Earbuds,Electronics,App Store,Deepa M.,2,Expected better. Returned the product.
2024-01-12,Non-Stick Frying Pan 26cm,Home & Living,Website,Vikram T.,2,Does not match the description at all.
2024-01-12,Mechanical Keyboard RGB,Electronics,App Store,Nisha L.,4,Sturdy build quality and works perfectly.
2024-01-12,Memory Foam Pillow,Home & Living,Google Reviews,Ravi C.,5,Works like a charm. Very pleased.
2024-01-13,USB-C Fast Charging Cable,Electronics,Flipkart,Arjun M.,4,Good value for money. Happy with it.
2024-01-13,Slim Fit Chino Pants,Fashion,App Store,Priya S.,5,Exceeded my expectations. 5 stars!
2024-01-13,Sunglasses UV400 Polarized,Fashion,Flipkart,Deepa M.,5,Great quality for the price. Highly recommend!
2024-01-13,Portable Phone Charger 20000mAh,Electronics,Website,Vikram T.,4,Works like a charm. Very pleased.
2024-01-15,Smart LED Desk Lamp,Electronics,Amazon,Meera J.,4,Works like a charm. Very pleased.
2024-01-15,Portable Phone Charger 20000mAh,Electronics,Google Reviews,Deepa M.,5,Quality is top notch. Totally worth it.
2024-01-15,Leather Wallet Slim,Fashion,Website,Arjun M.,5,Sturdy build quality and works perfectly.
2024-01-16,Moisturising Sunscreen SPF50,Beauty,Website,Arjun M.,2,Expected better. Returned the product.
2024-01-16,Non-Stick Frying Pan 26cm,Home & Living,Google Reviews,Rahul K.,4,Excellent product. Will buy again.
2024-01-16,Mechanical Keyboard RGB,Electronics,Google Reviews,Arjun M.,5,Quality is top notch. Totally worth it.
2024-01-17,Laptop Stand Adjustable,Electronics,App Store,Sneha P.,4,Good value for money. Happy with it.
2024-01-17,Smart LED Desk Lamp,Electronics,Amazon,Deepa M.,5,Good value for money. Happy with it.
2024-01-17,Wireless Bluetooth Earbuds,Electronics,Flipkart,Arjun M.,3,Packaging was a bit damaged but product is fine.
2024-01-18,Sunglasses UV400 Polarized,Fashion,Website,Priya S.,3,Packaging was a bit damaged but product is fine.
2024-01-18,Portable Phone Charger 20000mAh,Electronics,Google Reviews,Meera J.,1,Poor quality. Not worth the price.
2024-01-18,Webcam HD 1080p,Electronics,Amazon,Sneha P.,3,Decent product. Does what it says.
2024-01-18,Moisturising Sunscreen SPF50,Beauty,Flipkart,Kavya N.,4,Absolutely love this product! Works exactly as described.
2024-01-18,USB-C Fast Charging Cable,Electronics,App Store,Kavya N.,5,My family loves it. Great purchase.
2024-01-19,Slim Fit Chino Pants,Fashion,Google Reviews,Meera J.,3,"Not bad, but not great either."
2024-01-19,Collagen Face Sheet Mask Pack,Beauty,Google Reviews,Vikram T.,4,Sturdy build quality and works perfectly.
2024-01-19,Webcam HD 1080p,Electronics,App Store,Karan V.,3,"Not bad, but not great either."
2024-01-20,Scented Soy Wax Candle,Home & Living,Google Reviews,Suresh B.,5,Quality is top notch. Totally worth it.
2024-01-20,Bamboo Cutting Board Set,Home & Living,Website,Karan V.,5,Great quality for the price. Highly recommend!
2024-01-21,Sunglasses UV400 Polarized,Fashion,Google Reviews,Kavya N.,4,Works like a charm. Very pleased.
2024-01-22,Collagen Face Sheet Mask Pack,Beauty,Website,Nisha L.,4,Very satisfied with my purchase. Fast delivery too.
2024-01-22,Moisturising Sunscreen SPF50,Beauty,Google Reviews,Ananya G.,4,Very satisfied with my purchase. Fast delivery too.
2024-01-22,Bamboo Cutting Board Set,Home & Living,Website,Kavya N.,4,Very satisfied with my purchase. Fast delivery too.
2024-01-23,Sunglasses UV400 Polarized,Fashion,Flipkart,Rahul K.,4,Excellent product. Will buy again.
2024-01-23,Scented Soy Wax Candle,Home & Living,Amazon,Karan V.,5,My family loves it. Great purchase.
2024-01-23,Mechanical Keyboard RGB,Electronics,Website,Deepa M.,2,Expected better. Returned the product.
2024-01-24,Stainless Steel Water Bottle 1L,Home & Living,App Store,Ananya G.,5,Good value for money. Happy with it.
2024-01-24,Sunglasses UV400 Polarized,Fashion,Amazon,Rohan D.,4,Sturdy build quality and works perfectly.
2024-01-24,Non-Stick Frying Pan 26cm,Home & Living,Google Reviews,Rahul K.,5,Sturdy build quality and works perfectly.
2024-01-24,Casual Denim Jacket,Fashion,Google Reviews,Ananya G.,5,Exceeded my expectations. 5 stars!
2024-01-24,Non-Stick Frying Pan 26cm,Home & Living,Google Reviews,Ananya G.,5,Good value for money. Happy with it.
2024-01-24,Noise Cancelling Headphones,Electronics,Flipkart,Karan V.,5,Good value for money. Happy with it.
2024-01-25,Sunglasses UV400 Polarized,Fashion,Google Reviews,Sneha P.,3,"Not bad, but not great either."
2024-01-26,USB-C Fast Charging Cable,Electronics,Amazon,Meera J.,4,Quality is top notch. Totally worth it.
2024-01-26,Laptop Stand Adjustable,Electronics,Amazon,Meera J.,5,Quality is top notch. Totally worth it.
2024-01-27,Noise Cancelling Headphones,Electronics,Flipkart,Ravi C.,4,Works like a charm. Very pleased.
2024-01-27,Casual Denim Jacket,Fashion,App Store,Karan V.,5,Great quality for the price. Highly recommend!
2024-01-27,Cotton Round Neck T-Shirt,Fashion,Amazon,Sneha P.,4,Very satisfied with my purchase. Fast delivery too.
2024-01-28,Running Sports Shoes,Fashion,Flipkart,Kavya N.,4,Good value for money. Happy with it.
2024-01-28,Under Eye Cream Dark Circles,Beauty,Website,Suresh B.,5,Exceeded my expectations. 5 stars!
2024-01-29,Webcam HD 1080p,Electronics,Flipkart,Ananya G.,4,Sturdy build quality and works perfectly.
2024-01-29,Vitamin C Face Serum 30ml,Beauty,App Store,Rahul K.,5,Very satisfied with my purchase. Fast delivery too.
2024-01-30,Natural Aloe Vera Gel 200ml,Beauty,App Store,Ravi C.,5,Very satisfied with my purchase. Fast delivery too.
2024-01-30,Smart LED Desk Lamp,Electronics,Amazon,Meera J.,4,Works like a charm. Very pleased.
2024-01-30,Sunglasses UV400 Polarized,Fashion,Google Reviews,Aditya R.,5,Good value for money. Happy with it.
2024-02-01,Portable Phone Charger 20000mAh,Electronics,Google Reviews,Suresh B.,3,"Not bad, but not great either."
2024-02-01,Wireless Bluetooth Earbuds,Electronics,App Store,Sneha P.,5,Good value for money. Happy with it.
2024-02-01,Stainless Steel Water Bottle 1L,Home & Living,Flipkart,Sneha P.,5,My family loves it. Great purchase.
2024-02-01,Memory Foam Pillow,Home & Living,Website,Vikram T.,5,Quality is top notch. Totally worth it.
2024-02-02,Memory Foam Pillow,Home & Living,Amazon,Rohan D.,3,"Not bad, but not great either."
2024-02-02,Leather Wallet Slim,Fashion,Flipkart,Ananya G.,5,Excellent product. Will buy again.
2024-02-03,Collagen Face Sheet Mask Pack,Beauty,Amazon,Priya S.,4,Works like a charm. Very pleased.
2024-02-03,Scented Soy Wax Candle,Home & Living,Website,Vikram T.,3,Its okay. Will use it and see.
2024-02-04,Laptop Stand Adjustable,Electronics,Flipkart,Ravi C.,5,Exceeded my expectations. 5 stars!
2024-02-04,USB-C Fast Charging Cable,Electronics,Website,Suresh B.,5,Exceeded my expectations. 5 stars!
2024-02-05,Noise Cancelling Headphones,Electronics,App Store,Aditya R.,5,Exceeded my expectations. 5 stars!
2024-02-05,Scented Soy Wax Candle,Home & Living,Flipkart,Meera J.,5,Quality is top notch. Totally worth it.
2024-02-05,Scented Soy Wax Candle,Home & Living,Website,Meera J.,2,Expected better. Returned the product.
2024-02-06,Natural Aloe Vera Gel 200ml,Beauty,Website,Arjun M.,1,Customer support was unhelpful.
2024-02-06,USB-C Fast Charging Cable,Electronics,Google Reviews,Ananya G.,3,Decent product. Does what it says.
2024-02-09,Sunglasses UV400 Polarized,Fashion,Website,Kavya N.,5,Quality is top notch. Totally worth it.
2024-02-10,Cotton Round Neck T-Shirt,Fashion,Flipkart,Rohan D.,5,Quality is top notch. Totally worth it.
2024-02-10,USB-C Fast Charging Cable,Electronics,App Store,Vikram T.,5,Good value for money. Happy with it.
2024-02-10,Webcam HD 1080p,Electronics,Flipkart,Kavya N.,5,Quality is top notch. Totally worth it.
2024-02-10,Laptop Stand Adjustable,Electronics,Flipkart,Deepa M.,3,Packaging was a bit damaged but product is fine.
2024-02-11,Wireless Bluetooth Earbuds,Electronics,Website,Sneha P.,2,Poor quality. Not worth the price.
2024-02-12,Casual Denim Jacket,Fashion,App Store,Rohan D.,4,Absolutely love this product! Works exactly as described.
2024-02-13,Slim Fit Chino Pants,Fashion,Flipkart,Meera J.,5,Absolutely love this product! Works exactly as described.
2024-02-13,Moisturising Sunscreen SPF50,Beauty,Flipkart,Meera J.,5,Sturdy build quality and works perfectly.
2024-02-13,Running Sports Shoes,Fashion,App Store,Suresh B.,5,Absolutely love this product! Works exactly as described.
2024-02-13,Stainless Steel Water Bottle 1L,Home & Living,App Store,Ravi C.,5,Exceeded my expectations. 5 stars!
2024-02-13,Running Sports Shoes,Fashion,Google Reviews,Karan V.,4,Good value for money. Happy with it.
2024-02-13,USB-C Fast Charging Cable,Electronics,Flipkart,Kavya N.,5,My family loves it. Great purchase.
2024-02-14,Sunglasses UV400 Polarized,Fashion,Website,Deepa M.,4,Sturdy build quality and works perfectly.
2024-02-14,USB-C Fast Charging Cable,Electronics,Website,Rahul K.,3,Average quality. Nothing special.
2024-02-14,USB-C Fast Charging Cable,Electronics,Amazon,Vikram T.,4,Great quality for the price. Highly recommend!
2024-02-15,Sunglasses UV400 Polarized,Fashion,Website,Nisha L.,5,Sturdy build quality and works perfectly.
2024-02-15,Casual Denim Jacket,Fashion,App Store,Sneha P.,4,Works like a charm. Very pleased.
2024-02-16,Smart LED Desk Lamp,Electronics,Flipkart,Ravi C.,3,Okay for the price. Could be better.
2024-02-16,Slim Fit Chino Pants,Fashion,Flipkart,Ravi C.,4,Works like a charm. Very pleased.
2024-02-17,Slim Fit Chino Pants,Fashion,Flipkart,Meera J.,3,Works as expected. No complaints.
2024-02-17,Mechanical Keyboard RGB,Electronics,Website,Meera J.,5,Very satisfied with my purchase. Fast delivery too.
2024-02-17,Casual Denim Jacket,Fashion,Google Reviews,Ananya G.,5,Sturdy build quality and works perfectly.
2024-02-17,Sunglasses UV400 Polarized,Fashion,Google Reviews,Aditya R.,4,Good value for money. Happy with it.
2024-02-18,Wireless Bluetooth Earbuds,Electronics,Website,Deepa M.,5,Absolutely love this product! Works exactly as described.
2024-02-18,Vitamin C Face Serum 30ml,Beauty,Amazon,Ravi C.,4,Quality is top notch. Totally worth it.
2024-02-18,Stainless Steel Water Bottle 1L,Home & Living,Google Reviews,Suresh B.,3,Works as expected. No complaints.
2024-02-19,Portable Phone Charger 20000mAh,Electronics,Flipkart,Deepa M.,4,Good value for money. Happy with it.
2024-02-19,Noise Cancelling Headphones,Electronics,Website,Priya S.,4,Very satisfied with my purchase. Fast delivery too.
2024-02-19,Smart LED Desk Lamp,Electronics,Flipkart,Ananya G.,2,Customer support was unhelpful.
2024-02-20,Memory Foam Pillow,Home & Living,App Store,Meera J.,4,Quality is top notch. Totally worth it.
2024-02-20,Vitamin C Face Serum 30ml,Beauty,Google Reviews,Sneha P.,3,Packaging was a bit damaged but product is fine.
2024-02-20,Mechanical Keyboard RGB,Electronics,Google Reviews,Rohan D.,5,Good value for money. Happy with it.
2024-02-20,Cotton Round Neck T-Shirt,Fashion,Google Reviews,Deepa M.,2,Poor quality. Not worth the price.
2024-02-21,Portable Phone Charger 20000mAh,Electronics,Google Reviews,Arjun M.,4,Excellent product. Will buy again.
2024-02-21,Bamboo Cutting Board Set,Home & Living,Flipkart,Meera J.,5,Excellent product. Will buy again.
2024-02-22,Mechanical Keyboard RGB,Electronics,App Store,Sneha P.,5,Very satisfied with my purchase. Fast delivery too.
2024-02-22,Laptop Stand Adjustable,Electronics,App Store,Vikram T.,5,My family loves it. Great purchase.
2024-02-22,Collagen Face Sheet Mask Pack,Beauty,App Store,Kavya N.,4,Sturdy build quality and works perfectly.
2024-02-23,Memory Foam Pillow,Home & Living,Amazon,Meera J.,1,Customer support was unhelpful.
2024-02-23,Scented Soy Wax Candle,Home & Living,Flipkart,Suresh B.,4,Absolutely love this product! Works exactly as described.
2024-02-23,Portable Phone Charger 20000mAh,Electronics,App Store,Meera J.,4,Sturdy build quality and works perfectly.
2024-02-23,Memory Foam Pillow,Home & Living,Amazon,Suresh B.,3,Its okay. Will use it and see.
2024-02-24,Casual Denim Jacket,Fashion,App Store,Rahul K.,4,Very satisfied with my purchase. Fast delivery too.
2024-02-24,Casual Denim Jacket,Fashion,Amazon,Deepa M.,3,Its okay. Will use it and see.
2024-02-25,USB-C Fast Charging Cable,Electronics,App Store,Suresh B.,5,Sturdy build quality and works perfectly.
2024-02-25,Under Eye Cream Dark Circles,Beauty,Website,Deepa M.,5,Great quality for the price. Highly recommend!
2024-02-26,Casual Denim Jacket,Fashion,App Store,Nisha L.,3,Decent product. Does what it says.
2024-02-27,Wireless Bluetooth Earbuds,Electronics,Flipkart,Vikram T.,2,Poor quality. Not worth the price.
2024-02-27,Natural Aloe Vera Gel 200ml,Beauty,App Store,Karan V.,3,Okay for the price. Could be better.
2024-02-27,Natural Aloe Vera Gel 200ml,Beauty,Google Reviews,Kavya N.,5,Good value for money. Happy with it.
2024-02-27,Portable Phone Charger 20000mAh,Electronics,Google Reviews,Sneha P.,5,Exceeded my expectations. 5 stars!
2024-02-27,Scented Soy Wax Candle,Home & Living,Website,Priya S.,3,Packaging was a bit damaged but product is fine.
2024-02-28,Stainless Steel Water Bottle 1L,Home & Living,App Store,Nisha L.,1,Poor quality. Not worth the price.
2024-02-28,Mechanical Keyboard RGB,Electronics,App Store,Karan V.,5,Good value for money. Happy with it.
2024-02-28,Stainless Steel Water Bottle 1L,Home & Living,App Store,Aditya R.,5,Great quality for the price. Highly recommend!
2024-02-29,Noise Cancelling Headphones,Electronics,Flipkart,Karan V.,5,Absolutely love this product! Works exactly as described.
2024-02-29,Smart LED Desk Lamp,Electronics,Amazon,Deepa M.,4,Good value for money. Happy with it.
2024-03-01,Non-Stick Frying Pan 26cm,Home & Living,Amazon,Nisha L.,3,Works as expected. No complaints.
2024-03-01,Moisturising Sunscreen SPF50,Beauty,Flipkart,Sneha P.,5,Very satisfied with my purchase. Fast delivery too.
2024-03-02,Natural Aloe Vera Gel 200ml,Beauty,Website,Rahul K.,5,Works like a charm. Very pleased.
2024-03-02,Vitamin C Face Serum 30ml,Beauty,Amazon,Ravi C.,5,Works like a charm. Very pleased.
2024-03-02,Smart LED Desk Lamp,Electronics,Amazon,Kavya N.,5,Exceeded my expectations. 5 stars!
2024-03-03,Memory Foam Pillow,Home & Living,Google Reviews,Arjun M.,4,Excellent product. Will buy again.
2024-03-03,USB-C Fast Charging Cable,Electronics,Amazon,Aditya R.,4,Great quality for the price. Highly recommend!
2024-03-03,Mechanical Keyboard RGB,Electronics,Amazon,Karan V.,5,Works like a charm. Very pleased.
2024-03-03,Under Eye Cream Dark Circles,Beauty,Amazon,Priya S.,4,Absolutely love this product! Works exactly as described.
2024-03-03,Webcam HD 1080p,Electronics,Flipkart,Suresh B.,1,Stopped working after a week. Very disappointed.
2024-03-03,Wireless Bluetooth Earbuds,Electronics,Amazon,Ananya G.,4,Excellent product. Will buy again.
2024-03-04,Webcam HD 1080p,Electronics,App Store,Nisha L.,4,Excellent product. Will buy again.
2024-03-05,Vitamin C Face Serum 30ml,Beauty,Website,Aditya R.,5,Absolutely love this product! Works exactly as described.
2024-03-05,Running Sports Shoes,Fashion,Amazon,Ravi C.,4,Works like a charm. Very pleased.
2024-03-05,Stainless Steel Water Bottle 1L,Home & Living,Website,Meera J.,5,Great quality for the price. Highly recommend!
2024-03-06,Memory Foam Pillow,Home & Living,App Store,Arjun M.,2,Customer support was unhelpful.
2024-03-06,Natural Aloe Vera Gel 200ml,Beauty,Google Reviews,Vikram T.,4,Quality is top notch. Totally worth it.
2024-03-06,Running Sports Shoes,Fashion,App Store,Meera J.,4,Absolutely love this product! Works exactly as described.
2024-03-07,Stainless Steel Water Bottle 1L,Home & Living,Flipkart,Sneha P.,5,Absolutely love this product! Works exactly as described.
2024-03-07,Casual Denim Jacket,Fashion,Flipkart,Suresh B.,3,Works as expected. No complaints.
2024-03-07,Leather Wallet Slim,Fashion,App Store,Rahul K.,4,Very satisfied with my purchase. Fast delivery too.
2024-03-09,Non-Stick Frying Pan 26cm,Home & Living,Flipkart,Ravi C.,5,Absolutely love this product! Works exactly as described.
2024-03-09,Memory Foam Pillow,Home & Living,App Store,Meera J.,4,Sturdy build quality and works perfectly.
2024-03-09,Collagen Face Sheet Mask Pack,Beauty,Google Reviews,Arjun M.,5,Great quality for the price. Highly recommend!
2024-03-09,Smart LED Desk Lamp,Electronics,Amazon,Rohan D.,5,Absolutely love this product! Works exactly as described.
2024-03-10,Laptop Stand Adjustable,Electronics,Flipkart,Priya S.,5,Absolutely love this product! Works exactly as described.
2024-03-11,Non-Stick Frying Pan 26cm,Home & Living,Website,Priya S.,5,Good value for money. Happy with it.
2024-03-11,Noise Cancelling Headphones,Electronics,App Store,Ravi C.,5,Excellent product. Will buy again.
2024-03-12,Leather Wallet Slim,Fashion,App Store,Nisha L.,3,"Not bad, but not great either."
2024-03-12,Scented Soy Wax Candle,Home & Living,App Store,Vikram T.,4,Good value for money. Happy with it.
2024-03-12,Vitamin C Face Serum 30ml,Beauty,App Store,Arjun M.,5,Works like a charm. Very pleased.
2024-03-12,Non-Stick Frying Pan 26cm,Home & Living,App Store,Kavya N.,5,Works like a charm. Very pleased.
2024-03-12,Noise Cancelling Headphones,Electronics,Amazon,Kavya N.,4,Good value for money. Happy with it.
2024-03-13,Sunglasses UV400 Polarized,Fashion,App Store,Nisha L.,4,Works like a charm. Very pleased.
2024-03-13,Scented Soy Wax Candle,Home & Living,Flipkart,Sneha P.,5,Sturdy build quality and works perfectly.
2024-03-13,Casual Denim Jacket,Fashion,Amazon,Ravi C.,4,Good value for money. Happy with it.
2024-03-14,Non-Stick Frying Pan 26cm,Home & Living,App Store,Meera J.,3,Decent product. Does what it says.
2024-03-14,Vitamin C Face Serum 30ml,Beauty,Website,Suresh B.,5,Very satisfied with my purchase. Fast delivery too.
2024-03-14,Smart LED Desk Lamp,Electronics,App Store,Deepa M.,4,Sturdy build quality and works perfectly.
2024-03-15,Smart LED Desk Lamp,Electronics,Google Reviews,Priya S.,4,Excellent product. Will buy again.
2024-03-16,Collagen Face Sheet Mask Pack,Beauty,Flipkart,Ravi C.,4,Sturdy build quality and works perfectly.
2024-03-17,Laptop Stand Adjustable,Electronics,Flipkart,Aditya R.,2,Would not recommend. Waste of money.
2024-03-17,Collagen Face Sheet Mask Pack,Beauty,Google Reviews,Deepa M.,5,Excellent product. Will buy again.
2024-03-17,Casual Denim Jacket,Fashion,Amazon,Aditya R.,5,Good value for money. Happy with it.
2024-03-18,Natural Aloe Vera Gel 200ml,Beauty,Website,Sneha P.,5,Very satisfied with my purchase. Fast delivery too.
2024-03-18,Stainless Steel Water Bottle 1L,Home & Living,Google Reviews,Kavya N.,2,Expected better. Returned the product.
2024-03-18,Portable Phone Charger 20000mAh,Electronics,App Store,Priya S.,1,Stopped working after a week. Very disappointed.
2024-03-19,Stainless Steel Water Bottle 1L,Home & Living,Amazon,Nisha L.,4,Works like a charm. Very pleased.
2024-03-19,Memory Foam Pillow,Home & Living,App Store,Vikram T.,3,Decent product. Does what it says.
2024-03-20,Cotton Round Neck T-Shirt,Fashion,Website,Ravi C.,3,Okay for the price. Could be better.
2024-03-20,Cotton Round Neck T-Shirt,Fashion,Google Reviews,Rahul K.,3,Packaging was a bit damaged but product is fine.
2024-03-20,Casual Denim Jacket,Fashion,Flipkart,Rohan D.,5,Works like a charm. Very pleased.
2024-03-21,Noise Cancelling Headphones,Electronics,App Store,Rahul K.,3,Average quality. Nothing special.
2024-03-21,Collagen Face Sheet Mask Pack,Beauty,Google Reviews,Arjun M.,2,Would not recommend. Waste of money.
2024-03-21,USB-C Fast Charging Cable,Electronics,Google Reviews,Nisha L.,5,Quality is top notch. Totally worth it.
2024-03-22,Laptop Stand Adjustable,Electronics,App Store,Priya S.,3,Okay for the price. Could be better.
2024-03-23,Memory Foam Pillow,Home & Living,Amazon,Suresh B.,5,Good value for money. Happy with it.
2024-03-23,Moisturising Sunscreen SPF50,Beauty,Amazon,Sneha P.,4,Great quality for the price. Highly recommend!
2024-03-23,Moisturising Sunscreen SPF50,Beauty,Google Reviews,Vikram T.,4,Quality is top notch. Totally worth it.
2024-03-24,Mechanical Keyboard RGB,Electronics,Flipkart,Nisha L.,5,My family loves it. Great purchase.
2024-03-25,Collagen Face Sheet Mask Pack,Beauty,Amazon,Rohan D.,5,Exceeded my expectations. 5 stars!
2024-03-27,Leather Wallet Slim,Fashion,Google Reviews,Ananya G.,5,Works like a charm. Very pleased.
2024-03-27,Leather Wallet Slim,Fashion,Flipkart,Priya S.,5,Very satisfied with my purchase. Fast delivery too.
2024-03-28,Bamboo Cutting Board Set,Home & Living,App Store,Deepa M.,3,Okay for the price. Could be better.
2024-03-28,Under Eye Cream Dark Circles,Beauty,Google Reviews,Sneha P.,5,Works like a charm. Very pleased.
2024-03-29,Vitamin C Face Serum 30ml,Beauty,Google Reviews,Rohan D.,5,Great quality for the price. Highly recommend!
2024-03-30,Memory Foam Pillow,Home & Living,Flipkart,Ravi C.,4,Very satisfied with my purchase. Fast delivery too.
2024-03-30,Vitamin C Face Serum 30ml,Beauty,Amazon,Priya S.,3,Okay for the price. Could be better.
2024-03-30,Casual Denim Jacket,Fashion,Amazon,Meera J.,4,Great quality for the price. Highly recommend!
2024-03-31,Scented Soy Wax Candle,Home & Living,Google Reviews,Ravi C.,5,Excellent product. Will buy again.
2024-03-31,Portable Phone Charger 20000mAh,Electronics,Flipkart,Sneha P.,5,Excellent product. Will buy again.
2024-03-31,Bamboo Cutting Board Set,Home & Living,Amazon,Rohan D.,5,Exceeded my expectations. 5 stars!
2024-04-01,Vitamin C Face Serum 30ml,Beauty,App Store,Karan V.,3,Average quality. Nothing special.
2024-04-01,Smart LED Desk Lamp,Electronics,Website,Rahul K.,5,My family loves it. Great purchase.
2024-04-01,Leather Wallet Slim,Fashion,Google Reviews,Rohan D.,5,Very satisfied with my purchase. Fast delivery too.
2024-04-01,Under Eye Cream Dark Circles,Beauty,App Store,Priya S.,5,Very satisfied with my purchase. Fast delivery too.
2024-04-02,Portable Phone Charger 20000mAh,Electronics,App Store,Deepa M.,4,Very satisfied with my purchase. Fast delivery too.
2024-04-02,Running Sports Shoes,Fashion,App Store,Arjun M.,4,Great quality for the price. Highly recommend!
2024-04-02,Stainless Steel Water Bottle 1L,Home & Living,Website,Sneha P.,5,Very satisfied with my purchase. Fast delivery too.
2024-04-03,Mechanical Keyboard RGB,Electronics,Website,Nisha L.,4,Absolutely love this product! Works exactly as described.
2024-04-04,Cotton Round Neck T-Shirt,Fashion,Website,Priya S.,4,Quality is top notch. Totally worth it.
2024-04-04,Bamboo Cutting Board Set,Home & Living,Flipkart,Rohan D.,2,Customer support was unhelpful.
2024-04-04,Leather Wallet Slim,Fashion,Google Reviews,Vikram T.,3,Works as expected. No complaints.
2024-04-05,Vitamin C Face Serum 30ml,Beauty,Website,Ananya G.,4,Very satisfied with my purchase. Fast delivery too.
2024-04-05,Scented Soy Wax Candle,Home & Living,App Store,Arjun M.,5,Good value for money. Happy with it.
2024-04-05,USB-C Fast Charging Cable,Electronics,Amazon,Vikram T.,3,Works as expected. No complaints.
2024-04-05,Casual Denim Jacket,Fashion,Amazon,Suresh B.,5,Quality is top notch. Totally worth it.
2024-04-05,Memory Foam Pillow,Home & Living,Website,Rahul K.,4,Good value for money. Happy with it.
2024-04-06,Smart LED Desk Lamp,Electronics,Website,Suresh B.,5,Good value for money. Happy with it.
2024-04-06,Leather Wallet Slim,Fashion,App Store,Arjun M.,4,Very satisfied with my purchase. Fast delivery too.
2024-04-06,Non-Stick Frying Pan 26cm,Home & Living,Flipkart,Arjun M.,4,Excellent product. Will buy again.
2024-04-07,Laptop Stand Adjustable,Electronics,Amazon,Priya S.,4,Great quality for the price. Highly recommend!
2024-04-07,Sunglasses UV400 Polarized,Fashion,App Store,Suresh B.,4,Good value for money. Happy with it.
2024-04-07,Moisturising Sunscreen SPF50,Beauty,Amazon,Nisha L.,2,Expected better. Returned the product.
2024-04-07,Cotton Round Neck T-Shirt,Fashion,Google Reviews,Rohan D.,4,Absolutely love this product! Works exactly as described.
2024-04-08,Memory Foam Pillow,Home & Living,App Store,Kavya N.,5,Works like a charm. Very pleased.
2024-04-08,Slim Fit Chino Pants,Fashion,Google Reviews,Vikram T.,5,Absolutely love this product! Works exactly as described.
2024-04-09,Wireless Bluetooth Earbuds,Electronics,Google Reviews,Sneha P.,5,Good value for money. Happy with it.
2024-04-09,Laptop Stand Adjustable,Electronics,App Store,Vikram T.,3,Packaging was a bit damaged but product is fine.
2024-04-09,Webcam HD 1080p,Electronics,Google Reviews,Karan V.,3,Its okay. Will use it and see.
2024-04-10,Scented Soy Wax Candle,Home & Living,Google Reviews,Vikram T.,5,Quality is top notch. Totally worth it.
2024-04-11,Casual Denim Jacket,Fashion,Website,Meera J.,5,Works like a charm. Very pleased.
2024-04-11,Natural Aloe Vera Gel 200ml,Beauty,Flipkart,Kavya N.,5,Good value for money. Happy with it.
2024-04-12,Natural Aloe Vera Gel 200ml,Beauty,Amazon,Vikram T.,2,Expected better. Returned the product.
2024-04-12,Scented Soy Wax Candle,Home & Living,App Store,Ravi C.,5,Quality is top notch. Totally worth it.
2024-04-12,Smart LED Desk Lamp,Electronics,Amazon,Rohan D.,4,Absolutely love this product! Works exactly as described.
2024-04-13,Sunglasses UV400 Polarized,Fashion,Google Reviews,Arjun M.,5,Sturdy build quality and works perfectly.
2024-04-15,Casual Denim Jacket,Fashion,Google Reviews,Rahul K.,5,My family loves it. Great purchase.
2024-04-15,Sunglasses UV400 Polarized,Fashion,App Store,Karan V.,3,Its okay. Will use it and see.
2024-04-16,Webcam HD 1080p,Electronics,App Store,Meera J.,5,Sturdy build quality and works perfectly.
2024-04-17,Under Eye Cream Dark Circles,Beauty,Flipkart,Arjun M.,3,Okay for the price. Could be better.
2024-04-17,Under Eye Cream Dark Circles,Beauty,Amazon,Kavya N.,4,Very satisfied with my purchase. Fast delivery too.
2024-04-18,Bamboo Cutting Board Set,Home & Living,Flipkart,Rohan D.,5,Great quality for the price. Highly recommend!
2024-04-18,Scented Soy Wax Candle,Home & Living,App Store,Arjun M.,3,Decent product. Does what it says.
2024-04-18,Casual Denim Jacket,Fashion,App Store,Karan V.,5,Sturdy build quality and works perfectly.
2024-04-18,USB-C Fast Charging Cable,Electronics,Website,Rohan D.,4,Good value for money. Happy with it.
2024-04-19,Under Eye Cream Dark Circles,Beauty,Amazon,Suresh B.,5,Works like a charm. Very pleased.
2024-04-19,Collagen Face Sheet Mask Pack,Beauty,Amazon,Rohan D.,4,Excellent product. Will buy again.
2024-04-19,Running Sports Shoes,Fashion,App Store,Vikram T.,4,Absolutely love this product! Works exactly as described.
2024-04-20,Mechanical Keyboard RGB,Electronics,Amazon,Ravi C.,5,Excellent product. Will buy again.
2024-04-22,Bamboo Cutting Board Set,Home & Living,Flipkart,Sneha P.,4,Good value for money. Happy with it.
2024-04-23,Under Eye Cream Dark Circles,Beauty,Flipkart,Ananya G.,4,Great quality for the price. Highly recommend!
2024-04-23,Moisturising Sunscreen SPF50,Beauty,App Store,Nisha L.,4,Excellent product. Will buy again.
2024-04-24,Non-Stick Frying Pan 26cm,Home & Living,App Store,Ananya G.,5,Excellent product. Will buy again.
2024-04-25,Stainless Steel Water Bottle 1L,Home & Living,Google Reviews,Priya S.,5,Excellent product. Will buy again.
2024-04-25,Slim Fit Chino Pants,Fashion,Amazon,Sneha P.,4,Absolutely love this product! Works exactly as described.
2024-04-26,Under Eye Cream Dark Circles,Beauty,Website,Arjun M.,2,Poor quality. Not worth the price.
2024-04-27,Laptop Stand Adjustable,Electronics,Flipkart,Aditya R.,5,Good value for money. Happy with it.
2024-04-27,USB-C Fast Charging Cable,Electronics,Amazon,Karan V.,5,Absolutely love this product! Works exactly as described.
2024-04-28,Portable Phone Charger 20000mAh,Electronics,Google Reviews,Suresh B.,4,Sturdy build quality and works perfectly.
2024-04-29,Webcam HD 1080p,Electronics,Amazon,Karan V.,5,Good value for money. Happy with it.
2024-04-30,Sunglasses UV400 Polarized,Fashion,Amazon,Deepa M.,5,Works like a charm. Very pleased.
2024-05-01,Memory Foam Pillow,Home & Living,Amazon,Vikram T.,4,Great quality for the price. Highly recommend!
2024-05-01,Sunglasses UV400 Polarized,Fashion,Amazon,Aditya R.,5,Absolutely love this product! Works exactly as described.
2024-05-01,Portable Phone Charger 20000mAh,Electronics,Amazon,Sneha P.,2,Poor quality. Not worth the price.
2024-05-01,Natural Aloe Vera Gel 200ml,Beauty,App Store,Priya S.,4,Very satisfied with my purchase. Fast delivery too.
2024-05-01,Webcam HD 1080p,Electronics,Flipkart,Karan V.,4,Works like a charm. Very pleased.
2024-05-01,Mechanical Keyboard RGB,Electronics,Amazon,Deepa M.,5,Exceeded my expectations. 5 stars!
2024-05-01,Sunglasses UV400 Polarized,Fashion,Amazon,Karan V.,4,Very satisfied with my purchase. Fast delivery too.
2024-05-02,Portable Phone Charger 20000mAh,Electronics,Website,Rohan D.,1,Customer support was unhelpful.
2024-05-02,Smart LED Desk Lamp,Electronics,Website,Rohan D.,4,Quality is top notch. Totally worth it.
2024-05-03,Wireless Bluetooth Earbuds,Electronics,App Store,Ravi C.,5,Excellent product. Will buy again.
2024-05-03,Natural Aloe Vera Gel 200ml,Beauty,Website,Arjun M.,4,Absolutely love this product! Works exactly as described.
2024-05-03,Moisturising Sunscreen SPF50,Beauty,Google Reviews,Kavya N.,4,Quality is top notch. Totally worth it.
2024-05-04,Scented Soy Wax Candle,Home & Living,Amazon,Kavya N.,5,Excellent product. Will buy again.
2024-05-05,Stainless Steel Water Bottle 1L,Home & Living,Website,Vikram T.,3,Average quality. Nothing special.
2024-05-06,Scented Soy Wax Candle,Home & Living,App Store,Nisha L.,2,Would not recommend. Waste of money.
2024-05-07,Under Eye Cream Dark Circles,Beauty,Flipkart,Suresh B.,5,Works like a charm. Very pleased.
2024-05-07,Memory Foam Pillow,Home & Living,Amazon,Kavya N.,5,Great quality for the price. Highly recommend!
2024-05-08,Noise Cancelling Headphones,Electronics,App Store,Karan V.,4,Absolutely love this product! Works exactly as described.
2024-05-08,Moisturising Sunscreen SPF50,Beauty,Website,Arjun M.,4,Great quality for the price. Highly recommend!
2024-05-09,Memory Foam Pillow,Home & Living,App Store,Rohan D.,2,Would not recommend. Waste of money.
2024-05-09,Running Sports Shoes,Fashion,Flipkart,Priya S.,3,Packaging was a bit damaged but product is fine.
2024-05-09,Stainless Steel Water Bottle 1L,Home & Living,App Store,Ananya G.,4,Quality is top notch. Totally worth it.
2024-05-10,Sunglasses UV400 Polarized,Fashion,Flipkart,Priya S.,5,Works like a charm. Very pleased.
2024-05-10,Smart LED Desk Lamp,Electronics,Website,Aditya R.,2,Poor quality. Not worth the price.
2024-05-10,USB-C Fast Charging Cable,Electronics,Website,Nisha L.,4,Excellent product. Will buy again.
2024-05-11,Non-Stick Frying Pan 26cm,Home & Living,Flipkart,Sneha P.,4,Quality is top notch. Totally worth it.
2024-05-12,Scented Soy Wax Candle,Home & Living,App Store,Vikram T.,4,Works like a charm. Very pleased.
2024-05-15,Wireless Bluetooth Earbuds,Electronics,Flipkart,Rahul K.,4,Very satisfied with my purchase. Fast delivery too.
2024-05-15,Noise Cancelling Headphones,Electronics,Google Reviews,Aditya R.,5,Exceeded my expectations. 5 stars!
2024-05-16,Leather Wallet Slim,Fashion,Google Reviews,Rohan D.,5,Quality is top notch. Totally worth it.
2024-05-16,Moisturising Sunscreen SPF50,Beauty,App Store,Priya S.,3,Works as expected. No complaints.
2024-05-17,Vitamin C Face Serum 30ml,Beauty,Flipkart,Kavya N.,5,Works like a charm. Very pleased.
2024-05-17,Wireless Bluetooth Earbuds,Electronics,Amazon,Kavya N.,5,My family loves it. Great purchase.
2024-05-17,Webcam HD 1080p,Electronics,App Store,Nisha L.,3,Average quality. Nothing special.
2024-05-17,Under Eye Cream Dark Circles,Beauty,Google Reviews,Suresh B.,5,Good value for money. Happy with it.
2024-05-18,Natural Aloe Vera Gel 200ml,Beauty,Website,Deepa M.,5,Excellent product. Will buy again.
2024-05-19,Leather Wallet Slim,Fashion,Google Reviews,Ravi C.,4,Very satisfied with my purchase. Fast delivery too.
2024-05-19,Wireless Bluetooth Earbuds,Electronics,Flipkart,Deepa M.,4,Absolutely love this product! Works exactly as described.
2024-05-20,Leather Wallet Slim,Fashion,Flipkart,Ananya G.,4,Great quality for the price. Highly recommend!
2024-05-20,Vitamin C Face Serum 30ml,Beauty,Amazon,Sneha P.,5,Very satisfied with my purchase. Fast delivery too.
2024-05-20,Laptop Stand Adjustable,Electronics,App Store,Karan V.,5,My family loves it. Great purchase.
2024-05-21,Smart LED Desk Lamp,Electronics,Website,Ravi C.,5,Good value for money. Happy with it.
2024-05-22,Natural Aloe Vera Gel 200ml,Beauty,Amazon,Meera J.,1,Does not match the description at all.
2024-05-22,Portable Phone Charger 20000mAh,Electronics,Flipkart,Priya S.,4,Excellent product. Will buy again.
2024-05-22,Leather Wallet Slim,Fashion,Flipkart,Meera J.,2,Does not match the description at all.
2024-05-23,Webcam HD 1080p,Electronics,Flipkart,Ananya G.,5,Sturdy build quality and works perfectly.
2024-05-23,Under Eye Cream Dark Circles,Beauty,App Store,Ananya G.,4,Absolutely love this product! Works exactly as described.
2024-05-23,Memory Foam Pillow,Home & Living,Amazon,Ravi C.,4,Good value for money. Happy with it.
2024-05-24,Laptop Stand Adjustable,Electronics,Flipkart,Deepa M.,5,Exceeded my expectations. 5 stars!
2024-05-24,Mechanical Keyboard RGB,Electronics,Amazon,Aditya R.,4,Good value for money. Happy with it.
2024-05-24,Smart LED Desk Lamp,Electronics,Amazon,Priya S.,5,Quality is top notch. Totally worth it.
2024-05-24,Wireless Bluetooth Earbuds,Electronics,Flipkart,Ananya G.,4,Absolutely love this product! Works exactly as described.
2024-05-25,Collagen Face Sheet Mask Pack,Beauty,App Store,Ravi C.,3,Packaging was a bit damaged but product is fine.
2024-05-25,Vitamin C Face Serum 30ml,Beauty,Amazon,Arjun M.,4,Excellent product. Will buy again.
2024-05-25,Portable Phone Charger 20000mAh,Electronics,App Store,Arjun M.,4,Quality is top notch. Totally worth it.
2024-05-25,Slim Fit Chino Pants,Fashion,App Store,Priya S.,4,Works like a charm. Very pleased.
2024-05-26,Non-Stick Frying Pan 26cm,Home & Living,Flipkart,Vikram T.,4,Good value for money. Happy with it.
2024-05-26,Stainless Steel Water Bottle 1L,Home & Living,Flipkart,Kavya N.,5,Absolutely love this product! Works exactly as described.
2024-05-26,Running Sports Shoes,Fashion,Website,Aditya R.,5,Absolutely love this product! Works exactly as described.
2024-05-26,Casual Denim Jacket,Fashion,Flipkart,Priya S.,1,Customer support was unhelpful.
2024-05-26,Casual Denim Jacket,Fashion,Amazon,Suresh B.,4,Good value for money. Happy with it.
2024-05-26,Webcam HD 1080p,Electronics,Website,Nisha L.,5,My family loves it. Great purchase.
2024-05-27,Cotton Round Neck T-Shirt,Fashion,App Store,Ravi C.,4,Quality is top notch. Totally worth it.
2024-05-27,Non-Stick Frying Pan 26cm,Home & Living,Flipkart,Arjun M.,5,Exceeded my expectations. 5 stars!
2024-05-27,Natural Aloe Vera Gel 200ml,Beauty,Google Reviews,Karan V.,2,Expected better. Returned the product.
2024-05-27,Webcam HD 1080p,Electronics,Google Reviews,Kavya N.,3,Okay for the price. Could be better.
2024-05-27,Stainless Steel Water Bottle 1L,Home & Living,Flipkart,Meera J.,4,Excellent product. Will buy again.
2024-05-27,Webcam HD 1080p,Electronics,Flipkart,Deepa M.,5,Good value for money. Happy with it.
2024-05-29,Cotton Round Neck T-Shirt,Fashion,Amazon,Nisha L.,3,Average quality. Nothing special.
2024-05-30,Portable Phone Charger 20000mAh,Electronics,Flipkart,Sneha P.,4,Quality is top notch. Totally worth it.
2024-05-30,Under Eye Cream Dark Circles,Beauty,Website,Nisha L.,2,Would not recommend. Waste of money.
2024-05-30,Wireless Bluetooth Earbuds,Electronics,Google Reviews,Aditya R.,5,Exceeded my expectations. 5 stars!
2024-05-30,Scented Soy Wax Candle,Home & Living,App Store,Vikram T.,4,Great quality for the price. Highly recommend!
2024-05-30,Slim Fit Chino Pants,Fashion,Flipkart,Aditya R.,4,Quality is top notch. Totally worth it.
2024-05-31,Wireless Bluetooth Earbuds,Electronics,Flipkart,Ravi C.,4,Works like a charm. Very pleased.
2024-06-01,Portable Phone Charger 20000mAh,Electronics,Website,Ravi C.,4,Quality is top notch. Totally worth it.
2024-06-01,Under Eye Cream Dark Circles,Beauty,Website,Arjun M.,5,Good value for money. Happy with it.
2024-06-01,Running Sports Shoes,Fashion,App Store,Priya S.,5,Very satisfied with my purchase. Fast delivery too.
2024-06-02,Mechanical Keyboard RGB,Electronics,Flipkart,Ravi C.,5,Sturdy build quality and works perfectly.
2024-06-03,Memory Foam Pillow,Home & Living,Google Reviews,Rohan D.,4,Absolutely love this product! Works exactly as described.
2024-06-03,Laptop Stand Adjustable,Electronics,App Store,Deepa M.,4,Excellent product. Will buy again.
2024-06-06,USB-C Fast Charging Cable,Electronics,Website,Karan V.,4,Good value for money. Happy with it.
2024-06-06,Casual Denim Jacket,Fashion,Flipkart,Meera J.,3,Average quality. Nothing special.
2024-06-06,Mechanical Keyboard RGB,Electronics,Amazon,Priya S.,5,My family loves it. Great purchase.
2024-06-06,Laptop Stand Adjustable,Electronics,Google Reviews,Aditya R.,5,Very satisfied with my purchase. Fast delivery too.
2024-06-07,Sunglasses UV400 Polarized,Fashion,App Store,Nisha L.,3,Decent product. Does what it says.
2024-06-07,Scented Soy Wax Candle,Home & Living,App Store,Nisha L.,2,Expected better. Returned the product.
2024-06-07,Mechanical Keyboard RGB,Electronics,Flipkart,Deepa M.,1,Customer support was unhelpful.
2024-06-09,Running Sports Shoes,Fashion,App Store,Aditya R.,3,Packaging was a bit damaged but product is fine.
2024-06-09,Under Eye Cream Dark Circles,Beauty,Website,Ravi C.,5,Quality is top notch. Totally worth it.
2024-06-10,Portable Phone Charger 20000mAh,Electronics,Google Reviews,Rahul K.,5,Excellent product. Will buy again.
2024-06-10,Under Eye Cream Dark Circles,Beauty,Website,Kavya N.,4,Works like a charm. Very pleased.
2024-06-10,Vitamin C Face Serum 30ml,Beauty,Google Reviews,Deepa M.,5,Good value for money. Happy with it.
2024-06-11,Moisturising Sunscreen SPF50,Beauty,Website,Meera J.,2,Expected better. Returned the product.
2024-06-11,Noise Cancelling Headphones,Electronics,Flipkart,Rahul K.,5,Sturdy build quality and works perfectly.
2024-06-12,Under Eye Cream Dark Circles,Beauty,App Store,Ananya G.,5,Sturdy build quality and works perfectly.
2024-06-12,Webcam HD 1080p,Electronics,Website,Rohan D.,2,Expected better. Returned the product.
2024-06-12,Wireless Bluetooth Earbuds,Electronics,Google Reviews,Karan V.,5,Exceeded my expectations. 5 stars!
2024-06-12,Bamboo Cutting Board Set,Home & Living,App Store,Sneha P.,5,Works like a charm. Very pleased.
2024-06-12,Casual Denim Jacket,Fashion,Amazon,Rohan D.,5,Good value for money. Happy with it.
2024-06-13,Running Sports Shoes,Fashion,Website,Deepa M.,5,Exceeded my expectations. 5 stars!
2024-06-13,Vitamin C Face Serum 30ml,Beauty,Website,Vikram T.,3,"Not bad, but not great either."
2024-06-14,Leather Wallet Slim,Fashion,App Store,Karan V.,4,Quality is top notch. Totally worth it.
2024-06-14,Memory Foam Pillow,Home & Living,Amazon,Priya S.,4,Excellent product. Will buy again.
2024-06-14,Slim Fit Chino Pants,Fashion,Website,Deepa M.,5,Great quality for the price. Highly recommend!
2024-06-15,Scented Soy Wax Candle,Home & Living,Flipkart,Priya S.,4,Excellent product. Will buy again.
2024-06-15,Webcam HD 1080p,Electronics,App Store,Priya S.,5,Very satisfied with my purchase. Fast delivery too.
2024-06-16,Sunglasses UV400 Polarized,Fashion,Google Reviews,Ravi C.,5,Good value for money. Happy with it.
2024-06-16,Leather Wallet Slim,Fashion,Flipkart,Karan V.,1,Broke after first use. Very fragile.
2024-06-16,Running Sports Shoes,Fashion,Flipkart,Nisha L.,5,Excellent product. Will buy again.
2024-06-16,Leather Wallet Slim,Fashion,Flipkart,Deepa M.,5,Very satisfied with my purchase. Fast delivery too.
2024-06-16,Natural Aloe Vera Gel 200ml,Beauty,Flipkart,Priya S.,4,Absolutely love this product! Works exactly as described.
2024-06-17,Sunglasses UV400 Polarized,Fashion,Google Reviews,Arjun M.,3,Average quality. Nothing special.
2024-06-17,Leather Wallet Slim,Fashion,Website,Arjun M.,5,Sturdy build quality and works perfectly.
2024-06-18,Casual Denim Jacket,Fashion,Google Reviews,Ravi C.,4,Great quality for the price. Highly recommend!
2024-06-19,Moisturising Sunscreen SPF50,Beauty,Google Reviews,Nisha L.,3,Its okay. Will use it and see.
2024-06-19,Portable Phone Charger 20000mAh,Electronics,Amazon,Aditya R.,4,Quality is top notch. Totally worth it.
2024-06-19,Collagen Face Sheet Mask Pack,Beauty,Amazon,Priya S.,4,Great quality for the price. Highly recommend!
2024-06-20,Webcam HD 1080p,Electronics,Flipkart,Ravi C.,4,Excellent product. Will buy again.
2024-06-21,USB-C Fast Charging Cable,Electronics,Google Reviews,Karan V.,5,Exceeded my expectations. 5 stars!
2024-06-22,Laptop Stand Adjustable,Electronics,App Store,Ravi C.,5,Absolutely love this product! Works exactly as described.
2024-06-23,Portable Phone Charger 20000mAh,Electronics,Website,Suresh B.,5,Sturdy build quality and works perfectly.
2024-06-23,Moisturising Sunscreen SPF50,Beauty,Website,Karan V.,5,Quality is top notch. Totally worth it.
2024-06-25,Leather Wallet Slim,Fashion,App Store,Deepa M.,5,Great quality for the price. Highly recommend!
2024-06-25,Laptop Stand Adjustable,Electronics,App Store,Meera J.,4,Sturdy build quality and works perfectly.
2024-06-26,Noise Cancelling Headphones,Electronics,Website,Karan V.,4,Absolutely love this product! Works exactly as described.
2024-06-26,Cotton Round Neck T-Shirt,Fashion,Flipkart,Vikram T.,4,Absolutely love this product! Works exactly as described.
2024-06-27,USB-C Fast Charging Cable,Electronics,Website,Suresh B.,4,Sturdy build quality and works perfectly.
2024-06-28,Bamboo Cutting Board Set,Home & Living,Flipkart,Nisha L.,5,Works like a charm. Very pleased.
2024-06-28,Portable Phone Charger 20000mAh,Electronics,App Store,Suresh B.,4,Very satisfied with my purchase. Fast delivery too.
2024-06-28,Under Eye Cream Dark Circles,Beauty,Google Reviews,Aditya R.,5,Absolutely love this product! Works exactly as described.
2024-06-28,Casual Denim Jacket,Fashion,Website,Priya S.,5,My family loves it. Great purchase.
2024-06-28,Bamboo Cutting Board Set,Home & Living,App Store,Ravi C.,5,My family loves it. Great purchase.
2024-06-28,USB-C Fast Charging Cable,Electronics,App Store,Deepa M.,3,Its okay. Will use it and see.
2024-06-29,Laptop Stand Adjustable,Electronics,Website,Nisha L.,3,Average quality. Nothing special.
2024-06-29,Laptop Stand Adjustable,Electronics,Amazon,Ananya G.,4,Absolutely love this product! Works exactly as described.
2024-06-30,Smart LED Desk Lamp,Electronics,Google Reviews,Rohan D.,5,My family loves it. Great purchase.
2024-06-30,Under Eye Cream Dark Circles,Beauty,Google Reviews,Arjun M.,4,Good value for money. Happy with it.
2024-07-02,Cotton Round Neck T-Shirt,Fashion,App Store,Arjun M.,4,Sturdy build quality and works perfectly.
2024-07-02,Mechanical Keyboard RGB,Electronics,Google Reviews,Karan V.,5,Quality is top notch. Totally worth it.
2024-07-02,Laptop Stand Adjustable,Electronics,App Store,Rohan D.,5,Works like a charm. Very pleased.
2024-07-03,Sunglasses UV400 Polarized,Fashion,Flipkart,Suresh B.,3,Decent product. Does what it says.
2024-07-03,Laptop Stand Adjustable,Electronics,Flipkart,Ananya G.,2,Poor quality. Not worth the price.
2024-07-03,Bamboo Cutting Board Set,Home & Living,App Store,Meera J.,5,Quality is top notch. Totally worth it.
2024-07-03,Under Eye Cream Dark Circles,Beauty,Google Reviews,Meera J.,5,My family loves it. Great purchase.
2024-07-03,Webcam HD 1080p,Electronics,Amazon,Vikram T.,5,Excellent product. Will buy again.
2024-07-03,Under Eye Cream Dark Circles,Beauty,Flipkart,Aditya R.,3,Decent product. Does what it says.
2024-07-04,Noise Cancelling Headphones,Electronics,Amazon,Nisha L.,3,Average quality. Nothing special.
2024-07-04,Vitamin C Face Serum 30ml,Beauty,Website,Karan V.,4,Absolutely love this product! Works exactly as described.
2024-07-05,Casual Denim Jacket,Fashion,App Store,Sneha P.,5,Sturdy build quality and works perfectly.
2024-07-06,Cotton Round Neck T-Shirt,Fashion,Flipkart,Aditya R.,5,Great quality for the price. Highly recommend!
2024-07-06,Collagen Face Sheet Mask Pack,Beauty,Google Reviews,Vikram T.,5,Great quality for the price. Highly recommend!
2024-07-06,Webcam HD 1080p,Electronics,App Store,Ravi C.,5,Exceeded my expectations. 5 stars!
2024-07-08,USB-C Fast Charging Cable,Electronics,Flipkart,Suresh B.,5,Good value for money. Happy with it.
2024-07-08,Sunglasses UV400 Polarized,Fashion,Website,Rahul K.,5,Great quality for the price. Highly recommend!
2024-07-09,Mechanical Keyboard RGB,Electronics,Amazon,Aditya R.,5,Great quality for the price. Highly recommend!
2024-07-10,Sunglasses UV400 Polarized,Fashion,App Store,Aditya R.,5,Absolutely love this product! Works exactly as described.
2024-07-12,Mechanical Keyboard RGB,Electronics,Flipkart,Ravi C.,5,Quality is top notch. Totally worth it.
2024-07-13,Moisturising Sunscreen SPF50,Beauty,Website,Sneha P.,5,Works like a charm. Very pleased.
2024-07-13,Under Eye Cream Dark Circles,Beauty,Google Reviews,Ananya G.,5,Quality is top notch. Totally worth it.
2024-07-13,Cotton Round Neck T-Shirt,Fashion,Website,Aditya R.,4,Excellent product. Will buy again.
2024-07-14,Memory Foam Pillow,Home & Living,Google Reviews,Deepa M.,3,Average quality. Nothing special.
2024-07-14,Memory Foam Pillow,Home & Living,Website,Kavya N.,3,Packaging was a bit damaged but product is fine.
2024-07-15,Stainless Steel Water Bottle 1L,Home & Living,Google Reviews,Vikram T.,4,Sturdy build quality and works perfectly.
2024-07-16,Casual Denim Jacket,Fashion,Flipkart,Meera J.,5,Quality is top notch. Totally worth it.
2024-07-17,Webcam HD 1080p,Electronics,Flipkart,Priya S.,5,Quality is top notch. Totally worth it.
2024-07-18,Smart LED Desk Lamp,Electronics,Amazon,Ravi C.,3,Okay for the price. Could be better.
2024-07-19,Stainless Steel Water Bottle 1L,Home & Living,Flipkart,Karan V.,3,Works as expected. No complaints.
2024-07-20,Wireless Bluetooth Earbuds,Electronics,App Store,Nisha L.,3,Okay for the price. Could be better.
2024-07-20,Vitamin C Face Serum 30ml,Beauty,Website,Sneha P.,5,Very satisfied with my purchase. Fast delivery too.
2024-07-20,Natural Aloe Vera Gel 200ml,Beauty,Flipkart,Ravi C.,4,Excellent product. Will buy again.
2024-07-20,Scented Soy Wax Candle,Home & Living,Google Reviews,Nisha L.,1,Poor quality. Not worth the price.
2024-07-21,Leather Wallet Slim,Fashion,Website,Rahul K.,5,My family loves it. Great purchase.
2024-07-21,Non-Stick Frying Pan 26cm,Home & Living,Google Reviews,Ravi C.,5,Exceeded my expectations. 5 stars!
2024-07-21,USB-C Fast Charging Cable,Electronics,App Store,Priya S.,4,Quality is top notch. Totally worth it.
2024-07-21,Smart LED Desk Lamp,Electronics,Google Reviews,Ravi C.,5,Great quality for the price. Highly recommend!
2024-07-22,Noise Cancelling Headphones,Electronics,Google Reviews,Rohan D.,5,Great quality for the price. Highly recommend!
2024-07-22,Noise Cancelling Headphones,Electronics,App Store,Aditya R.,5,Quality is top notch. Totally worth it.
2024-07-23,Stainless Steel Water Bottle 1L,Home & Living,Google Reviews,Kavya N.,1,Broke after first use. Very fragile.
2024-07-23,Natural Aloe Vera Gel 200ml,Beauty,Website,Aditya R.,2,Customer support was unhelpful.
2024-07-24,Webcam HD 1080p,Electronics,App Store,Meera J.,3,Its okay. Will use it and see.
2024-07-24,Smart LED Desk Lamp,Electronics,Website,Kavya N.,4,Absolutely love this product! Works exactly as described.
2024-07-24,Wireless Bluetooth Earbuds,Electronics,Amazon,Ravi C.,5,Absolutely love this product! Works exactly as described.
2024-07-25,Sunglasses UV400 Polarized,Fashion,Flipkart,Deepa M.,3,Packaging was a bit damaged but product is fine.
2024-07-27,USB-C Fast Charging Cable,Electronics,Google Reviews,Vikram T.,4,Very satisfied with my purchase. Fast delivery too.
2024-07-28,Slim Fit Chino Pants,Fashion,App Store,Ananya G.,3,"Not bad, but not great either."
2024-07-28,Stainless Steel Water Bottle 1L,Home & Living,Website,Ravi C.,4,Quality is top notch. Totally worth it.
2024-07-28,Leather Wallet Slim,Fashion,Flipkart,Ananya G.,5,Quality is top notch. Totally worth it.
2024-07-28,Non-Stick Frying Pan 26cm,Home & Living,Amazon,Vikram T.,3,Decent product. Does what it says.
2024-07-29,Noise Cancelling Headphones,Electronics,Flipkart,Sneha P.,3,Decent product. Does what it says.
2024-07-29,Moisturising Sunscreen SPF50,Beauty,Amazon,Nisha L.,5,Sturdy build quality and works perfectly.
2024-07-30,Noise Cancelling Headphones,Electronics,Google Reviews,Arjun M.,2,Poor quality. Not worth the price.
2024-07-31,Slim Fit Chino Pants,Fashion,Google Reviews,Rohan D.,5,Great quality for the price. Highly recommend!
2024-07-31,Portable Phone Charger 20000mAh,Electronics,Google Reviews,Priya S.,5,Very satisfied with my purchase. Fast delivery too.
2024-08-01,Portable Phone Charger 20000mAh,Electronics,App Store,Aditya R.,4,Good value for money. Happy with it.
2024-08-01,Natural Aloe Vera Gel 200ml,Beauty,Amazon,Aditya R.,5,Quality is top notch. Totally worth it.
2024-08-01,Moisturising Sunscreen SPF50,Beauty,Website,Meera J.,5,Good value for money. Happy with it.
2024-08-02,Sunglasses UV400 Polarized,Fashion,App Store,Aditya R.,5,Excellent product. Will buy again.
2024-08-02,Portable Phone Charger 20000mAh,Electronics,Amazon,Karan V.,4,Good value for money. Happy with it.
2024-08-02,Portable Phone Charger 20000mAh,Electronics,Website,Kavya N.,5,My family loves it. Great purchase.
2024-08-03,Stainless Steel Water Bottle 1L,Home & Living,Flipkart,Priya S.,5,Exceeded my expectations. 5 stars!
2024-08-03,Stainless Steel Water Bottle 1L,Home & Living,App Store,Arjun M.,4,Excellent product. Will buy again.
2024-08-03,Memory Foam Pillow,Home & Living,Google Reviews,Rahul K.,5,Sturdy build quality and works perfectly.
2024-08-03,Memory Foam Pillow,Home & Living,Amazon,Kavya N.,5,Absolutely love this product! Works exactly as described.
2024-08-04,Wireless Bluetooth Earbuds,Electronics,Amazon,Aditya R.,4,Absolutely love this product! Works exactly as described.
2024-08-04,Running Sports Shoes,Fashion,App Store,Sneha P.,3,Works as expected. No complaints.
2024-08-05,Leather Wallet Slim,Fashion,App Store,Sneha P.,2,Poor quality. Not worth the price.
2024-08-05,Moisturising Sunscreen SPF50,Beauty,Google Reviews,Aditya R.,5,Exceeded my expectations. 5 stars!
2024-08-06,USB-C Fast Charging Cable,Electronics,Amazon,Priya S.,5,Absolutely love this product! Works exactly as described.
2024-08-06,Casual Denim Jacket,Fashion,Google Reviews,Sneha P.,4,Works like a charm. Very pleased.
2024-08-07,Casual Denim Jacket,Fashion,Amazon,Meera J.,5,Great quality for the price. Highly recommend!
2024-08-08,Portable Phone Charger 20000mAh,Electronics,App Store,Ananya G.,5,Excellent product. Will buy again.
2024-08-08,Cotton Round Neck T-Shirt,Fashion,Flipkart,Rohan D.,3,Average quality. Nothing special.
2024-08-08,Running Sports Shoes,Fashion,Amazon,Kavya N.,5,Absolutely love this product! Works exactly as described.
2024-08-09,Under Eye Cream Dark Circles,Beauty,Amazon,Suresh B.,4,Excellent product. Will buy again.
2024-08-09,Portable Phone Charger 20000mAh,Electronics,Flipkart,Priya S.,4,Works like a charm. Very pleased.
2024-08-09,USB-C Fast Charging Cable,Electronics,Amazon,Sneha P.,4,Good value for money. Happy with it.
2024-08-09,Vitamin C Face Serum 30ml,Beauty,App Store,Kavya N.,5,Works like a charm. Very pleased.
2024-08-09,Slim Fit Chino Pants,Fashion,Website,Vikram T.,5,Sturdy build quality and works perfectly.
2024-08-10,Vitamin C Face Serum 30ml,Beauty,App Store,Rahul K.,5,Exceeded my expectations. 5 stars!
2024-08-10,Smart LED Desk Lamp,Electronics,Google Reviews,Kavya N.,2,Poor quality. Not worth the price.
2024-08-11,Wireless Bluetooth Earbuds,Electronics,App Store,Ravi C.,5,Absolutely love this product! Works exactly as described.
2024-08-11,Memory Foam Pillow,Home & Living,App Store,Deepa M.,1,Poor quality. Not worth the price.
2024-08-11,Leather Wallet Slim,Fashion,Flipkart,Deepa M.,3,Okay for the price. Could be better.
2024-08-11,Portable Phone Charger 20000mAh,Electronics,Amazon,Arjun M.,5,Works like a charm. Very pleased.
2024-08-11,Leather Wallet Slim,Fashion,Google Reviews,Aditya R.,5,Great quality for the price. Highly recommend!
2024-08-12,Laptop Stand Adjustable,Electronics,Amazon,Vikram T.,5,Great quality for the price. Highly recommend!
2024-08-13,Mechanical Keyboard RGB,Electronics,Website,Karan V.,4,Very satisfied with my purchase. Fast delivery too.
2024-08-13,Under Eye Cream Dark Circles,Beauty,Google Reviews,Kavya N.,5,Absolutely love this product! Works exactly as described.
2024-08-14,Casual Denim Jacket,Fashion,Amazon,Aditya R.,4,Works like a charm. Very pleased.
2024-08-15,Collagen Face Sheet Mask Pack,Beauty,Website,Vikram T.,5,Exceeded my expectations. 5 stars!
2024-08-15,Scented Soy Wax Candle,Home & Living,Website,Rahul K.,5,My family loves it. Great purchase.
2024-08-15,USB-C Fast Charging Cable,Electronics,Flipkart,Meera J.,5,Sturdy build quality and works perfectly.
2024-08-16,Under Eye Cream Dark Circles,Beauty,Amazon,Deepa M.,5,Great quality for the price. Highly recommend!
2024-08-16,Moisturising Sunscreen SPF50,Beauty,Flipkart,Rohan D.,5,Exceeded my expectations. 5 stars!
2024-08-16,Wireless Bluetooth Earbuds,Electronics,Website,Rohan D.,3,"Not bad, but not great either."
2024-08-16,Wireless Bluetooth Earbuds,Electronics,Website,Nisha L.,4,Good value for money. Happy with it.
2024-08-17,Collagen Face Sheet Mask Pack,Beauty,Google Reviews,Priya S.,1,Poor quality. Not worth the price.
2024-08-17,Bamboo Cutting Board Set,Home & Living,Google Reviews,Sneha P.,2,Poor quality. Not worth the price.
2024-08-18,Smart LED Desk Lamp,Electronics,Google Reviews,Kavya N.,4,Absolutely love this product! Works exactly as described.
2024-08-18,Smart LED Desk Lamp,Electronics,Google Reviews,Nisha L.,4,Great quality for the price. Highly recommend!
2024-08-20,Memory Foam Pillow,Home & Living,Website,Sneha P.,5,Works like a charm. Very pleased.
2024-08-20,Laptop Stand Adjustable,Electronics,Flipkart,Kavya N.,5,Excellent product. Will buy again.
2024-08-20,Vitamin C Face Serum 30ml,Beauty,Google Reviews,Suresh B.,5,Absolutely love this product! Works exactly as described.
2024-08-20,Webcam HD 1080p,Electronics,Google Reviews,Kavya N.,5,My family loves it. Great purchase.
2024-08-21,Non-Stick Frying Pan 26cm,Home & Living,Amazon,Aditya R.,3,"Not bad, but not great either."
2024-08-21,Vitamin C Face Serum 30ml,Beauty,App Store,Ananya G.,5,Works like a charm. Very pleased.
2024-08-23,Moisturising Sunscreen SPF50,Beauty,Google Reviews,Vikram T.,2,Would not recommend. Waste of money.
2024-08-24,Moisturising Sunscreen SPF50,Beauty,Flipkart,Arjun M.,3,"Not bad, but not great either."
2024-08-24,Webcam HD 1080p,Electronics,Google Reviews,Deepa M.,5,Sturdy build quality and works perfectly.
2024-08-24,Collagen Face Sheet Mask Pack,Beauty,Google Reviews,Aditya R.,5,Absolutely love this product! Works exactly as described.
2024-08-25,Collagen Face Sheet Mask Pack,Beauty,Website,Vikram T.,4,Great quality for the price. Highly recommend!
2024-08-25,Vitamin C Face Serum 30ml,Beauty,Google Reviews,Arjun M.,5,My family loves it. Great purchase.
2024-08-26,Stainless Steel Water Bottle 1L,Home & Living,Amazon,Karan V.,5,Good value for money. Happy with it.
2024-08-27,Moisturising Sunscreen SPF50,Beauty,Amazon,Ananya G.,2,Customer support was unhelpful.
2024-08-28,Smart LED Desk Lamp,Electronics,Google Reviews,Suresh B.,3,Okay for the price. Could be better.
2024-08-28,Cotton Round Neck T-Shirt,Fashion,Amazon,Nisha L.,5,Works like a charm. Very pleased.
2024-08-28,USB-C Fast Charging Cable,Electronics,Website,Suresh B.,3,"Not bad, but not great either."
2024-08-28,Noise Cancelling Headphones,Electronics,Website,Sneha P.,5,Excellent product. Will buy again.
2024-08-28,Leather Wallet Slim,Fashion,App Store,Vikram T.,4,Good value for money. Happy with it.
2024-08-30,Under Eye Cream Dark Circles,Beauty,Website,Sneha P.,3,Packaging was a bit damaged but product is fine.
2024-08-31,Scented Soy Wax Candle,Home & Living,Amazon,Ananya G.,4,Excellent product. Will buy again.
2024-09-01,Memory Foam Pillow,Home & Living,Website,Deepa M.,4,Absolutely love this product! Works exactly as described.
2024-09-02,Scented Soy Wax Candle,Home & Living,Website,Arjun M.,4,Great quality for the price. Highly recommend!
2024-09-03,Mechanical Keyboard RGB,Electronics,App Store,Kavya N.,3,Decent product. Does what it says.
2024-09-03,Collagen Face Sheet Mask Pack,Beauty,Flipkart,Ananya G.,5,My family loves it. Great purchase.
2024-09-05,Sunglasses UV400 Polarized,Fashion,App Store,Rohan D.,3,Average quality. Nothing special.
2024-09-05,Cotton Round Neck T-Shirt,Fashion,Website,Rahul K.,3,Its okay. Will use it and see.
2024-09-06,Natural Aloe Vera Gel 200ml,Beauty,Flipkart,Suresh B.,3,Decent product. Does what it says.
2024-09-06,Under Eye Cream Dark Circles,Beauty,Amazon,Sneha P.,2,Would not recommend. Waste of money.
2024-09-07,Casual Denim Jacket,Fashion,Flipkart,Rohan D.,5,Quality is top notch. Totally worth it.
2024-09-08,Under Eye Cream Dark Circles,Beauty,Website,Priya S.,4,Excellent product. Will buy again.
2024-09-08,Running Sports Shoes,Fashion,App Store,Rahul K.,1,Stopped working after a week. Very disappointed.
2024-09-08,Casual Denim Jacket,Fashion,App Store,Meera J.,5,Absolutely love this product! Works exactly as described.
2024-09-08,Scented Soy Wax Candle,Home & Living,Flipkart,Aditya R.,1,Does not match the description at all.
2024-09-09,Under Eye Cream Dark Circles,Beauty,Website,Arjun M.,5,Sturdy build quality and works perfectly.
2024-09-09,Portable Phone Charger 20000mAh,Electronics,App Store,Aditya R.,5,Exceeded my expectations. 5 stars!
2024-09-09,Running Sports Shoes,Fashion,App Store,Aditya R.,5,Exceeded my expectations. 5 stars!
2024-09-10,Noise Cancelling Headphones,Electronics,Google Reviews,Karan V.,5,Sturdy build quality and works perfectly.
2024-09-10,Scented Soy Wax Candle,Home & Living,Google Reviews,Ravi C.,4,Absolutely love this product! Works exactly as described.
2024-09-11,Bamboo Cutting Board Set,Home & Living,Website,Sneha P.,5,Excellent product. Will buy again.
2024-09-11,Under Eye Cream Dark Circles,Beauty,Google Reviews,Meera J.,3,Decent product. Does what it says.
2024-09-11,Non-Stick Frying Pan 26cm,Home & Living,Google Reviews,Arjun M.,4,Absolutely love this product! Works exactly as described.
2024-09-12,Slim Fit Chino Pants,Fashion,Google Reviews,Kavya N.,5,Sturdy build quality and works perfectly.
2024-09-13,Cotton Round Neck T-Shirt,Fashion,Flipkart,Nisha L.,5,Absolutely love this product! Works exactly as described.
2024-09-13,Webcam HD 1080p,Electronics,App Store,Aditya R.,2,Does not match the description at all.
2024-09-14,Sunglasses UV400 Polarized,Fashion,Amazon,Karan V.,5,Quality is top notch. Totally worth it.
2024-09-14,Mechanical Keyboard RGB,Electronics,Flipkart,Kavya N.,3,Decent product. Does what it says.
2024-09-14,Moisturising Sunscreen SPF50,Beauty,App Store,Aditya R.,5,Works like a charm. Very pleased.
2024-09-14,Bamboo Cutting Board Set,Home & Living,Amazon,Vikram T.,5,Very satisfied with my purchase. Fast delivery too.
2024-09-15,Running Sports Shoes,Fashion,Amazon,Karan V.,5,Great quality for the price. Highly recommend!
2024-09-16,Leather Wallet Slim,Fashion,Google Reviews,Karan V.,2,Customer support was unhelpful.
2024-09-16,Leather Wallet Slim,Fashion,Amazon,Meera J.,4,Quality is top notch. Totally worth it.
2024-09-16,Bamboo Cutting Board Set,Home & Living,Flipkart,Nisha L.,5,Exceeded my expectations. 5 stars!
2024-09-17,Sunglasses UV400 Polarized,Fashion,App Store,Arjun M.,5,Very satisfied with my purchase. Fast delivery too.
2024-09-17,Leather Wallet Slim,Fashion,Flipkart,Arjun M.,4,Sturdy build quality and works perfectly.
2024-09-18,Cotton Round Neck T-Shirt,Fashion,Amazon,Kavya N.,5,Great quality for the price. Highly recommend!
2024-09-18,Memory Foam Pillow,Home & Living,App Store,Karan V.,1,Broke after first use. Very fragile.
2024-09-18,Laptop Stand Adjustable,Electronics,App Store,Kavya N.,3,"Not bad, but not great either."
2024-09-18,Slim Fit Chino Pants,Fashion,App Store,Suresh B.,5,Exceeded my expectations. 5 stars!
2024-09-18,Bamboo Cutting Board Set,Home & Living,Google Reviews,Nisha L.,5,Good value for money. Happy with it.
2024-09-18,Leather Wallet Slim,Fashion,Amazon,Nisha L.,5,Works like a charm. Very pleased.
2024-09-19,Mechanical Keyboard RGB,Electronics,Flipkart,Vikram T.,3,Its okay. Will use it and see.
2024-09-20,Sunglasses UV400 Polarized,Fashion,Website,Vikram T.,3,"Not bad, but not great either."
2024-09-21,Sunglasses UV400 Polarized,Fashion,Amazon,Ravi C.,5,Absolutely love this product! Works exactly as described.
2024-09-21,Mechanical Keyboard RGB,Electronics,Amazon,Karan V.,5,Exceeded my expectations. 5 stars!
2024-09-21,Mechanical Keyboard RGB,Electronics,Flipkart,Meera J.,4,Quality is top notch. Totally worth it.
2024-09-21,Memory Foam Pillow,Home & Living,App Store,Priya S.,2,Customer support was unhelpful.
2024-09-21,Portable Phone Charger 20000mAh,Electronics,Google Reviews,Nisha L.,4,Good value for money. Happy with it.
2024-09-22,Wireless Bluetooth Earbuds,Electronics,App Store,Sneha P.,4,Good value for money. Happy with it.
2024-09-22,Casual Denim Jacket,Fashion,App Store,Deepa M.,5,Excellent product. Will buy again.
2024-09-23,Cotton Round Neck T-Shirt,Fashion,Website,Vikram T.,2,Expected better. Returned the product.
2024-09-23,Laptop Stand Adjustable,Electronics,Amazon,Sneha P.,3,Its okay. Will use it and see.
2024-09-24,Smart LED Desk Lamp,Electronics,Flipkart,Arjun M.,5,Exceeded my expectations. 5 stars!
2024-09-25,Casual Denim Jacket,Fashion,App Store,Priya S.,2,Would not recommend. Waste of money.
2024-09-25,Memory Foam Pillow,Home & Living,Amazon,Deepa M.,3,Decent product. Does what it says.
2024-09-25,Slim Fit Chino Pants,Fashion,Google Reviews,Nisha L.,4,Absolutely love this product! Works exactly as described.
2024-09-26,Vitamin C Face Serum 30ml,Beauty,Amazon,Sneha P.,4,Good value for money. Happy with it.
2024-09-26,Memory Foam Pillow,Home & Living,Flipkart,Aditya R.,4,Absolutely love this product! Works exactly as described.
2024-09-27,Collagen Face Sheet Mask Pack,Beauty,Amazon,Suresh B.,2,Customer support was unhelpful.
2024-09-28,Natural Aloe Vera Gel 200ml,Beauty,Flipkart,Suresh B.,3,Packaging was a bit damaged but product is fine.
2024-09-29,Noise Cancelling Headphones,Electronics,Flipkart,Nisha L.,4,Quality is top notch. Totally worth it.
2024-09-29,Non-Stick Frying Pan 26cm,Home & Living,Google Reviews,Suresh B.,4,Good value for money. Happy with it.
2024-09-30,USB-C Fast Charging Cable,Electronics,Flipkart,Ananya G.,1,Customer support was unhelpful.
2024-10-01,Bamboo Cutting Board Set,Home & Living,Website,Ravi C.,4,Good value for money. Happy with it.
2024-10-01,Collagen Face Sheet Mask Pack,Beauty,Amazon,Vikram T.,3,Decent product. Does what it says.
2024-10-01,Mechanical Keyboard RGB,Electronics,App Store,Karan V.,2,Would not recommend. Waste of money.
2024-10-01,Stainless Steel Water Bottle 1L,Home & Living,Flipkart,Kavya N.,3,"Not bad, but not great either."
2024-10-02,Non-Stick Frying Pan 26cm,Home & Living,App Store,Vikram T.,5,Absolutely love this product! Works exactly as described.
2024-10-02,Cotton Round Neck T-Shirt,Fashion,App Store,Meera J.,5,Quality is top notch. Totally worth it.
2024-10-02,Running Sports Shoes,Fashion,Flipkart,Nisha L.,4,Works like a charm. Very pleased.
2024-10-02,Slim Fit Chino Pants,Fashion,Flipkart,Rohan D.,4,Quality is top notch. Totally worth it.
2024-10-03,Running Sports Shoes,Fashion,App Store,Aditya R.,3,Average quality. Nothing special.
2024-10-03,Wireless Bluetooth Earbuds,Electronics,Google Reviews,Rohan D.,3,Packaging was a bit damaged but product is fine.
2024-10-04,Moisturising Sunscreen SPF50,Beauty,App Store,Arjun M.,5,Very satisfied with my purchase. Fast delivery too.
2024-10-05,Portable Phone Charger 20000mAh,Electronics,Website,Ananya G.,4,Good value for money. Happy with it.
2024-10-05,Slim Fit Chino Pants,Fashion,Google Reviews,Nisha L.,2,Does not match the description at all.
2024-10-05,Noise Cancelling Headphones,Electronics,Google Reviews,Priya S.,5,Absolutely love this product! Works exactly as described.
2024-10-05,Noise Cancelling Headphones,Electronics,Google Reviews,Rohan D.,4,Absolutely love this product! Works exactly as described.
2024-10-06,Sunglasses UV400 Polarized,Fashion,Amazon,Ananya G.,4,Quality is top notch. Totally worth it.
2024-10-07,Moisturising Sunscreen SPF50,Beauty,Amazon,Karan V.,4,Absolutely love this product! Works exactly as described.
2024-10-08,Moisturising Sunscreen SPF50,Beauty,Website,Nisha L.,5,Great quality for the price. Highly recommend!
2024-10-09,Laptop Stand Adjustable,Electronics,Google Reviews,Priya S.,5,Exceeded my expectations. 5 stars!
2024-10-09,Memory Foam Pillow,Home & Living,Google Reviews,Vikram T.,4,Works like a charm. Very pleased.
2024-10-10,Portable Phone Charger 20000mAh,Electronics,Flipkart,Ananya G.,4,Absolutely love this product! Works exactly as described.
2024-10-11,Under Eye Cream Dark Circles,Beauty,Website,Nisha L.,4,Quality is top notch. Totally worth it.
2024-10-11,Casual Denim Jacket,Fashion,Website,Sneha P.,4,Very satisfied with my purchase. Fast delivery too.
2024-10-11,Moisturising Sunscreen SPF50,Beauty,Flipkart,Karan V.,5,Absolutely love this product! Works exactly as described.
2024-10-11,Mechanical Keyboard RGB,Electronics,Flipkart,Nisha L.,5,Quality is top notch. Totally worth it.
2024-10-11,Non-Stick Frying Pan 26cm,Home & Living,Flipkart,Rahul K.,5,Quality is top notch. Totally worth it.
2024-10-11,Mechanical Keyboard RGB,Electronics,Google Reviews,Rohan D.,4,Very satisfied with my purchase. Fast delivery too.
2024-10-13,Cotton Round Neck T-Shirt,Fashion,App Store,Arjun M.,5,My family loves it. Great purchase.
2024-10-14,USB-C Fast Charging Cable,Electronics,App Store,Nisha L.,3,Decent product. Does what it says.
2024-10-14,Under Eye Cream Dark Circles,Beauty,Website,Suresh B.,5,Good value for money. Happy with it.
2024-10-15,Natural Aloe Vera Gel 200ml,Beauty,App Store,Suresh B.,5,Works like a charm. Very pleased.
2024-10-15,Laptop Stand Adjustable,Electronics,Amazon,Kavya N.,4,Sturdy build quality and works perfectly.
2024-10-16,Scented Soy Wax Candle,Home & Living,Amazon,Aditya R.,3,Packaging was a bit damaged but product is fine.
2024-10-16,Non-Stick Frying Pan 26cm,Home & Living,Google Reviews,Meera J.,2,Would not recommend. Waste of money.
2024-10-16,Memory Foam Pillow,Home & Living,Amazon,Ravi C.,4,Good value for money. Happy with it.
2024-10-17,Laptop Stand Adjustable,Electronics,Website,Kavya N.,5,Exceeded my expectations. 5 stars!
2024-10-18,Vitamin C Face Serum 30ml,Beauty,Website,Rohan D.,4,Works like a charm. Very pleased.
2024-10-18,Wireless Bluetooth Earbuds,Electronics,Amazon,Meera J.,3,Works as expected. No complaints.
2024-10-19,Smart LED Desk Lamp,Electronics,Amazon,Suresh B.,3,Average quality. Nothing special.
2024-10-20,Bamboo Cutting Board Set,Home & Living,Website,Priya S.,5,Good value for money. Happy with it.
2024-10-20,Mechanical Keyboard RGB,Electronics,Website,Kavya N.,5,Quality is top notch. Totally worth it.
2024-10-21,Memory Foam Pillow,Home & Living,Amazon,Karan V.,4,Great quality for the price. Highly recommend!
2024-10-21,Wireless Bluetooth Earbuds,Electronics,Flipkart,Aditya R.,2,Poor quality. Not worth the price.
2024-10-21,Natural Aloe Vera Gel 200ml,Beauty,Amazon,Priya S.,5,Exceeded my expectations. 5 stars!
2024-10-21,Collagen Face Sheet Mask Pack,Beauty,Amazon,Rahul K.,3,Works as expected. No complaints.
2024-10-21,Natural Aloe Vera Gel 200ml,Beauty,Website,Ravi C.,4,Excellent product. Will buy again.
2024-10-22,Stainless Steel Water Bottle 1L,Home & Living,Google Reviews,Suresh B.,4,Works like a charm. Very pleased.
2024-10-22,Wireless Bluetooth Earbuds,Electronics,Amazon,Ananya G.,5,Great quality for the price. Highly recommend!
2024-10-22,Bamboo Cutting Board Set,Home & Living,Amazon,Priya S.,5,Exceeded my expectations. 5 stars!
2024-10-22,Moisturising Sunscreen SPF50,Beauty,Google Reviews,Vikram T.,5,Sturdy build quality and works perfectly.
2024-10-23,Under Eye Cream Dark Circles,Beauty,Flipkart,Arjun M.,5,Absolutely love this product! Works exactly as described.
2024-10-23,Casual Denim Jacket,Fashion,App Store,Meera J.,5,Absolutely love this product! Works exactly as described.
2024-10-23,Sunglasses UV400 Polarized,Fashion,App Store,Rohan D.,2,Would not recommend. Waste of money.
2024-10-23,Cotton Round Neck T-Shirt,Fashion,App Store,Rohan D.,5,Quality is top notch. Totally worth it.
2024-10-24,Slim Fit Chino Pants,Fashion,Website,Vikram T.,5,My family loves it. Great purchase.
2024-10-24,USB-C Fast Charging Cable,Electronics,Amazon,Vikram T.,4,Very satisfied with my purchase. Fast delivery too.
2024-10-25,Under Eye Cream Dark Circles,Beauty,Google Reviews,Kavya N.,4,Great quality for the price. Highly recommend!
2024-10-26,Non-Stick Frying Pan 26cm,Home & Living,Website,Priya S.,4,Very satisfied with my purchase. Fast delivery too.
2024-10-26,Smart LED Desk Lamp,Electronics,Google Reviews,Karan V.,5,Quality is top notch. Totally worth it.
2024-10-27,Non-Stick Frying Pan 26cm,Home & Living,Flipkart,Deepa M.,4,Excellent product. Will buy again.
2024-10-27,Noise Cancelling Headphones,Electronics,Google Reviews,Suresh B.,1,Stopped working after a week. Very disappointed.
2024-10-27,Webcam HD 1080p,Electronics,Flipkart,Priya S.,4,Sturdy build quality and works perfectly.
2024-10-27,Webcam HD 1080p,Electronics,Website,Ananya G.,4,Works like a charm. Very pleased.
2024-10-27,Slim Fit Chino Pants,Fashion,App Store,Priya S.,5,Good value for money. Happy with it.
2024-10-27,Wireless Bluetooth Earbuds,Electronics,Google Reviews,Rohan D.,1,Stopped working after a week. Very disappointed.
2024-10-27,Scented Soy Wax Candle,Home & Living,Website,Ananya G.,4,Great quality for the price. Highly recommend!
2024-10-28,Stainless Steel Water Bottle 1L,Home & Living,Website,Sneha P.,5,My family loves it. Great purchase.
2024-10-28,Casual Denim Jacket,Fashion,Flipkart,Kavya N.,5,Excellent product. Will buy again.
2024-10-29,Slim Fit Chino Pants,Fashion,App Store,Aditya R.,5,Quality is top notch. Totally worth it.
2024-10-29,Portable Phone Charger 20000mAh,Electronics,App Store,Arjun M.,4,Excellent product. Will buy again.
2024-10-29,Slim Fit Chino Pants,Fashion,Website,Nisha L.,4,Works like a charm. Very pleased.
2024-10-29,Moisturising Sunscreen SPF50,Beauty,Website,Nisha L.,5,My family loves it. Great purchase.
2024-10-29,Moisturising Sunscreen SPF50,Beauty,Amazon,Suresh B.,5,Good value for money. Happy with it.
2024-10-30,USB-C Fast Charging Cable,Electronics,Website,Rohan D.,5,Sturdy build quality and works perfectly.
2024-10-30,Non-Stick Frying Pan 26cm,Home & Living,App Store,Rohan D.,2,Would not recommend. Waste of money.
2024-11-01,Smart LED Desk Lamp,Electronics,Google Reviews,Ravi C.,4,Excellent product. Will buy again.
2024-11-01,Scented Soy Wax Candle,Home & Living,Google Reviews,Ananya G.,4,Very satisfied with my purchase. Fast delivery too.
2024-11-01,Mechanical Keyboard RGB,Electronics,Google Reviews,Suresh B.,3,Average quality. Nothing special.
2024-11-01,Collagen Face Sheet Mask Pack,Beauty,Google Reviews,Meera J.,4,Very satisfied with my purchase. Fast delivery too.
2024-11-01,Cotton Round Neck T-Shirt,Fashion,Google Reviews,Rahul K.,5,Exceeded my expectations. 5 stars!
2024-11-01,Leather Wallet Slim,Fashion,Website,Suresh B.,5,Good value for money. Happy with it.
2024-11-01,Under Eye Cream Dark Circles,Beauty,Amazon,Nisha L.,4,Absolutely love this product! Works exactly as described.
2024-11-02,Memory Foam Pillow,Home & Living,App Store,Deepa M.,4,Good value for money. Happy with it.
2024-11-02,Noise Cancelling Headphones,Electronics,Google Reviews,Suresh B.,2,Does not match the description at all.
2024-11-02,Webcam HD 1080p,Electronics,Website,Priya S.,3,Decent product. Does what it says.
2024-11-03,Natural Aloe Vera Gel 200ml,Beauty,Website,Suresh B.,4,Quality is top notch. Totally worth it.
2024-11-03,Collagen Face Sheet Mask Pack,Beauty,Flipkart,Deepa M.,4,Very satisfied with my purchase. Fast delivery too.
2024-11-03,Laptop Stand Adjustable,Electronics,App Store,Aditya R.,5,Great quality for the price. Highly recommend!
2024-11-03,Bamboo Cutting Board Set,Home & Living,Google Reviews,Vikram T.,5,Sturdy build quality and works perfectly.
2024-11-03,Laptop Stand Adjustable,Electronics,Website,Vikram T.,4,Absolutely love this product! Works exactly as described.
2024-11-03,Stainless Steel Water Bottle 1L,Home & Living,Flipkart,Vikram T.,5,Sturdy build quality and works perfectly.
2024-11-03,Portable Phone Charger 20000mAh,Electronics,App Store,Rahul K.,5,Exceeded my expectations. 5 stars!
2024-11-03,Cotton Round Neck T-Shirt,Fashion,App Store,Meera J.,5,Sturdy build quality and works perfectly.
2024-11-03,Non-Stick Frying Pan 26cm,Home & Living,Amazon,Suresh B.,1,Stopped working after a week. Very disappointed.
2024-11-03,Wireless Bluetooth Earbuds,Electronics,App Store,Rohan D.,5,Great quality for the price. Highly recommend!
2024-11-04,Slim Fit Chino Pants,Fashion,Flipkart,Arjun M.,5,Quality is top notch. Totally worth it.
2024-11-04,Memory Foam Pillow,Home & Living,Amazon,Priya S.,5,Absolutely love this product! Works exactly as described.
2024-11-05,Moisturising Sunscreen SPF50,Beauty,Amazon,Karan V.,3,Its okay. Will use it and see.
2024-11-05,Running Sports Shoes,Fashion,Google Reviews,Ananya G.,4,Absolutely love this product! Works exactly as described.
2024-11-07,Under Eye Cream Dark Circles,Beauty,Website,Suresh B.,4,Very satisfied with my purchase. Fast delivery too.
2024-11-07,Cotton Round Neck T-Shirt,Fashion,Website,Priya S.,4,Excellent product. Will buy again.
2024-11-10,Noise Cancelling Headphones,Electronics,Flipkart,Kavya N.,5,Excellent product. Will buy again.
2024-11-12,Smart LED Desk Lamp,Electronics,Website,Deepa M.,5,Exceeded my expectations. 5 stars!
2024-11-12,Wireless Bluetooth Earbuds,Electronics,App Store,Aditya R.,2,Does not match the description at all.
2024-11-13,Bamboo Cutting Board Set,Home & Living,Website,Ravi C.,5,Very satisfied with my purchase. Fast delivery too.
2024-11-13,Scented Soy Wax Candle,Home & Living,Amazon,Ananya G.,4,Great quality for the price. Highly recommend!
2024-11-13,Webcam HD 1080p,Electronics,Amazon,Priya S.,5,Good value for money. Happy with it.
2024-11-14,Leather Wallet Slim,Fashion,Website,Rahul K.,5,Very satisfied with my purchase. Fast delivery too.
2024-11-15,USB-C Fast Charging Cable,Electronics,Website,Deepa M.,5,Quality is top notch. Totally worth it.
2024-11-16,Wireless Bluetooth Earbuds,Electronics,Flipkart,Sneha P.,5,Very satisfied with my purchase. Fast delivery too.
2024-11-17,Wireless Bluetooth Earbuds,Electronics,Flipkart,Karan V.,5,Excellent product. Will buy again.
2024-11-18,Smart LED Desk Lamp,Electronics,Flipkart,Suresh B.,5,Absolutely love this product! Works exactly as described.
2024-11-19,Webcam HD 1080p,Electronics,Website,Kavya N.,5,Quality is top notch. Totally worth it.
2024-11-20,Smart LED Desk Lamp,Electronics,App Store,Nisha L.,4,Excellent product. Will buy again.
2024-11-21,Stainless Steel Water Bottle 1L,Home & Living,Flipkart,Arjun M.,3,Decent product. Does what it says.
2024-11-22,Cotton Round Neck T-Shirt,Fashion,Amazon,Ananya G.,4,Great quality for the price. Highly recommend!
2024-11-23,Running Sports Shoes,Fashion,Website,Rohan D.,5,Exceeded my expectations. 5 stars!
2024-11-23,Natural Aloe Vera Gel 200ml,Beauty,Google Reviews,Arjun M.,4,Very satisfied with my purchase. Fast delivery too.
2024-11-23,Vitamin C Face Serum 30ml,Beauty,App Store,Karan V.,4,Absolutely love this product! Works exactly as described.
2024-11-23,Casual Denim Jacket,Fashion,Google Reviews,Arjun M.,5,Quality is top notch. Totally worth it.
2024-11-23,Collagen Face Sheet Mask Pack,Beauty,Amazon,Ananya G.,3,Its okay. Will use it and see.
2024-11-23,Running Sports Shoes,Fashion,Amazon,Suresh B.,4,Very satisfied with my purchase. Fast delivery too.
2024-11-24,Wireless Bluetooth Earbuds,Electronics,Website,Suresh B.,5,Sturdy build quality and works perfectly.
2024-11-25,Casual Denim Jacket,Fashion,Google Reviews,Karan V.,4,Very satisfied with my purchase. Fast delivery too.
2024-11-25,Natural Aloe Vera Gel 200ml,Beauty,Flipkart,Aditya R.,4,Excellent product. Will buy again.
2024-11-25,Mechanical Keyboard RGB,Electronics,Amazon,Arjun M.,3,Packaging was a bit damaged but product is fine.
2024-11-25,Non-Stick Frying Pan 26cm,Home & Living,App Store,Suresh B.,3,Packaging was a bit damaged but product is fine.
2024-11-25,Slim Fit Chino Pants,Fashion,Google Reviews,Sneha P.,5,Good value for money. Happy with it.
2024-11-26,Wireless Bluetooth Earbuds,Electronics,App Store,Priya S.,3,Packaging was a bit damaged but product is fine.
2024-11-26,Wireless Bluetooth Earbuds,Electronics,Flipkart,Deepa M.,4,Sturdy build quality and works perfectly.
2024-11-27,Cotton Round Neck T-Shirt,Fashion,App Store,Vikram T.,5,My family loves it. Great purchase.
2024-11-28,Mechanical Keyboard RGB,Electronics,Website,Deepa M.,5,Excellent product. Will buy again.
2024-11-28,Smart LED Desk Lamp,Electronics,Website,Nisha L.,4,Good value for money. Happy with it.
2024-11-28,Portable Phone Charger 20000mAh,Electronics,App Store,Suresh B.,3,Its okay. Will use it and see.
2024-11-28,Memory Foam Pillow,Home & Living,Website,Aditya R.,4,Quality is top notch. Totally worth it.
2024-11-29,Webcam HD 1080p,Electronics,Website,Suresh B.,4,Great quality for the price. Highly recommend!
2024-11-30,Slim Fit Chino Pants,Fashion,Google Reviews,Ravi C.,4,Sturdy build quality and works perfectly.
2024-11-30,Smart LED Desk Lamp,Electronics,Amazon,Karan V.,5,My family loves it. Great purchase.
2024-12-01,Bamboo Cutting Board Set,Home & Living,Amazon,Karan V.,5,Sturdy build quality and works perfectly.
2024-12-02,Natural Aloe Vera Gel 200ml,Beauty,Google Reviews,Suresh B.,3,Decent product. Does what it says.
2024-12-02,Memory Foam Pillow,Home & Living,App Store,Suresh B.,2,Does not match the description at all.
2024-12-03,Under Eye Cream Dark Circles,Beauty,App Store,Ravi C.,2,Poor quality. Not worth the price.
2024-12-05,Portable Phone Charger 20000mAh,Electronics,Google Reviews,Deepa M.,4,Excellent product. Will buy again.
2024-12-05,Bamboo Cutting Board Set,Home & Living,Flipkart,Deepa M.,4,Sturdy build quality and works perfectly.
2024-12-05,Slim Fit Chino Pants,Fashion,Website,Sneha P.,4,Excellent product. Will buy again.
2024-12-06,Smart LED Desk Lamp,Electronics,Amazon,Nisha L.,1,Does not match the description at all.
2024-12-07,Vitamin C Face Serum 30ml,Beauty,App Store,Karan V.,4,Works like a charm. Very pleased.
2024-12-07,Non-Stick Frying Pan 26cm,Home & Living,Amazon,Rohan D.,5,My family loves it. Great purchase.
2024-12-07,Portable Phone Charger 20000mAh,Electronics,Google Reviews,Rohan D.,5,Absolutely love this product! Works exactly as described.
2024-12-08,Bamboo Cutting Board Set,Home & Living,Website,Vikram T.,3,Average quality. Nothing special.
2024-12-08,Leather Wallet Slim,Fashion,Website,Rohan D.,5,Exceeded my expectations. 5 stars!
2024-12-09,Webcam HD 1080p,Electronics,Flipkart,Karan V.,4,Absolutely love this product! Works exactly as described.
2024-12-09,Natural Aloe Vera Gel 200ml,Beauty,App Store,Arjun M.,5,Very satisfied with my purchase. Fast delivery too.
2024-12-10,Laptop Stand Adjustable,Electronics,Website,Arjun M.,4,Very satisfied with my purchase. Fast delivery too.
2024-12-10,Vitamin C Face Serum 30ml,Beauty,Website,Aditya R.,4,Sturdy build quality and works perfectly.
2024-12-10,Smart LED Desk Lamp,Electronics,Flipkart,Kavya N.,4,Sturdy build quality and works perfectly.
2024-12-11,Leather Wallet Slim,Fashion,App Store,Ananya G.,2,Would not recommend. Waste of money.
2024-12-12,Bamboo Cutting Board Set,Home & Living,Google Reviews,Ananya G.,5,Works like a charm. Very pleased.
2024-12-12,Noise Cancelling Headphones,Electronics,App Store,Ananya G.,4,Absolutely love this product! Works exactly as described.
2024-12-12,Non-Stick Frying Pan 26cm,Home & Living,Google Reviews,Deepa M.,5,Quality is top notch. Totally worth it.
2024-12-12,Leather Wallet Slim,Fashion,App Store,Rohan D.,4,Sturdy build quality and works perfectly.
2024-12-12,Moisturising Sunscreen SPF50,Beauty,Flipkart,Arjun M.,3,Average quality. Nothing special.
2024-12-12,Cotton Round Neck T-Shirt,Fashion,Amazon,Sneha P.,5,Quality is top notch. Totally worth it.
2024-12-13,Collagen Face Sheet Mask Pack,Beauty,Google Reviews,Priya S.,5,Excellent product. Will buy again.
2024-12-13,Mechanical Keyboard RGB,Electronics,Google Reviews,Nisha L.,3,Works as expected. No complaints.
2024-12-13,Collagen Face Sheet Mask Pack,Beauty,Flipkart,Priya S.,5,Quality is top notch. Totally worth it.
2024-12-14,Non-Stick Frying Pan 26cm,Home & Living,App Store,Ravi C.,5,Excellent product. Will buy again.
2024-12-14,Webcam HD 1080p,Electronics,Amazon,Ananya G.,5,Sturdy build quality and works perfectly.
2024-12-14,USB-C Fast Charging Cable,Electronics,Website,Rohan D.,3,Works as expected. No complaints.
2024-12-15,Laptop Stand Adjustable,Electronics,App Store,Aditya R.,3,Its okay. Will use it and see.
2024-12-15,Casual Denim Jacket,Fashion,Amazon,Nisha L.,4,Excellent product. Will buy again.
2024-12-15,Noise Cancelling Headphones,Electronics,Google Reviews,Ananya G.,5,Good value for money. Happy with it.
2024-12-16,Moisturising Sunscreen SPF50,Beauty,App Store,Priya S.,5,Absolutely love this product! Works exactly as described.
2024-12-16,Webcam HD 1080p,Electronics,App Store,Arjun M.,4,Excellent product. Will buy again.
2024-12-18,Under Eye Cream Dark Circles,Beauty,Google Reviews,Rohan D.,3,Okay for the price. Could be better.
2024-12-18,Stainless Steel Water Bottle 1L,Home & Living,Amazon,Priya S.,5,Absolutely love this product! Works exactly as described.
2024-12-18,Cotton Round Neck T-Shirt,Fashion,Amazon,Rohan D.,5,Great quality for the price. Highly recommend!
2024-12-18,Leather Wallet Slim,Fashion,Google Reviews,Ananya G.,5,Works like a charm. Very pleased.
2024-12-21,Portable Phone Charger 20000mAh,Electronics,Amazon,Ananya G.,5,Absolutely love this product! Works exactly as described.
2024-12-21,USB-C Fast Charging Cable,Electronics,Flipkart,Vikram T.,5,Works like a charm. Very pleased.
2024-12-21,Moisturising Sunscreen SPF50,Beauty,Website,Suresh B.,5,Works like a charm. Very pleased.
2024-12-22,Noise Cancelling Headphones,Electronics,App Store,Karan V.,5,Quality is top notch. Totally worth it.
2024-12-22,Noise Cancelling Headphones,Electronics,Amazon,Ananya G.,5,Exceeded my expectations. 5 stars!
2024-12-23,Noise Cancelling Headphones,Electronics,Flipkart,Ravi C.,4,Absolutely love this product! Works exactly as described.
2024-12-23,Collagen Face Sheet Mask Pack,Beauty,Google Reviews,Rohan D.,3,Okay for the price. Could be better.
2024-12-24,Wireless Bluetooth Earbuds,Electronics,Flipkart,Rahul K.,1,Broke after first use. Very fragile.
2024-12-25,Portable Phone Charger 20000mAh,Electronics,Amazon,Ananya G.,4,Very satisfied with my purchase. Fast delivery too.
2024-12-26,Moisturising Sunscreen SPF50,Beauty,Website,Aditya R.,3,"Not bad, but not great either."
2024-12-26,Stainless Steel Water Bottle 1L,Home & Living,Google Reviews,Deepa M.,5,Great quality for the price. Highly recommend!
2024-12-27,Collagen Face Sheet Mask Pack,Beauty,Flipkart,Vikram T.,3,Packaging was a bit damaged but product is fine.
2024-12-27,Noise Cancelling Headphones,Electronics,Amazon,Karan V.,3,Its okay. Will use it and see.
2024-12-28,Memory Foam Pillow,Home & Living,App Store,Arjun M.,5,Works like a charm. Very pleased.
2024-12-28,Natural Aloe Vera Gel 200ml,Beauty,Google Reviews,Nisha L.,4,Very satisfied with my purchase. Fast delivery too.
2024-12-29,Wireless Bluetooth Earbuds,Electronics,Flipkart,Priya S.,5,Very satisfied with my purchase. Fast delivery too.
2024-12-30,Vitamin C Face Serum 30ml,Beauty,Website,Meera J.,5,Absolutely love this product! Works exactly as described.
2024-12-31,Smart LED Desk Lamp,Electronics,App Store,Rohan D.,5,Good value for money. Happy with it.
2024-12-31,USB-C Fast Charging Cable,Electronics,Flipkart,Deepa M.,4,Good value for money. Happy with it.
2024-12-31,Bamboo Cutting Board Set,Home & Living,Google Reviews,Meera J.,5,Very satisfied with my purchase. Fast delivery too.
2024-12-31,Webcam HD 1080p,Electronics,Google Reviews,Deepa M.,4,Quality is top notch. Totally worth it.
2025-01-01,Under Eye Cream Dark Circles,Beauty,Amazon,Priya S.,3,Its okay. Will use it and see.
2025-01-02,Non-Stick Frying Pan 26cm,Home & Living,Website,Ananya G.,4,Excellent product. Will buy again.
2025-01-02,Smart LED Desk Lamp,Electronics,Google Reviews,Ravi C.,4,Absolutely love this product! Works exactly as described.
2025-01-02,Moisturising Sunscreen SPF50,Beauty,Google Reviews,Ananya G.,5,Excellent product. Will buy again.
2025-01-03,Casual Denim Jacket,Fashion,Flipkart,Suresh B.,4,Good value for money. Happy with it.
2025-01-05,Leather Wallet Slim,Fashion,App Store,Vikram T.,4,Sturdy build quality and works perfectly.
2025-01-05,Natural Aloe Vera Gel 200ml,Beauty,Flipkart,Deepa M.,5,Good value for money. Happy with it.
2025-01-06,Sunglasses UV400 Polarized,Fashion,Amazon,Rahul K.,3,Average quality. Nothing special.
2025-01-06,Under Eye Cream Dark Circles,Beauty,Website,Deepa M.,4,Excellent product. Will buy again.
2025-01-07,Casual Denim Jacket,Fashion,App Store,Ravi C.,5,Quality is top notch. Totally worth it.
2025-01-07,Webcam HD 1080p,Electronics,Website,Rahul K.,5,Quality is top notch. Totally worth it.
2025-01-07,Webcam HD 1080p,Electronics,Google Reviews,Karan V.,5,Quality is top notch. Totally worth it.
2025-01-07,Memory Foam Pillow,Home & Living,Flipkart,Rohan D.,5,Quality is top notch. Totally worth it.
2025-01-08,Webcam HD 1080p,Electronics,App Store,Sneha P.,3,Decent product. Does what it says.
2025-01-08,Natural Aloe Vera Gel 200ml,Beauty,Google Reviews,Arjun M.,3,Okay for the price. Could be better.
2025-01-09,Non-Stick Frying Pan 26cm,Home & Living,Website,Karan V.,2,Poor quality. Not worth the price.
2025-01-11,Casual Denim Jacket,Fashion,Amazon,Kavya N.,5,Good value for money. Happy with it.
2025-01-12,Under Eye Cream Dark Circles,Beauty,Amazon,Kavya N.,5,Good value for money. Happy with it.
2025-01-13,Natural Aloe Vera Gel 200ml,Beauty,Flipkart,Rahul K.,5,Works like a charm. Very pleased.
2025-01-13,Collagen Face Sheet Mask Pack,Beauty,Flipkart,Rohan D.,5,Great quality for the price. Highly recommend!
2025-01-13,Portable Phone Charger 20000mAh,Electronics,Website,Karan V.,3,Packaging was a bit damaged but product is fine.
2025-01-14,Non-Stick Frying Pan 26cm,Home & Living,App Store,Arjun M.,5,Excellent product. Will buy again.
2025-01-14,Leather Wallet Slim,Fashion,Google Reviews,Rohan D.,5,Sturdy build quality and works perfectly.
2025-01-14,Vitamin C Face Serum 30ml,Beauty,Amazon,Aditya R.,4,Absolutely love this product! Works exactly as described.
2025-01-14,Scented Soy Wax Candle,Home & Living,Amazon,Suresh B.,4,Works like a charm. Very pleased.
2025-01-14,Leather Wallet Slim,Fashion,Google Reviews,Priya S.,4,Excellent product. Will buy again.
2025-01-14,Mechanical Keyboard RGB,Electronics,Website,Nisha L.,5,Good value for money. Happy with it.
2025-01-15,Webcam HD 1080p,Electronics,App Store,Ravi C.,4,Excellent product. Will buy again.
2025-01-15,Cotton Round Neck T-Shirt,Fashion,Amazon,Meera J.,5,Very satisfied with my purchase. Fast delivery too.
2025-01-15,USB-C Fast Charging Cable,Electronics,App Store,Sneha P.,4,Excellent product. Will buy again.
2025-01-15,Stainless Steel Water Bottle 1L,Home & Living,Website,Vikram T.,5,Very satisfied with my purchase. Fast delivery too.
2025-01-15,Wireless Bluetooth Earbuds,Electronics,Flipkart,Nisha L.,5,Quality is top notch. Totally worth it.
2025-01-16,Natural Aloe Vera Gel 200ml,Beauty,Website,Suresh B.,5,Absolutely love this product! Works exactly as described.
2025-01-16,Under Eye Cream Dark Circles,Beauty,Website,Vikram T.,5,Excellent product. Will buy again.
2025-01-16,USB-C Fast Charging Cable,Electronics,Website,Deepa M.,4,Works like a charm. Very pleased.
2025-01-16,Cotton Round Neck T-Shirt,Fashion,Google Reviews,Ravi C.,5,Exceeded my expectations. 5 stars!
2025-01-16,Portable Phone Charger 20000mAh,Electronics,Flipkart,Meera J.,2,Would not recommend. Waste of money.
2025-01-17,Wireless Bluetooth Earbuds,Electronics,App Store,Rahul K.,4,Very satisfied with my purchase. Fast delivery too.
2025-01-17,Non-Stick Frying Pan 26cm,Home & Living,Flipkart,Ravi C.,4,Quality is top notch. Totally worth it.
2025-01-17,Moisturising Sunscreen SPF50,Beauty,Flipkart,Aditya R.,4,Sturdy build quality and works perfectly.
2025-01-17,Memory Foam Pillow,Home & Living,App Store,Kavya N.,5,Absolutely love this product! Works exactly as described.
2025-01-17,Portable Phone Charger 20000mAh,Electronics,Amazon,Karan V.,4,Sturdy build quality and works perfectly.
2025-01-18,Vitamin C Face Serum 30ml,Beauty,Amazon,Rohan D.,5,Works like a charm. Very pleased.
2025-01-18,Noise Cancelling Headphones,Electronics,Google Reviews,Kavya N.,3,Decent product. Does what it says.
2025-01-19,Scented Soy Wax Candle,Home & Living,Website,Priya S.,3,Its okay. Will use it and see.
2025-01-19,Cotton Round Neck T-Shirt,Fashion,Amazon,Aditya R.,5,My family loves it. Great purchase.
2025-01-20,Running Sports Shoes,Fashion,App Store,Vikram T.,3,"Not bad, but not great either."
2025-01-20,Vitamin C Face Serum 30ml,Beauty,Flipkart,Ravi C.,1,Customer support was unhelpful.
2025-01-20,Natural Aloe Vera Gel 200ml,Beauty,Flipkart,Priya S.,3,"Not bad, but not great either."
2025-01-20,Natural Aloe Vera Gel 200ml,Beauty,Google Reviews,Karan V.,2,Customer support was unhelpful.
2025-01-20,Slim Fit Chino Pants,Fashion,Flipkart,Rohan D.,4,Sturdy build quality and works perfectly.
2025-01-21,Natural Aloe Vera Gel 200ml,Beauty,Amazon,Rahul K.,4,Sturdy build quality and works perfectly.
2025-01-21,Casual Denim Jacket,Fashion,Amazon,Kavya N.,4,Absolutely love this product! Works exactly as described.
2025-01-21,Memory Foam Pillow,Home & Living,Website,Priya S.,5,Exceeded my expectations. 5 stars!
2025-01-21,Wireless Bluetooth Earbuds,Electronics,Amazon,Aditya R.,5,Very satisfied with my purchase. Fast delivery too.
2025-01-22,Bamboo Cutting Board Set,Home & Living,Amazon,Ananya G.,5,Very satisfied with my purchase. Fast delivery too.
2025-01-22,Portable Phone Charger 20000mAh,Electronics,Website,Rahul K.,5,Works like a charm. Very pleased.
2025-01-22,Laptop Stand Adjustable,Electronics,Flipkart,Arjun M.,5,Excellent product. Will buy again.
2025-01-22,Portable Phone Charger 20000mAh,Electronics,App Store,Suresh B.,5,Quality is top notch. Totally worth it.
2025-01-23,Noise Cancelling Headphones,Electronics,Website,Aditya R.,5,Excellent product. Will buy again.
2025-01-24,Scented Soy Wax Candle,Home & Living,Amazon,Sneha P.,5,Sturdy build quality and works perfectly.
2025-01-24,Under Eye Cream Dark Circles,Beauty,Website,Aditya R.,5,Very satisfied with my purchase. Fast delivery too.
2025-01-24,Sunglasses UV400 Polarized,Fashion,Google Reviews,Ananya G.,3,Works as expected. No complaints.
2025-01-25,Portable Phone Charger 20000mAh,Electronics,App Store,Ananya G.,5,Very satisfied with my purchase. Fast delivery too.
2025-01-25,Under Eye Cream Dark Circles,Beauty,App Store,Arjun M.,3,Average quality. Nothing special.
2025-01-25,Wireless Bluetooth Earbuds,Electronics,Website,Aditya R.,5,My family loves it. Great purchase.
2025-01-26,Sunglasses UV400 Polarized,Fashion,Amazon,Nisha L.,1,Stopped working after a week. Very disappointed.
2025-01-26,Slim Fit Chino Pants,Fashion,App Store,Karan V.,3,Okay for the price. Could be better.
2025-01-26,Laptop Stand Adjustable,Electronics,Google Reviews,Nisha L.,5,Works like a charm. Very pleased.
2025-01-26,Under Eye Cream Dark Circles,Beauty,Amazon,Rohan D.,5,Good value for money. Happy with it.
2025-01-27,Slim Fit Chino Pants,Fashion,Amazon,Priya S.,5,Quality is top notch. Totally worth it.
2025-01-28,Mechanical Keyboard RGB,Electronics,App Store,Arjun M.,3,"Not bad, but not great either."
2025-01-28,Scented Soy Wax Candle,Home & Living,Flipkart,Deepa M.,1,Would not recommend. Waste of money.
2025-01-28,Cotton Round Neck T-Shirt,Fashion,Amazon,Nisha L.,4,Quality is top notch. Totally worth it.
2025-01-28,Under Eye Cream Dark Circles,Beauty,App Store,Vikram T.,3,"Not bad, but not great either."
2025-01-28,Mechanical Keyboard RGB,Electronics,Website,Rohan D.,3,"Not bad, but not great either."
2025-01-28,Sunglasses UV400 Polarized,Fashion,Amazon,Suresh B.,5,Excellent product. Will buy again.
2025-01-28,Natural Aloe Vera Gel 200ml,Beauty,Flipkart,Rahul K.,5,Very satisfied with my purchase. Fast delivery too.
2025-01-28,Casual Denim Jacket,Fashion,Flipkart,Nisha L.,3,Its okay. Will use it and see.
2025-01-28,Webcam HD 1080p,Electronics,Google Reviews,Meera J.,2,Expected better. Returned the product.
2025-01-29,Wireless Bluetooth Earbuds,Electronics,Google Reviews,Arjun M.,5,Exceeded my expectations. 5 stars!
2025-01-29,Portable Phone Charger 20000mAh,Electronics,Google Reviews,Vikram T.,5,Good value for money. Happy with it.
2025-01-29,Stainless Steel Water Bottle 1L,Home & Living,Flipkart,Deepa M.,4,Good value for money. Happy with it.
2025-01-30,Memory Foam Pillow,Home & Living,Google Reviews,Rahul K.,4,Works like a charm. Very pleased.
2025-01-31,Slim Fit Chino Pants,Fashion,App Store,Priya S.,5,Sturdy build quality and works perfectly.
2025-01-31,Noise Cancelling Headphones,Electronics,Amazon,Suresh B.,3,Its okay. Will use it and see.
2025-01-31,Slim Fit Chino Pants,Fashion,Flipkart,Suresh B.,3,"Not bad, but not great either."
2025-02-01,Smart LED Desk Lamp,Electronics,App Store,Deepa M.,1,Poor quality. Not worth the price.
2025-02-01,Natural Aloe Vera Gel 200ml,Beauty,Flipkart,Karan V.,5,Great quality for the price. Highly recommend!
2025-02-01,Memory Foam Pillow,Home & Living,Amazon,Arjun M.,4,Very satisfied with my purchase. Fast delivery too.
2025-02-01,Natural Aloe Vera Gel 200ml,Beauty,Amazon,Ravi C.,1,Does not match the description at all.
2025-02-01,Non-Stick Frying Pan 26cm,Home & Living,Amazon,Priya S.,3,Works as expected. No complaints.
2025-02-02,Running Sports Shoes,Fashion,Flipkart,Kavya N.,5,My family loves it. Great purchase.
2025-02-03,Moisturising Sunscreen SPF50,Beauty,App Store,Aditya R.,4,Excellent product. Will buy again.
2025-02-03,Non-Stick Frying Pan 26cm,Home & Living,Amazon,Kavya N.,5,Quality is top notch. Totally worth it.
2025-02-03,Mechanical Keyboard RGB,Electronics,App Store,Rohan D.,4,Good value for money. Happy with it.
2025-02-03,Sunglasses UV400 Polarized,Fashion,Website,Vikram T.,5,Works like a charm. Very pleased.
2025-02-04,Non-Stick Frying Pan 26cm,Home & Living,Google Reviews,Deepa M.,3,Its okay. Will use it and see.
2025-02-05,Mechanical Keyboard RGB,Electronics,Flipkart,Ananya G.,4,Great quality for the price. Highly recommend!
2025-02-06,Leather Wallet Slim,Fashion,Flipkart,Aditya R.,3,Its okay. Will use it and see.
2025-02-06,Webcam HD 1080p,Electronics,Flipkart,Vikram T.,5,Great quality for the price. Highly recommend!
2025-02-07,Mechanical Keyboard RGB,Electronics,Amazon,Ananya G.,3,Okay for the price. Could be better.
2025-02-07,Mechanical Keyboard RGB,Electronics,Flipkart,Ravi C.,3,Okay for the price. Could be better.
2025-02-07,Casual Denim Jacket,Fashion,Flipkart,Deepa M.,2,Customer support was unhelpful.
2025-02-09,Non-Stick Frying Pan 26cm,Home & Living,App Store,Ravi C.,5,Sturdy build quality and works perfectly.
2025-02-09,Non-Stick Frying Pan 26cm,Home & Living,Flipkart,Deepa M.,3,Okay for the price. Could be better.
2025-02-09,Webcam HD 1080p,Electronics,Amazon,Nisha L.,5,Works like a charm. Very pleased.
2025-02-10,Mechanical Keyboard RGB,Electronics,Flipkart,Rohan D.,5,My family loves it. Great purchase.
2025-02-11,Sunglasses UV400 Polarized,Fashion,Website,Aditya R.,5,Quality is top notch. Totally worth it.
2025-02-13,Slim Fit Chino Pants,Fashion,App Store,Ravi C.,4,Very satisfied with my purchase. Fast delivery too.
2025-02-13,Smart LED Desk Lamp,Electronics,App Store,Kavya N.,5,My family loves it. Great purchase.
2025-02-13,Portable Phone Charger 20000mAh,Electronics,Amazon,Vikram T.,3,Packaging was a bit damaged but product is fine.
2025-02-13,Bamboo Cutting Board Set,Home & Living,Google Reviews,Karan V.,4,Quality is top notch. Totally worth it.
2025-02-14,Scented Soy Wax Candle,Home & Living,Flipkart,Arjun M.,5,Exceeded my expectations. 5 stars!
2025-02-14,Non-Stick Frying Pan 26cm,Home & Living,App Store,Arjun M.,4,Great quality for the price. Highly recommend!
2025-02-14,Smart LED Desk Lamp,Electronics,Website,Deepa M.,4,Very satisfied with my purchase. Fast delivery too.
2025-02-14,Slim Fit Chino Pants,Fashion,Amazon,Vikram T.,4,Sturdy build quality and works perfectly.
2025-02-14,Natural Aloe Vera Gel 200ml,Beauty,Website,Aditya R.,5,Excellent product. Will buy again.
2025-02-14,Vitamin C Face Serum 30ml,Beauty,Flipkart,Meera J.,5,Absolutely love this product! Works exactly as described.
2025-02-15,Bamboo Cutting Board Set,Home & Living,Google Reviews,Kavya N.,5,Absolutely love this product! Works exactly as described.
2025-02-16,Smart LED Desk Lamp,Electronics,App Store,Rahul K.,4,Great quality for the price. Highly recommend!
2025-02-16,Stainless Steel Water Bottle 1L,Home & Living,App Store,Aditya R.,3,"Not bad, but not great either."
2025-02-16,Laptop Stand Adjustable,Electronics,Flipkart,Nisha L.,5,Good value for money. Happy with it.
2025-02-16,Stainless Steel Water Bottle 1L,Home & Living,App Store,Ravi C.,4,Sturdy build quality and works perfectly.
2025-02-16,Non-Stick Frying Pan 26cm,Home & Living,Website,Rohan D.,4,Excellent product. Will buy again.
2025-02-17,Bamboo Cutting Board Set,Home & Living,Website,Deepa M.,5,Works like a charm. Very pleased.
2025-02-18,Scented Soy Wax Candle,Home & Living,Flipkart,Ravi C.,5,Quality is top notch. Totally worth it.
2025-02-18,Slim Fit Chino Pants,Fashion,Flipkart,Suresh B.,3,Packaging was a bit damaged but product is fine.
2025-02-19,Cotton Round Neck T-Shirt,Fashion,App Store,Suresh B.,5,Sturdy build quality and works perfectly.
2025-02-20,Noise Cancelling Headphones,Electronics,Amazon,Arjun M.,5,Quality is top notch. Totally worth it.
2025-02-20,Vitamin C Face Serum 30ml,Beauty,Google Reviews,Ravi C.,5,Works like a charm. Very pleased.
2025-02-21,Slim Fit Chino Pants,Fashion,Website,Ananya G.,4,Excellent product. Will buy again.
2025-02-21,Mechanical Keyboard RGB,Electronics,App Store,Vikram T.,5,Works like a charm. Very pleased.
2025-02-21,Sunglasses UV400 Polarized,Fashion,Google Reviews,Nisha L.,5,Exceeded my expectations. 5 stars!
2025-02-21,Casual Denim Jacket,Fashion,App Store,Nisha L.,4,Great quality for the price. Highly recommend!
2025-02-22,Casual Denim Jacket,Fashion,App Store,Vikram T.,5,Sturdy build quality and works perfectly.
2025-02-23,Sunglasses UV400 Polarized,Fashion,Website,Meera J.,5,My family loves it. Great purchase.
2025-02-24,Portable Phone Charger 20000mAh,Electronics,Website,Priya S.,5,Excellent product. Will buy again.
2025-02-24,Noise Cancelling Headphones,Electronics,Flipkart,Rohan D.,4,Very satisfied with my purchase. Fast delivery too.
2025-02-25,Casual Denim Jacket,Fashion,Google Reviews,Kavya N.,3,Average quality. Nothing special.
2025-02-25,Moisturising Sunscreen SPF50,Beauty,Website,Suresh B.,4,Good value for money. Happy with it.
2025-02-26,Portable Phone Charger 20000mAh,Electronics,App Store,Rahul K.,4,Sturdy build quality and works perfectly.
2025-02-26,Leather Wallet Slim,Fashion,Website,Meera J.,4,Excellent product. Will buy again.
2025-02-27,Cotton Round Neck T-Shirt,Fashion,App Store,Nisha L.,4,Absolutely love this product! Works exactly as described.
2025-02-27,Memory Foam Pillow,Home & Living,Website,Suresh B.,2,Poor quality. Not worth the price.
2025-02-28,Bamboo Cutting Board Set,Home & Living,Website,Rohan D.,5,My family loves it. Great purchase.
2025-02-28,Sunglasses UV400 Polarized,Fashion,Amazon,Arjun M.,4,Sturdy build quality and works perfectly.
2025-03-01,Smart LED Desk Lamp,Electronics,Amazon,Arjun M.,1,Stopped working after a week. Very disappointed.
2025-03-01,Sunglasses UV400 Polarized,Fashion,App Store,Kavya N.,4,Quality is top notch. Totally worth it.
2025-03-02,Sunglasses UV400 Polarized,Fashion,App Store,Meera J.,5,Good value for money. Happy with it.
2025-03-03,USB-C Fast Charging Cable,Electronics,Amazon,Ananya G.,4,Absolutely love this product! Works exactly as described.
2025-03-04,Non-Stick Frying Pan 26cm,Home & Living,App Store,Karan V.,4,Sturdy build quality and works perfectly.
2025-03-04,Collagen Face Sheet Mask Pack,Beauty,Google Reviews,Aditya R.,5,Works like a charm. Very pleased.
2025-03-04,Bamboo Cutting Board Set,Home & Living,Google Reviews,Priya S.,4,Very satisfied with my purchase. Fast delivery too.
2025-03-04,Noise Cancelling Headphones,Electronics,Flipkart,Meera J.,2,Expected better. Returned the product.
2025-03-04,Moisturising Sunscreen SPF50,Beauty,App Store,Priya S.,4,Excellent product. Will buy again.
2025-03-04,USB-C Fast Charging Cable,Electronics,App Store,Nisha L.,5,Absolutely love this product! Works exactly as described.
2025-03-05,Portable Phone Charger 20000mAh,Electronics,App Store,Rohan D.,5,Sturdy build quality and works perfectly.
2025-03-05,Bamboo Cutting Board Set,Home & Living,Website,Ananya G.,5,Absolutely love this product! Works exactly as described.
2025-03-05,Stainless Steel Water Bottle 1L,Home & Living,Flipkart,Rohan D.,4,Works like a charm. Very pleased.
2025-03-05,Cotton Round Neck T-Shirt,Fashion,Flipkart,Kavya N.,4,Very satisfied with my purchase. Fast delivery too.
2025-03-06,Vitamin C Face Serum 30ml,Beauty,Amazon,Arjun M.,3,Average quality. Nothing special.
2025-03-06,Cotton Round Neck T-Shirt,Fashion,App Store,Sneha P.,1,Stopped working after a week. Very disappointed.
2025-03-06,Smart LED Desk Lamp,Electronics,Google Reviews,Rohan D.,4,Very satisfied with my purchase. Fast delivery too.
2025-03-06,Non-Stick Frying Pan 26cm,Home & Living,App Store,Suresh B.,5,Works like a charm. Very pleased.
2025-03-07,Vitamin C Face Serum 30ml,Beauty,Website,Ravi C.,4,Absolutely love this product! Works exactly as described.
2025-03-07,Smart LED Desk Lamp,Electronics,Amazon,Vikram T.,5,Good value for money. Happy with it.
2025-03-07,USB-C Fast Charging Cable,Electronics,Flipkart,Rahul K.,4,Absolutely love this product! Works exactly as described.
2025-03-07,Sunglasses UV400 Polarized,Fashion,Website,Suresh B.,5,Quality is top notch. Totally worth it.
2025-03-07,Laptop Stand Adjustable,Electronics,Google Reviews,Arjun M.,1,Broke after first use. Very fragile.
2025-03-08,Bamboo Cutting Board Set,Home & Living,Website,Ananya G.,4,Works like a charm. Very pleased.
2025-03-08,Stainless Steel Water Bottle 1L,Home & Living,Website,Ravi C.,4,Great quality for the price. Highly recommend!
2025-03-08,Natural Aloe Vera Gel 200ml,Beauty,Website,Aditya R.,5,My family loves it. Great purchase.
2025-03-08,Natural Aloe Vera Gel 200ml,Beauty,Google Reviews,Rahul K.,1,Broke after first use. Very fragile.
2025-03-08,Portable Phone Charger 20000mAh,Electronics,Google Reviews,Aditya R.,5,Excellent product. Will buy again.
2025-03-08,Leather Wallet Slim,Fashion,Website,Rahul K.,4,Great quality for the price. Highly recommend!
2025-03-09,Scented Soy Wax Candle,Home & Living,Website,Rohan D.,5,Exceeded my expectations. 5 stars!
2025-03-09,USB-C Fast Charging Cable,Electronics,Flipkart,Deepa M.,4,Absolutely love this product! Works exactly as described.
2025-03-09,Stainless Steel Water Bottle 1L,Home & Living,Amazon,Vikram T.,3,Its okay. Will use it and see.
2025-03-10,Portable Phone Charger 20000mAh,Electronics,App Store,Suresh B.,5,Good value for money. Happy with it.
2025-03-11,Portable Phone Charger 20000mAh,Electronics,Amazon,Ravi C.,4,Good value for money. Happy with it.
2025-03-11,Portable Phone Charger 20000mAh,Electronics,App Store,Ravi C.,4,Good value for money. Happy with it.
2025-03-11,Casual Denim Jacket,Fashion,Flipkart,Aditya R.,4,Quality is top notch. Totally worth it.
2025-03-12,Laptop Stand Adjustable,Electronics,App Store,Karan V.,4,Very satisfied with my purchase. Fast delivery too.
2025-03-12,Wireless Bluetooth Earbuds,Electronics,Website,Rohan D.,4,Good value for money. Happy with it.
2025-03-12,Portable Phone Charger 20000mAh,Electronics,App Store,Nisha L.,5,Absolutely love this product! Works exactly as described.
2025-03-13,Slim Fit Chino Pants,Fashion,Flipkart,Vikram T.,5,Very satisfied with my purchase. Fast delivery too.
2025-03-14,Laptop Stand Adjustable,Electronics,Flipkart,Suresh B.,5,Absolutely love this product! Works exactly as described.
2025-03-14,Leather Wallet Slim,Fashion,Google Reviews,Ananya G.,5,Works like a charm. Very pleased.
2025-03-15,Webcam HD 1080p,Electronics,App Store,Arjun M.,5,Exceeded my expectations. 5 stars!
2025-03-15,Cotton Round Neck T-Shirt,Fashion,Flipkart,Arjun M.,1,Broke after first use. Very fragile.
2025-03-16,USB-C Fast Charging Cable,Electronics,Flipkart,Sneha P.,4,Sturdy build quality and works perfectly.
2025-03-16,Running Sports Shoes,Fashion,App Store,Rohan D.,5,Works like a charm. Very pleased.
2025-03-16,Laptop Stand Adjustable,Electronics,Google Reviews,Arjun M.,5,Good value for money. Happy with it.
2025-03-16,Scented Soy Wax Candle,Home & Living,Website,Karan V.,3,Decent product. Does what it says.
2025-03-16,Portable Phone Charger 20000mAh,Electronics,Website,Ananya G.,4,Great quality for the price. Highly recommend!
2025-03-17,Portable Phone Charger 20000mAh,Electronics,Amazon,Suresh B.,3,Okay for the price. Could be better.
2025-03-17,Stainless Steel Water Bottle 1L,Home & Living,Flipkart,Kavya N.,5,Works like a charm. Very pleased.
2025-03-19,Webcam HD 1080p,Electronics,Flipkart,Rahul K.,4,Very satisfied with my purchase. Fast delivery too.
2025-03-19,Vitamin C Face Serum 30ml,Beauty,App Store,Sneha P.,5,Excellent product. Will buy again.
2025-03-19,Non-Stick Frying Pan 26cm,Home & Living,Amazon,Ananya G.,4,Absolutely love this product! Works exactly as described.
2025-03-19,Stainless Steel Water Bottle 1L,Home & Living,Website,Suresh B.,5,Great quality for the price. Highly recommend!
2025-03-20,Wireless Bluetooth Earbuds,Electronics,App Store,Ananya G.,4,Very satisfied with my purchase. Fast delivery too.
2025-03-20,Slim Fit Chino Pants,Fashion,Amazon,Rohan D.,5,Great quality for the price. Highly recommend!
2025-03-21,Mechanical Keyboard RGB,Electronics,Flipkart,Arjun M.,5,Very satisfied with my purchase. Fast delivery too.
2025-03-21,Slim Fit Chino Pants,Fashion,Google Reviews,Karan V.,5,Great quality for the price. Highly recommend!
2025-03-21,Under Eye Cream Dark Circles,Beauty,Website,Rahul K.,5,Absolutely love this product! Works exactly as described.
2025-03-23,Natural Aloe Vera Gel 200ml,Beauty,Flipkart,Vikram T.,4,Great quality for the price. Highly recommend!
2025-03-23,Collagen Face Sheet Mask Pack,Beauty,Flipkart,Ananya G.,3,Works as expected. No complaints.
2025-03-25,Noise Cancelling Headphones,Electronics,App Store,Priya S.,5,Works like a charm. Very pleased.
2025-03-25,Webcam HD 1080p,Electronics,App Store,Vikram T.,5,Sturdy build quality and works perfectly.
2025-03-26,Casual Denim Jacket,Fashion,Amazon,Vikram T.,5,My family loves it. Great purchase.
2025-03-26,Running Sports Shoes,Fashion,Amazon,Deepa M.,1,Poor quality. Not worth the price.
2025-03-26,Scented Soy Wax Candle,Home & Living,Flipkart,Ananya G.,5,Works like a charm. Very pleased.
2025-03-27,Wireless Bluetooth Earbuds,Electronics,App Store,Aditya R.,5,Good value for money. Happy with it.
2025-03-28,Casual Denim Jacket,Fashion,Website,Rahul K.,4,Quality is top notch. Totally worth it.
2025-03-28,Webcam HD 1080p,Electronics,Flipkart,Nisha L.,2,Would not recommend. Waste of money.
2025-03-28,Wireless Bluetooth Earbuds,Electronics,Flipkart,Ananya G.,5,Absolutely love this product! Works exactly as described.
2025-03-29,Wireless Bluetooth Earbuds,Electronics,Flipkart,Suresh B.,4,Absolutely love this product! Works exactly as described.
2025-03-29,Smart LED Desk Lamp,Electronics,Flipkart,Aditya R.,5,Sturdy build quality and works perfectly.
2025-03-30,Cotton Round Neck T-Shirt,Fashion,Amazon,Suresh B.,4,Good value for money. Happy with it.
2025-03-30,Portable Phone Charger 20000mAh,Electronics,App Store,Rohan D.,5,Great quality for the price. Highly recommend!
2025-03-30,Wireless Bluetooth Earbuds,Electronics,Website,Aditya R.,2,Would not recommend. Waste of money.
2025-03-30,Memory Foam Pillow,Home & Living,Website,Nisha L.,5,Absolutely love this product! Works exactly as described.
2025-03-31,Collagen Face Sheet Mask Pack,Beauty,App Store,Aditya R.,5,Quality is top notch. Totally worth it.
2025-03-31,Smart LED Desk Lamp,Electronics,Amazon,Nisha L.,5,Great quality for the price. Highly recommend!
2025-04-02,Scented Soy Wax Candle,Home & Living,Google Reviews,Kavya N.,5,My family loves it. Great purchase.
2025-04-03,Cotton Round Neck T-Shirt,Fashion,App Store,Sneha P.,5,Excellent product. Will buy again.
2025-04-03,Laptop Stand Adjustable,Electronics,Google Reviews,Priya S.,3,Its okay. Will use it and see.
2025-04-03,Portable Phone Charger 20000mAh,Electronics,Website,Rahul K.,4,Quality is top notch. Totally worth it.
2025-04-04,Vitamin C Face Serum 30ml,Beauty,Flipkart,Sneha P.,2,Would not recommend. Waste of money.
2025-04-05,Moisturising Sunscreen SPF50,Beauty,Website,Priya S.,4,Absolutely love this product! Works exactly as described.
2025-04-06,Under Eye Cream Dark Circles,Beauty,Google Reviews,Meera J.,5,Works like a charm. Very pleased.
2025-04-06,Under Eye Cream Dark Circles,Beauty,Flipkart,Rohan D.,4,Very satisfied with my purchase. Fast delivery too.
2025-04-07,USB-C Fast Charging Cable,Electronics,Website,Meera J.,4,Very satisfied with my purchase. Fast delivery too.
2025-04-07,Mechanical Keyboard RGB,Electronics,Flipkart,Kavya N.,5,Very satisfied with my purchase. Fast delivery too.
2025-04-07,Vitamin C Face Serum 30ml,Beauty,Google Reviews,Priya S.,5,Great quality for the price. Highly recommend!
2025-04-07,Memory Foam Pillow,Home & Living,Website,Vikram T.,3,Its okay. Will use it and see.
2025-04-07,Sunglasses UV400 Polarized,Fashion,App Store,Suresh B.,2,Would not recommend. Waste of money.
2025-04-08,Non-Stick Frying Pan 26cm,Home & Living,Amazon,Aditya R.,3,Works as expected. No complaints.
2025-04-09,Portable Phone Charger 20000mAh,Electronics,Website,Aditya R.,4,Good value for money. Happy with it.
2025-04-09,Smart LED Desk Lamp,Electronics,Website,Sneha P.,4,Excellent product. Will buy again.
2025-04-09,Webcam HD 1080p,Electronics,Amazon,Aditya R.,3,Decent product. Does what it says.
2025-04-09,Mechanical Keyboard RGB,Electronics,Flipkart,Arjun M.,4,Sturdy build quality and works perfectly.
2025-04-10,Mechanical Keyboard RGB,Electronics,Flipkart,Rahul K.,4,Great quality for the price. Highly recommend!
2025-04-10,Natural Aloe Vera Gel 200ml,Beauty,Website,Kavya N.,5,My family loves it. Great purchase.
2025-04-11,Bamboo Cutting Board Set,Home & Living,Website,Arjun M.,5,Exceeded my expectations. 5 stars!
2025-04-13,Slim Fit Chino Pants,Fashion,Website,Sneha P.,3,Packaging was a bit damaged but product is fine.
2025-04-13,Scented Soy Wax Candle,Home & Living,App Store,Ananya G.,4,Quality is top notch. Totally worth it.
2025-04-13,Laptop Stand Adjustable,Electronics,App Store,Kavya N.,4,Absolutely love this product! Works exactly as described.
2025-04-13,Smart LED Desk Lamp,Electronics,Flipkart,Aditya R.,4,Works like a charm. Very pleased.
2025-04-13,Memory Foam Pillow,Home & Living,Website,Aditya R.,4,Quality is top notch. Totally worth it.
2025-04-14,Moisturising Sunscreen SPF50,Beauty,Amazon,Sneha P.,5,Great quality for the price. Highly recommend!
2025-04-14,Wireless Bluetooth Earbuds,Electronics,App Store,Deepa M.,5,Exceeded my expectations. 5 stars!
2025-04-15,Moisturising Sunscreen SPF50,Beauty,Flipkart,Ravi C.,5,Great quality for the price. Highly recommend!
2025-04-15,Mechanical Keyboard RGB,Electronics,Google Reviews,Deepa M.,4,Quality is top notch. Totally worth it.
2025-04-15,Non-Stick Frying Pan 26cm,Home & Living,Google Reviews,Vikram T.,5,Sturdy build quality and works perfectly.
2025-04-15,Casual Denim Jacket,Fashion,App Store,Meera J.,4,Sturdy build quality and works perfectly.
2025-04-15,Webcam HD 1080p,Electronics,Website,Nisha L.,5,Good value for money. Happy with it.
2025-04-16,Sunglasses UV400 Polarized,Fashion,Google Reviews,Arjun M.,4,Very satisfied with my purchase. Fast delivery too.
2025-04-16,Sunglasses UV400 Polarized,Fashion,Flipkart,Aditya R.,3,"Not bad, but not great either."
2025-04-16,USB-C Fast Charging Cable,Electronics,Amazon,Sneha P.,3,Okay for the price. Could be better.
2025-04-17,Mechanical Keyboard RGB,Electronics,Flipkart,Ravi C.,5,Great quality for the price. Highly recommend!
2025-04-17,Vitamin C Face Serum 30ml,Beauty,App Store,Sneha P.,5,My family loves it. Great purchase.
2025-04-18,Collagen Face Sheet Mask Pack,Beauty,Flipkart,Rohan D.,4,Excellent product. Will buy again.
2025-04-19,Non-Stick Frying Pan 26cm,Home & Living,Website,Nisha L.,5,Great quality for the price. Highly recommend!
2025-04-20,Bamboo Cutting Board Set,Home & Living,Flipkart,Deepa M.,4,Excellent product. Will buy again.
2025-04-21,Memory Foam Pillow,Home & Living,Website,Ananya G.,5,Absolutely love this product! Works exactly as described.
2025-04-22,Vitamin C Face Serum 30ml,Beauty,Amazon,Ravi C.,4,Absolutely love this product! Works exactly as described.
2025-04-23,Smart LED Desk Lamp,Electronics,Flipkart,Nisha L.,3,Okay for the price. Could be better.
2025-04-23,Vitamin C Face Serum 30ml,Beauty,Google Reviews,Kavya N.,5,Very satisfied with my purchase. Fast delivery too.
2025-04-23,Noise Cancelling Headphones,Electronics,App Store,Meera J.,5,Sturdy build quality and works perfectly.
2025-04-24,Stainless Steel Water Bottle 1L,Home & Living,Website,Priya S.,4,Excellent product. Will buy again.
2025-04-25,Casual Denim Jacket,Fashion,App Store,Sneha P.,5,Sturdy build quality and works perfectly.
2025-04-25,Stainless Steel Water Bottle 1L,Home & Living,App Store,Kavya N.,2,Would not recommend. Waste of money.
2025-04-25,Portable Phone Charger 20000mAh,Electronics,Google Reviews,Rohan D.,1,Does not match the description at all.
2025-04-26,Stainless Steel Water Bottle 1L,Home & Living,App Store,Arjun M.,3,Packaging was a bit damaged but product is fine.
2025-04-26,Casual Denim Jacket,Fashion,Amazon,Ravi C.,5,Absolutely love this product! Works exactly as described.
2025-04-26,Laptop Stand Adjustable,Electronics,Amazon,Sneha P.,2,Would not recommend. Waste of money.
2025-04-27,Webcam HD 1080p,Electronics,Flipkart,Deepa M.,1,Poor quality. Not worth the price.
2025-04-27,Non-Stick Frying Pan 26cm,Home & Living,Flipkart,Ravi C.,5,Good value for money. Happy with it.
2025-04-27,Memory Foam Pillow,Home & Living,Google Reviews,Deepa M.,5,Great quality for the price. Highly recommend!
2025-04-28,Smart LED Desk Lamp,Electronics,Google Reviews,Deepa M.,2,Would not recommend. Waste of money.
2025-04-29,Leather Wallet Slim,Fashion,Google Reviews,Deepa M.,5,Sturdy build quality and works perfectly.
2025-04-29,Natural Aloe Vera Gel 200ml,Beauty,Google Reviews,Ananya G.,5,Absolutely love this product! Works exactly as described.
2025-04-29,Running Sports Shoes,Fashion,Google Reviews,Vikram T.,4,Great quality for the price. Highly recommend!
2025-04-30,Casual Denim Jacket,Fashion,Flipkart,Priya S.,5,Great quality for the price. Highly recommend!
2025-04-30,Noise Cancelling Headphones,Electronics,App Store,Nisha L.,4,Great quality for the price. Highly recommend!
2025-05-01,Stainless Steel Water Bottle 1L,Home & Living,Flipkart,Kavya N.,5,My family loves it. Great purchase.
2025-05-01,Smart LED Desk Lamp,Electronics,App Store,Priya S.,2,Does not match the description at all.
2025-05-01,Wireless Bluetooth Earbuds,Electronics,Google Reviews,Vikram T.,5,Sturdy build quality and works perfectly.
2025-05-01,Under Eye Cream Dark Circles,Beauty,Amazon,Meera J.,5,Great quality for the price. Highly recommend!
2025-05-03,Noise Cancelling Headphones,Electronics,Flipkart,Sneha P.,4,Great quality for the price. Highly recommend!
2025-05-04,Noise Cancelling Headphones,Electronics,Google Reviews,Rohan D.,5,My family loves it. Great purchase.
2025-05-06,Sunglasses UV400 Polarized,Fashion,Website,Priya S.,5,Sturdy build quality and works perfectly.
2025-05-06,Bamboo Cutting Board Set,Home & Living,Website,Ravi C.,4,Good value for money. Happy with it.
2025-05-06,Webcam HD 1080p,Electronics,App Store,Suresh B.,5,My family loves it. Great purchase.
2025-05-06,Laptop Stand Adjustable,Electronics,Website,Kavya N.,5,Works like a charm. Very pleased.
2025-05-08,Portable Phone Charger 20000mAh,Electronics,Google Reviews,Rohan D.,5,Very satisfied with my purchase. Fast delivery too.
2025-05-08,Moisturising Sunscreen SPF50,Beauty,Google Reviews,Rohan D.,3,Average quality. Nothing special.
2025-05-09,Natural Aloe Vera Gel 200ml,Beauty,Flipkart,Kavya N.,3,Average quality. Nothing special.
2025-05-09,Slim Fit Chino Pants,Fashion,Website,Suresh B.,5,Quality is top notch. Totally worth it.
2025-05-09,Laptop Stand Adjustable,Electronics,Amazon,Ravi C.,3,Works as expected. No complaints.
2025-05-09,Laptop Stand Adjustable,Electronics,Flipkart,Kavya N.,3,Packaging was a bit damaged but product is fine.
2025-05-11,Casual Denim Jacket,Fashion,Website,Aditya R.,4,Excellent product. Will buy again.
2025-05-11,Collagen Face Sheet Mask Pack,Beauty,App Store,Rohan D.,4,Sturdy build quality and works perfectly.
2025-05-11,Scented Soy Wax Candle,Home & Living,Website,Rohan D.,4,Great quality for the price. Highly recommend!
2025-05-12,Moisturising Sunscreen SPF50,Beauty,Website,Vikram T.,5,Works like a charm. Very pleased.
2025-05-12,Sunglasses UV400 Polarized,Fashion,Google Reviews,Rohan D.,4,Great quality for the price. Highly recommend!
2025-05-12,Scented Soy Wax Candle,Home & Living,App Store,Meera J.,5,Exceeded my expectations. 5 stars!
2025-05-12,Portable Phone Charger 20000mAh,Electronics,Flipkart,Aditya R.,4,Works like a charm. Very pleased.
2025-05-13,USB-C Fast Charging Cable,Electronics,Amazon,Ravi C.,3,Decent product. Does what it says.
2025-05-14,Mechanical Keyboard RGB,Electronics,Flipkart,Arjun M.,5,Works like a charm. Very pleased.
2025-05-15,Memory Foam Pillow,Home & Living,Flipkart,Suresh B.,4,Very satisfied with my purchase. Fast delivery too.
2025-05-15,Cotton Round Neck T-Shirt,Fashion,App Store,Deepa M.,3,Packaging was a bit damaged but product is fine.
2025-05-15,Vitamin C Face Serum 30ml,Beauty,Amazon,Karan V.,3,Okay for the price. Could be better.
2025-05-16,Bamboo Cutting Board Set,Home & Living,Google Reviews,Nisha L.,5,Excellent product. Will buy again.
2025-05-18,Smart LED Desk Lamp,Electronics,App Store,Arjun M.,5,Exceeded my expectations. 5 stars!
2025-05-18,Portable Phone Charger 20000mAh,Electronics,Website,Ravi C.,4,Great quality for the price. Highly recommend!
2025-05-18,USB-C Fast Charging Cable,Electronics,Flipkart,Meera J.,4,Great quality for the price. Highly recommend!
2025-05-19,Running Sports Shoes,Fashion,Amazon,Priya S.,3,Its okay. Will use it and see.
2025-05-19,Collagen Face Sheet Mask Pack,Beauty,Flipkart,Rohan D.,4,Quality is top notch. Totally worth it.
2025-05-21,Moisturising Sunscreen SPF50,Beauty,App Store,Aditya R.,5,Excellent product. Will buy again.
2025-05-22,Slim Fit Chino Pants,Fashion,Amazon,Priya S.,5,Quality is top notch. Totally worth it.
2025-05-22,Leather Wallet Slim,Fashion,Flipkart,Sneha P.,5,Sturdy build quality and works perfectly.
2025-05-23,USB-C Fast Charging Cable,Electronics,Google Reviews,Sneha P.,2,Does not match the description at all.
2025-05-23,Noise Cancelling Headphones,Electronics,Google Reviews,Ananya G.,4,Absolutely love this product! Works exactly as described.
2025-05-24,Memory Foam Pillow,Home & Living,Website,Arjun M.,5,Works like a charm. Very pleased.
2025-05-24,Bamboo Cutting Board Set,Home & Living,Flipkart,Ravi C.,3,Packaging was a bit damaged but product is fine.
2025-05-25,Running Sports Shoes,Fashion,Flipkart,Aditya R.,4,Great quality for the price. Highly recommend!
2025-05-25,Collagen Face Sheet Mask Pack,Beauty,Flipkart,Karan V.,2,Would not recommend. Waste of money.
2025-05-26,Moisturising Sunscreen SPF50,Beauty,Website,Arjun M.,4,Absolutely love this product! Works exactly as described.
2025-05-27,Under Eye Cream Dark Circles,Beauty,Website,Karan V.,4,Quality is top notch. Totally worth it.
2025-05-27,Smart LED Desk Lamp,Electronics,Google Reviews,Meera J.,5,Quality is top notch. Totally worth it.
2025-05-27,USB-C Fast Charging Cable,Electronics,App Store,Meera J.,5,Great quality for the price. Highly recommend!
2025-05-28,Sunglasses UV400 Polarized,Fashion,App Store,Sneha P.,4,Sturdy build quality and works perfectly.
2025-05-28,Collagen Face Sheet Mask Pack,Beauty,Flipkart,Arjun M.,5,Very satisfied with my purchase. Fast delivery too.
2025-05-29,Scented Soy Wax Candle,Home & Living,Flipkart,Meera J.,5,Quality is top notch. Totally worth it.
2025-05-29,Casual Denim Jacket,Fashion,Amazon,Meera J.,5,Works like a charm. Very pleased.
2025-05-30,USB-C Fast Charging Cable,Electronics,Website,Ravi C.,5,Absolutely love this product! Works exactly as described.
2025-05-30,Non-Stick Frying Pan 26cm,Home & Living,Website,Karan V.,4,Very satisfied with my purchase. Fast delivery too.
2025-05-30,Slim Fit Chino Pants,Fashion,Amazon,Kavya N.,5,My family loves it. Great purchase.
2025-05-31,Slim Fit Chino Pants,Fashion,Flipkart,Sneha P.,5,Great quality for the price. Highly recommend!
2025-05-31,Bamboo Cutting Board Set,Home & Living,Flipkart,Karan V.,4,Sturdy build quality and works perfectly.
2025-05-31,Sunglasses UV400 Polarized,Fashion,App Store,Nisha L.,5,Absolutely love this product! Works exactly as described.
2025-06-02,Moisturising Sunscreen SPF50,Beauty,App Store,Arjun M.,5,Very satisfied with my purchase. Fast delivery too.
2025-06-03,Scented Soy Wax Candle,Home & Living,Website,Arjun M.,4,Great quality for the price. Highly recommend!
2025-06-03,Smart LED Desk Lamp,Electronics,Google Reviews,Rahul K.,5,Exceeded my expectations. 5 stars!
2025-06-03,Memory Foam Pillow,Home & Living,Google Reviews,Arjun M.,2,Poor quality. Not worth the price.
2025-06-05,Portable Phone Charger 20000mAh,Electronics,Website,Deepa M.,5,My family loves it. Great purchase.
2025-06-05,Sunglasses UV400 Polarized,Fashion,Website,Meera J.,4,Absolutely love this product! Works exactly as described.
2025-06-05,Mechanical Keyboard RGB,Electronics,Google Reviews,Aditya R.,3,Its okay. Will use it and see.
2025-06-05,Mechanical Keyboard RGB,Electronics,Google Reviews,Vikram T.,5,Quality is top notch. Totally worth it.
2025-06-06,Casual Denim Jacket,Fashion,App Store,Ravi C.,5,Good value for money. Happy with it.
2025-06-07,Smart LED Desk Lamp,Electronics,Google Reviews,Ravi C.,5,Good value for money. Happy with it.
2025-06-08,Scented Soy Wax Candle,Home & Living,Website,Meera J.,3,Okay for the price. Could be better.
2025-06-08,Slim Fit Chino Pants,Fashion,App Store,Sneha P.,5,Great quality for the price. Highly recommend!
2025-06-08,Cotton Round Neck T-Shirt,Fashion,Google Reviews,Karan V.,5,Good value for money. Happy with it.
2025-06-10,Memory Foam Pillow,Home & Living,App Store,Nisha L.,5,Excellent product. Will buy again.
2025-06-11,Cotton Round Neck T-Shirt,Fashion,Google Reviews,Suresh B.,3,Works as expected. No complaints.
2025-06-11,Vitamin C Face Serum 30ml,Beauty,Google Reviews,Priya S.,5,Good value for money. Happy with it.
2025-06-12,Cotton Round Neck T-Shirt,Fashion,Website,Suresh B.,5,Quality is top notch. Totally worth it.
2025-06-14,Running Sports Shoes,Fashion,Flipkart,Vikram T.,5,Great quality for the price. Highly recommend!
2025-06-14,Slim Fit Chino Pants,Fashion,Google Reviews,Ananya G.,4,Sturdy build quality and works perfectly.
2025-06-15,Sunglasses UV400 Polarized,Fashion,Google Reviews,Karan V.,5,My family loves it. Great purchase.
2025-06-19,Sunglasses UV400 Polarized,Fashion,Flipkart,Kavya N.,4,Excellent product. Will buy again.
2025-06-19,USB-C Fast Charging Cable,Electronics,App Store,Suresh B.,4,Quality is top notch. Totally worth it.
2025-06-19,Collagen Face Sheet Mask Pack,Beauty,Google Reviews,Ananya G.,5,Good value for money. Happy with it.
2025-06-19,Running Sports Shoes,Fashion,Amazon,Meera J.,4,Absolutely love this product! Works exactly as described.
2025-06-20,Webcam HD 1080p,Electronics,App Store,Meera J.,5,Quality is top notch. Totally worth it.
2025-06-21,Under Eye Cream Dark Circles,Beauty,Flipkart,Sneha P.,1,Stopped working after a week. Very disappointed.
2025-06-21,USB-C Fast Charging Cable,Electronics,Google Reviews,Rohan D.,4,Very satisfied with my purchase. Fast delivery too.
2025-06-21,Sunglasses UV400 Polarized,Fashion,Amazon,Priya S.,5,Absolutely love this product! Works exactly as described.
2025-06-22,Natural Aloe Vera Gel 200ml,Beauty,App Store,Ravi C.,4,Very satisfied with my purchase. Fast delivery too.
2025-06-23,Leather Wallet Slim,Fashion,Amazon,Deepa M.,1,Broke after first use. Very fragile.
2025-06-24,Memory Foam Pillow,Home & Living,Google Reviews,Nisha L.,5,Excellent product. Will buy again.
2025-06-24,Casual Denim Jacket,Fashion,Flipkart,Sneha P.,5,Exceeded my expectations. 5 stars!
2025-06-25,Slim Fit Chino Pants,Fashion,Amazon,Nisha L.,5,Works like a charm. Very pleased.
2025-06-26,Wireless Bluetooth Earbuds,Electronics,Google Reviews,Meera J.,1,Stopped working after a week. Very disappointed.
2025-06-26,Noise Cancelling Headphones,Electronics,Website,Nisha L.,5,My family loves it. Great purchase.
2025-06-26,Smart LED Desk Lamp,Electronics,App Store,Sneha P.,5,My family loves it. Great purchase.
2025-06-27,Running Sports Shoes,Fashion,Website,Sneha P.,4,Excellent product. Will buy again.
2025-06-27,Noise Cancelling Headphones,Electronics,Website,Ananya G.,2,Expected better. Returned the product.
2025-06-27,Mechanical Keyboard RGB,Electronics,App Store,Rahul K.,5,Exceeded my expectations. 5 stars!
2025-06-27,Natural Aloe Vera Gel 200ml,Beauty,Flipkart,Priya S.,5,Good value for money. Happy with it.
2025-06-27,Smart LED Desk Lamp,Electronics,Amazon,Arjun M.,5,Absolutely love this product! Works exactly as described.
2025-06-27,Natural Aloe Vera Gel 200ml,Beauty,Amazon,Deepa M.,3,Packaging was a bit damaged but product is fine.
2025-06-28,Scented Soy Wax Candle,Home & Living,App Store,Karan V.,2,Does not match the description at all.
2025-06-28,Sunglasses UV400 Polarized,Fashion,Google Reviews,Rohan D.,4,Sturdy build quality and works perfectly.
2025-06-28,Laptop Stand Adjustable,Electronics,Flipkart,Deepa M.,5,Sturdy build quality and works perfectly.
2025-06-30,Portable Phone Charger 20000mAh,Electronics,App Store,Nisha L.,4,Sturdy build quality and works perfectly.
2025-06-30,Wireless Bluetooth Earbuds,Electronics,Amazon,Arjun M.,5,My family loves it. Great purchase.
2025-06-30,Casual Denim Jacket,Fashion,Flipkart,Priya S.,5,Excellent product. Will buy again.
2025-06-30,Vitamin C Face Serum 30ml,Beauty,App Store,Arjun M.,5,Very satisfied with my purchase. Fast delivery too.
