review_date,product_name,category,source,author_name,rating,review_text
2024-01-01,Anker 65W GaN Fast Charger,Electronics,Myntra,Rohan D.,5,Brilliant quality. Worth every rupee spent.
2024-01-01,Biotique Bio Morning Nector SPF,Beauty,Amazon,Vikram H.,5,Five stars! Will recommend to friends and family.
2024-01-01,FabIndia Cotton Kurta,Fashion,Google Play,Anjali E.,2,Very bad experience. Customer service was unhelpful.
2024-01-01,H&M Relaxed Fit Shirt,Fashion,Myntra,Aditya R.,4,Brilliant quality. Worth every rupee spent.
2024-01-01,Milton Thermosteel Flask 1L,Home & Living,Amazon,Amit D.,4,Very satisfied. Quality is premium and packaging was neat.
2024-01-01,Portronics Table Lamp LED,Office & Computing,Myntra,Sanjay L.,4,Exceeded my expectations. Will definitely buy again.
2024-01-01,Samsung Galaxy Buds3 Pro,Electronics,App Store,Sneha R.,4,Perfect product. Works exactly as described.
2024-01-01,Syska USB Hub 4-Port,Office & Computing,Flipkart,Ishaan B.,3,Not bad. Could be better but serves the purpose.
2024-01-01,Wow Skin Science Hair Oil,Beauty,Amazon,Rahul O.,2,Very frustrating experience. Arrived damaged.
2024-01-01,Zebronics ZEB-Crystal Pro Webcam,Electronics,Google Play,Kavya T.,5,Perfect product. Works exactly as described.
2024-01-02,HP 65W Laptop Power Adapter,Office & Computing,Myntra,Meena N.,4,Perfect product. Works exactly as described.
2024-01-02,Mamaearth Vitamin C Face Wash,Beauty,Myntra,Deepa C.,1,Waste of money. Completely unsatisfied.
2024-01-02,Syska USB Hub 4-Port,Office & Computing,Flipkart,Rahul O.,5,Great value for money. Very happy with my purchase.
2024-01-02,boAt Airdopes 141 TWS Earbuds,Electronics,App Store,Lalita Q.,5,Top notch quality. Highly recommend to everyone.
2024-01-03,H&M Relaxed Fit Shirt,Fashion,Flipkart,Rahul O.,5,Five stars! Will recommend to friends and family.
2024-01-03,Milton Thermosteel Flask 1L,Home & Living,Meesho,Kavya T.,3,Decent product. Does exactly what it says.
2024-01-03,Zebronics ZEB-Crystal Pro Webcam,Electronics,Amazon,Meena N.,4,Very satisfied. Quality is premium and packaging was neat.
2024-01-04,FabIndia Cotton Kurta,Fashion,Flipkart,Kavya T.,3,It's fine. Meets basic requirements.
2024-01-04,Prestige Induction Cooktop 1200W,Home & Living,Meesho,Sunita W.,5,Very satisfied. Quality is premium and packaging was neat.
2024-01-04,Sony WH-1000XM5 Headphones,Electronics,Myntra,Nisha G.,3,Decent product. Does exactly what it says.
2024-01-05,JBL Flip 6 Bluetooth Speaker,Electronics,Myntra,Divya F.,5,Top notch quality. Highly recommend to everyone.
2024-01-05,Lakme Absolute Foundation,Beauty,Google Play,Sunita W.,2,Waste of money. Completely unsatisfied.
2024-01-05,Levi's 511 Slim Fit Jeans,Fashion,Google Play,Sanjay L.,5,Outstanding product. Fast delivery and good packaging.
2024-01-05,Royalford Bamboo Chopping Board,Home & Living,App Store,Ananya M.,4,Five stars! Will recommend to friends and family.
2024-01-05,Story@Home Blackout Curtains,Home & Living,Meesho,Ramesh B.,4,Very satisfied. Quality is premium and packaging was neat.
2024-01-05,boAt Airdopes 141 TWS Earbuds,Electronics,Myntra,Meena N.,4,Outstanding product. Fast delivery and good packaging.
2024-01-06,Kuber Industries Storage Box,Home & Living,Flipkart,Suresh I.,4,Great value for money. Very happy with my purchase.
2024-01-06,Minimalist 10% Niacinamide Serum,Beauty,Amazon,Karan J.,3,Does the job but not impressed.
2024-01-06,Samsung Galaxy Buds3 Pro,Electronics,App Store,Geeta U.,5,Absolutely love this product! Quality is excellent and delivery was fast.
2024-01-07,Allen Solly Polo T-Shirt,Fashion,Flipkart,Suresh I.,4,Exceeded my expectations. Will definitely buy again.
2024-01-07,Anker 65W GaN Fast Charger,Electronics,Myntra,Farhan X.,1,Very frustrating experience. Arrived damaged.
2024-01-07,H&M Relaxed Fit Shirt,Fashion,Amazon,Ramesh B.,1,Not worth the money. Would not recommend.
2024-01-07,JBL Flip 6 Bluetooth Speaker,Electronics,Meesho,Aditya R.,4,Absolutely love this product! Quality is excellent and delivery was fast.
2024-01-07,Kuber Industries Storage Box,Home & Living,Myntra,Mohit Y.,3,It's fine. Meets basic requirements.
2024-01-07,Mamaearth Vitamin C Face Wash,Beauty,Amazon,Lalita Q.,4,Great value for money. Very happy with my purchase.
2024-01-07,Zebronics ZEB-Crystal Pro Webcam,Electronics,App Store,Geeta U.,4,Brilliant quality. Worth every rupee spent.
2024-01-08,AmazonBasics Adjustable Laptop Stand,Office & Computing,Google Play,Preeti C.,4,Outstanding product. Fast delivery and good packaging.
2024-01-08,JBL Flip 6 Bluetooth Speaker,Electronics,App Store,Deepa C.,3,Decent product. Does exactly what it says.
2024-01-08,Lakme Absolute Foundation,Beauty,Myntra,Suresh I.,3,Okay product. Nothing extraordinary.
2024-01-08,Levi's 511 Slim Fit Jeans,Fashion,Amazon,Aditya R.,3,Not bad. Could be better but serves the purpose.
2024-01-08,Minimalist 10% Niacinamide Serum,Beauty,Myntra,Nisha G.,5,Brilliant quality. Worth every rupee spent.
2024-01-08,Pigeon Aluminium Non-Stick Pan,Home & Living,Meesho,Ramesh B.,5,Amazing! This is one of the best purchases I have made.
2024-01-08,Prestige Induction Cooktop 1200W,Home & Living,Amazon,Anjali E.,5,Five stars! Will recommend to friends and family.
2024-01-08,Puma Classic Track Pants,Fashion,Amazon,Nikhil A.,4,Brilliant quality. Worth every rupee spent.
2024-01-08,Syska USB Hub 4-Port,Office & Computing,App Store,Geeta U.,5,Absolutely love this product! Quality is excellent and delivery was fast.
2024-01-08,Wow Skin Science Hair Oil,Beauty,Google Play,Sunita W.,4,Outstanding product. Fast delivery and good packaging.
2024-01-09,Allen Solly Polo T-Shirt,Fashion,Google Play,Amit D.,5,Amazing! This is one of the best purchases I have made.
2024-01-09,H&M Relaxed Fit Shirt,Fashion,App Store,Sanjay L.,4,Five stars! Will recommend to friends and family.
2024-01-09,HP 65W Laptop Power Adapter,Office & Computing,Myntra,Kavya T.,5,Top notch quality. Highly recommend to everyone.
2024-01-09,JBL Flip 6 Bluetooth Speaker,Electronics,Myntra,Preeti C.,4,Exceeded my expectations. Will definitely buy again.
2024-01-09,Levi's 511 Slim Fit Jeans,Fashion,Google Play,Karan J.,4,Five stars! Will recommend to friends and family.
2024-01-10,H&M Relaxed Fit Shirt,Fashion,Meesho,Geeta U.,4,Top notch quality. Highly recommend to everyone.
2024-01-10,Pigeon Aluminium Non-Stick Pan,Home & Living,Myntra,Priya S.,5,Top notch quality. Highly recommend to everyone.
2024-01-10,Royalford Bamboo Chopping Board,Home & Living,App Store,Mohit Y.,3,Works but quality could be improved.
2024-01-10,Wow Skin Science Hair Oil,Beauty,Meesho,Preeti C.,1,Very frustrating experience. Arrived damaged.
2024-01-10,boAt Airdopes 141 TWS Earbuds,Electronics,App Store,Ramesh B.,5,Five stars! Will recommend to friends and family.
2024-01-11,FabIndia Cotton Kurta,Fashion,Google Play,Rohan D.,4,Top notch quality. Highly recommend to everyone.
2024-01-11,Mamaearth Vitamin C Face Wash,Beauty,App Store,Farhan X.,3,Product is okay. Delivery was delayed slightly.
2024-01-11,Prestige Induction Cooktop 1200W,Home & Living,Myntra,Anjali E.,1,Very bad experience. Customer service was unhelpful.
2024-01-11,Samsung Galaxy Buds3 Pro,Electronics,Meesho,Suresh I.,5,Great value for money. Very happy with my purchase.
2024-01-11,Sony WH-1000XM5 Headphones,Electronics,Google Play,Preeti C.,4,Exceeded my expectations. Will definitely buy again.
2024-01-11,Story@Home Blackout Curtains,Home & Living,Google Play,Priya S.,4,Absolutely love this product! Quality is excellent and delivery was fast.
2024-01-12,Prestige Induction Cooktop 1200W,Home & Living,Myntra,Preeti C.,3,Product is okay. Delivery was delayed slightly.
2024-01-12,Puma Classic Track Pants,Fashion,Myntra,Vikram H.,3,Product is okay. Delivery was delayed slightly.
2024-01-12,Sony WH-1000XM5 Headphones,Electronics,Myntra,Ramesh B.,5,Exceeded my expectations. Will definitely buy again.
2024-01-12,Woodland Casual Sneakers,Fashion,Meesho,Suresh I.,4,Five stars! Will recommend to friends and family.
2024-01-12,Wow Skin Science Hair Oil,Beauty,Google Play,Farhan X.,3,Decent product. Does exactly what it says.
2024-01-13,H&M Relaxed Fit Shirt,Fashion,Google Play,Preeti C.,2,Terrible quality. Broke within a week.
2024-01-13,Logitech MX Keys Keyboard,Electronics,Meesho,Suresh I.,4,Brilliant quality. Worth every rupee spent.
2024-01-13,Mamaearth Vitamin C Face Wash,Beauty,App Store,Aditya R.,5,Perfect product. Works exactly as described.
2024-01-13,Puma Classic Track Pants,Fashion,Myntra,Kavya T.,5,Absolutely love this product! Quality is excellent and delivery was fast.
2024-01-13,Samsung Galaxy Buds3 Pro,Electronics,Myntra,Nisha G.,3,Acceptable quality. Expected a bit more.
2024-01-14,HP 65W Laptop Power Adapter,Office & Computing,Myntra,Suresh I.,5,Exceeded my expectations. Will definitely buy again.
2024-01-14,JBL Flip 6 Bluetooth Speaker,Electronics,App Store,Anjali E.,4,Very satisfied. Quality is premium and packaging was neat.
2024-01-14,boAt Airdopes 141 TWS Earbuds,Electronics,Flipkart,Mohit Y.,4,Great value for money. Very happy with my purchase.
2024-01-15,AmazonBasics Adjustable Laptop Stand,Office & Computing,App Store,Karan J.,4,Amazing! This is one of the best purchases I have made.
2024-01-15,FabIndia Cotton Kurta,Fashion,Flipkart,Nikhil A.,3,Okay product. Nothing extraordinary.
2024-01-15,Kuber Industries Storage Box,Home & Living,Myntra,Divya F.,4,Absolutely love this product! Quality is excellent and delivery was fast.
2024-01-15,Portronics Table Lamp LED,Office & Computing,Google Play,Deepa C.,4,Outstanding product. Fast delivery and good packaging.
2024-01-15,Sony WH-1000XM5 Headphones,Electronics,Meesho,Priya S.,3,Works but quality could be improved.
2024-01-15,boAt Airdopes 141 TWS Earbuds,Electronics,Flipkart,Aditya R.,5,Brilliant quality. Worth every rupee spent.
2024-01-16,Levi's 511 Slim Fit Jeans,Fashion,Flipkart,Ramesh B.,4,Outstanding product. Fast delivery and good packaging.
2024-01-16,Portronics Table Lamp LED,Office & Computing,Myntra,Mohit Y.,5,Very satisfied. Quality is premium and packaging was neat.
2024-01-16,Sony WH-1000XM5 Headphones,Electronics,Meesho,Farhan X.,4,Perfect product. Works exactly as described.
2024-01-17,Lakme Absolute Foundation,Beauty,Myntra,Arjun P.,5,Absolutely love this product! Quality is excellent and delivery was fast.
2024-01-17,Milton Thermosteel Flask 1L,Home & Living,Myntra,Divya F.,5,Exceeded my expectations. Will definitely buy again.
2024-01-17,Puma Classic Track Pants,Fashion,Flipkart,Sanjay L.,3,Decent product. Does exactly what it says.
2024-01-17,Zebronics ZEB-Crystal Pro Webcam,Electronics,Flipkart,Farhan X.,5,Exceeded my expectations. Will definitely buy again.
2024-01-18,HP 65W Laptop Power Adapter,Office & Computing,Meesho,Farhan X.,4,Great value for money. Very happy with my purchase.
2024-01-18,Mi 10000mAh Power Bank,Electronics,Google Play,Suresh I.,5,Exceeded my expectations. Will definitely buy again.
2024-01-18,Portronics Table Lamp LED,Office & Computing,Meesho,Sneha R.,5,Brilliant quality. Worth every rupee spent.
2024-01-18,Prestige Induction Cooktop 1200W,Home & Living,Amazon,Rahul O.,5,Amazing! This is one of the best purchases I have made.
2024-01-18,Royalford Bamboo Chopping Board,Home & Living,Google Play,Nikhil A.,5,Exceeded my expectations. Will definitely buy again.
2024-01-18,Sony WH-1000XM5 Headphones,Electronics,Flipkart,Divya F.,5,Outstanding product. Fast delivery and good packaging.
2024-01-19,Allen Solly Polo T-Shirt,Fashion,App Store,Sunita W.,5,Absolutely love this product! Quality is excellent and delivery was fast.
2024-01-19,FabIndia Cotton Kurta,Fashion,Meesho,Ravi K.,5,Amazing! This is one of the best purchases I have made.
2024-01-19,Royalford Bamboo Chopping Board,Home & Living,Meesho,Suresh I.,4,Exceeded my expectations. Will definitely buy again.
2024-01-19,Story@Home Blackout Curtains,Home & Living,Amazon,Nikhil A.,4,Outstanding product. Fast delivery and good packaging.
2024-01-19,Wow Skin Science Hair Oil,Beauty,App Store,Arjun P.,4,Top notch quality. Highly recommend to everyone.
2024-01-20,JBL Flip 6 Bluetooth Speaker,Electronics,App Store,Sneha R.,4,Great value for money. Very happy with my purchase.
2024-01-20,Levi's 511 Slim Fit Jeans,Fashion,Google Play,Ramesh B.,4,Five stars! Will recommend to friends and family.
2024-01-20,Sony WH-1000XM5 Headphones,Electronics,Amazon,Pooja V.,4,Top notch quality. Highly recommend to everyone.
2024-01-20,Woodland Casual Sneakers,Fashion,Meesho,Vikram H.,5,Brilliant quality. Worth every rupee spent.
2024-01-20,Zebronics ZEB-Crystal Pro Webcam,Electronics,Google Play,Sunita W.,4,Great value for money. Very happy with my purchase.
2024-01-21,JBL Flip 6 Bluetooth Speaker,Electronics,App Store,Divya F.,5,Outstanding product. Fast delivery and good packaging.
2024-01-21,Kuber Industries Storage Box,Home & Living,Google Play,Mohit Y.,3,Acceptable quality. Expected a bit more.
2024-01-21,Mamaearth Vitamin C Face Wash,Beauty,Meesho,Lalita Q.,3,It's fine. Meets basic requirements.
2024-01-21,Pigeon Aluminium Non-Stick Pan,Home & Living,Myntra,Rohan D.,5,Absolutely love this product! Quality is excellent and delivery was fast.
2024-01-21,Syska USB Hub 4-Port,Office & Computing,Meesho,Sanjay L.,4,Top notch quality. Highly recommend to everyone.
2024-01-22,AmazonBasics Adjustable Laptop Stand,Office & Computing,Google Play,Ravi K.,4,Exceeded my expectations. Will definitely buy again.
2024-01-22,Anker 65W GaN Fast Charger,Electronics,Myntra,Deepa C.,5,Perfect product. Works exactly as described.
2024-01-22,Logitech MX Keys Keyboard,Electronics,Meesho,Kavya T.,4,Exceeded my expectations. Will definitely buy again.
2024-01-22,Milton Thermosteel Flask 1L,Home & Living,Amazon,Farhan X.,4,Absolutely love this product! Quality is excellent and delivery was fast.
2024-01-22,Puma Classic Track Pants,Fashion,Myntra,Geeta U.,4,Very satisfied. Quality is premium and packaging was neat.
2024-01-22,Story@Home Blackout Curtains,Home & Living,Meesho,Vikram H.,3,Does the job but not impressed.
2024-01-22,Zebronics ZEB-Crystal Pro Webcam,Electronics,Amazon,Sanjay L.,4,Amazing! This is one of the best purchases I have made.
2024-01-23,Biotique Bio Morning Nector SPF,Beauty,Meesho,Mohit Y.,5,Very satisfied. Quality is premium and packaging was neat.
2024-01-23,FabIndia Cotton Kurta,Fashion,Myntra,Sneha R.,5,Exceeded my expectations. Will definitely buy again.
2024-01-23,H&M Relaxed Fit Shirt,Fashion,Amazon,Karan J.,4,Top notch quality. Highly recommend to everyone.
2024-01-23,Minimalist 10% Niacinamide Serum,Beauty,Amazon,Ishaan B.,4,Absolutely love this product! Quality is excellent and delivery was fast.
2024-01-23,Portronics Table Lamp LED,Office & Computing,Meesho,Sanjay L.,4,Top notch quality. Highly recommend to everyone.
2024-01-23,Woodland Casual Sneakers,Fashion,Flipkart,Geeta U.,4,Very satisfied. Quality is premium and packaging was neat.
2024-01-24,HP 65W Laptop Power Adapter,Office & Computing,Google Play,Sanjay L.,5,Five stars! Will recommend to friends and family.
2024-01-24,Mi 10000mAh Power Bank,Electronics,Amazon,Geeta U.,5,Amazing! This is one of the best purchases I have made.
2024-01-24,Milton Thermosteel Flask 1L,Home & Living,Amazon,Suresh I.,5,Great value for money. Very happy with my purchase.
2024-01-24,Puma Classic Track Pants,Fashion,Meesho,Kavya T.,2,Not worth the money. Would not recommend.
2024-01-24,Wow Skin Science Hair Oil,Beauty,Flipkart,Divya F.,4,Brilliant quality. Worth every rupee spent.
2024-01-24,Zebronics ZEB-Crystal Pro Webcam,Electronics,App Store,Rahul O.,4,Absolutely love this product! Quality is excellent and delivery was fast.
2024-01-25,Anker 65W GaN Fast Charger,Electronics,Amazon,Ananya M.,5,Very satisfied. Quality is premium and packaging was neat.
2024-01-25,Wow Skin Science Hair Oil,Beauty,Flipkart,Sanjay L.,5,Outstanding product. Fast delivery and good packaging.
2024-01-26,AmazonBasics Adjustable Laptop Stand,Office & Computing,Amazon,Sanjay L.,5,Exceeded my expectations. Will definitely buy again.
2024-01-26,Anker 65W GaN Fast Charger,Electronics,Google Play,Aditya R.,2,Bad product. Had issues from day one.
2024-01-26,Levi's 511 Slim Fit Jeans,Fashion,App Store,Nikhil A.,5,Top notch quality. Highly recommend to everyone.
2024-01-26,Milton Thermosteel Flask 1L,Home & Living,App Store,Amit D.,1,Very bad experience. Customer service was unhelpful.
2024-01-26,Royalford Bamboo Chopping Board,Home & Living,App Store,Shreya Z.,5,Great value for money. Very happy with my purchase.
2024-01-26,Wow Skin Science Hair Oil,Beauty,Myntra,Deepa C.,4,Very satisfied. Quality is premium and packaging was neat.
2024-01-27,Allen Solly Polo T-Shirt,Fashion,Google Play,Preeti C.,3,Not bad. Could be better but serves the purpose.
2024-01-27,Anker 65W GaN Fast Charger,Electronics,Flipkart,Rohan D.,3,Average quality but acceptable for the price.
2024-01-27,FabIndia Cotton Kurta,Fashion,Meesho,Mohit Y.,5,Very satisfied. Quality is premium and packaging was neat.
2024-01-27,HP 65W Laptop Power Adapter,Office & Computing,Amazon,Geeta U.,4,Perfect product. Works exactly as described.
2024-01-27,Levi's 511 Slim Fit Jeans,Fashion,Myntra,Shreya Z.,4,Exceeded my expectations. Will definitely buy again.
2024-01-27,Pigeon Aluminium Non-Stick Pan,Home & Living,App Store,Farhan X.,5,Amazing! This is one of the best purchases I have made.
2024-01-27,Prestige Induction Cooktop 1200W,Home & Living,Meesho,Divya F.,4,Five stars! Will recommend to friends and family.
2024-01-27,Royalford Bamboo Chopping Board,Home & Living,App Store,Lalita Q.,3,Product is okay. Delivery was delayed slightly.
2024-01-27,Wow Skin Science Hair Oil,Beauty,App Store,Amit D.,5,Very satisfied. Quality is premium and packaging was neat.
2024-01-27,boAt Airdopes 141 TWS Earbuds,Electronics,Flipkart,Suresh I.,4,Amazing! This is one of the best purchases I have made.
2024-01-28,Allen Solly Polo T-Shirt,Fashion,Myntra,Pooja V.,4,Very satisfied. Quality is premium and packaging was neat.
2024-01-28,Anker 65W GaN Fast Charger,Electronics,Amazon,Sneha R.,3,It's fine. Meets basic requirements.
2024-01-28,Mi 10000mAh Power Bank,Electronics,Meesho,Rahul O.,5,Very satisfied. Quality is premium and packaging was neat.
2024-01-29,Allen Solly Polo T-Shirt,Fashion,Flipkart,Preeti C.,3,Works but quality could be improved.
2024-01-29,FabIndia Cotton Kurta,Fashion,Meesho,Anjali E.,4,Exceeded my expectations. Will definitely buy again.
2024-01-29,JBL Flip 6 Bluetooth Speaker,Electronics,Flipkart,Ravi K.,3,Okay product. Nothing extraordinary.
2024-01-29,Levi's 511 Slim Fit Jeans,Fashion,Flipkart,Meena N.,5,Great value for money. Very happy with my purchase.
2024-01-29,Plum Green Tea Toner 200ml,Beauty,Meesho,Amit D.,3,Acceptable quality. Expected a bit more.
2024-01-30,Anker 65W GaN Fast Charger,Electronics,Myntra,Sanjay L.,4,Exceeded my expectations. Will definitely buy again.
2024-01-30,Mamaearth Vitamin C Face Wash,Beauty,Myntra,Vikram H.,5,Exceeded my expectations. Will definitely buy again.
2024-01-30,Sony WH-1000XM5 Headphones,Electronics,Google Play,Ravi K.,3,Average quality but acceptable for the price.
2024-01-31,AmazonBasics Adjustable Laptop Stand,Office & Computing,Amazon,Rohan D.,4,Brilliant quality. Worth every rupee spent.
2024-01-31,Portronics Table Lamp LED,Office & Computing,Meesho,Pooja V.,5,Outstanding product. Fast delivery and good packaging.
2024-01-31,Puma Classic Track Pants,Fashion,Flipkart,Ananya M.,4,Top notch quality. Highly recommend to everyone.
2024-01-31,boAt Airdopes 141 TWS Earbuds,Electronics,Meesho,Karan J.,5,Absolutely love this product! Quality is excellent and delivery was fast.
2024-02-01,Allen Solly Polo T-Shirt,Fashion,Myntra,Kavya T.,4,Absolutely love this product! Quality is excellent and delivery was fast.
2024-02-01,AmazonBasics Adjustable Laptop Stand,Office & Computing,Amazon,Mohit Y.,5,Brilliant quality. Worth every rupee spent.
2024-02-01,HP 65W Laptop Power Adapter,Office & Computing,App Store,Sneha R.,3,Average quality but acceptable for the price.
2024-02-01,Kuber Industries Storage Box,Home & Living,App Store,Deepa C.,5,Perfect product. Works exactly as described.
2024-02-01,Mi 10000mAh Power Bank,Electronics,Google Play,Ramesh B.,3,Decent product. Does exactly what it says.
2024-02-01,Pigeon Aluminium Non-Stick Pan,Home & Living,Amazon,Farhan X.,4,Great value for money. Very happy with my purchase.
2024-02-01,Portronics Table Lamp LED,Office & Computing,Amazon,Preeti C.,5,Top notch quality. Highly recommend to everyone.
2024-02-01,Samsung Galaxy Buds3 Pro,Electronics,Amazon,Karan J.,4,Amazing! This is one of the best purchases I have made.
2024-02-01,Syska USB Hub 4-Port,Office & Computing,Flipkart,Vikram H.,2,Bad product. Had issues from day one.
2024-02-02,Allen Solly Polo T-Shirt,Fashion,Meesho,Rahul O.,4,Perfect product. Works exactly as described.
2024-02-02,Anker 65W GaN Fast Charger,Electronics,Flipkart,Deepa C.,3,Neither good nor bad. Just average.
2024-02-02,HP 65W Laptop Power Adapter,Office & Computing,Flipkart,Aditya R.,3,Does the job but not impressed.
2024-02-02,Levi's 511 Slim Fit Jeans,Fashion,Myntra,Ananya M.,3,Product is okay. Delivery was delayed slightly.
2024-02-02,Plum Green Tea Toner 200ml,Beauty,Meesho,Kavya T.,4,Very satisfied. Quality is premium and packaging was neat.
2024-02-02,Portronics Table Lamp LED,Office & Computing,Meesho,Priya S.,4,Exceeded my expectations. Will definitely buy again.
2024-02-02,Story@Home Blackout Curtains,Home & Living,Amazon,Sneha R.,4,Exceeded my expectations. Will definitely buy again.
2024-02-03,Allen Solly Polo T-Shirt,Fashion,Amazon,Mohit Y.,4,Absolutely love this product! Quality is excellent and delivery was fast.
2024-02-03,Samsung Galaxy Buds3 Pro,Electronics,Flipkart,Deepa C.,5,Great value for money. Very happy with my purchase.
2024-02-03,Story@Home Blackout Curtains,Home & Living,Myntra,Sunita W.,2,Waste of money. Completely unsatisfied.
2024-02-04,Levi's 511 Slim Fit Jeans,Fashion,Google Play,Divya F.,5,Absolutely love this product! Quality is excellent and delivery was fast.
2024-02-04,Mi 10000mAh Power Bank,Electronics,Amazon,Aditya R.,5,Amazing! This is one of the best purchases I have made.
2024-02-04,Puma Classic Track Pants,Fashion,Flipkart,Deepa C.,4,Top notch quality. Highly recommend to everyone.
2024-02-04,Wow Skin Science Hair Oil,Beauty,Google Play,Sneha R.,3,Product is okay. Delivery was delayed slightly.
2024-02-04,boAt Airdopes 141 TWS Earbuds,Electronics,Google Play,Mohit Y.,4,Amazing! This is one of the best purchases I have made.
2024-02-05,AmazonBasics Adjustable Laptop Stand,Office & Computing,Google Play,Ishaan B.,4,Exceeded my expectations. Will definitely buy again.
2024-02-05,Anker 65W GaN Fast Charger,Electronics,Meesho,Ananya M.,5,Great value for money. Very happy with my purchase.
2024-02-05,H&M Relaxed Fit Shirt,Fashion,Flipkart,Pooja V.,2,Bad product. Had issues from day one.
2024-02-05,HP 65W Laptop Power Adapter,Office & Computing,Flipkart,Meena N.,5,Top notch quality. Highly recommend to everyone.
2024-02-05,Kuber Industries Storage Box,Home & Living,Google Play,Rohan D.,1,Very frustrating experience. Arrived damaged.
2024-02-05,Logitech MX Keys Keyboard,Electronics,App Store,Divya F.,5,Absolutely love this product! Quality is excellent and delivery was fast.
2024-02-05,Milton Thermosteel Flask 1L,Home & Living,Myntra,Anjali E.,5,Top notch quality. Highly recommend to everyone.
2024-02-05,Pigeon Aluminium Non-Stick Pan,Home & Living,Amazon,Shreya Z.,3,Neither good nor bad. Just average.
2024-02-05,Puma Classic Track Pants,Fashion,Flipkart,Arjun P.,4,Brilliant quality. Worth every rupee spent.
2024-02-06,Lakme Absolute Foundation,Beauty,Amazon,Meena N.,4,Amazing! This is one of the best purchases I have made.
2024-02-06,Mamaearth Vitamin C Face Wash,Beauty,Flipkart,Mohit Y.,3,Does the job but not impressed.
2024-02-06,Mi 10000mAh Power Bank,Electronics,Google Play,Divya F.,2,Very disappointed. Product quality is poor.
2024-02-06,Milton Thermosteel Flask 1L,Home & Living,Amazon,Sanjay L.,5,Brilliant quality. Worth every rupee spent.
2024-02-07,AmazonBasics Adjustable Laptop Stand,Office & Computing,Flipkart,Shreya Z.,2,Bad product. Had issues from day one.
2024-02-07,Mi 10000mAh Power Bank,Electronics,Google Play,Farhan X.,5,Perfect product. Works exactly as described.
2024-02-07,Milton Thermosteel Flask 1L,Home & Living,Meesho,Meena N.,4,Perfect product. Works exactly as described.
2024-02-07,Puma Classic Track Pants,Fashion,Myntra,Kavya T.,5,Amazing! This is one of the best purchases I have made.
2024-02-07,Sony WH-1000XM5 Headphones,Electronics,Meesho,Karan J.,5,Very satisfied. Quality is premium and packaging was neat.
2024-02-07,Wow Skin Science Hair Oil,Beauty,Myntra,Nisha G.,4,Absolutely love this product! Quality is excellent and delivery was fast.
2024-02-09,Anker 65W GaN Fast Charger,Electronics,Google Play,Rahul O.,4,Absolutely love this product! Quality is excellent and delivery was fast.
2024-02-09,FabIndia Cotton Kurta,Fashion,Myntra,Farhan X.,5,Top notch quality. Highly recommend to everyone.
2024-02-09,Kuber Industries Storage Box,Home & Living,App Store,Nisha G.,5,Absolutely love this product! Quality is excellent and delivery was fast.
2024-02-09,Levi's 511 Slim Fit Jeans,Fashion,Flipkart,Deepa C.,2,Very bad experience. Customer service was unhelpful.
2024-02-09,Portronics Table Lamp LED,Office & Computing,Myntra,Priya S.,4,Outstanding product. Fast delivery and good packaging.
2024-02-10,Logitech MX Keys Keyboard,Electronics,Myntra,Lalita Q.,4,Brilliant quality. Worth every rupee spent.
2024-02-10,Mamaearth Vitamin C Face Wash,Beauty,Flipkart,Priya S.,5,Five stars! Will recommend to friends and family.
2024-02-10,Woodland Casual Sneakers,Fashion,Flipkart,Sanjay L.,5,Great value for money. Very happy with my purchase.
2024-02-10,Zebronics ZEB-Crystal Pro Webcam,Electronics,Google Play,Amit D.,5,Brilliant quality. Worth every rupee spent.
2024-02-11,Mamaearth Vitamin C Face Wash,Beauty,Google Play,Sanjay L.,3,Neither good nor bad. Just average.
2024-02-11,Mi 10000mAh Power Bank,Electronics,Google Play,Suresh I.,5,Very satisfied. Quality is premium and packaging was neat.
2024-02-11,Story@Home Blackout Curtains,Home & Living,Google Play,Sneha R.,5,Five stars! Will recommend to friends and family.
2024-02-12,Allen Solly Polo T-Shirt,Fashion,App Store,Deepa C.,4,Amazing! This is one of the best purchases I have made.
2024-02-12,H&M Relaxed Fit Shirt,Fashion,App Store,Rahul O.,3,Product is okay. Delivery was delayed slightly.
2024-02-12,Kuber Industries Storage Box,Home & Living,Amazon,Sanjay L.,3,Decent product. Does exactly what it says.
2024-02-12,Levi's 511 Slim Fit Jeans,Fashion,Google Play,Meena N.,5,Very satisfied. Quality is premium and packaging was neat.
2024-02-12,Mamaearth Vitamin C Face Wash,Beauty,Amazon,Suresh I.,4,Brilliant quality. Worth every rupee spent.
2024-02-12,Pigeon Aluminium Non-Stick Pan,Home & Living,Google Play,Rohan D.,5,Top notch quality. Highly recommend to everyone.
2024-02-12,Plum Green Tea Toner 200ml,Beauty,Flipkart,Anjali E.,4,Outstanding product. Fast delivery and good packaging.
2024-02-12,Portronics Table Lamp LED,Office & Computing,App Store,Shreya Z.,4,Exceeded my expectations. Will definitely buy again.
2024-02-12,Samsung Galaxy Buds3 Pro,Electronics,Myntra,Pooja V.,5,Exceeded my expectations. Will definitely buy again.
2024-02-12,Story@Home Blackout Curtains,Home & Living,Myntra,Farhan X.,5,Outstanding product. Fast delivery and good packaging.
2024-02-12,Syska USB Hub 4-Port,Office & Computing,App Store,Sunita W.,3,Not bad. Could be better but serves the purpose.
2024-02-12,Woodland Casual Sneakers,Fashion,Flipkart,Lalita Q.,5,Brilliant quality. Worth every rupee spent.
2024-02-13,Allen Solly Polo T-Shirt,Fashion,Amazon,Sneha R.,3,Okay product. Nothing extraordinary.
2024-02-13,HP 65W Laptop Power Adapter,Office & Computing,Google Play,Rohan D.,4,Perfect product. Works exactly as described.
2024-02-13,Woodland Casual Sneakers,Fashion,Google Play,Karan J.,5,Five stars! Will recommend to friends and family.
2024-02-14,Anker 65W GaN Fast Charger,Electronics,Google Play,Aditya R.,3,Not bad. Could be better but serves the purpose.
2024-02-14,H&M Relaxed Fit Shirt,Fashion,Amazon,Rohan D.,4,Great value for money. Very happy with my purchase.
2024-02-14,Logitech MX Keys Keyboard,Electronics,Flipkart,Lalita Q.,3,Neither good nor bad. Just average.
2024-02-14,Mamaearth Vitamin C Face Wash,Beauty,Myntra,Nisha G.,4,Top notch quality. Highly recommend to everyone.
2024-02-14,Woodland Casual Sneakers,Fashion,App Store,Kavya T.,4,Very satisfied. Quality is premium and packaging was neat.
2024-02-15,AmazonBasics Adjustable Laptop Stand,Office & Computing,Amazon,Sunita W.,4,Amazing! This is one of the best purchases I have made.
2024-02-15,JBL Flip 6 Bluetooth Speaker,Electronics,Meesho,Amit D.,4,Perfect product. Works exactly as described.
2024-02-15,Levi's 511 Slim Fit Jeans,Fashion,Flipkart,Divya F.,2,Product is defective. Will be returning it.
2024-02-15,Woodland Casual Sneakers,Fashion,Flipkart,Kavya T.,4,Brilliant quality. Worth every rupee spent.
2024-02-15,Wow Skin Science Hair Oil,Beauty,Amazon,Priya S.,3,Works but quality could be improved.
2024-02-16,Logitech MX Keys Keyboard,Electronics,Flipkart,Sneha R.,5,Brilliant quality. Worth every rupee spent.
2024-02-16,Portronics Table Lamp LED,Office & Computing,Google Play,Sunita W.,4,Outstanding product. Fast delivery and good packaging.
2024-02-16,Royalford Bamboo Chopping Board,Home & Living,Amazon,Ananya M.,4,Five stars! Will recommend to friends and family.
2024-02-16,Story@Home Blackout Curtains,Home & Living,Myntra,Sanjay L.,4,Great value for money. Very happy with my purchase.
2024-02-16,Woodland Casual Sneakers,Fashion,Myntra,Amit D.,5,Exceeded my expectations. Will definitely buy again.
2024-02-16,Wow Skin Science Hair Oil,Beauty,Meesho,Geeta U.,5,Amazing! This is one of the best purchases I have made.
2024-02-17,Allen Solly Polo T-Shirt,Fashion,Google Play,Ishaan B.,5,Amazing! This is one of the best purchases I have made.
2024-02-17,AmazonBasics Adjustable Laptop Stand,Office & Computing,Flipkart,Meena N.,4,Exceeded my expectations. Will definitely buy again.
2024-02-17,FabIndia Cotton Kurta,Fashion,Flipkart,Geeta U.,5,Five stars! Will recommend to friends and family.
2024-02-17,Woodland Casual Sneakers,Fashion,Meesho,Suresh I.,4,Amazing! This is one of the best purchases I have made.
2024-02-18,Allen Solly Polo T-Shirt,Fashion,Flipkart,Nikhil A.,2,Very disappointed. Product quality is poor.
2024-02-18,JBL Flip 6 Bluetooth Speaker,Electronics,Amazon,Lalita Q.,5,Amazing! This is one of the best purchases I have made.
2024-02-18,Lakme Absolute Foundation,Beauty,Google Play,Ananya M.,3,Average quality but acceptable for the price.
2024-02-18,Logitech MX Keys Keyboard,Electronics,Google Play,Amit D.,3,It's fine. Meets basic requirements.
2024-02-18,Pigeon Aluminium Non-Stick Pan,Home & Living,App Store,Pooja V.,4,Very satisfied. Quality is premium and packaging was neat.
2024-02-18,Plum Green Tea Toner 200ml,Beauty,Google Play,Farhan X.,4,Perfect product. Works exactly as described.
2024-02-18,Sony WH-1000XM5 Headphones,Electronics,Myntra,Ishaan B.,3,Okay product. Nothing extraordinary.
2024-02-19,Allen Solly Polo T-Shirt,Fashion,Amazon,Sunita W.,4,Brilliant quality. Worth every rupee spent.
2024-02-19,AmazonBasics Adjustable Laptop Stand,Office & Computing,App Store,Vikram H.,5,Amazing! This is one of the best purchases I have made.
2024-02-19,Anker 65W GaN Fast Charger,Electronics,Google Play,Shreya Z.,4,Amazing! This is one of the best purchases I have made.
2024-02-19,FabIndia Cotton Kurta,Fashion,Google Play,Ravi K.,5,Exceeded my expectations. Will definitely buy again.
2024-02-19,JBL Flip 6 Bluetooth Speaker,Electronics,Google Play,Geeta U.,4,Great value for money. Very happy with my purchase.
2024-02-19,Levi's 511 Slim Fit Jeans,Fashion,App Store,Lalita Q.,5,Perfect product. Works exactly as described.
2024-02-19,Logitech MX Keys Keyboard,Electronics,Flipkart,Ishaan B.,3,Average quality but acceptable for the price.
2024-02-19,Portronics Table Lamp LED,Office & Computing,Amazon,Arjun P.,4,Exceeded my expectations. Will definitely buy again.
2024-02-19,Samsung Galaxy Buds3 Pro,Electronics,Flipkart,Deepa C.,4,Absolutely love this product! Quality is excellent and delivery was fast.
2024-02-19,Sony WH-1000XM5 Headphones,Electronics,Google Play,Preeti C.,4,Perfect product. Works exactly as described.
2024-02-19,Story@Home Blackout Curtains,Home & Living,App Store,Farhan X.,5,Outstanding product. Fast delivery and good packaging.
2024-02-19,Wow Skin Science Hair Oil,Beauty,Myntra,Ananya M.,5,Exceeded my expectations. Will definitely buy again.
2024-02-19,Zebronics ZEB-Crystal Pro Webcam,Electronics,Google Play,Suresh I.,4,Top notch quality. Highly recommend to everyone.
2024-02-20,AmazonBasics Adjustable Laptop Stand,Office & Computing,Meesho,Farhan X.,5,Very satisfied. Quality is premium and packaging was neat.
2024-02-20,Milton Thermosteel Flask 1L,Home & Living,Google Play,Sneha R.,5,Outstanding product. Fast delivery and good packaging.
2024-02-20,Plum Green Tea Toner 200ml,Beauty,App Store,Ishaan B.,2,Very disappointed. Product quality is poor.
2024-02-20,Samsung Galaxy Buds3 Pro,Electronics,Flipkart,Sanjay L.,4,Outstanding product. Fast delivery and good packaging.
2024-02-20,Story@Home Blackout Curtains,Home & Living,Google Play,Arjun P.,4,Absolutely love this product! Quality is excellent and delivery was fast.
2024-02-20,Wow Skin Science Hair Oil,Beauty,Myntra,Preeti C.,5,Perfect product. Works exactly as described.
2024-02-20,boAt Airdopes 141 TWS Earbuds,Electronics,Google Play,Meena N.,4,Great value for money. Very happy with my purchase.
2024-02-21,Biotique Bio Morning Nector SPF,Beauty,Meesho,Anjali E.,3,Not bad. Could be better but serves the purpose.
2024-02-21,HP 65W Laptop Power Adapter,Office & Computing,Flipkart,Geeta U.,5,Perfect product. Works exactly as described.
2024-02-21,Lakme Absolute Foundation,Beauty,Myntra,Vikram H.,4,Absolutely love this product! Quality is excellent and delivery was fast.
2024-02-21,Pigeon Aluminium Non-Stick Pan,Home & Living,App Store,Amit D.,5,Brilliant quality. Worth every rupee spent.
2024-02-21,Story@Home Blackout Curtains,Home & Living,Myntra,Rahul O.,5,Five stars! Will recommend to friends and family.
2024-02-21,Wow Skin Science Hair Oil,Beauty,Meesho,Deepa C.,5,Exceeded my expectations. Will definitely buy again.
2024-02-22,Anker 65W GaN Fast Charger,Electronics,Meesho,Rohan D.,5,Absolutely love this product! Quality is excellent and delivery was fast.
2024-02-22,JBL Flip 6 Bluetooth Speaker,Electronics,Google Play,Nikhil A.,5,Brilliant quality. Worth every rupee spent.
2024-02-22,Puma Classic Track Pants,Fashion,Meesho,Suresh I.,4,Exceeded my expectations. Will definitely buy again.
2024-02-22,Royalford Bamboo Chopping Board,Home & Living,Myntra,Vikram H.,4,Great value for money. Very happy with my purchase.
2024-02-23,Lakme Absolute Foundation,Beauty,Flipkart,Rahul O.,4,Exceeded my expectations. Will definitely buy again.
2024-02-23,Minimalist 10% Niacinamide Serum,Beauty,Myntra,Amit D.,4,Top notch quality. Highly recommend to everyone.
2024-02-24,HP 65W Laptop Power Adapter,Office & Computing,Myntra,Shreya Z.,5,Amazing! This is one of the best purchases I have made.
2024-02-24,Minimalist 10% Niacinamide Serum,Beauty,App Store,Sunita W.,4,Amazing! This is one of the best purchases I have made.
2024-02-24,Pigeon Aluminium Non-Stick Pan,Home & Living,Google Play,Geeta U.,2,Waste of money. Completely unsatisfied.
2024-02-24,Samsung Galaxy Buds3 Pro,Electronics,Flipkart,Ananya M.,5,Amazing! This is one of the best purchases I have made.
2024-02-24,Sony WH-1000XM5 Headphones,Electronics,Amazon,Deepa C.,5,Amazing! This is one of the best purchases I have made.
2024-02-25,Allen Solly Polo T-Shirt,Fashion,App Store,Karan J.,4,Outstanding product. Fast delivery and good packaging.
2024-02-26,Allen Solly Polo T-Shirt,Fashion,App Store,Amit D.,1,Very poor quality compared to the description.
2024-02-26,HP 65W Laptop Power Adapter,Office & Computing,App Store,Arjun P.,3,Acceptable quality. Expected a bit more.
2024-02-26,JBL Flip 6 Bluetooth Speaker,Electronics,Google Play,Ishaan B.,3,Okay product. Nothing extraordinary.
2024-02-26,Kuber Industries Storage Box,Home & Living,Meesho,Pooja V.,4,Amazing! This is one of the best purchases I have made.
2024-02-26,Lakme Absolute Foundation,Beauty,Amazon,Vikram H.,3,Acceptable quality. Expected a bit more.
2024-02-26,Minimalist 10% Niacinamide Serum,Beauty,Flipkart,Nikhil A.,3,Product is okay. Delivery was delayed slightly.
2024-02-26,Puma Classic Track Pants,Fashion,Flipkart,Priya S.,3,Neither good nor bad. Just average.
2024-02-26,Sony WH-1000XM5 Headphones,Electronics,Google Play,Rohan D.,3,Product is okay. Delivery was delayed slightly.
2024-02-27,Allen Solly Polo T-Shirt,Fashion,Google Play,Geeta U.,5,Top notch quality. Highly recommend to everyone.
2024-02-27,JBL Flip 6 Bluetooth Speaker,Electronics,App Store,Sunita W.,2,Not worth the money. Would not recommend.
2024-02-27,Minimalist 10% Niacinamide Serum,Beauty,Google Play,Ramesh B.,4,Five stars! Will recommend to friends and family.
2024-02-27,Story@Home Blackout Curtains,Home & Living,App Store,Preeti C.,3,Acceptable quality. Expected a bit more.
2024-02-28,HP 65W Laptop Power Adapter,Office & Computing,Flipkart,Aditya R.,4,Top notch quality. Highly recommend to everyone.
2024-02-28,Kuber Industries Storage Box,Home & Living,Myntra,Priya S.,5,Outstanding product. Fast delivery and good packaging.
2024-02-28,Logitech MX Keys Keyboard,Electronics,Google Play,Rohan D.,2,Waste of money. Completely unsatisfied.
2024-02-28,Plum Green Tea Toner 200ml,Beauty,App Store,Geeta U.,1,Very bad experience. Customer service was unhelpful.
2024-02-28,Prestige Induction Cooktop 1200W,Home & Living,Meesho,Suresh I.,1,Waste of money. Completely unsatisfied.
2024-02-28,Story@Home Blackout Curtains,Home & Living,Amazon,Ravi K.,5,Exceeded my expectations. Will definitely buy again.
2024-02-28,Woodland Casual Sneakers,Fashion,Amazon,Divya F.,3,Works but quality could be improved.
2024-02-28,Zebronics ZEB-Crystal Pro Webcam,Electronics,Myntra,Nisha G.,5,Great value for money. Very happy with my purchase.
2024-02-29,Woodland Casual Sneakers,Fashion,App Store,Anjali E.,2,Bad product. Had issues from day one.
2024-03-01,FabIndia Cotton Kurta,Fashion,Flipkart,Sneha R.,5,Perfect product. Works exactly as described.
2024-03-01,JBL Flip 6 Bluetooth Speaker,Electronics,Flipkart,Mohit Y.,3,It's fine. Meets basic requirements.
2024-03-01,Kuber Industries Storage Box,Home & Living,Amazon,Vikram H.,4,Absolutely love this product! Quality is excellent and delivery was fast.
2024-03-01,Levi's 511 Slim Fit Jeans,Fashion,Google Play,Meena N.,1,Very disappointed. Product quality is poor.
2024-03-01,Logitech MX Keys Keyboard,Electronics,Meesho,Kavya T.,3,Acceptable quality. Expected a bit more.
2024-03-01,Milton Thermosteel Flask 1L,Home & Living,Google Play,Ravi K.,5,Exceeded my expectations. Will definitely buy again.
2024-03-02,Plum Green Tea Toner 200ml,Beauty,App Store,Sunita W.,5,Brilliant quality. Worth every rupee spent.
2024-03-03,JBL Flip 6 Bluetooth Speaker,Electronics,Flipkart,Sunita W.,4,Great value for money. Very happy with my purchase.
2024-03-03,Levi's 511 Slim Fit Jeans,Fashion,Google Play,Lalita Q.,3,Neither good nor bad. Just average.
2024-03-03,Milton Thermosteel Flask 1L,Home & Living,Amazon,Nisha G.,4,Top notch quality. Highly recommend to everyone.
2024-03-03,Minimalist 10% Niacinamide Serum,Beauty,Meesho,Ishaan B.,4,Amazing! This is one of the best purchases I have made.
2024-03-04,Allen Solly Polo T-Shirt,Fashion,Myntra,Ishaan B.,4,Absolutely love this product! Quality is excellent and delivery was fast.
2024-03-04,FabIndia Cotton Kurta,Fashion,Meesho,Nikhil A.,2,Not worth the money. Would not recommend.
2024-03-04,Levi's 511 Slim Fit Jeans,Fashion,Google Play,Rahul O.,4,Top notch quality. Highly recommend to everyone.
2024-03-04,Mamaearth Vitamin C Face Wash,Beauty,App Store,Sanjay L.,5,Perfect product. Works exactly as described.
2024-03-04,Mi 10000mAh Power Bank,Electronics,Amazon,Rohan D.,4,Five stars! Will recommend to friends and family.
2024-03-04,Minimalist 10% Niacinamide Serum,Beauty,App Store,Priya S.,5,Top notch quality. Highly recommend to everyone.
2024-03-04,Pigeon Aluminium Non-Stick Pan,Home & Living,Flipkart,Vikram H.,5,Absolutely love this product! Quality is excellent and delivery was fast.
2024-03-05,Allen Solly Polo T-Shirt,Fashion,Myntra,Amit D.,5,Absolutely love this product! Quality is excellent and delivery was fast.
2024-03-06,Levi's 511 Slim Fit Jeans,Fashion,Google Play,Suresh I.,3,Decent product. Does exactly what it says.
2024-03-06,Minimalist 10% Niacinamide Serum,Beauty,Meesho,Anjali E.,3,Decent product. Does exactly what it says.
2024-03-06,Syska USB Hub 4-Port,Office & Computing,Google Play,Ishaan B.,5,Amazing! This is one of the best purchases I have made.
2024-03-06,boAt Airdopes 141 TWS Earbuds,Electronics,App Store,Preeti C.,1,Product is defective. Will be returning it.
2024-03-07,Lakme Absolute Foundation,Beauty,Flipkart,Nisha G.,3,Product is okay. Delivery was delayed slightly.
2024-03-07,Logitech MX Keys Keyboard,Electronics,App Store,Karan J.,2,Product is defective. Will be returning it.
2024-03-07,Portronics Table Lamp LED,Office & Computing,Myntra,Priya S.,5,Outstanding product. Fast delivery and good packaging.
2024-03-07,Woodland Casual Sneakers,Fashion,Amazon,Rohan D.,3,Neither good nor bad. Just average.
2024-03-08,Biotique Bio Morning Nector SPF,Beauty,Flipkart,Anjali E.,1,Very bad experience. Customer service was unhelpful.
2024-03-08,FabIndia Cotton Kurta,Fashion,App Store,Meena N.,5,Outstanding product. Fast delivery and good packaging.
2024-03-08,Mi 10000mAh Power Bank,Electronics,Flipkart,Suresh I.,5,Absolutely love this product! Quality is excellent and delivery was fast.
2024-03-08,Royalford Bamboo Chopping Board,Home & Living,Google Play,Deepa C.,4,Brilliant quality. Worth every rupee spent.
2024-03-09,Allen Solly Polo T-Shirt,Fashion,Amazon,Deepa C.,1,Regret buying this. Will not purchase again.
2024-03-09,Biotique Bio Morning Nector SPF,Beauty,Amazon,Amit D.,5,Absolutely love this product! Quality is excellent and delivery was fast.
2024-03-09,Levi's 511 Slim Fit Jeans,Fashion,Meesho,Sneha R.,3,It's fine. Meets basic requirements.
2024-03-09,Prestige Induction Cooktop 1200W,Home & Living,Meesho,Suresh I.,3,Neither good nor bad. Just average.
2024-03-09,Woodland Casual Sneakers,Fashion,Meesho,Nisha G.,3,Neither good nor bad. Just average.
2024-03-09,Wow Skin Science Hair Oil,Beauty,Google Play,Geeta U.,3,Product is okay. Delivery was delayed slightly.
2024-03-10,FabIndia Cotton Kurta,Fashion,Google Play,Meena N.,3,Average quality but acceptable for the price.
2024-03-10,JBL Flip 6 Bluetooth Speaker,Electronics,Amazon,Ananya M.,5,Perfect product. Works exactly as described.
2024-03-10,Levi's 511 Slim Fit Jeans,Fashion,Google Play,Geeta U.,5,Absolutely love this product! Quality is excellent and delivery was fast.
2024-03-10,Milton Thermosteel Flask 1L,Home & Living,Google Play,Ishaan B.,3,Product is okay. Delivery was delayed slightly.
2024-03-10,Portronics Table Lamp LED,Office & Computing,Flipkart,Ravi K.,4,Exceeded my expectations. Will definitely buy again.
2024-03-10,Syska USB Hub 4-Port,Office & Computing,Google Play,Nikhil A.,4,Exceeded my expectations. Will definitely buy again.
2024-03-11,Biotique Bio Morning Nector SPF,Beauty,App Store,Anjali E.,4,Top notch quality. Highly recommend to everyone.
2024-03-11,FabIndia Cotton Kurta,Fashion,Amazon,Sneha R.,4,Very satisfied. Quality is premium and packaging was neat.
2024-03-11,H&M Relaxed Fit Shirt,Fashion,Google Play,Vikram H.,3,Acceptable quality. Expected a bit more.
2024-03-11,Milton Thermosteel Flask 1L,Home & Living,App Store,Kavya T.,4,Amazing! This is one of the best purchases I have made.
2024-03-11,Plum Green Tea Toner 200ml,Beauty,App Store,Shreya Z.,4,Absolutely love this product! Quality is excellent and delivery was fast.
2024-03-11,Portronics Table Lamp LED,Office & Computing,Amazon,Ramesh B.,4,Perfect product. Works exactly as described.
2024-03-11,Puma Classic Track Pants,Fashion,Flipkart,Sanjay L.,4,Brilliant quality. Worth every rupee spent.
2024-03-11,Zebronics ZEB-Crystal Pro Webcam,Electronics,Myntra,Sunita W.,1,Very disappointed. Product quality is poor.
2024-03-12,H&M Relaxed Fit Shirt,Fashion,Flipkart,Nikhil A.,5,Five stars! Will recommend to friends and family.
2024-03-12,Royalford Bamboo Chopping Board,Home & Living,Myntra,Divya F.,4,Five stars! Will recommend to friends and family.
2024-03-12,Samsung Galaxy Buds3 Pro,Electronics,Myntra,Anjali E.,5,Brilliant quality. Worth every rupee spent.
2024-03-12,Wow Skin Science Hair Oil,Beauty,Myntra,Lalita Q.,3,It's fine. Meets basic requirements.
2024-03-12,boAt Airdopes 141 TWS Earbuds,Electronics,Myntra,Ravi K.,2,Very disappointed. Product quality is poor.
2024-03-13,Kuber Industries Storage Box,Home & Living,Meesho,Mohit Y.,5,Amazing! This is one of the best purchases I have made.
2024-03-14,JBL Flip 6 Bluetooth Speaker,Electronics,Amazon,Priya S.,5,Perfect product. Works exactly as described.
2024-03-14,Logitech MX Keys Keyboard,Electronics,Myntra,Sanjay L.,5,Brilliant quality. Worth every rupee spent.
2024-03-14,Minimalist 10% Niacinamide Serum,Beauty,App Store,Anjali E.,4,Brilliant quality. Worth every rupee spent.
2024-03-14,Prestige Induction Cooktop 1200W,Home & Living,Amazon,Shreya Z.,5,Five stars! Will recommend to friends and family.
2024-03-14,Royalford Bamboo Chopping Board,Home & Living,Google Play,Sneha R.,4,Great value for money. Very happy with my purchase.
2024-03-14,Wow Skin Science Hair Oil,Beauty,Flipkart,Nikhil A.,4,Absolutely love this product! Quality is excellent and delivery was fast.
2024-03-14,boAt Airdopes 141 TWS Earbuds,Electronics,Google Play,Ravi K.,4,Top notch quality. Highly recommend to everyone.
2024-03-15,Lakme Absolute Foundation,Beauty,Meesho,Shreya Z.,4,Outstanding product. Fast delivery and good packaging.
2024-03-15,Portronics Table Lamp LED,Office & Computing,Myntra,Amit D.,3,Average quality but acceptable for the price.
2024-03-15,Samsung Galaxy Buds3 Pro,Electronics,Meesho,Vikram H.,5,Amazing! This is one of the best purchases I have made.
2024-03-16,Mamaearth Vitamin C Face Wash,Beauty,Myntra,Mohit Y.,3,Average quality but acceptable for the price.
2024-03-16,Woodland Casual Sneakers,Fashion,Google Play,Rohan D.,3,Not bad. Could be better but serves the purpose.
2024-03-16,Wow Skin Science Hair Oil,Beauty,Flipkart,Priya S.,3,Does the job but not impressed.
2024-03-17,Biotique Bio Morning Nector SPF,Beauty,Meesho,Meena N.,3,Product is okay. Delivery was delayed slightly.
2024-03-17,Pigeon Aluminium Non-Stick Pan,Home & Living,Meesho,Ravi K.,3,Product is okay. Delivery was delayed slightly.
2024-03-17,Prestige Induction Cooktop 1200W,Home & Living,App Store,Arjun P.,4,Top notch quality. Highly recommend to everyone.
2024-03-17,Royalford Bamboo Chopping Board,Home & Living,Amazon,Ishaan B.,5,Amazing! This is one of the best purchases I have made.
2024-03-18,Allen Solly Polo T-Shirt,Fashion,App Store,Anjali E.,4,Amazing! This is one of the best purchases I have made.
2024-03-18,Levi's 511 Slim Fit Jeans,Fashion,Google Play,Kavya T.,4,Amazing! This is one of the best purchases I have made.
2024-03-18,Logitech MX Keys Keyboard,Electronics,Flipkart,Amit D.,5,Five stars! Will recommend to friends and family.
2024-03-18,Mi 10000mAh Power Bank,Electronics,App Store,Deepa C.,4,Top notch quality. Highly recommend to everyone.
2024-03-18,Pigeon Aluminium Non-Stick Pan,Home & Living,Amazon,Geeta U.,5,Great value for money. Very happy with my purchase.
2024-03-18,Plum Green Tea Toner 200ml,Beauty,Flipkart,Meena N.,1,Very frustrating experience. Arrived damaged.
2024-03-18,boAt Airdopes 141 TWS Earbuds,Electronics,Myntra,Karan J.,2,Very poor quality compared to the description.
2024-03-19,AmazonBasics Adjustable Laptop Stand,Office & Computing,App Store,Priya S.,4,Absolutely love this product! Quality is excellent and delivery was fast.
2024-03-19,Biotique Bio Morning Nector SPF,Beauty,Google Play,Rahul O.,4,Absolutely love this product! Quality is excellent and delivery was fast.
2024-03-19,Lakme Absolute Foundation,Beauty,Myntra,Farhan X.,3,Okay product. Nothing extraordinary.
2024-03-19,Mi 10000mAh Power Bank,Electronics,Meesho,Sneha R.,4,Top notch quality. Highly recommend to everyone.
2024-03-19,Sony WH-1000XM5 Headphones,Electronics,Google Play,Anjali E.,3,Neither good nor bad. Just average.
2024-03-20,Biotique Bio Morning Nector SPF,Beauty,Amazon,Sneha R.,4,Absolutely love this product! Quality is excellent and delivery was fast.
2024-03-20,HP 65W Laptop Power Adapter,Office & Computing,Amazon,Rahul O.,5,Five stars! Will recommend to friends and family.
2024-03-20,Mi 10000mAh Power Bank,Electronics,Meesho,Lalita Q.,5,Perfect product. Works exactly as described.
2024-03-20,Pigeon Aluminium Non-Stick Pan,Home & Living,App Store,Farhan X.,5,Amazing! This is one of the best purchases I have made.
2024-03-20,Portronics Table Lamp LED,Office & Computing,App Store,Rohan D.,3,Acceptable quality. Expected a bit more.
2024-03-21,JBL Flip 6 Bluetooth Speaker,Electronics,App Store,Kavya T.,1,Regret buying this. Will not purchase again.
2024-03-21,Mi 10000mAh Power Bank,Electronics,Flipkart,Ananya M.,4,Absolutely love this product! Quality is excellent and delivery was fast.
2024-03-21,Puma Classic Track Pants,Fashion,Myntra,Rohan D.,5,Absolutely love this product! Quality is excellent and delivery was fast.
2024-03-21,Woodland Casual Sneakers,Fashion,Meesho,Divya F.,5,Amazing! This is one of the best purchases I have made.
2024-03-22,Anker 65W GaN Fast Charger,Electronics,Amazon,Priya S.,4,Brilliant quality. Worth every rupee spent.
2024-03-22,H&M Relaxed Fit Shirt,Fashion,Flipkart,Ravi K.,3,Neither good nor bad. Just average.
2024-03-22,Pigeon Aluminium Non-Stick Pan,Home & Living,Amazon,Arjun P.,4,Amazing! This is one of the best purchases I have made.
2024-03-22,Prestige Induction Cooktop 1200W,Home & Living,Meesho,Anjali E.,5,Absolutely love this product! Quality is excellent and delivery was fast.
2024-03-22,Zebronics ZEB-Crystal Pro Webcam,Electronics,Google Play,Nikhil A.,4,Absolutely love this product! Quality is excellent and delivery was fast.
2024-03-23,Allen Solly Polo T-Shirt,Fashion,Myntra,Meena N.,3,Neither good nor bad. Just average.
2024-03-23,Anker 65W GaN Fast Charger,Electronics,Flipkart,Kavya T.,5,Brilliant quality. Worth every rupee spent.
2024-03-23,HP 65W Laptop Power Adapter,Office & Computing,Myntra,Suresh I.,5,Very satisfied. Quality is premium and packaging was neat.
2024-03-23,Kuber Industries Storage Box,Home & Living,Google Play,Ravi K.,4,Outstanding product. Fast delivery and good packaging.
2024-03-24,FabIndia Cotton Kurta,Fashion,Myntra,Meena N.,4,Very satisfied. Quality is premium and packaging was neat.
2024-03-24,Lakme Absolute Foundation,Beauty,Flipkart,Ananya M.,4,Brilliant quality. Worth every rupee spent.
2024-03-24,Plum Green Tea Toner 200ml,Beauty,Flipkart,Deepa C.,4,Great value for money. Very happy with my purchase.
2024-03-24,Samsung Galaxy Buds3 Pro,Electronics,Myntra,Kavya T.,5,Great value for money. Very happy with my purchase.
2024-03-25,AmazonBasics Adjustable Laptop Stand,Office & Computing,Myntra,Preeti C.,3,Okay product. Nothing extraordinary.
2024-03-25,Biotique Bio Morning Nector SPF,Beauty,Google Play,Priya S.,3,Neither good nor bad. Just average.
2024-03-25,HP 65W Laptop Power Adapter,Office & Computing,Myntra,Sunita W.,5,Amazing! This is one of the best purchases I have made.
2024-03-25,Kuber Industries Storage Box,Home & Living,Flipkart,Vikram H.,5,Brilliant quality. Worth every rupee spent.
2024-03-25,Mi 10000mAh Power Bank,Electronics,Meesho,Mohit Y.,3,Okay product. Nothing extraordinary.
2024-03-25,Minimalist 10% Niacinamide Serum,Beauty,Flipkart,Sanjay L.,4,Five stars! Will recommend to friends and family.
2024-03-25,Plum Green Tea Toner 200ml,Beauty,Meesho,Rohan D.,1,Regret buying this. Will not purchase again.
2024-03-25,Sony WH-1000XM5 Headphones,Electronics,Myntra,Aditya R.,3,Product is okay. Delivery was delayed slightly.
2024-03-25,Story@Home Blackout Curtains,Home & Living,Meesho,Lalita Q.,4,Absolutely love this product! Quality is excellent and delivery was fast.
2024-03-25,Wow Skin Science Hair Oil,Beauty,Amazon,Shreya Z.,4,Top notch quality. Highly recommend to everyone.
2024-03-25,Zebronics ZEB-Crystal Pro Webcam,Electronics,Google Play,Amit D.,3,Okay product. Nothing extraordinary.
2024-03-26,AmazonBasics Adjustable Laptop Stand,Office & Computing,Meesho,Sunita W.,4,Outstanding product. Fast delivery and good packaging.
2024-03-26,Story@Home Blackout Curtains,Home & Living,Meesho,Nisha G.,5,Great value for money. Very happy with my purchase.
2024-03-27,Allen Solly Polo T-Shirt,Fashion,Meesho,Deepa C.,1,Very disappointed. Product quality is poor.
2024-03-27,H&M Relaxed Fit Shirt,Fashion,Meesho,Ramesh B.,5,Perfect product. Works exactly as described.
2024-03-27,HP 65W Laptop Power Adapter,Office & Computing,Flipkart,Rahul O.,4,Very satisfied. Quality is premium and packaging was neat.
2024-03-28,Anker 65W GaN Fast Charger,Electronics,Myntra,Sanjay L.,5,Very satisfied. Quality is premium and packaging was neat.
2024-03-28,Biotique Bio Morning Nector SPF,Beauty,Google Play,Sneha R.,3,Works but quality could be improved.
2024-03-28,H&M Relaxed Fit Shirt,Fashion,Flipkart,Arjun P.,4,Amazing! This is one of the best purchases I have made.
2024-03-28,JBL Flip 6 Bluetooth Speaker,Electronics,App Store,Mohit Y.,5,Outstanding product. Fast delivery and good packaging.
2024-03-28,Milton Thermosteel Flask 1L,Home & Living,Google Play,Shreya Z.,3,Okay product. Nothing extraordinary.
2024-03-28,Plum Green Tea Toner 200ml,Beauty,Flipkart,Ramesh B.,4,Outstanding product. Fast delivery and good packaging.
2024-03-28,Portronics Table Lamp LED,Office & Computing,Myntra,Lalita Q.,5,Absolutely love this product! Quality is excellent and delivery was fast.
2024-03-29,AmazonBasics Adjustable Laptop Stand,Office & Computing,Meesho,Divya F.,3,Works but quality could be improved.
2024-03-29,Kuber Industries Storage Box,Home & Living,Amazon,Geeta U.,5,Perfect product. Works exactly as described.
2024-03-29,Pigeon Aluminium Non-Stick Pan,Home & Living,App Store,Vikram H.,4,Top notch quality. Highly recommend to everyone.
2024-03-29,Prestige Induction Cooktop 1200W,Home & Living,Meesho,Ishaan B.,4,Perfect product. Works exactly as described.
2024-03-30,Story@Home Blackout Curtains,Home & Living,Flipkart,Meena N.,2,Very poor quality compared to the description.
2024-03-30,Woodland Casual Sneakers,Fashion,Google Play,Nikhil A.,5,Amazing! This is one of the best purchases I have made.
2024-03-30,Wow Skin Science Hair Oil,Beauty,Flipkart,Vikram H.,4,Amazing! This is one of the best purchases I have made.
2024-03-30,boAt Airdopes 141 TWS Earbuds,Electronics,App Store,Sanjay L.,2,Bad product. Had issues from day one.
2024-03-31,H&M Relaxed Fit Shirt,Fashion,Myntra,Rahul O.,4,Exceeded my expectations. Will definitely buy again.
2024-03-31,Lakme Absolute Foundation,Beauty,Meesho,Priya S.,4,Outstanding product. Fast delivery and good packaging.
2024-03-31,Woodland Casual Sneakers,Fashion,Amazon,Sunita W.,4,Perfect product. Works exactly as described.
2024-03-31,Wow Skin Science Hair Oil,Beauty,Myntra,Suresh I.,4,Perfect product. Works exactly as described.
2024-04-01,Anker 65W GaN Fast Charger,Electronics,Flipkart,Suresh I.,5,Perfect product. Works exactly as described.
2024-04-01,Biotique Bio Morning Nector SPF,Beauty,App Store,Ananya M.,4,Top notch quality. Highly recommend to everyone.
2024-04-01,H&M Relaxed Fit Shirt,Fashion,Amazon,Geeta U.,1,Not worth the money. Would not recommend.
2024-04-01,Logitech MX Keys Keyboard,Electronics,Myntra,Rahul O.,4,Outstanding product. Fast delivery and good packaging.
2024-04-01,Mamaearth Vitamin C Face Wash,Beauty,Flipkart,Sneha R.,5,Amazing! This is one of the best purchases I have made.
2024-04-01,Minimalist 10% Niacinamide Serum,Beauty,Meesho,Vikram H.,4,Perfect product. Works exactly as described.
2024-04-01,Samsung Galaxy Buds3 Pro,Electronics,Google Play,Sunita W.,4,Great value for money. Very happy with my purchase.
2024-04-01,Sony WH-1000XM5 Headphones,Electronics,App Store,Sanjay L.,5,Very satisfied. Quality is premium and packaging was neat.
2024-04-02,H&M Relaxed Fit Shirt,Fashion,Meesho,Shreya Z.,4,Exceeded my expectations. Will definitely buy again.
2024-04-02,Levi's 511 Slim Fit Jeans,Fashion,Amazon,Ishaan B.,4,Brilliant quality. Worth every rupee spent.
2024-04-02,Minimalist 10% Niacinamide Serum,Beauty,Google Play,Vikram H.,5,Perfect product. Works exactly as described.
2024-04-02,Puma Classic Track Pants,Fashion,Meesho,Kavya T.,4,Outstanding product. Fast delivery and good packaging.
2024-04-02,Samsung Galaxy Buds3 Pro,Electronics,Myntra,Sunita W.,5,Great value for money. Very happy with my purchase.
2024-04-03,Anker 65W GaN Fast Charger,Electronics,Google Play,Geeta U.,5,Exceeded my expectations. Will definitely buy again.
2024-04-03,Milton Thermosteel Flask 1L,Home & Living,Meesho,Anjali E.,2,Bad product. Had issues from day one.
2024-04-03,Sony WH-1000XM5 Headphones,Electronics,Flipkart,Nikhil A.,4,Great value for money. Very happy with my purchase.
2024-04-03,Wow Skin Science Hair Oil,Beauty,App Store,Ramesh B.,5,Great value for money. Very happy with my purchase.
2024-04-04,Allen Solly Polo T-Shirt,Fashion,Flipkart,Nisha G.,5,Very satisfied. Quality is premium and packaging was neat.
2024-04-04,Mamaearth Vitamin C Face Wash,Beauty,Myntra,Ravi K.,2,Very poor quality compared to the description.
2024-04-04,Pigeon Aluminium Non-Stick Pan,Home & Living,Amazon,Kavya T.,5,Amazing! This is one of the best purchases I have made.
2024-04-04,Puma Classic Track Pants,Fashion,Meesho,Mohit Y.,3,Not bad. Could be better but serves the purpose.
2024-04-04,Story@Home Blackout Curtains,Home & Living,Amazon,Rahul O.,2,Product is defective. Will be returning it.
2024-04-04,Syska USB Hub 4-Port,Office & Computing,App Store,Shreya Z.,4,Amazing! This is one of the best purchases I have made.
2024-04-05,AmazonBasics Adjustable Laptop Stand,Office & Computing,Flipkart,Nisha G.,5,Absolutely love this product! Quality is excellent and delivery was fast.
2024-04-05,H&M Relaxed Fit Shirt,Fashion,Meesho,Sanjay L.,2,Product is defective. Will be returning it.
2024-04-05,Lakme Absolute Foundation,Beauty,Flipkart,Mohit Y.,4,Top notch quality. Highly recommend to everyone.
2024-04-05,Syska USB Hub 4-Port,Office & Computing,Amazon,Amit D.,5,Great value for money. Very happy with my purchase.
2024-04-06,FabIndia Cotton Kurta,Fashion,Flipkart,Karan J.,2,Regret buying this. Will not purchase again.
2024-04-06,H&M Relaxed Fit Shirt,Fashion,Flipkart,Pooja V.,5,Top notch quality. Highly recommend to everyone.
2024-04-06,Mamaearth Vitamin C Face Wash,Beauty,Myntra,Vikram H.,4,Perfect product. Works exactly as described.
2024-04-06,Wow Skin Science Hair Oil,Beauty,Amazon,Amit D.,3,Neither good nor bad. Just average.
2024-04-06,Zebronics ZEB-Crystal Pro Webcam,Electronics,Meesho,Meena N.,4,Great value for money. Very happy with my purchase.
2024-04-07,Anker 65W GaN Fast Charger,Electronics,Google Play,Kavya T.,5,Brilliant quality. Worth every rupee spent.
2024-04-07,Logitech MX Keys Keyboard,Electronics,Amazon,Divya F.,2,Terrible quality. Broke within a week.
2024-04-07,Mamaearth Vitamin C Face Wash,Beauty,Meesho,Amit D.,4,Top notch quality. Highly recommend to everyone.
2024-04-07,Pigeon Aluminium Non-Stick Pan,Home & Living,Flipkart,Rohan D.,4,Very satisfied. Quality is premium and packaging was neat.
2024-04-08,H&M Relaxed Fit Shirt,Fashion,Flipkart,Preeti C.,5,Great value for money. Very happy with my purchase.
2024-04-08,Kuber Industries Storage Box,Home & Living,Amazon,Deepa C.,5,Brilliant quality. Worth every rupee spent.
2024-04-08,Levi's 511 Slim Fit Jeans,Fashion,Meesho,Rohan D.,4,Amazing! This is one of the best purchases I have made.
2024-04-08,Minimalist 10% Niacinamide Serum,Beauty,Flipkart,Mohit Y.,2,Terrible quality. Broke within a week.
2024-04-08,Pigeon Aluminium Non-Stick Pan,Home & Living,App Store,Amit D.,5,Amazing! This is one of the best purchases I have made.
2024-04-08,Plum Green Tea Toner 200ml,Beauty,Flipkart,Priya S.,5,Perfect product. Works exactly as described.
2024-04-08,Royalford Bamboo Chopping Board,Home & Living,Myntra,Kavya T.,5,Brilliant quality. Worth every rupee spent.
2024-04-08,Sony WH-1000XM5 Headphones,Electronics,Google Play,Arjun P.,5,Absolutely love this product! Quality is excellent and delivery was fast.
2024-04-08,Story@Home Blackout Curtains,Home & Living,Myntra,Shreya Z.,3,Neither good nor bad. Just average.
2024-04-09,JBL Flip 6 Bluetooth Speaker,Electronics,App Store,Farhan X.,5,Top notch quality. Highly recommend to everyone.
2024-04-09,Minimalist 10% Niacinamide Serum,Beauty,Amazon,Priya S.,2,Very disappointed. Product quality is poor.
2024-04-09,Portronics Table Lamp LED,Office & Computing,Google Play,Sneha R.,4,Very satisfied. Quality is premium and packaging was neat.
2024-04-09,Woodland Casual Sneakers,Fashion,Myntra,Sanjay L.,4,Great value for money. Very happy with my purchase.
2024-04-09,Wow Skin Science Hair Oil,Beauty,Google Play,Nikhil A.,4,Five stars! Will recommend to friends and family.
2024-04-09,boAt Airdopes 141 TWS Earbuds,Electronics,Google Play,Aditya R.,3,Product is okay. Delivery was delayed slightly.
2024-04-10,Allen Solly Polo T-Shirt,Fashion,Meesho,Arjun P.,5,Very satisfied. Quality is premium and packaging was neat.
2024-04-10,Portronics Table Lamp LED,Office & Computing,Meesho,Mohit Y.,4,Top notch quality. Highly recommend to everyone.
2024-04-10,Puma Classic Track Pants,Fashion,Amazon,Pooja V.,4,Amazing! This is one of the best purchases I have made.
2024-04-11,Prestige Induction Cooktop 1200W,Home & Living,Google Play,Suresh I.,5,Top notch quality. Highly recommend to everyone.
2024-04-11,Puma Classic Track Pants,Fashion,App Store,Mohit Y.,4,Exceeded my expectations. Will definitely buy again.
2024-04-12,Biotique Bio Morning Nector SPF,Beauty,Meesho,Lalita Q.,3,Not bad. Could be better but serves the purpose.
2024-04-12,FabIndia Cotton Kurta,Fashion,App Store,Nisha G.,4,Five stars! Will recommend to friends and family.
2024-04-12,Kuber Industries Storage Box,Home & Living,Myntra,Shreya Z.,3,Neither good nor bad. Just average.
2024-04-12,Mamaearth Vitamin C Face Wash,Beauty,Meesho,Aditya R.,3,Product is okay. Delivery was delayed slightly.
2024-04-12,Mi 10000mAh Power Bank,Electronics,Amazon,Arjun P.,4,Five stars! Will recommend to friends and family.
2024-04-12,Pigeon Aluminium Non-Stick Pan,Home & Living,App Store,Karan J.,3,Does the job but not impressed.
2024-04-12,Plum Green Tea Toner 200ml,Beauty,Meesho,Priya S.,4,Top notch quality. Highly recommend to everyone.
2024-04-12,Prestige Induction Cooktop 1200W,Home & Living,App Store,Preeti C.,5,Top notch quality. Highly recommend to everyone.
2024-04-12,Royalford Bamboo Chopping Board,Home & Living,Amazon,Farhan X.,4,Absolutely love this product! Quality is excellent and delivery was fast.
2024-04-12,Wow Skin Science Hair Oil,Beauty,Meesho,Meena N.,5,Outstanding product. Fast delivery and good packaging.
2024-04-12,Zebronics ZEB-Crystal Pro Webcam,Electronics,Meesho,Suresh I.,4,Brilliant quality. Worth every rupee spent.
2024-04-13,AmazonBasics Adjustable Laptop Stand,Office & Computing,App Store,Ravi K.,5,Five stars! Will recommend to friends and family.
2024-04-13,Mi 10000mAh Power Bank,Electronics,Meesho,Deepa C.,4,Perfect product. Works exactly as described.
2024-04-13,Royalford Bamboo Chopping Board,Home & Living,Google Play,Rahul O.,3,Decent product. Does exactly what it says.
2024-04-14,Anker 65W GaN Fast Charger,Electronics,Google Play,Vikram H.,4,Amazing! This is one of the best purchases I have made.
2024-04-14,H&M Relaxed Fit Shirt,Fashion,Meesho,Pooja V.,4,Exceeded my expectations. Will definitely buy again.
2024-04-14,Puma Classic Track Pants,Fashion,Myntra,Amit D.,5,Amazing! This is one of the best purchases I have made.
2024-04-14,Samsung Galaxy Buds3 Pro,Electronics,Google Play,Rohan D.,4,Perfect product. Works exactly as described.
2024-04-15,Biotique Bio Morning Nector SPF,Beauty,Flipkart,Nikhil A.,3,Not bad. Could be better but serves the purpose.
2024-04-15,HP 65W Laptop Power Adapter,Office & Computing,Myntra,Nisha G.,5,Very satisfied. Quality is premium and packaging was neat.
2024-04-15,Kuber Industries Storage Box,Home & Living,App Store,Ishaan B.,5,Perfect product. Works exactly as described.
2024-04-16,Prestige Induction Cooktop 1200W,Home & Living,App Store,Nikhil A.,3,Decent product. Does exactly what it says.
2024-04-16,Sony WH-1000XM5 Headphones,Electronics,App Store,Shreya Z.,3,Average quality but acceptable for the price.
2024-04-16,Story@Home Blackout Curtains,Home & Living,Google Play,Priya S.,3,Does the job but not impressed.
2024-04-16,Syska USB Hub 4-Port,Office & Computing,Flipkart,Karan J.,4,Great value for money. Very happy with my purchase.
2024-04-17,HP 65W Laptop Power Adapter,Office & Computing,Google Play,Karan J.,4,Top notch quality. Highly recommend to everyone.
2024-04-17,Minimalist 10% Niacinamide Serum,Beauty,Flipkart,Anjali E.,5,Exceeded my expectations. Will definitely buy again.
2024-04-17,Zebronics ZEB-Crystal Pro Webcam,Electronics,Meesho,Meena N.,3,Works but quality could be improved.
2024-04-18,Biotique Bio Morning Nector SPF,Beauty,App Store,Priya S.,4,Top notch quality. Highly recommend to everyone.
2024-04-18,FabIndia Cotton Kurta,Fashion,Flipkart,Sneha R.,3,Okay product. Nothing extraordinary.
2024-04-18,Portronics Table Lamp LED,Office & Computing,App Store,Ananya M.,3,Decent product. Does exactly what it says.
2024-04-18,Story@Home Blackout Curtains,Home & Living,Amazon,Karan J.,2,Very bad experience. Customer service was unhelpful.
2024-04-19,Anker 65W GaN Fast Charger,Electronics,App Store,Ishaan B.,3,Acceptable quality. Expected a bit more.
2024-04-19,Biotique Bio Morning Nector SPF,Beauty,Google Play,Ramesh B.,5,Great value for money. Very happy with my purchase.
2024-04-19,Logitech MX Keys Keyboard,Electronics,Amazon,Preeti C.,4,Absolutely love this product! Quality is excellent and delivery was fast.
2024-04-19,Sony WH-1000XM5 Headphones,Electronics,Flipkart,Deepa C.,4,Amazing! This is one of the best purchases I have made.
2024-04-19,Zebronics ZEB-Crystal Pro Webcam,Electronics,Flipkart,Aditya R.,5,Outstanding product. Fast delivery and good packaging.
2024-04-20,Allen Solly Polo T-Shirt,Fashion,Myntra,Kavya T.,5,Outstanding product. Fast delivery and good packaging.
2024-04-20,Anker 65W GaN Fast Charger,Electronics,Google Play,Amit D.,2,Product is defective. Will be returning it.
2024-04-20,HP 65W Laptop Power Adapter,Office & Computing,Google Play,Deepa C.,5,Absolutely love this product! Quality is excellent and delivery was fast.
2024-04-20,Minimalist 10% Niacinamide Serum,Beauty,Amazon,Sneha R.,4,Exceeded my expectations. Will definitely buy again.
2024-04-20,Samsung Galaxy Buds3 Pro,Electronics,Amazon,Farhan X.,3,Works but quality could be improved.
2024-04-21,Allen Solly Polo T-Shirt,Fashion,Flipkart,Divya F.,4,Great value for money. Very happy with my purchase.
2024-04-21,Anker 65W GaN Fast Charger,Electronics,Amazon,Meena N.,5,Absolutely love this product! Quality is excellent and delivery was fast.
2024-04-21,Mi 10000mAh Power Bank,Electronics,Flipkart,Rohan D.,3,Acceptable quality. Expected a bit more.
2024-04-21,Royalford Bamboo Chopping Board,Home & Living,Amazon,Arjun P.,2,Not worth the money. Would not recommend.
2024-04-22,Allen Solly Polo T-Shirt,Fashion,Myntra,Preeti C.,5,Exceeded my expectations. Will definitely buy again.
2024-04-22,Anker 65W GaN Fast Charger,Electronics,Myntra,Mohit Y.,5,Very satisfied. Quality is premium and packaging was neat.
2024-04-22,FabIndia Cotton Kurta,Fashion,Google Play,Vikram H.,5,Five stars! Will recommend to friends and family.
2024-04-22,Kuber Industries Storage Box,Home & Living,App Store,Pooja V.,2,Very bad experience. Customer service was unhelpful.
2024-04-22,Levi's 511 Slim Fit Jeans,Fashion,Amazon,Arjun P.,4,Top notch quality. Highly recommend to everyone.
2024-04-22,Logitech MX Keys Keyboard,Electronics,Amazon,Ravi K.,4,Perfect product. Works exactly as described.
2024-04-22,Minimalist 10% Niacinamide Serum,Beauty,Meesho,Ramesh B.,1,Very disappointed. Product quality is poor.
2024-04-22,Plum Green Tea Toner 200ml,Beauty,Amazon,Sunita W.,3,Average quality but acceptable for the price.
2024-04-22,Royalford Bamboo Chopping Board,Home & Living,App Store,Nisha G.,4,Exceeded my expectations. Will definitely buy again.
2024-04-22,Samsung Galaxy Buds3 Pro,Electronics,Flipkart,Amit D.,4,Absolutely love this product! Quality is excellent and delivery was fast.
2024-04-22,Wow Skin Science Hair Oil,Beauty,Amazon,Priya S.,4,Top notch quality. Highly recommend to everyone.
2024-04-23,H&M Relaxed Fit Shirt,Fashion,Google Play,Sunita W.,3,Acceptable quality. Expected a bit more.
2024-04-23,Kuber Industries Storage Box,Home & Living,Myntra,Preeti C.,3,Not bad. Could be better but serves the purpose.
2024-04-23,Milton Thermosteel Flask 1L,Home & Living,App Store,Mohit Y.,3,Not bad. Could be better but serves the purpose.
2024-04-23,Pigeon Aluminium Non-Stick Pan,Home & Living,Flipkart,Ramesh B.,5,Top notch quality. Highly recommend to everyone.
2024-04-23,Portronics Table Lamp LED,Office & Computing,Amazon,Ishaan B.,2,Terrible quality. Broke within a week.
2024-04-23,Sony WH-1000XM5 Headphones,Electronics,App Store,Vikram H.,5,Very satisfied. Quality is premium and packaging was neat.
2024-04-23,Zebronics ZEB-Crystal Pro Webcam,Electronics,Myntra,Priya S.,3,Decent product. Does exactly what it says.
2024-04-23,boAt Airdopes 141 TWS Earbuds,Electronics,Myntra,Ananya M.,5,Perfect product. Works exactly as described.
2024-04-24,Logitech MX Keys Keyboard,Electronics,App Store,Sanjay L.,5,Five stars! Will recommend to friends and family.
2024-04-24,Story@Home Blackout Curtains,Home & Living,Amazon,Nikhil A.,2,Product is defective. Will be returning it.
2024-04-25,Biotique Bio Morning Nector SPF,Beauty,Flipkart,Shreya Z.,3,Average quality but acceptable for the price.
2024-04-25,Mi 10000mAh Power Bank,Electronics,Meesho,Ravi K.,5,Great value for money. Very happy with my purchase.
2024-04-25,Plum Green Tea Toner 200ml,Beauty,Myntra,Vikram H.,4,Very satisfied. Quality is premium and packaging was neat.
2024-04-25,Syska USB Hub 4-Port,Office & Computing,Amazon,Nisha G.,4,Absolutely love this product! Quality is excellent and delivery was fast.
2024-04-26,FabIndia Cotton Kurta,Fashion,Myntra,Ananya M.,5,Five stars! Will recommend to friends and family.
2024-04-26,Mamaearth Vitamin C Face Wash,Beauty,App Store,Preeti C.,3,Okay product. Nothing extraordinary.
2024-04-26,Mi 10000mAh Power Bank,Electronics,Meesho,Divya F.,5,Top notch quality. Highly recommend to everyone.
2024-04-26,Royalford Bamboo Chopping Board,Home & Living,App Store,Kavya T.,5,Absolutely love this product! Quality is excellent and delivery was fast.
2024-04-27,HP 65W Laptop Power Adapter,Office & Computing,Myntra,Nisha G.,4,Outstanding product. Fast delivery and good packaging.
2024-04-27,Pigeon Aluminium Non-Stick Pan,Home & Living,App Store,Deepa C.,5,Brilliant quality. Worth every rupee spent.
2024-04-27,Puma Classic Track Pants,Fashion,Google Play,Shreya Z.,5,Five stars! Will recommend to friends and family.
2024-04-27,Zebronics ZEB-Crystal Pro Webcam,Electronics,Flipkart,Preeti C.,3,Does the job but not impressed.
2024-04-28,Kuber Industries Storage Box,Home & Living,Meesho,Meena N.,3,It's fine. Meets basic requirements.
2024-04-28,Lakme Absolute Foundation,Beauty,Flipkart,Deepa C.,3,Works but quality could be improved.
2024-04-28,Logitech MX Keys Keyboard,Electronics,Flipkart,Anjali E.,4,Amazing! This is one of the best purchases I have made.
2024-04-28,Syska USB Hub 4-Port,Office & Computing,Flipkart,Rohan D.,4,Top notch quality. Highly recommend to everyone.
2024-04-29,Biotique Bio Morning Nector SPF,Beauty,Flipkart,Ishaan B.,4,Top notch quality. Highly recommend to everyone.
2024-04-29,FabIndia Cotton Kurta,Fashion,Amazon,Ravi K.,3,Not bad. Could be better but serves the purpose.
2024-04-29,JBL Flip 6 Bluetooth Speaker,Electronics,Myntra,Divya F.,5,Exceeded my expectations. Will definitely buy again.
2024-04-29,Kuber Industries Storage Box,Home & Living,App Store,Arjun P.,5,Outstanding product. Fast delivery and good packaging.
2024-04-29,Logitech MX Keys Keyboard,Electronics,Meesho,Deepa C.,1,Product is defective. Will be returning it.
2024-04-29,Milton Thermosteel Flask 1L,Home & Living,Flipkart,Amit D.,5,Perfect product. Works exactly as described.
2024-04-29,Minimalist 10% Niacinamide Serum,Beauty,Amazon,Aditya R.,5,Great value for money. Very happy with my purchase.
2024-04-29,Pigeon Aluminium Non-Stick Pan,Home & Living,Meesho,Pooja V.,3,Does the job but not impressed.
2024-04-29,Plum Green Tea Toner 200ml,Beauty,Flipkart,Lalita Q.,4,Perfect product. Works exactly as described.
2024-04-29,Prestige Induction Cooktop 1200W,Home & Living,Flipkart,Rahul O.,4,Perfect product. Works exactly as described.
2024-04-29,Syska USB Hub 4-Port,Office & Computing,Meesho,Farhan X.,3,Product is okay. Delivery was delayed slightly.
2024-04-29,Zebronics ZEB-Crystal Pro Webcam,Electronics,Flipkart,Nisha G.,5,Perfect product. Works exactly as described.
2024-04-30,HP 65W Laptop Power Adapter,Office & Computing,Flipkart,Deepa C.,5,Amazing! This is one of the best purchases I have made.
2024-04-30,Minimalist 10% Niacinamide Serum,Beauty,Myntra,Rohan D.,5,Absolutely love this product! Quality is excellent and delivery was fast.
2024-04-30,Plum Green Tea Toner 200ml,Beauty,App Store,Ishaan B.,3,Average quality but acceptable for the price.
2024-04-30,Portronics Table Lamp LED,Office & Computing,Flipkart,Nisha G.,4,Brilliant quality. Worth every rupee spent.
2024-04-30,Woodland Casual Sneakers,Fashion,Amazon,Mohit Y.,3,Average quality but acceptable for the price.
2024-05-01,Allen Solly Polo T-Shirt,Fashion,Flipkart,Nisha G.,4,Perfect product. Works exactly as described.
2024-05-01,Logitech MX Keys Keyboard,Electronics,Meesho,Mohit Y.,2,Not worth the money. Would not recommend.
2024-05-01,Mi 10000mAh Power Bank,Electronics,Myntra,Vikram H.,5,Brilliant quality. Worth every rupee spent.
2024-05-01,Minimalist 10% Niacinamide Serum,Beauty,Google Play,Priya S.,4,Brilliant quality. Worth every rupee spent.
2024-05-01,Story@Home Blackout Curtains,Home & Living,Myntra,Ramesh B.,5,Outstanding product. Fast delivery and good packaging.
2024-05-02,Allen Solly Polo T-Shirt,Fashion,Meesho,Pooja V.,1,Not worth the money. Would not recommend.
2024-05-02,H&M Relaxed Fit Shirt,Fashion,Meesho,Priya S.,3,Not bad. Could be better but serves the purpose.
2024-05-02,Kuber Industries Storage Box,Home & Living,Myntra,Mohit Y.,5,Great value for money. Very happy with my purchase.
2024-05-02,Logitech MX Keys Keyboard,Electronics,Flipkart,Amit D.,3,Decent product. Does exactly what it says.
2024-05-03,Biotique Bio Morning Nector SPF,Beauty,Amazon,Sneha R.,3,Not bad. Could be better but serves the purpose.
2024-05-03,Lakme Absolute Foundation,Beauty,Flipkart,Divya F.,4,Perfect product. Works exactly as described.
2024-05-04,Allen Solly Polo T-Shirt,Fashion,Meesho,Amit D.,2,Not worth the money. Would not recommend.
2024-05-04,Anker 65W GaN Fast Charger,Electronics,Myntra,Geeta U.,3,It's fine. Meets basic requirements.
2024-05-04,JBL Flip 6 Bluetooth Speaker,Electronics,Flipkart,Karan J.,3,Neither good nor bad. Just average.
2024-05-04,Mamaearth Vitamin C Face Wash,Beauty,Amazon,Ramesh B.,4,Very satisfied. Quality is premium and packaging was neat.
2024-05-04,Syska USB Hub 4-Port,Office & Computing,Meesho,Farhan X.,5,Brilliant quality. Worth every rupee spent.
2024-05-05,Allen Solly Polo T-Shirt,Fashion,Myntra,Karan J.,5,Top notch quality. Highly recommend to everyone.
2024-05-05,JBL Flip 6 Bluetooth Speaker,Electronics,Myntra,Rohan D.,1,Very poor quality compared to the description.
2024-05-05,Syska USB Hub 4-Port,Office & Computing,Meesho,Deepa C.,4,Five stars! Will recommend to friends and family.
2024-05-05,Zebronics ZEB-Crystal Pro Webcam,Electronics,Meesho,Sanjay L.,4,Brilliant quality. Worth every rupee spent.
2024-05-06,AmazonBasics Adjustable Laptop Stand,Office & Computing,App Store,Anjali E.,3,Okay product. Nothing extraordinary.
2024-05-06,Anker 65W GaN Fast Charger,Electronics,Google Play,Rohan D.,4,Very satisfied. Quality is premium and packaging was neat.
2024-05-06,Biotique Bio Morning Nector SPF,Beauty,Google Play,Sneha R.,4,Outstanding product. Fast delivery and good packaging.
2024-05-06,Minimalist 10% Niacinamide Serum,Beauty,Amazon,Ananya M.,5,Great value for money. Very happy with my purchase.
2024-05-06,Pigeon Aluminium Non-Stick Pan,Home & Living,Google Play,Aditya R.,3,Not bad. Could be better but serves the purpose.
2024-05-06,Prestige Induction Cooktop 1200W,Home & Living,Meesho,Ishaan B.,4,Exceeded my expectations. Will definitely buy again.
2024-05-06,Royalford Bamboo Chopping Board,Home & Living,Google Play,Sanjay L.,5,Brilliant quality. Worth every rupee spent.
2024-05-06,Samsung Galaxy Buds3 Pro,Electronics,Flipkart,Meena N.,4,Amazing! This is one of the best purchases I have made.
2024-05-06,boAt Airdopes 141 TWS Earbuds,Electronics,Google Play,Deepa C.,5,Very satisfied. Quality is premium and packaging was neat.
2024-05-07,HP 65W Laptop Power Adapter,Office & Computing,App Store,Preeti C.,3,It's fine. Meets basic requirements.
2024-05-07,Pigeon Aluminium Non-Stick Pan,Home & Living,Google Play,Ananya M.,3,Acceptable quality. Expected a bit more.
2024-05-07,Puma Classic Track Pants,Fashion,Amazon,Deepa C.,5,Absolutely love this product! Quality is excellent and delivery was fast.
2024-05-08,HP 65W Laptop Power Adapter,Office & Computing,Meesho,Nisha G.,4,Very satisfied. Quality is premium and packaging was neat.
2024-05-08,Pigeon Aluminium Non-Stick Pan,Home & Living,Google Play,Farhan X.,4,Perfect product. Works exactly as described.
2024-05-08,Samsung Galaxy Buds3 Pro,Electronics,Meesho,Ravi K.,5,Outstanding product. Fast delivery and good packaging.
2024-05-08,Sony WH-1000XM5 Headphones,Electronics,Meesho,Deepa C.,1,Regret buying this. Will not purchase again.
2024-05-08,Syska USB Hub 4-Port,Office & Computing,Meesho,Divya F.,2,Terrible quality. Broke within a week.
2024-05-08,Wow Skin Science Hair Oil,Beauty,Meesho,Lalita Q.,5,Five stars! Will recommend to friends and family.
2024-05-09,Allen Solly Polo T-Shirt,Fashion,Myntra,Kavya T.,5,Brilliant quality. Worth every rupee spent.
2024-05-09,HP 65W Laptop Power Adapter,Office & Computing,Amazon,Arjun P.,4,Very satisfied. Quality is premium and packaging was neat.
2024-05-09,Kuber Industries Storage Box,Home & Living,Amazon,Mohit Y.,4,Exceeded my expectations. Will definitely buy again.
2024-05-09,Lakme Absolute Foundation,Beauty,Myntra,Sunita W.,4,Absolutely love this product! Quality is excellent and delivery was fast.
2024-05-09,Minimalist 10% Niacinamide Serum,Beauty,App Store,Preeti C.,4,Great value for money. Very happy with my purchase.
2024-05-09,Prestige Induction Cooktop 1200W,Home & Living,Meesho,Sneha R.,4,Very satisfied. Quality is premium and packaging was neat.
2024-05-10,AmazonBasics Adjustable Laptop Stand,Office & Computing,Amazon,Ishaan B.,5,Brilliant quality. Worth every rupee spent.
2024-05-10,Lakme Absolute Foundation,Beauty,Amazon,Rohan D.,3,Okay product. Nothing extraordinary.
2024-05-10,Minimalist 10% Niacinamide Serum,Beauty,Myntra,Sunita W.,5,Top notch quality. Highly recommend to everyone.
2024-05-10,Prestige Induction Cooktop 1200W,Home & Living,Flipkart,Arjun P.,5,Brilliant quality. Worth every rupee spent.
2024-05-10,Story@Home Blackout Curtains,Home & Living,Amazon,Karan J.,5,Outstanding product. Fast delivery and good packaging.
2024-05-11,Allen Solly Polo T-Shirt,Fashion,Myntra,Lalita Q.,3,Product is okay. Delivery was delayed slightly.
2024-05-11,Royalford Bamboo Chopping Board,Home & Living,Meesho,Deepa C.,4,Amazing! This is one of the best purchases I have made.
2024-05-11,Sony WH-1000XM5 Headphones,Electronics,Meesho,Farhan X.,5,Top notch quality. Highly recommend to everyone.
2024-05-12,Anker 65W GaN Fast Charger,Electronics,Amazon,Anjali E.,5,Great value for money. Very happy with my purchase.
2024-05-12,JBL Flip 6 Bluetooth Speaker,Electronics,Meesho,Farhan X.,3,Acceptable quality. Expected a bit more.
2024-05-12,Kuber Industries Storage Box,Home & Living,Google Play,Geeta U.,2,Bad product. Had issues from day one.
2024-05-12,Mi 10000mAh Power Bank,Electronics,Flipkart,Rohan D.,3,Average quality but acceptable for the price.
2024-05-12,Portronics Table Lamp LED,Office & Computing,Google Play,Shreya Z.,4,Amazing! This is one of the best purchases I have made.
2024-05-12,Woodland Casual Sneakers,Fashion,Myntra,Nisha G.,1,Terrible quality. Broke within a week.
2024-05-12,boAt Airdopes 141 TWS Earbuds,Electronics,Meesho,Deepa C.,3,Average quality but acceptable for the price.
2024-05-13,AmazonBasics Adjustable Laptop Stand,Office & Computing,Myntra,Geeta U.,3,Works but quality could be improved.
2024-05-13,Biotique Bio Morning Nector SPF,Beauty,Meesho,Amit D.,5,Very satisfied. Quality is premium and packaging was neat.
2024-05-13,H&M Relaxed Fit Shirt,Fashion,Google Play,Nisha G.,5,Five stars! Will recommend to friends and family.
2024-05-13,Lakme Absolute Foundation,Beauty,App Store,Lalita Q.,3,Product is okay. Delivery was delayed slightly.
2024-05-13,Levi's 511 Slim Fit Jeans,Fashion,Flipkart,Karan J.,5,Amazing! This is one of the best purchases I have made.
2024-05-13,Mamaearth Vitamin C Face Wash,Beauty,App Store,Mohit Y.,5,Amazing! This is one of the best purchases I have made.
2024-05-13,Pigeon Aluminium Non-Stick Pan,Home & Living,App Store,Rahul O.,3,It's fine. Meets basic requirements.
2024-05-13,Story@Home Blackout Curtains,Home & Living,Myntra,Farhan X.,4,Great value for money. Very happy with my purchase.
2024-05-13,Wow Skin Science Hair Oil,Beauty,Meesho,Divya F.,5,Perfect product. Works exactly as described.
2024-05-14,Logitech MX Keys Keyboard,Electronics,Meesho,Geeta U.,4,Absolutely love this product! Quality is excellent and delivery was fast.
2024-05-14,Mi 10000mAh Power Bank,Electronics,Google Play,Sanjay L.,3,Not bad. Could be better but serves the purpose.
2024-05-14,Story@Home Blackout Curtains,Home & Living,App Store,Preeti C.,1,Not worth the money. Would not recommend.
2024-05-14,Zebronics ZEB-Crystal Pro Webcam,Electronics,Myntra,Ravi K.,3,It's fine. Meets basic requirements.
2024-05-15,HP 65W Laptop Power Adapter,Office & Computing,Myntra,Amit D.,4,Top notch quality. Highly recommend to everyone.
2024-05-15,Samsung Galaxy Buds3 Pro,Electronics,Myntra,Divya F.,4,Great value for money. Very happy with my purchase.
2024-05-16,Mi 10000mAh Power Bank,Electronics,Amazon,Ramesh B.,4,Top notch quality. Highly recommend to everyone.
2024-05-16,Portronics Table Lamp LED,Office & Computing,App Store,Aditya R.,1,Very frustrating experience. Arrived damaged.
2024-05-16,Syska USB Hub 4-Port,Office & Computing,Myntra,Karan J.,4,Exceeded my expectations. Will definitely buy again.
2024-05-16,Woodland Casual Sneakers,Fashion,Google Play,Shreya Z.,3,Works but quality could be improved.
2024-05-17,Portronics Table Lamp LED,Office & Computing,Myntra,Ananya M.,5,Absolutely love this product! Quality is excellent and delivery was fast.
2024-05-17,boAt Airdopes 141 TWS Earbuds,Electronics,Google Play,Sanjay L.,5,Great value for money. Very happy with my purchase.
2024-05-18,Allen Solly Polo T-Shirt,Fashion,Amazon,Geeta U.,4,Very satisfied. Quality is premium and packaging was neat.
2024-05-18,Sony WH-1000XM5 Headphones,Electronics,Amazon,Lalita Q.,5,Amazing! This is one of the best purchases I have made.
2024-05-18,Wow Skin Science Hair Oil,Beauty,App Store,Amit D.,2,Very bad experience. Customer service was unhelpful.
2024-05-18,boAt Airdopes 141 TWS Earbuds,Electronics,Meesho,Kavya T.,3,It's fine. Meets basic requirements.
2024-05-19,Lakme Absolute Foundation,Beauty,Google Play,Sneha R.,2,Terrible quality. Broke within a week.
2024-05-19,Sony WH-1000XM5 Headphones,Electronics,App Store,Geeta U.,5,Very satisfied. Quality is premium and packaging was neat.
2024-05-19,Syska USB Hub 4-Port,Office & Computing,Google Play,Karan J.,4,Outstanding product. Fast delivery and good packaging.
2024-05-20,Allen Solly Polo T-Shirt,Fashion,Amazon,Lalita Q.,4,Top notch quality. Highly recommend to everyone.
2024-05-20,AmazonBasics Adjustable Laptop Stand,Office & Computing,Google Play,Karan J.,4,Perfect product. Works exactly as described.
2024-05-20,H&M Relaxed Fit Shirt,Fashion,Myntra,Sanjay L.,5,Great value for money. Very happy with my purchase.
2024-05-20,HP 65W Laptop Power Adapter,Office & Computing,Flipkart,Rohan D.,1,Not worth the money. Would not recommend.
2024-05-20,Logitech MX Keys Keyboard,Electronics,App Store,Meena N.,3,Average quality but acceptable for the price.
2024-05-20,Mamaearth Vitamin C Face Wash,Beauty,Flipkart,Geeta U.,4,Very satisfied. Quality is premium and packaging was neat.
2024-05-20,Minimalist 10% Niacinamide Serum,Beauty,Flipkart,Sunita W.,4,Amazing! This is one of the best purchases I have made.
2024-05-20,Plum Green Tea Toner 200ml,Beauty,Amazon,Suresh I.,3,Okay product. Nothing extraordinary.
2024-05-20,Puma Classic Track Pants,Fashion,Meesho,Mohit Y.,4,Five stars! Will recommend to friends and family.
2024-05-20,Sony WH-1000XM5 Headphones,Electronics,Amazon,Farhan X.,4,Great value for money. Very happy with my purchase.
2024-05-20,boAt Airdopes 141 TWS Earbuds,Electronics,Meesho,Kavya T.,1,Terrible quality. Broke within a week.
2024-05-21,Anker 65W GaN Fast Charger,Electronics,Flipkart,Deepa C.,4,Very satisfied. Quality is premium and packaging was neat.
2024-05-21,FabIndia Cotton Kurta,Fashion,Myntra,Nikhil A.,5,Amazing! This is one of the best purchases I have made.
2024-05-21,Kuber Industries Storage Box,Home & Living,Amazon,Rahul O.,4,Exceeded my expectations. Will definitely buy again.
2024-05-22,Lakme Absolute Foundation,Beauty,Google Play,Shreya Z.,5,Great value for money. Very happy with my purchase.
2024-05-22,Pigeon Aluminium Non-Stick Pan,Home & Living,Flipkart,Karan J.,5,Absolutely love this product! Quality is excellent and delivery was fast.
2024-05-23,JBL Flip 6 Bluetooth Speaker,Electronics,Meesho,Ramesh B.,4,Outstanding product. Fast delivery and good packaging.
2024-05-23,Kuber Industries Storage Box,Home & Living,App Store,Kavya T.,3,Neither good nor bad. Just average.
2024-05-23,Levi's 511 Slim Fit Jeans,Fashion,Meesho,Arjun P.,5,Brilliant quality. Worth every rupee spent.
2024-05-23,Mi 10000mAh Power Bank,Electronics,Meesho,Rohan D.,4,Top notch quality. Highly recommend to everyone.
2024-05-23,Minimalist 10% Niacinamide Serum,Beauty,Flipkart,Mohit Y.,3,Okay product. Nothing extraordinary.
2024-05-23,Royalford Bamboo Chopping Board,Home & Living,Myntra,Divya F.,4,Amazing! This is one of the best purchases I have made.
2024-05-23,Story@Home Blackout Curtains,Home & Living,Amazon,Shreya Z.,4,Top notch quality. Highly recommend to everyone.
2024-05-24,Biotique Bio Morning Nector SPF,Beauty,Meesho,Divya F.,5,Very satisfied. Quality is premium and packaging was neat.
2024-05-24,FabIndia Cotton Kurta,Fashion,App Store,Ramesh B.,5,Perfect product. Works exactly as described.
2024-05-24,Kuber Industries Storage Box,Home & Living,Flipkart,Mohit Y.,4,Outstanding product. Fast delivery and good packaging.
2024-05-24,Pigeon Aluminium Non-Stick Pan,Home & Living,Myntra,Ishaan B.,3,Neither good nor bad. Just average.
2024-05-24,Royalford Bamboo Chopping Board,Home & Living,Myntra,Ananya M.,3,Average quality but acceptable for the price.
2024-05-24,boAt Airdopes 141 TWS Earbuds,Electronics,Google Play,Preeti C.,5,Exceeded my expectations. Will definitely buy again.
2024-05-25,Anker 65W GaN Fast Charger,Electronics,Google Play,Lalita Q.,5,Perfect product. Works exactly as described.
2024-05-25,H&M Relaxed Fit Shirt,Fashion,Meesho,Ramesh B.,5,Brilliant quality. Worth every rupee spent.
2024-05-25,JBL Flip 6 Bluetooth Speaker,Electronics,Google Play,Anjali E.,3,It's fine. Meets basic requirements.
2024-05-25,Samsung Galaxy Buds3 Pro,Electronics,App Store,Preeti C.,3,Works but quality could be improved.
2024-05-25,boAt Airdopes 141 TWS Earbuds,Electronics,Google Play,Pooja V.,1,Very disappointed. Product quality is poor.
2024-05-26,Minimalist 10% Niacinamide Serum,Beauty,App Store,Kavya T.,4,Amazing! This is one of the best purchases I have made.
2024-05-26,Prestige Induction Cooktop 1200W,Home & Living,Amazon,Ishaan B.,4,Perfect product. Works exactly as described.
2024-05-26,Puma Classic Track Pants,Fashion,Amazon,Deepa C.,1,Waste of money. Completely unsatisfied.
2024-05-26,Woodland Casual Sneakers,Fashion,Myntra,Rohan D.,4,Outstanding product. Fast delivery and good packaging.
2024-05-27,Allen Solly Polo T-Shirt,Fashion,Google Play,Sneha R.,1,Very bad experience. Customer service was unhelpful.
2024-05-27,H&M Relaxed Fit Shirt,Fashion,Myntra,Anjali E.,5,Brilliant quality. Worth every rupee spent.
2024-05-27,Logitech MX Keys Keyboard,Electronics,App Store,Deepa C.,3,It's fine. Meets basic requirements.
2024-05-27,Mamaearth Vitamin C Face Wash,Beauty,Myntra,Preeti C.,4,Very satisfied. Quality is premium and packaging was neat.
2024-05-27,Mi 10000mAh Power Bank,Electronics,Meesho,Shreya Z.,3,Decent product. Does exactly what it says.
2024-05-27,Plum Green Tea Toner 200ml,Beauty,Myntra,Ramesh B.,5,Brilliant quality. Worth every rupee spent.
2024-05-27,Prestige Induction Cooktop 1200W,Home & Living,Flipkart,Nisha G.,4,Five stars! Will recommend to friends and family.
2024-05-27,Sony WH-1000XM5 Headphones,Electronics,Myntra,Mohit Y.,5,Perfect product. Works exactly as described.
2024-05-27,boAt Airdopes 141 TWS Earbuds,Electronics,Myntra,Sanjay L.,4,Outstanding product. Fast delivery and good packaging.
2024-05-28,AmazonBasics Adjustable Laptop Stand,Office & Computing,Flipkart,Arjun P.,4,Great value for money. Very happy with my purchase.
2024-05-28,Mi 10000mAh Power Bank,Electronics,Amazon,Nisha G.,5,Outstanding product. Fast delivery and good packaging.
2024-05-28,Puma Classic Track Pants,Fashion,Myntra,Ramesh B.,2,Product is defective. Will be returning it.
2024-05-28,Sony WH-1000XM5 Headphones,Electronics,Google Play,Pooja V.,4,Five stars! Will recommend to friends and family.
2024-05-28,Woodland Casual Sneakers,Fashion,Google Play,Priya S.,2,Bad product. Had issues from day one.
2024-05-28,Wow Skin Science Hair Oil,Beauty,Flipkart,Preeti C.,5,Five stars! Will recommend to friends and family.
2024-05-29,JBL Flip 6 Bluetooth Speaker,Electronics,Google Play,Deepa C.,5,Top notch quality. Highly recommend to everyone.
2024-05-29,Levi's 511 Slim Fit Jeans,Fashion,App Store,Karan J.,3,Product is okay. Delivery was delayed slightly.
2024-05-29,Logitech MX Keys Keyboard,Electronics,App Store,Lalita Q.,4,Absolutely love this product! Quality is excellent and delivery was fast.
2024-05-29,Royalford Bamboo Chopping Board,Home & Living,App Store,Ishaan B.,4,Amazing! This is one of the best purchases I have made.
2024-05-29,Sony WH-1000XM5 Headphones,Electronics,Amazon,Rohan D.,3,Okay product. Nothing extraordinary.
2024-05-29,Woodland Casual Sneakers,Fashion,Google Play,Nikhil A.,4,Perfect product. Works exactly as described.
2024-05-29,boAt Airdopes 141 TWS Earbuds,Electronics,App Store,Shreya Z.,2,Not worth the money. Would not recommend.
2024-05-30,AmazonBasics Adjustable Laptop Stand,Office & Computing,App Store,Sanjay L.,4,Absolutely love this product! Quality is excellent and delivery was fast.
2024-05-30,FabIndia Cotton Kurta,Fashion,Flipkart,Nikhil A.,4,Great value for money. Very happy with my purchase.
2024-05-30,H&M Relaxed Fit Shirt,Fashion,Amazon,Deepa C.,4,Brilliant quality. Worth every rupee spent.
2024-05-30,Kuber Industries Storage Box,Home & Living,App Store,Anjali E.,3,Works but quality could be improved.
2024-05-30,Sony WH-1000XM5 Headphones,Electronics,Amazon,Mohit Y.,4,Amazing! This is one of the best purchases I have made.
2024-05-30,boAt Airdopes 141 TWS Earbuds,Electronics,App Store,Kavya T.,4,Five stars! Will recommend to friends and family.
2024-05-31,Allen Solly Polo T-Shirt,Fashion,Amazon,Deepa C.,3,Okay product. Nothing extraordinary.
2024-05-31,JBL Flip 6 Bluetooth Speaker,Electronics,Google Play,Anjali E.,4,Top notch quality. Highly recommend to everyone.
2024-05-31,Milton Thermosteel Flask 1L,Home & Living,App Store,Meena N.,5,Top notch quality. Highly recommend to everyone.
2024-05-31,Minimalist 10% Niacinamide Serum,Beauty,Meesho,Priya S.,4,Amazing! This is one of the best purchases I have made.
2024-05-31,Puma Classic Track Pants,Fashion,Amazon,Rohan D.,5,Great value for money. Very happy with my purchase.
2024-06-01,Allen Solly Polo T-Shirt,Fashion,Myntra,Deepa C.,5,Very satisfied. Quality is premium and packaging was neat.
2024-06-01,Royalford Bamboo Chopping Board,Home & Living,Meesho,Sneha R.,4,Five stars! Will recommend to friends and family.
2024-06-01,Syska USB Hub 4-Port,Office & Computing,Flipkart,Sanjay L.,4,Exceeded my expectations. Will definitely buy again.
2024-06-01,boAt Airdopes 141 TWS Earbuds,Electronics,Myntra,Vikram H.,1,Very frustrating experience. Arrived damaged.
2024-06-02,JBL Flip 6 Bluetooth Speaker,Electronics,App Store,Ramesh B.,4,Perfect product. Works exactly as described.
2024-06-02,Plum Green Tea Toner 200ml,Beauty,Myntra,Preeti C.,4,Top notch quality. Highly recommend to everyone.
2024-06-02,Puma Classic Track Pants,Fashion,Google Play,Geeta U.,4,Perfect product. Works exactly as described.
2024-06-02,Sony WH-1000XM5 Headphones,Electronics,Meesho,Rohan D.,4,Exceeded my expectations. Will definitely buy again.
2024-06-02,Syska USB Hub 4-Port,Office & Computing,App Store,Suresh I.,3,Works but quality could be improved.
2024-06-02,Wow Skin Science Hair Oil,Beauty,App Store,Mohit Y.,4,Brilliant quality. Worth every rupee spent.
2024-06-03,FabIndia Cotton Kurta,Fashion,Meesho,Amit D.,3,Average quality but acceptable for the price.
2024-06-03,JBL Flip 6 Bluetooth Speaker,Electronics,Amazon,Rohan D.,4,Amazing! This is one of the best purchases I have made.
2024-06-03,Kuber Industries Storage Box,Home & Living,Myntra,Vikram H.,3,Product is okay. Delivery was delayed slightly.
2024-06-03,Portronics Table Lamp LED,Office & Computing,Meesho,Ananya M.,5,Top notch quality. Highly recommend to everyone.
2024-06-03,Royalford Bamboo Chopping Board,Home & Living,Amazon,Karan J.,4,Very satisfied. Quality is premium and packaging was neat.
2024-06-03,Samsung Galaxy Buds3 Pro,Electronics,Myntra,Shreya Z.,3,Acceptable quality. Expected a bit more.
2024-06-03,Wow Skin Science Hair Oil,Beauty,Flipkart,Farhan X.,5,Amazing! This is one of the best purchases I have made.
2024-06-03,Zebronics ZEB-Crystal Pro Webcam,Electronics,Amazon,Pooja V.,4,Amazing! This is one of the best purchases I have made.
2024-06-03,boAt Airdopes 141 TWS Earbuds,Electronics,App Store,Preeti C.,5,Five stars! Will recommend to friends and family.
2024-06-04,HP 65W Laptop Power Adapter,Office & Computing,Meesho,Shreya Z.,3,Not bad. Could be better but serves the purpose.
2024-06-04,boAt Airdopes 141 TWS Earbuds,Electronics,App Store,Amit D.,5,Very satisfied. Quality is premium and packaging was neat.
2024-06-05,Logitech MX Keys Keyboard,Electronics,Flipkart,Vikram H.,5,Exceeded my expectations. Will definitely buy again.
2024-06-05,Milton Thermosteel Flask 1L,Home & Living,Myntra,Nikhil A.,4,Perfect product. Works exactly as described.
2024-06-05,Sony WH-1000XM5 Headphones,Electronics,Amazon,Sunita W.,2,Very bad experience. Customer service was unhelpful.
2024-06-05,Woodland Casual Sneakers,Fashion,Amazon,Mohit Y.,4,Perfect product. Works exactly as described.
2024-06-05,boAt Airdopes 141 TWS Earbuds,Electronics,Google Play,Divya F.,3,Works but quality could be improved.
2024-06-06,Allen Solly Polo T-Shirt,Fashion,Flipkart,Anjali E.,5,Very satisfied. Quality is premium and packaging was neat.
2024-06-06,AmazonBasics Adjustable Laptop Stand,Office & Computing,App Store,Nikhil A.,4,Great value for money. Very happy with my purchase.
2024-06-06,Biotique Bio Morning Nector SPF,Beauty,App Store,Nisha G.,2,Regret buying this. Will not purchase again.
2024-06-06,FabIndia Cotton Kurta,Fashion,Amazon,Rahul O.,5,Top notch quality. Highly recommend to everyone.
2024-06-06,JBL Flip 6 Bluetooth Speaker,Electronics,Meesho,Priya S.,2,Very bad experience. Customer service was unhelpful.
2024-06-06,Lakme Absolute Foundation,Beauty,Flipkart,Preeti C.,5,Outstanding product. Fast delivery and good packaging.
2024-06-06,Plum Green Tea Toner 200ml,Beauty,App Store,Farhan X.,1,Very frustrating experience. Arrived damaged.
2024-06-06,boAt Airdopes 141 TWS Earbuds,Electronics,Amazon,Kavya T.,3,Acceptable quality. Expected a bit more.
2024-06-07,Anker 65W GaN Fast Charger,Electronics,Meesho,Rahul O.,4,Outstanding product. Fast delivery and good packaging.
2024-06-07,HP 65W Laptop Power Adapter,Office & Computing,App Store,Deepa C.,4,Outstanding product. Fast delivery and good packaging.
2024-06-07,Lakme Absolute Foundation,Beauty,App Store,Priya S.,4,Amazing! This is one of the best purchases I have made.
2024-06-07,boAt Airdopes 141 TWS Earbuds,Electronics,Meesho,Kavya T.,3,Works but quality could be improved.
2024-06-08,AmazonBasics Adjustable Laptop Stand,Office & Computing,App Store,Arjun P.,5,Exceeded my expectations. Will definitely buy again.
2024-06-08,JBL Flip 6 Bluetooth Speaker,Electronics,Meesho,Kavya T.,5,Very satisfied. Quality is premium and packaging was neat.
2024-06-08,Puma Classic Track Pants,Fashion,Flipkart,Ananya M.,4,Very satisfied. Quality is premium and packaging was neat.
2024-06-08,Royalford Bamboo Chopping Board,Home & Living,Flipkart,Shreya Z.,5,Absolutely love this product! Quality is excellent and delivery was fast.
2024-06-08,Sony WH-1000XM5 Headphones,Electronics,Flipkart,Divya F.,2,Waste of money. Completely unsatisfied.
2024-06-09,Mi 10000mAh Power Bank,Electronics,App Store,Ananya M.,3,Decent product. Does exactly what it says.
2024-06-09,Wow Skin Science Hair Oil,Beauty,Google Play,Lalita Q.,4,Great value for money. Very happy with my purchase.
2024-06-10,Allen Solly Polo T-Shirt,Fashion,Amazon,Aditya R.,4,Great value for money. Very happy with my purchase.
2024-06-10,FabIndia Cotton Kurta,Fashion,Myntra,Nikhil A.,5,Exceeded my expectations. Will definitely buy again.
2024-06-10,HP 65W Laptop Power Adapter,Office & Computing,Myntra,Lalita Q.,1,Not worth the money. Would not recommend.
2024-06-10,Kuber Industries Storage Box,Home & Living,Amazon,Sunita W.,5,Brilliant quality. Worth every rupee spent.
2024-06-10,Mi 10000mAh Power Bank,Electronics,App Store,Priya S.,4,Five stars! Will recommend to friends and family.
2024-06-10,Minimalist 10% Niacinamide Serum,Beauty,Flipkart,Karan J.,5,Top notch quality. Highly recommend to everyone.
2024-06-10,Portronics Table Lamp LED,Office & Computing,Flipkart,Arjun P.,5,Perfect product. Works exactly as described.
2024-06-10,Samsung Galaxy Buds3 Pro,Electronics,Myntra,Mohit Y.,3,Decent product. Does exactly what it says.
2024-06-10,Sony WH-1000XM5 Headphones,Electronics,Google Play,Ananya M.,4,Absolutely love this product! Quality is excellent and delivery was fast.
2024-06-11,Mamaearth Vitamin C Face Wash,Beauty,Google Play,Rahul O.,4,Top notch quality. Highly recommend to everyone.
2024-06-11,Minimalist 10% Niacinamide Serum,Beauty,Meesho,Ishaan B.,4,Great value for money. Very happy with my purchase.
2024-06-11,Sony WH-1000XM5 Headphones,Electronics,Google Play,Lalita Q.,5,Outstanding product. Fast delivery and good packaging.
2024-06-11,Syska USB Hub 4-Port,Office & Computing,Flipkart,Anjali E.,5,Exceeded my expectations. Will definitely buy again.
2024-06-11,Woodland Casual Sneakers,Fashion,Amazon,Suresh I.,3,Works but quality could be improved.
2024-06-12,AmazonBasics Adjustable Laptop Stand,Office & Computing,Flipkart,Lalita Q.,5,Amazing! This is one of the best purchases I have made.
2024-06-12,Anker 65W GaN Fast Charger,Electronics,Amazon,Deepa C.,5,Outstanding product. Fast delivery and good packaging.
2024-06-12,Biotique Bio Morning Nector SPF,Beauty,Myntra,Geeta U.,3,Does the job but not impressed.
2024-06-12,H&M Relaxed Fit Shirt,Fashion,Myntra,Ravi K.,5,Absolutely love this product! Quality is excellent and delivery was fast.
2024-06-12,Logitech MX Keys Keyboard,Electronics,Flipkart,Mohit Y.,5,Great value for money. Very happy with my purchase.
2024-06-12,Pigeon Aluminium Non-Stick Pan,Home & Living,Amazon,Divya F.,5,Amazing! This is one of the best purchases I have made.
2024-06-12,Prestige Induction Cooktop 1200W,Home & Living,Flipkart,Nisha G.,4,Exceeded my expectations. Will definitely buy again.
2024-06-13,H&M Relaxed Fit Shirt,Fashion,Flipkart,Shreya Z.,4,Perfect product. Works exactly as described.
2024-06-13,Mamaearth Vitamin C Face Wash,Beauty,Google Play,Mohit Y.,4,Amazing! This is one of the best purchases I have made.
2024-06-13,Milton Thermosteel Flask 1L,Home & Living,Amazon,Priya S.,4,Perfect product. Works exactly as described.
2024-06-13,Prestige Induction Cooktop 1200W,Home & Living,App Store,Vikram H.,5,Exceeded my expectations. Will definitely buy again.
2024-06-13,Syska USB Hub 4-Port,Office & Computing,Google Play,Ravi K.,5,Perfect product. Works exactly as described.
2024-06-14,H&M Relaxed Fit Shirt,Fashion,Amazon,Lalita Q.,1,Very poor quality compared to the description.
2024-06-14,Lakme Absolute Foundation,Beauty,Meesho,Ravi K.,4,Five stars! Will recommend to friends and family.
2024-06-14,Logitech MX Keys Keyboard,Electronics,App Store,Karan J.,4,Top notch quality. Highly recommend to everyone.
2024-06-14,Mamaearth Vitamin C Face Wash,Beauty,Meesho,Ananya M.,4,Five stars! Will recommend to friends and family.
2024-06-14,Minimalist 10% Niacinamide Serum,Beauty,Myntra,Kavya T.,5,Amazing! This is one of the best purchases I have made.
2024-06-14,Story@Home Blackout Curtains,Home & Living,Myntra,Amit D.,4,Top notch quality. Highly recommend to everyone.
2024-06-14,Syska USB Hub 4-Port,Office & Computing,Myntra,Nisha G.,4,Very satisfied. Quality is premium and packaging was neat.
2024-06-15,FabIndia Cotton Kurta,Fashion,Myntra,Meena N.,5,Perfect product. Works exactly as described.
2024-06-15,H&M Relaxed Fit Shirt,Fashion,App Store,Sneha R.,1,Not worth the money. Would not recommend.
2024-06-15,HP 65W Laptop Power Adapter,Office & Computing,App Store,Vikram H.,4,Top notch quality. Highly recommend to everyone.
2024-06-15,Sony WH-1000XM5 Headphones,Electronics,Meesho,Aditya R.,3,Okay product. Nothing extraordinary.
2024-06-15,Woodland Casual Sneakers,Fashion,Google Play,Priya S.,3,Does the job but not impressed.
2024-06-15,Wow Skin Science Hair Oil,Beauty,Myntra,Deepa C.,4,Very satisfied. Quality is premium and packaging was neat.
2024-06-16,AmazonBasics Adjustable Laptop Stand,Office & Computing,Myntra,Mohit Y.,2,Very bad experience. Customer service was unhelpful.
2024-06-16,Biotique Bio Morning Nector SPF,Beauty,Amazon,Pooja V.,3,Works but quality could be improved.
2024-06-16,FabIndia Cotton Kurta,Fashion,Flipkart,Rohan D.,4,Perfect product. Works exactly as described.
2024-06-16,Portronics Table Lamp LED,Office & Computing,Flipkart,Kavya T.,5,Amazing! This is one of the best purchases I have made.
2024-06-16,Sony WH-1000XM5 Headphones,Electronics,Amazon,Divya F.,5,Very satisfied. Quality is premium and packaging was neat.
2024-06-16,Woodland Casual Sneakers,Fashion,Myntra,Arjun P.,4,Outstanding product. Fast delivery and good packaging.
2024-06-17,Allen Solly Polo T-Shirt,Fashion,Meesho,Ramesh B.,1,Not worth the money. Would not recommend.
2024-06-17,FabIndia Cotton Kurta,Fashion,Flipkart,Pooja V.,3,Neither good nor bad. Just average.
2024-06-17,Kuber Industries Storage Box,Home & Living,Amazon,Anjali E.,4,Brilliant quality. Worth every rupee spent.
2024-06-17,Pigeon Aluminium Non-Stick Pan,Home & Living,App Store,Karan J.,5,Top notch quality. Highly recommend to everyone.
2024-06-17,Prestige Induction Cooktop 1200W,Home & Living,Amazon,Kavya T.,5,Perfect product. Works exactly as described.
2024-06-17,Syska USB Hub 4-Port,Office & Computing,Meesho,Ravi K.,4,Absolutely love this product! Quality is excellent and delivery was fast.
2024-06-18,Lakme Absolute Foundation,Beauty,Amazon,Ramesh B.,5,Exceeded my expectations. Will definitely buy again.
2024-06-18,Prestige Induction Cooktop 1200W,Home & Living,App Store,Mohit Y.,4,Brilliant quality. Worth every rupee spent.
2024-06-18,Story@Home Blackout Curtains,Home & Living,Flipkart,Pooja V.,4,Exceeded my expectations. Will definitely buy again.
2024-06-18,Woodland Casual Sneakers,Fashion,App Store,Ananya M.,3,It's fine. Meets basic requirements.
2024-06-19,Plum Green Tea Toner 200ml,Beauty,Amazon,Sneha R.,5,Brilliant quality. Worth every rupee spent.
2024-06-19,Portronics Table Lamp LED,Office & Computing,Google Play,Karan J.,5,Brilliant quality. Worth every rupee spent.
2024-06-19,Samsung Galaxy Buds3 Pro,Electronics,Amazon,Lalita Q.,5,Brilliant quality. Worth every rupee spent.
2024-06-19,Woodland Casual Sneakers,Fashion,Meesho,Mohit Y.,5,Outstanding product. Fast delivery and good packaging.
2024-06-19,boAt Airdopes 141 TWS Earbuds,Electronics,Flipkart,Divya F.,3,It's fine. Meets basic requirements.
2024-06-20,H&M Relaxed Fit Shirt,Fashion,Myntra,Pooja V.,4,Very satisfied. Quality is premium and packaging was neat.
2024-06-20,HP 65W Laptop Power Adapter,Office & Computing,Meesho,Geeta U.,3,Does the job but not impressed.
2024-06-20,JBL Flip 6 Bluetooth Speaker,Electronics,Meesho,Divya F.,5,Great value for money. Very happy with my purchase.
2024-06-20,Mamaearth Vitamin C Face Wash,Beauty,Amazon,Ravi K.,5,Perfect product. Works exactly as described.
2024-06-20,Plum Green Tea Toner 200ml,Beauty,Amazon,Rohan D.,5,Great value for money. Very happy with my purchase.
2024-06-20,Royalford Bamboo Chopping Board,Home & Living,Myntra,Anjali E.,2,Bad product. Had issues from day one.
2024-06-20,Samsung Galaxy Buds3 Pro,Electronics,Flipkart,Vikram H.,4,Exceeded my expectations. Will definitely buy again.
2024-06-20,boAt Airdopes 141 TWS Earbuds,Electronics,Meesho,Deepa C.,5,Perfect product. Works exactly as described.
2024-06-21,H&M Relaxed Fit Shirt,Fashion,Myntra,Ramesh B.,4,Brilliant quality. Worth every rupee spent.
2024-06-21,Portronics Table Lamp LED,Office & Computing,App Store,Nisha G.,4,Amazing! This is one of the best purchases I have made.
2024-06-22,Kuber Industries Storage Box,Home & Living,Flipkart,Ravi K.,5,Amazing! This is one of the best purchases I have made.
2024-06-22,Pigeon Aluminium Non-Stick Pan,Home & Living,Myntra,Shreya Z.,5,Absolutely love this product! Quality is excellent and delivery was fast.
2024-06-22,boAt Airdopes 141 TWS Earbuds,Electronics,Amazon,Pooja V.,3,Product is okay. Delivery was delayed slightly.
2024-06-23,Anker 65W GaN Fast Charger,Electronics,Meesho,Aditya R.,5,Absolutely love this product! Quality is excellent and delivery was fast.
2024-06-23,Biotique Bio Morning Nector SPF,Beauty,Amazon,Amit D.,3,Product is okay. Delivery was delayed slightly.
2024-06-23,H&M Relaxed Fit Shirt,Fashion,Myntra,Ishaan B.,3,Average quality but acceptable for the price.
2024-06-23,Prestige Induction Cooktop 1200W,Home & Living,Amazon,Anjali E.,5,Five stars! Will recommend to friends and family.
2024-06-24,AmazonBasics Adjustable Laptop Stand,Office & Computing,Amazon,Vikram H.,3,Acceptable quality. Expected a bit more.
2024-06-24,FabIndia Cotton Kurta,Fashion,Google Play,Divya F.,4,Brilliant quality. Worth every rupee spent.
2024-06-24,HP 65W Laptop Power Adapter,Office & Computing,Google Play,Aditya R.,3,Works but quality could be improved.
2024-06-24,JBL Flip 6 Bluetooth Speaker,Electronics,Myntra,Amit D.,5,Five stars! Will recommend to friends and family.
2024-06-24,Kuber Industries Storage Box,Home & Living,Amazon,Ramesh B.,3,Neither good nor bad. Just average.
2024-06-24,Lakme Absolute Foundation,Beauty,Myntra,Sanjay L.,4,Great value for money. Very happy with my purchase.
2024-06-24,Minimalist 10% Niacinamide Serum,Beauty,Amazon,Karan J.,3,Product is okay. Delivery was delayed slightly.
2024-06-24,Puma Classic Track Pants,Fashion,Myntra,Shreya Z.,2,Very bad experience. Customer service was unhelpful.
2024-06-24,Story@Home Blackout Curtains,Home & Living,Google Play,Suresh I.,5,Absolutely love this product! Quality is excellent and delivery was fast.
2024-06-24,Wow Skin Science Hair Oil,Beauty,Myntra,Nisha G.,1,Bad product. Had issues from day one.
2024-06-25,Anker 65W GaN Fast Charger,Electronics,Myntra,Geeta U.,5,Very satisfied. Quality is premium and packaging was neat.
2024-06-25,Minimalist 10% Niacinamide Serum,Beauty,Meesho,Priya S.,4,Exceeded my expectations. Will definitely buy again.
2024-06-25,Portronics Table Lamp LED,Office & Computing,App Store,Shreya Z.,3,Product is okay. Delivery was delayed slightly.
2024-06-25,Prestige Induction Cooktop 1200W,Home & Living,App Store,Pooja V.,3,Not bad. Could be better but serves the purpose.
2024-06-26,JBL Flip 6 Bluetooth Speaker,Electronics,Myntra,Sunita W.,1,Very poor quality compared to the description.
2024-06-26,Kuber Industries Storage Box,Home & Living,App Store,Ishaan B.,3,Neither good nor bad. Just average.
2024-06-26,Milton Thermosteel Flask 1L,Home & Living,Myntra,Pooja V.,5,Exceeded my expectations. Will definitely buy again.
2024-06-26,Prestige Induction Cooktop 1200W,Home & Living,Google Play,Priya S.,5,Amazing! This is one of the best purchases I have made.
2024-06-27,Prestige Induction Cooktop 1200W,Home & Living,Meesho,Ananya M.,3,Okay product. Nothing extraordinary.
2024-06-27,Zebronics ZEB-Crystal Pro Webcam,Electronics,App Store,Amit D.,4,Very satisfied. Quality is premium and packaging was neat.
2024-06-28,FabIndia Cotton Kurta,Fashion,Amazon,Meena N.,3,Product is okay. Delivery was delayed slightly.
2024-06-28,H&M Relaxed Fit Shirt,Fashion,Amazon,Shreya Z.,3,Acceptable quality. Expected a bit more.
2024-06-28,Story@Home Blackout Curtains,Home & Living,Meesho,Preeti C.,4,Brilliant quality. Worth every rupee spent.
2024-06-28,Syska USB Hub 4-Port,Office & Computing,Flipkart,Geeta U.,5,Five stars! Will recommend to friends and family.
2024-06-28,Wow Skin Science Hair Oil,Beauty,App Store,Ramesh B.,3,Acceptable quality. Expected a bit more.
2024-06-29,Mi 10000mAh Power Bank,Electronics,Myntra,Nisha G.,4,Great value for money. Very happy with my purchase.
2024-06-29,Milton Thermosteel Flask 1L,Home & Living,Google Play,Meena N.,2,Terrible quality. Broke within a week.
2024-06-29,Prestige Induction Cooktop 1200W,Home & Living,Google Play,Sneha R.,5,Exceeded my expectations. Will definitely buy again.
2024-06-29,Woodland Casual Sneakers,Fashion,Amazon,Nikhil A.,4,Absolutely love this product! Quality is excellent and delivery was fast.
2024-06-29,boAt Airdopes 141 TWS Earbuds,Electronics,Google Play,Divya F.,3,Does the job but not impressed.
2024-06-30,Levi's 511 Slim Fit Jeans,Fashion,Flipkart,Geeta U.,4,Perfect product. Works exactly as described.
2024-06-30,Pigeon Aluminium Non-Stick Pan,Home & Living,Flipkart,Nikhil A.,5,Great value for money. Very happy with my purchase.
2024-06-30,Wow Skin Science Hair Oil,Beauty,Meesho,Mohit Y.,1,Very disappointed. Product quality is poor.
2024-07-01,Anker 65W GaN Fast Charger,Electronics,Amazon,Ramesh B.,5,Outstanding product. Fast delivery and good packaging.
2024-07-01,FabIndia Cotton Kurta,Fashion,Meesho,Kavya T.,3,Decent product. Does exactly what it says.
2024-07-01,Levi's 511 Slim Fit Jeans,Fashion,Google Play,Divya F.,3,Works but quality could be improved.
2024-07-01,Royalford Bamboo Chopping Board,Home & Living,Flipkart,Priya S.,5,Great value for money. Very happy with my purchase.
2024-07-01,Zebronics ZEB-Crystal Pro Webcam,Electronics,App Store,Ishaan B.,3,Acceptable quality. Expected a bit more.
2024-07-02,Allen Solly Polo T-Shirt,Fashion,Meesho,Anjali E.,3,Neither good nor bad. Just average.
2024-07-02,HP 65W Laptop Power Adapter,Office & Computing,App Store,Preeti C.,5,Amazing! This is one of the best purchases I have made.
2024-07-02,Kuber Industries Storage Box,Home & Living,Flipkart,Arjun P.,4,Brilliant quality. Worth every rupee spent.
2024-07-02,Levi's 511 Slim Fit Jeans,Fashion,Google Play,Rohan D.,2,Product is defective. Will be returning it.
2024-07-02,Woodland Casual Sneakers,Fashion,App Store,Vikram H.,4,Five stars! Will recommend to friends and family.
2024-07-02,Zebronics ZEB-Crystal Pro Webcam,Electronics,Meesho,Aditya R.,5,Brilliant quality. Worth every rupee spent.
2024-07-03,Biotique Bio Morning Nector SPF,Beauty,Meesho,Amit D.,4,Very satisfied. Quality is premium and packaging was neat.
2024-07-03,Kuber Industries Storage Box,Home & Living,Meesho,Mohit Y.,5,Brilliant quality. Worth every rupee spent.
2024-07-03,Levi's 511 Slim Fit Jeans,Fashion,Flipkart,Preeti C.,3,Not bad. Could be better but serves the purpose.
2024-07-03,Logitech MX Keys Keyboard,Electronics,Myntra,Sneha R.,5,Outstanding product. Fast delivery and good packaging.
2024-07-03,Milton Thermosteel Flask 1L,Home & Living,Google Play,Arjun P.,4,Top notch quality. Highly recommend to everyone.
2024-07-03,Story@Home Blackout Curtains,Home & Living,Google Play,Meena N.,3,Decent product. Does exactly what it says.
2024-07-03,Woodland Casual Sneakers,Fashion,Meesho,Sunita W.,3,Okay product. Nothing extraordinary.
2024-07-03,boAt Airdopes 141 TWS Earbuds,Electronics,Flipkart,Rohan D.,4,Perfect product. Works exactly as described.
2024-07-04,Mamaearth Vitamin C Face Wash,Beauty,Myntra,Arjun P.,1,Bad product. Had issues from day one.
2024-07-04,Plum Green Tea Toner 200ml,Beauty,Flipkart,Nikhil A.,5,Very satisfied. Quality is premium and packaging was neat.
2024-07-04,Sony WH-1000XM5 Headphones,Electronics,Amazon,Rohan D.,4,Top notch quality. Highly recommend to everyone.
2024-07-04,boAt Airdopes 141 TWS Earbuds,Electronics,App Store,Nisha G.,3,Okay product. Nothing extraordinary.
2024-07-05,Zebronics ZEB-Crystal Pro Webcam,Electronics,App Store,Suresh I.,5,Exceeded my expectations. Will definitely buy again.
2024-07-06,AmazonBasics Adjustable Laptop Stand,Office & Computing,Google Play,Ramesh B.,4,Great value for money. Very happy with my purchase.
2024-07-06,Mi 10000mAh Power Bank,Electronics,Meesho,Meena N.,5,Brilliant quality. Worth every rupee spent.
2024-07-06,Milton Thermosteel Flask 1L,Home & Living,Meesho,Rohan D.,5,Top notch quality. Highly recommend to everyone.
2024-07-06,Minimalist 10% Niacinamide Serum,Beauty,Google Play,Preeti C.,5,Perfect product. Works exactly as described.
2024-07-06,Prestige Induction Cooktop 1200W,Home & Living,Flipkart,Ananya M.,1,Very bad experience. Customer service was unhelpful.
2024-07-06,Syska USB Hub 4-Port,Office & Computing,Myntra,Sunita W.,4,Very satisfied. Quality is premium and packaging was neat.
2024-07-07,Prestige Induction Cooktop 1200W,Home & Living,Amazon,Ravi K.,5,Great value for money. Very happy with my purchase.
2024-07-07,Samsung Galaxy Buds3 Pro,Electronics,Meesho,Priya S.,4,Outstanding product. Fast delivery and good packaging.
2024-07-07,Woodland Casual Sneakers,Fashion,Myntra,Deepa C.,5,Exceeded my expectations. Will definitely buy again.
2024-07-07,Zebronics ZEB-Crystal Pro Webcam,Electronics,Myntra,Ananya M.,4,Five stars! Will recommend to friends and family.
2024-07-08,Biotique Bio Morning Nector SPF,Beauty,Flipkart,Amit D.,5,Perfect product. Works exactly as described.
2024-07-08,FabIndia Cotton Kurta,Fashion,Flipkart,Kavya T.,4,Brilliant quality. Worth every rupee spent.
2024-07-08,H&M Relaxed Fit Shirt,Fashion,Myntra,Sneha R.,4,Five stars! Will recommend to friends and family.
2024-07-08,JBL Flip 6 Bluetooth Speaker,Electronics,Google Play,Deepa C.,3,Neither good nor bad. Just average.
2024-07-08,Kuber Industries Storage Box,Home & Living,App Store,Arjun P.,5,Outstanding product. Fast delivery and good packaging.
2024-07-08,Levi's 511 Slim Fit Jeans,Fashion,App Store,Ishaan B.,5,Perfect product. Works exactly as described.
2024-07-08,Logitech MX Keys Keyboard,Electronics,Flipkart,Ravi K.,3,Product is okay. Delivery was delayed slightly.
2024-07-08,Prestige Induction Cooktop 1200W,Home & Living,Myntra,Suresh I.,1,Product is defective. Will be returning it.
2024-07-08,Puma Classic Track Pants,Fashion,App Store,Divya F.,4,Brilliant quality. Worth every rupee spent.
2024-07-08,Royalford Bamboo Chopping Board,Home & Living,Meesho,Nikhil A.,4,Brilliant quality. Worth every rupee spent.
2024-07-08,boAt Airdopes 141 TWS Earbuds,Electronics,Flipkart,Pooja V.,3,Decent product. Does exactly what it says.
2024-07-09,Anker 65W GaN Fast Charger,Electronics,App Store,Ananya M.,5,Five stars! Will recommend to friends and family.
2024-07-09,Woodland Casual Sneakers,Fashion,App Store,Rohan D.,5,Amazing! This is one of the best purchases I have made.
2024-07-10,AmazonBasics Adjustable Laptop Stand,Office & Computing,Amazon,Suresh I.,4,Great value for money. Very happy with my purchase.
2024-07-10,H&M Relaxed Fit Shirt,Fashion,Google Play,Deepa C.,3,Acceptable quality. Expected a bit more.
2024-07-10,JBL Flip 6 Bluetooth Speaker,Electronics,Myntra,Farhan X.,3,Okay product. Nothing extraordinary.
2024-07-10,Pigeon Aluminium Non-Stick Pan,Home & Living,Meesho,Amit D.,5,Very satisfied. Quality is premium and packaging was neat.
2024-07-10,Puma Classic Track Pants,Fashion,Google Play,Lalita Q.,5,Five stars! Will recommend to friends and family.
2024-07-10,Sony WH-1000XM5 Headphones,Electronics,Flipkart,Karan J.,4,Exceeded my expectations. Will definitely buy again.
2024-07-10,Story@Home Blackout Curtains,Home & Living,Amazon,Rahul O.,5,Great value for money. Very happy with my purchase.
2024-07-11,Biotique Bio Morning Nector SPF,Beauty,Google Play,Nisha G.,3,Product is okay. Delivery was delayed slightly.
2024-07-11,Kuber Industries Storage Box,Home & Living,Myntra,Arjun P.,4,Amazing! This is one of the best purchases I have made.
2024-07-11,Levi's 511 Slim Fit Jeans,Fashion,Amazon,Pooja V.,3,Does the job but not impressed.
2024-07-11,Mi 10000mAh Power Bank,Electronics,Google Play,Divya F.,5,Absolutely love this product! Quality is excellent and delivery was fast.
2024-07-11,Syska USB Hub 4-Port,Office & Computing,Google Play,Nikhil A.,3,It's fine. Meets basic requirements.
2024-07-12,FabIndia Cotton Kurta,Fashion,Amazon,Aditya R.,5,Top notch quality. Highly recommend to everyone.
2024-07-12,Levi's 511 Slim Fit Jeans,Fashion,Flipkart,Deepa C.,3,Neither good nor bad. Just average.
2024-07-12,Mi 10000mAh Power Bank,Electronics,Flipkart,Shreya Z.,3,It's fine. Meets basic requirements.
2024-07-12,Pigeon Aluminium Non-Stick Pan,Home & Living,Meesho,Rohan D.,5,Five stars! Will recommend to friends and family.
2024-07-13,HP 65W Laptop Power Adapter,Office & Computing,Myntra,Preeti C.,5,Exceeded my expectations. Will definitely buy again.
2024-07-13,Mi 10000mAh Power Bank,Electronics,Google Play,Nikhil A.,2,Product is defective. Will be returning it.
2024-07-13,Samsung Galaxy Buds3 Pro,Electronics,Amazon,Priya S.,4,Five stars! Will recommend to friends and family.
2024-07-13,Zebronics ZEB-Crystal Pro Webcam,Electronics,Amazon,Sunita W.,1,Waste of money. Completely unsatisfied.
2024-07-14,JBL Flip 6 Bluetooth Speaker,Electronics,App Store,Meena N.,4,Very satisfied. Quality is premium and packaging was neat.
2024-07-14,Milton Thermosteel Flask 1L,Home & Living,Myntra,Sneha R.,5,Great value for money. Very happy with my purchase.
2024-07-14,Pigeon Aluminium Non-Stick Pan,Home & Living,Meesho,Amit D.,3,Okay product. Nothing extraordinary.
2024-07-14,Story@Home Blackout Curtains,Home & Living,App Store,Sanjay L.,5,Very satisfied. Quality is premium and packaging was neat.
2024-07-15,Allen Solly Polo T-Shirt,Fashion,Myntra,Deepa C.,5,Very satisfied. Quality is premium and packaging was neat.
2024-07-15,AmazonBasics Adjustable Laptop Stand,Office & Computing,Amazon,Mohit Y.,1,Regret buying this. Will not purchase again.
2024-07-15,FabIndia Cotton Kurta,Fashion,Meesho,Divya F.,3,Does the job but not impressed.
2024-07-15,Logitech MX Keys Keyboard,Electronics,Google Play,Meena N.,2,Bad product. Had issues from day one.
2024-07-15,Pigeon Aluminium Non-Stick Pan,Home & Living,Myntra,Anjali E.,4,Exceeded my expectations. Will definitely buy again.
2024-07-15,Portronics Table Lamp LED,Office & Computing,App Store,Rohan D.,4,Absolutely love this product! Quality is excellent and delivery was fast.
2024-07-15,Prestige Induction Cooktop 1200W,Home & Living,Myntra,Shreya Z.,4,Amazing! This is one of the best purchases I have made.
2024-07-15,Story@Home Blackout Curtains,Home & Living,Amazon,Sneha R.,5,Great value for money. Very happy with my purchase.
2024-07-15,Woodland Casual Sneakers,Fashion,Myntra,Nisha G.,2,Regret buying this. Will not purchase again.
2024-07-16,FabIndia Cotton Kurta,Fashion,Amazon,Aditya R.,5,Outstanding product. Fast delivery and good packaging.
2024-07-16,JBL Flip 6 Bluetooth Speaker,Electronics,Google Play,Mohit Y.,5,Top notch quality. Highly recommend to everyone.
2024-07-16,Portronics Table Lamp LED,Office & Computing,App Store,Amit D.,4,Exceeded my expectations. Will definitely buy again.
2024-07-16,boAt Airdopes 141 TWS Earbuds,Electronics,App Store,Sanjay L.,3,Does the job but not impressed.
2024-07-17,Biotique Bio Morning Nector SPF,Beauty,App Store,Ananya M.,5,Brilliant quality. Worth every rupee spent.
2024-07-17,Levi's 511 Slim Fit Jeans,Fashion,Amazon,Divya F.,4,Five stars! Will recommend to friends and family.
2024-07-17,Mamaearth Vitamin C Face Wash,Beauty,Google Play,Sneha R.,4,Top notch quality. Highly recommend to everyone.
2024-07-18,Allen Solly Polo T-Shirt,Fashion,Myntra,Priya S.,3,Okay product. Nothing extraordinary.
2024-07-18,Biotique Bio Morning Nector SPF,Beauty,Google Play,Sanjay L.,4,Great value for money. Very happy with my purchase.
2024-07-18,FabIndia Cotton Kurta,Fashion,Meesho,Farhan X.,5,Outstanding product. Fast delivery and good packaging.
2024-07-18,Lakme Absolute Foundation,Beauty,Google Play,Shreya Z.,4,Great value for money. Very happy with my purchase.
2024-07-18,Sony WH-1000XM5 Headphones,Electronics,Flipkart,Rohan D.,5,Amazing! This is one of the best purchases I have made.
2024-07-18,boAt Airdopes 141 TWS Earbuds,Electronics,Flipkart,Karan J.,5,Very satisfied. Quality is premium and packaging was neat.
2024-07-19,AmazonBasics Adjustable Laptop Stand,Office & Computing,App Store,Nikhil A.,3,Not bad. Could be better but serves the purpose.
2024-07-19,JBL Flip 6 Bluetooth Speaker,Electronics,App Store,Rohan D.,4,Exceeded my expectations. Will definitely buy again.
2024-07-20,FabIndia Cotton Kurta,Fashion,Google Play,Arjun P.,4,Perfect product. Works exactly as described.
2024-07-20,Minimalist 10% Niacinamide Serum,Beauty,Flipkart,Deepa C.,5,Outstanding product. Fast delivery and good packaging.
2024-07-20,Pigeon Aluminium Non-Stick Pan,Home & Living,App Store,Priya S.,5,Great value for money. Very happy with my purchase.
2024-07-20,Story@Home Blackout Curtains,Home & Living,Myntra,Rahul O.,2,Regret buying this. Will not purchase again.
2024-07-20,Syska USB Hub 4-Port,Office & Computing,Amazon,Mohit Y.,4,Amazing! This is one of the best purchases I have made.
2024-07-21,HP 65W Laptop Power Adapter,Office & Computing,App Store,Ishaan B.,5,Amazing! This is one of the best purchases I have made.
2024-07-21,JBL Flip 6 Bluetooth Speaker,Electronics,Google Play,Priya S.,4,Outstanding product. Fast delivery and good packaging.
2024-07-21,Minimalist 10% Niacinamide Serum,Beauty,Myntra,Vikram H.,2,Very bad experience. Customer service was unhelpful.
2024-07-21,Zebronics ZEB-Crystal Pro Webcam,Electronics,Myntra,Meena N.,5,Perfect product. Works exactly as described.
2024-07-22,AmazonBasics Adjustable Laptop Stand,Office & Computing,Myntra,Rohan D.,3,Neither good nor bad. Just average.
2024-07-22,Anker 65W GaN Fast Charger,Electronics,Flipkart,Lalita Q.,4,Top notch quality. Highly recommend to everyone.
2024-07-22,HP 65W Laptop Power Adapter,Office & Computing,Flipkart,Ramesh B.,5,Very satisfied. Quality is premium and packaging was neat.
2024-07-22,Lakme Absolute Foundation,Beauty,Meesho,Priya S.,3,Neither good nor bad. Just average.
2024-07-22,Levi's 511 Slim Fit Jeans,Fashion,Meesho,Preeti C.,4,Top notch quality. Highly recommend to everyone.
2024-07-22,Mamaearth Vitamin C Face Wash,Beauty,Amazon,Arjun P.,3,It's fine. Meets basic requirements.
2024-07-22,Mi 10000mAh Power Bank,Electronics,Flipkart,Shreya Z.,1,Very frustrating experience. Arrived damaged.
2024-07-22,Minimalist 10% Niacinamide Serum,Beauty,Myntra,Karan J.,5,Brilliant quality. Worth every rupee spent.
2024-07-22,Pigeon Aluminium Non-Stick Pan,Home & Living,Myntra,Ananya M.,3,Does the job but not impressed.
2024-07-22,Puma Classic Track Pants,Fashion,App Store,Rahul O.,5,Amazing! This is one of the best purchases I have made.
2024-07-22,Samsung Galaxy Buds3 Pro,Electronics,Myntra,Anjali E.,3,Okay product. Nothing extraordinary.
2024-07-22,Story@Home Blackout Curtains,Home & Living,Meesho,Deepa C.,4,Outstanding product. Fast delivery and good packaging.
2024-07-23,H&M Relaxed Fit Shirt,Fashion,Meesho,Suresh I.,4,Outstanding product. Fast delivery and good packaging.
2024-07-23,Pigeon Aluminium Non-Stick Pan,Home & Living,Meesho,Vikram H.,3,Does the job but not impressed.
2024-07-23,Portronics Table Lamp LED,Office & Computing,Myntra,Karan J.,3,Neither good nor bad. Just average.
2024-07-23,Puma Classic Track Pants,Fashion,Flipkart,Deepa C.,4,Great value for money. Very happy with my purchase.
2024-07-23,Sony WH-1000XM5 Headphones,Electronics,Meesho,Nisha G.,4,Five stars! Will recommend to friends and family.
2024-07-24,JBL Flip 6 Bluetooth Speaker,Electronics,Myntra,Rahul O.,5,Outstanding product. Fast delivery and good packaging.
2024-07-24,Kuber Industries Storage Box,Home & Living,Flipkart,Karan J.,4,Outstanding product. Fast delivery and good packaging.
2024-07-24,Levi's 511 Slim Fit Jeans,Fashion,Google Play,Arjun P.,5,Absolutely love this product! Quality is excellent and delivery was fast.
2024-07-24,Milton Thermosteel Flask 1L,Home & Living,Google Play,Priya S.,4,Amazing! This is one of the best purchases I have made.
2024-07-24,Plum Green Tea Toner 200ml,Beauty,Meesho,Rohan D.,4,Outstanding product. Fast delivery and good packaging.
2024-07-24,Prestige Induction Cooktop 1200W,Home & Living,App Store,Pooja V.,5,Great value for money. Very happy with my purchase.
2024-07-24,Royalford Bamboo Chopping Board,Home & Living,Myntra,Aditya R.,5,Perfect product. Works exactly as described.
2024-07-24,Samsung Galaxy Buds3 Pro,Electronics,Amazon,Nikhil A.,5,Five stars! Will recommend to friends and family.
2024-07-24,Zebronics ZEB-Crystal Pro Webcam,Electronics,Meesho,Preeti C.,5,Very satisfied. Quality is premium and packaging was neat.
2024-07-24,boAt Airdopes 141 TWS Earbuds,Electronics,Google Play,Sanjay L.,5,Top notch quality. Highly recommend to everyone.
2024-07-25,H&M Relaxed Fit Shirt,Fashion,Amazon,Amit D.,5,Outstanding product. Fast delivery and good packaging.
2024-07-25,Levi's 511 Slim Fit Jeans,Fashion,App Store,Arjun P.,5,Great value for money. Very happy with my purchase.
2024-07-25,Mi 10000mAh Power Bank,Electronics,Google Play,Karan J.,4,Amazing! This is one of the best purchases I have made.
2024-07-26,H&M Relaxed Fit Shirt,Fashion,Flipkart,Lalita Q.,5,Five stars! Will recommend to friends and family.
2024-07-27,Biotique Bio Morning Nector SPF,Beauty,Google Play,Pooja V.,5,Absolutely love this product! Quality is excellent and delivery was fast.
2024-07-27,H&M Relaxed Fit Shirt,Fashion,Google Play,Sanjay L.,5,Five stars! Will recommend to friends and family.
2024-07-27,JBL Flip 6 Bluetooth Speaker,Electronics,Google Play,Meena N.,3,Does the job but not impressed.
2024-07-27,Milton Thermosteel Flask 1L,Home & Living,App Store,Ananya M.,1,Very frustrating experience. Arrived damaged.
2024-07-27,Portronics Table Lamp LED,Office & Computing,Myntra,Arjun P.,5,Exceeded my expectations. Will definitely buy again.
2024-07-27,Woodland Casual Sneakers,Fashion,Meesho,Aditya R.,4,Absolutely love this product! Quality is excellent and delivery was fast.
2024-07-28,H&M Relaxed Fit Shirt,Fashion,App Store,Deepa C.,4,Top notch quality. Highly recommend to everyone.
2024-07-28,Logitech MX Keys Keyboard,Electronics,Amazon,Suresh I.,4,Outstanding product. Fast delivery and good packaging.
2024-07-29,AmazonBasics Adjustable Laptop Stand,Office & Computing,Flipkart,Karan J.,4,Amazing! This is one of the best purchases I have made.
2024-07-29,HP 65W Laptop Power Adapter,Office & Computing,App Store,Shreya Z.,4,Very satisfied. Quality is premium and packaging was neat.
2024-07-29,JBL Flip 6 Bluetooth Speaker,Electronics,Myntra,Farhan X.,5,Absolutely love this product! Quality is excellent and delivery was fast.
2024-07-29,Levi's 511 Slim Fit Jeans,Fashion,Myntra,Suresh I.,3,Decent product. Does exactly what it says.
2024-07-29,Mi 10000mAh Power Bank,Electronics,Myntra,Sneha R.,4,Amazing! This is one of the best purchases I have made.
2024-07-29,Portronics Table Lamp LED,Office & Computing,Flipkart,Ramesh B.,5,Amazing! This is one of the best purchases I have made.
2024-07-29,Samsung Galaxy Buds3 Pro,Electronics,Flipkart,Aditya R.,5,Brilliant quality. Worth every rupee spent.
2024-07-29,Sony WH-1000XM5 Headphones,Electronics,Flipkart,Rohan D.,4,Five stars! Will recommend to friends and family.
2024-07-29,Story@Home Blackout Curtains,Home & Living,App Store,Preeti C.,4,Top notch quality. Highly recommend to everyone.
2024-07-29,Syska USB Hub 4-Port,Office & Computing,Amazon,Sunita W.,4,Top notch quality. Highly recommend to everyone.
2024-07-29,Wow Skin Science Hair Oil,Beauty,App Store,Amit D.,4,Very satisfied. Quality is premium and packaging was neat.
2024-07-30,Anker 65W GaN Fast Charger,Electronics,Google Play,Rahul O.,4,Amazing! This is one of the best purchases I have made.
2024-07-30,Portronics Table Lamp LED,Office & Computing,Meesho,Amit D.,5,Amazing! This is one of the best purchases I have made.
2024-07-30,Puma Classic Track Pants,Fashion,Myntra,Priya S.,4,Five stars! Will recommend to friends and family.
2024-07-30,Wow Skin Science Hair Oil,Beauty,Google Play,Arjun P.,4,Outstanding product. Fast delivery and good packaging.
2024-07-31,Anker 65W GaN Fast Charger,Electronics,Meesho,Shreya Z.,4,Amazing! This is one of the best purchases I have made.
2024-07-31,H&M Relaxed Fit Shirt,Fashion,Meesho,Pooja V.,4,Perfect product. Works exactly as described.
2024-07-31,Levi's 511 Slim Fit Jeans,Fashion,Amazon,Priya S.,3,Average quality but acceptable for the price.
2024-07-31,Prestige Induction Cooktop 1200W,Home & Living,App Store,Ravi K.,5,Perfect product. Works exactly as described.
2024-07-31,Puma Classic Track Pants,Fashion,Google Play,Meena N.,4,Outstanding product. Fast delivery and good packaging.
2024-07-31,Sony WH-1000XM5 Headphones,Electronics,Amazon,Anjali E.,5,Great value for money. Very happy with my purchase.
2024-07-31,Syska USB Hub 4-Port,Office & Computing,Amazon,Sanjay L.,4,Very satisfied. Quality is premium and packaging was neat.
2024-07-31,Zebronics ZEB-Crystal Pro Webcam,Electronics,Myntra,Aditya R.,1,Product is defective. Will be returning it.
2024-08-01,AmazonBasics Adjustable Laptop Stand,Office & Computing,App Store,Ramesh B.,5,Amazing! This is one of the best purchases I have made.
2024-08-01,Anker 65W GaN Fast Charger,Electronics,Flipkart,Shreya Z.,4,Exceeded my expectations. Will definitely buy again.
2024-08-01,Pigeon Aluminium Non-Stick Pan,Home & Living,Google Play,Rohan D.,4,Amazing! This is one of the best purchases I have made.
2024-08-02,Biotique Bio Morning Nector SPF,Beauty,Myntra,Pooja V.,5,Great value for money. Very happy with my purchase.
2024-08-02,FabIndia Cotton Kurta,Fashion,Amazon,Mohit Y.,3,Acceptable quality. Expected a bit more.
2024-08-02,Milton Thermosteel Flask 1L,Home & Living,Google Play,Shreya Z.,4,Brilliant quality. Worth every rupee spent.
2024-08-02,Syska USB Hub 4-Port,Office & Computing,Meesho,Ravi K.,5,Perfect product. Works exactly as described.
2024-08-02,Woodland Casual Sneakers,Fashion,Amazon,Amit D.,5,Outstanding product. Fast delivery and good packaging.
2024-08-02,Wow Skin Science Hair Oil,Beauty,App Store,Ramesh B.,5,Outstanding product. Fast delivery and good packaging.
2024-08-03,H&M Relaxed Fit Shirt,Fashion,Amazon,Priya S.,5,Very satisfied. Quality is premium and packaging was neat.
2024-08-03,Milton Thermosteel Flask 1L,Home & Living,Flipkart,Lalita Q.,4,Five stars! Will recommend to friends and family.
2024-08-03,Prestige Induction Cooktop 1200W,Home & Living,App Store,Geeta U.,1,Bad product. Had issues from day one.
2024-08-04,Biotique Bio Morning Nector SPF,Beauty,Meesho,Preeti C.,1,Regret buying this. Will not purchase again.
2024-08-04,Kuber Industries Storage Box,Home & Living,Amazon,Arjun P.,4,Amazing! This is one of the best purchases I have made.
2024-08-04,Lakme Absolute Foundation,Beauty,Myntra,Nisha G.,4,Very satisfied. Quality is premium and packaging was neat.
2024-08-04,Portronics Table Lamp LED,Office & Computing,Myntra,Sneha R.,5,Top notch quality. Highly recommend to everyone.
2024-08-04,Samsung Galaxy Buds3 Pro,Electronics,Myntra,Deepa C.,4,Outstanding product. Fast delivery and good packaging.
2024-08-04,Zebronics ZEB-Crystal Pro Webcam,Electronics,Meesho,Anjali E.,5,Brilliant quality. Worth every rupee spent.
2024-08-05,Mamaearth Vitamin C Face Wash,Beauty,Myntra,Rohan D.,2,Very poor quality compared to the description.
2024-08-05,Mi 10000mAh Power Bank,Electronics,Flipkart,Vikram H.,1,Product is defective. Will be returning it.
2024-08-05,Pigeon Aluminium Non-Stick Pan,Home & Living,Myntra,Geeta U.,5,Perfect product. Works exactly as described.
2024-08-05,Portronics Table Lamp LED,Office & Computing,Meesho,Ramesh B.,3,Average quality but acceptable for the price.
2024-08-05,Prestige Induction Cooktop 1200W,Home & Living,Google Play,Nisha G.,3,Acceptable quality. Expected a bit more.
2024-08-05,Samsung Galaxy Buds3 Pro,Electronics,Meesho,Preeti C.,5,Brilliant quality. Worth every rupee spent.
2024-08-05,Syska USB Hub 4-Port,Office & Computing,Flipkart,Nikhil A.,5,Great value for money. Very happy with my purchase.
2024-08-05,boAt Airdopes 141 TWS Earbuds,Electronics,Flipkart,Sunita W.,4,Very satisfied. Quality is premium and packaging was neat.
2024-08-06,AmazonBasics Adjustable Laptop Stand,Office & Computing,Myntra,Kavya T.,5,Top notch quality. Highly recommend to everyone.
2024-08-06,FabIndia Cotton Kurta,Fashion,Meesho,Meena N.,5,Exceeded my expectations. Will definitely buy again.
2024-08-06,Prestige Induction Cooktop 1200W,Home & Living,Meesho,Suresh I.,4,Great value for money. Very happy with my purchase.
2024-08-06,Story@Home Blackout Curtains,Home & Living,Flipkart,Arjun P.,4,Great value for money. Very happy with my purchase.
2024-08-06,boAt Airdopes 141 TWS Earbuds,Electronics,Amazon,Pooja V.,4,Very satisfied. Quality is premium and packaging was neat.
2024-08-07,Anker 65W GaN Fast Charger,Electronics,Flipkart,Vikram H.,5,Great value for money. Very happy with my purchase.
2024-08-07,Mi 10000mAh Power Bank,Electronics,Meesho,Priya S.,4,Amazing! This is one of the best purchases I have made.
2024-08-07,Story@Home Blackout Curtains,Home & Living,App Store,Sanjay L.,4,Outstanding product. Fast delivery and good packaging.
2024-08-08,H&M Relaxed Fit Shirt,Fashion,Google Play,Preeti C.,4,Exceeded my expectations. Will definitely buy again.
2024-08-08,Kuber Industries Storage Box,Home & Living,Myntra,Arjun P.,4,Exceeded my expectations. Will definitely buy again.
2024-08-08,Levi's 511 Slim Fit Jeans,Fashion,Google Play,Aditya R.,1,Terrible quality. Broke within a week.
2024-08-08,Portronics Table Lamp LED,Office & Computing,Flipkart,Vikram H.,4,Five stars! Will recommend to friends and family.
2024-08-09,Syska USB Hub 4-Port,Office & Computing,App Store,Lalita Q.,3,Does the job but not impressed.
2024-08-09,Zebronics ZEB-Crystal Pro Webcam,Electronics,Meesho,Ananya M.,3,Neither good nor bad. Just average.
2024-08-10,Royalford Bamboo Chopping Board,Home & Living,Google Play,Meena N.,4,Five stars! Will recommend to friends and family.
2024-08-10,Story@Home Blackout Curtains,Home & Living,Amazon,Ananya M.,4,Top notch quality. Highly recommend to everyone.
2024-08-10,boAt Airdopes 141 TWS Earbuds,Electronics,App Store,Aditya R.,2,Very bad experience. Customer service was unhelpful.
2024-08-11,FabIndia Cotton Kurta,Fashion,Google Play,Kavya T.,3,Acceptable quality. Expected a bit more.
2024-08-11,Mamaearth Vitamin C Face Wash,Beauty,Flipkart,Meena N.,3,Decent product. Does exactly what it says.
2024-08-11,Mi 10000mAh Power Bank,Electronics,App Store,Sneha R.,4,Great value for money. Very happy with my purchase.
2024-08-11,Minimalist 10% Niacinamide Serum,Beauty,Google Play,Sunita W.,5,Brilliant quality. Worth every rupee spent.
2024-08-11,Samsung Galaxy Buds3 Pro,Electronics,App Store,Sanjay L.,3,Okay product. Nothing extraordinary.
2024-08-12,AmazonBasics Adjustable Laptop Stand,Office & Computing,App Store,Suresh I.,2,Very poor quality compared to the description.
2024-08-12,Biotique Bio Morning Nector SPF,Beauty,App Store,Meena N.,5,Absolutely love this product! Quality is excellent and delivery was fast.
2024-08-12,H&M Relaxed Fit Shirt,Fashion,Meesho,Divya F.,4,Absolutely love this product! Quality is excellent and delivery was fast.
2024-08-12,Levi's 511 Slim Fit Jeans,Fashion,App Store,Sneha R.,4,Five stars! Will recommend to friends and family.
2024-08-12,Mamaearth Vitamin C Face Wash,Beauty,Amazon,Amit D.,5,Amazing! This is one of the best purchases I have made.
2024-08-12,Royalford Bamboo Chopping Board,Home & Living,App Store,Vikram H.,3,Decent product. Does exactly what it says.
2024-08-12,Samsung Galaxy Buds3 Pro,Electronics,App Store,Ananya M.,4,Five stars! Will recommend to friends and family.
2024-08-12,boAt Airdopes 141 TWS Earbuds,Electronics,Google Play,Lalita Q.,5,Five stars! Will recommend to friends and family.
2024-08-13,Logitech MX Keys Keyboard,Electronics,Amazon,Rahul O.,3,Works but quality could be improved.
2024-08-13,Plum Green Tea Toner 200ml,Beauty,Myntra,Ravi K.,4,Top notch quality. Highly recommend to everyone.
2024-08-13,Woodland Casual Sneakers,Fashion,Meesho,Nikhil A.,5,Great value for money. Very happy with my purchase.
2024-08-14,Logitech MX Keys Keyboard,Electronics,Amazon,Priya S.,4,Exceeded my expectations. Will definitely buy again.
2024-08-14,Milton Thermosteel Flask 1L,Home & Living,Flipkart,Suresh I.,5,Very satisfied. Quality is premium and packaging was neat.
2024-08-15,AmazonBasics Adjustable Laptop Stand,Office & Computing,Google Play,Shreya Z.,4,Outstanding product. Fast delivery and good packaging.
2024-08-15,H&M Relaxed Fit Shirt,Fashion,App Store,Rohan D.,3,Okay product. Nothing extraordinary.
2024-08-15,HP 65W Laptop Power Adapter,Office & Computing,App Store,Pooja V.,5,Exceeded my expectations. Will definitely buy again.
2024-08-15,Kuber Industries Storage Box,Home & Living,Meesho,Sneha R.,4,Exceeded my expectations. Will definitely buy again.
2024-08-15,Lakme Absolute Foundation,Beauty,App Store,Ishaan B.,3,Okay product. Nothing extraordinary.
2024-08-15,Minimalist 10% Niacinamide Serum,Beauty,Flipkart,Anjali E.,5,Perfect product. Works exactly as described.
2024-08-15,Puma Classic Track Pants,Fashion,Amazon,Farhan X.,3,Works but quality could be improved.
2024-08-15,Royalford Bamboo Chopping Board,Home & Living,Flipkart,Geeta U.,4,Brilliant quality. Worth every rupee spent.
2024-08-15,Story@Home Blackout Curtains,Home & Living,App Store,Vikram H.,3,Product is okay. Delivery was delayed slightly.
2024-08-16,Lakme Absolute Foundation,Beauty,App Store,Amit D.,4,Top notch quality. Highly recommend to everyone.
2024-08-16,Logitech MX Keys Keyboard,Electronics,Amazon,Ramesh B.,5,Five stars! Will recommend to friends and family.
2024-08-16,Minimalist 10% Niacinamide Serum,Beauty,Amazon,Kavya T.,3,Not bad. Could be better but serves the purpose.
2024-08-16,Plum Green Tea Toner 200ml,Beauty,Google Play,Rohan D.,5,Brilliant quality. Worth every rupee spent.
2024-08-16,Samsung Galaxy Buds3 Pro,Electronics,App Store,Suresh I.,5,Very satisfied. Quality is premium and packaging was neat.
2024-08-16,Syska USB Hub 4-Port,Office & Computing,Amazon,Ravi K.,2,Waste of money. Completely unsatisfied.
2024-08-16,Woodland Casual Sneakers,Fashion,Meesho,Farhan X.,5,Top notch quality. Highly recommend to everyone.
2024-08-17,Allen Solly Polo T-Shirt,Fashion,Flipkart,Ramesh B.,5,Exceeded my expectations. Will definitely buy again.
2024-08-17,Mamaearth Vitamin C Face Wash,Beauty,Myntra,Meena N.,5,Exceeded my expectations. Will definitely buy again.
2024-08-17,Pigeon Aluminium Non-Stick Pan,Home & Living,Flipkart,Ravi K.,5,Exceeded my expectations. Will definitely buy again.
2024-08-17,Portronics Table Lamp LED,Office & Computing,Amazon,Ananya M.,4,Five stars! Will recommend to friends and family.
2024-08-17,Samsung Galaxy Buds3 Pro,Electronics,Meesho,Amit D.,5,Absolutely love this product! Quality is excellent and delivery was fast.
2024-08-18,Anker 65W GaN Fast Charger,Electronics,Myntra,Geeta U.,5,Amazing! This is one of the best purchases I have made.
2024-08-18,Lakme Absolute Foundation,Beauty,Flipkart,Sanjay L.,3,Product is okay. Delivery was delayed slightly.
2024-08-18,Samsung Galaxy Buds3 Pro,Electronics,Flipkart,Rohan D.,5,Absolutely love this product! Quality is excellent and delivery was fast.
2024-08-19,Biotique Bio Morning Nector SPF,Beauty,Amazon,Vikram H.,4,Very satisfied. Quality is premium and packaging was neat.
2024-08-19,FabIndia Cotton Kurta,Fashion,Meesho,Lalita Q.,3,Okay product. Nothing extraordinary.
2024-08-19,JBL Flip 6 Bluetooth Speaker,Electronics,Meesho,Nikhil A.,4,Absolutely love this product! Quality is excellent and delivery was fast.
2024-08-19,Levi's 511 Slim Fit Jeans,Fashion,App Store,Sneha R.,5,Brilliant quality. Worth every rupee spent.
2024-08-19,Minimalist 10% Niacinamide Serum,Beauty,App Store,Ishaan B.,4,Five stars! Will recommend to friends and family.
2024-08-19,Woodland Casual Sneakers,Fashion,Amazon,Nisha G.,3,It's fine. Meets basic requirements.
2024-08-19,Wow Skin Science Hair Oil,Beauty,Meesho,Divya F.,5,Perfect product. Works exactly as described.
2024-08-20,FabIndia Cotton Kurta,Fashion,Amazon,Nikhil A.,5,Five stars! Will recommend to friends and family.
2024-08-20,Pigeon Aluminium Non-Stick Pan,Home & Living,Myntra,Preeti C.,5,Very satisfied. Quality is premium and packaging was neat.
2024-08-20,Sony WH-1000XM5 Headphones,Electronics,Meesho,Pooja V.,5,Outstanding product. Fast delivery and good packaging.
2024-08-20,boAt Airdopes 141 TWS Earbuds,Electronics,Myntra,Priya S.,5,Great value for money. Very happy with my purchase.
2024-08-21,JBL Flip 6 Bluetooth Speaker,Electronics,Google Play,Preeti C.,1,Not worth the money. Would not recommend.
2024-08-21,Kuber Industries Storage Box,Home & Living,Google Play,Kavya T.,4,Great value for money. Very happy with my purchase.
2024-08-21,Puma Classic Track Pants,Fashion,App Store,Rohan D.,5,Five stars! Will recommend to friends and family.
2024-08-21,Syska USB Hub 4-Port,Office & Computing,Meesho,Ananya M.,4,Amazing! This is one of the best purchases I have made.
2024-08-22,Mamaearth Vitamin C Face Wash,Beauty,Meesho,Vikram H.,5,Top notch quality. Highly recommend to everyone.
2024-08-22,Minimalist 10% Niacinamide Serum,Beauty,Amazon,Nikhil A.,5,Great value for money. Very happy with my purchase.
2024-08-22,Pigeon Aluminium Non-Stick Pan,Home & Living,Google Play,Karan J.,4,Perfect product. Works exactly as described.
2024-08-22,Sony WH-1000XM5 Headphones,Electronics,Flipkart,Anjali E.,4,Exceeded my expectations. Will definitely buy again.
2024-08-23,AmazonBasics Adjustable Laptop Stand,Office & Computing,App Store,Ananya M.,5,Very satisfied. Quality is premium and packaging was neat.
2024-08-23,Anker 65W GaN Fast Charger,Electronics,Meesho,Ravi K.,3,Does the job but not impressed.
2024-08-23,Biotique Bio Morning Nector SPF,Beauty,Flipkart,Divya F.,4,Exceeded my expectations. Will definitely buy again.
2024-08-23,Pigeon Aluminium Non-Stick Pan,Home & Living,Myntra,Anjali E.,5,Great value for money. Very happy with my purchase.
2024-08-23,Sony WH-1000XM5 Headphones,Electronics,Amazon,Suresh I.,4,Very satisfied. Quality is premium and packaging was neat.
2024-08-24,FabIndia Cotton Kurta,Fashion,Myntra,Ishaan B.,5,Top notch quality. Highly recommend to everyone.
2024-08-24,Levi's 511 Slim Fit Jeans,Fashion,Google Play,Rohan D.,4,Perfect product. Works exactly as described.
2024-08-24,Portronics Table Lamp LED,Office & Computing,Google Play,Karan J.,4,Absolutely love this product! Quality is excellent and delivery was fast.
2024-08-24,Wow Skin Science Hair Oil,Beauty,Amazon,Suresh I.,5,Top notch quality. Highly recommend to everyone.
2024-08-24,boAt Airdopes 141 TWS Earbuds,Electronics,Google Play,Divya F.,5,Perfect product. Works exactly as described.
2024-08-25,Allen Solly Polo T-Shirt,Fashion,Flipkart,Aditya R.,5,Top notch quality. Highly recommend to everyone.
2024-08-25,Anker 65W GaN Fast Charger,Electronics,Myntra,Rohan D.,4,Brilliant quality. Worth every rupee spent.
2024-08-25,H&M Relaxed Fit Shirt,Fashion,Amazon,Anjali E.,4,Absolutely love this product! Quality is excellent and delivery was fast.
2024-08-25,Mi 10000mAh Power Bank,Electronics,Meesho,Nikhil A.,5,Five stars! Will recommend to friends and family.
2024-08-25,Minimalist 10% Niacinamide Serum,Beauty,Myntra,Priya S.,5,Top notch quality. Highly recommend to everyone.
2024-08-25,Pigeon Aluminium Non-Stick Pan,Home & Living,Meesho,Amit D.,5,Outstanding product. Fast delivery and good packaging.
2024-08-26,Allen Solly Polo T-Shirt,Fashion,Amazon,Suresh I.,5,Amazing! This is one of the best purchases I have made.
2024-08-26,JBL Flip 6 Bluetooth Speaker,Electronics,Flipkart,Meena N.,4,Very satisfied. Quality is premium and packaging was neat.
2024-08-26,Logitech MX Keys Keyboard,Electronics,Amazon,Ananya M.,4,Great value for money. Very happy with my purchase.
2024-08-26,Milton Thermosteel Flask 1L,Home & Living,Flipkart,Divya F.,5,Very satisfied. Quality is premium and packaging was neat.
2024-08-26,Syska USB Hub 4-Port,Office & Computing,Myntra,Ishaan B.,3,Average quality but acceptable for the price.
2024-08-26,Wow Skin Science Hair Oil,Beauty,Flipkart,Sneha R.,5,Exceeded my expectations. Will definitely buy again.
2024-08-27,Biotique Bio Morning Nector SPF,Beauty,App Store,Priya S.,5,Top notch quality. Highly recommend to everyone.
2024-08-27,Portronics Table Lamp LED,Office & Computing,Meesho,Arjun P.,5,Great value for money. Very happy with my purchase.
2024-08-27,Prestige Induction Cooktop 1200W,Home & Living,Google Play,Nisha G.,5,Five stars! Will recommend to friends and family.
2024-08-27,Samsung Galaxy Buds3 Pro,Electronics,Flipkart,Kavya T.,4,Five stars! Will recommend to friends and family.
2024-08-28,Biotique Bio Morning Nector SPF,Beauty,Google Play,Suresh I.,3,It's fine. Meets basic requirements.
2024-08-28,FabIndia Cotton Kurta,Fashion,Myntra,Farhan X.,3,Decent product. Does exactly what it says.
2024-08-28,Mamaearth Vitamin C Face Wash,Beauty,Amazon,Sanjay L.,4,Five stars! Will recommend to friends and family.
2024-08-28,Portronics Table Lamp LED,Office & Computing,App Store,Ravi K.,5,Amazing! This is one of the best purchases I have made.
2024-08-28,Puma Classic Track Pants,Fashion,Google Play,Ramesh B.,5,Top notch quality. Highly recommend to everyone.
2024-08-28,Woodland Casual Sneakers,Fashion,Google Play,Anjali E.,4,Amazing! This is one of the best purchases I have made.
2024-08-29,Minimalist 10% Niacinamide Serum,Beauty,Myntra,Kavya T.,4,Amazing! This is one of the best purchases I have made.
2024-08-29,Puma Classic Track Pants,Fashion,Myntra,Sunita W.,5,Great value for money. Very happy with my purchase.
2024-08-29,Wow Skin Science Hair Oil,Beauty,Meesho,Lalita Q.,3,Okay product. Nothing extraordinary.
2024-08-30,HP 65W Laptop Power Adapter,Office & Computing,Flipkart,Nikhil A.,5,Great value for money. Very happy with my purchase.
2024-08-30,Pigeon Aluminium Non-Stick Pan,Home & Living,Meesho,Priya S.,4,Top notch quality. Highly recommend to everyone.
2024-08-30,Prestige Induction Cooktop 1200W,Home & Living,Meesho,Nisha G.,4,Brilliant quality. Worth every rupee spent.
2024-08-30,Woodland Casual Sneakers,Fashion,Flipkart,Sneha R.,5,Exceeded my expectations. Will definitely buy again.
2024-08-30,Zebronics ZEB-Crystal Pro Webcam,Electronics,Myntra,Arjun P.,5,Outstanding product. Fast delivery and good packaging.
2024-08-31,AmazonBasics Adjustable Laptop Stand,Office & Computing,Amazon,Divya F.,5,Five stars! Will recommend to friends and family.
2024-08-31,Levi's 511 Slim Fit Jeans,Fashion,Flipkart,Lalita Q.,5,Great value for money. Very happy with my purchase.
2024-08-31,Royalford Bamboo Chopping Board,Home & Living,Myntra,Rohan D.,5,Great value for money. Very happy with my purchase.
2024-09-01,Allen Solly Polo T-Shirt,Fashion,Amazon,Meena N.,4,Outstanding product. Fast delivery and good packaging.
2024-09-01,H&M Relaxed Fit Shirt,Fashion,Flipkart,Ananya M.,4,Brilliant quality. Worth every rupee spent.
2024-09-01,Levi's 511 Slim Fit Jeans,Fashion,Meesho,Deepa C.,5,Perfect product. Works exactly as described.
2024-09-01,Samsung Galaxy Buds3 Pro,Electronics,Google Play,Shreya Z.,3,Neither good nor bad. Just average.
2024-09-02,Anker 65W GaN Fast Charger,Electronics,Google Play,Suresh I.,3,Decent product. Does exactly what it says.
2024-09-02,Biotique Bio Morning Nector SPF,Beauty,Meesho,Nisha G.,4,Perfect product. Works exactly as described.
2024-09-02,FabIndia Cotton Kurta,Fashion,Amazon,Priya S.,4,Five stars! Will recommend to friends and family.
2024-09-02,H&M Relaxed Fit Shirt,Fashion,Meesho,Amit D.,3,Acceptable quality. Expected a bit more.
2024-09-02,Kuber Industries Storage Box,Home & Living,Google Play,Kavya T.,5,Outstanding product. Fast delivery and good packaging.
2024-09-02,Lakme Absolute Foundation,Beauty,Google Play,Ishaan B.,5,Absolutely love this product! Quality is excellent and delivery was fast.
2024-09-02,Logitech MX Keys Keyboard,Electronics,Meesho,Shreya Z.,5,Outstanding product. Fast delivery and good packaging.
2024-09-02,Portronics Table Lamp LED,Office & Computing,Flipkart,Pooja V.,4,Amazing! This is one of the best purchases I have made.
2024-09-02,Syska USB Hub 4-Port,Office & Computing,Myntra,Mohit Y.,1,Very disappointed. Product quality is poor.
2024-09-03,HP 65W Laptop Power Adapter,Office & Computing,Google Play,Ishaan B.,4,Great value for money. Very happy with my purchase.
2024-09-03,Minimalist 10% Niacinamide Serum,Beauty,Myntra,Rohan D.,1,Very bad experience. Customer service was unhelpful.
2024-09-03,boAt Airdopes 141 TWS Earbuds,Electronics,App Store,Ravi K.,3,Neither good nor bad. Just average.
2024-09-04,Allen Solly Polo T-Shirt,Fashion,Myntra,Deepa C.,1,Very bad experience. Customer service was unhelpful.
2024-09-04,FabIndia Cotton Kurta,Fashion,Flipkart,Ishaan B.,5,Brilliant quality. Worth every rupee spent.
2024-09-04,Lakme Absolute Foundation,Beauty,Amazon,Amit D.,4,Exceeded my expectations. Will definitely buy again.
2024-09-04,Portronics Table Lamp LED,Office & Computing,Flipkart,Vikram H.,4,Five stars! Will recommend to friends and family.
2024-09-04,Royalford Bamboo Chopping Board,Home & Living,Amazon,Preeti C.,5,Amazing! This is one of the best purchases I have made.
2024-09-05,FabIndia Cotton Kurta,Fashion,App Store,Preeti C.,3,Neither good nor bad. Just average.
2024-09-05,Levi's 511 Slim Fit Jeans,Fashion,Google Play,Geeta U.,4,Exceeded my expectations. Will definitely buy again.
2024-09-05,Puma Classic Track Pants,Fashion,Amazon,Rohan D.,4,Amazing! This is one of the best purchases I have made.
2024-09-06,Story@Home Blackout Curtains,Home & Living,Google Play,Pooja V.,4,Five stars! Will recommend to friends and family.
2024-09-06,Zebronics ZEB-Crystal Pro Webcam,Electronics,Flipkart,Mohit Y.,4,Perfect product. Works exactly as described.
2024-09-07,Allen Solly Polo T-Shirt,Fashion,Amazon,Amit D.,5,Amazing! This is one of the best purchases I have made.
2024-09-07,Minimalist 10% Niacinamide Serum,Beauty,Amazon,Lalita Q.,5,Absolutely love this product! Quality is excellent and delivery was fast.
2024-09-08,Anker 65W GaN Fast Charger,Electronics,Meesho,Preeti C.,3,Average quality but acceptable for the price.
2024-09-08,HP 65W Laptop Power Adapter,Office & Computing,Google Play,Shreya Z.,4,Very satisfied. Quality is premium and packaging was neat.
2024-09-08,Mamaearth Vitamin C Face Wash,Beauty,Meesho,Vikram H.,4,Outstanding product. Fast delivery and good packaging.
2024-09-08,Mi 10000mAh Power Bank,Electronics,Amazon,Ravi K.,1,Product is defective. Will be returning it.
2024-09-08,Minimalist 10% Niacinamide Serum,Beauty,Meesho,Divya F.,4,Amazing! This is one of the best purchases I have made.
2024-09-08,Royalford Bamboo Chopping Board,Home & Living,Flipkart,Rahul O.,5,Amazing! This is one of the best purchases I have made.
2024-09-09,Allen Solly Polo T-Shirt,Fashion,Flipkart,Deepa C.,4,Great value for money. Very happy with my purchase.
2024-09-09,H&M Relaxed Fit Shirt,Fashion,Myntra,Sunita W.,3,Average quality but acceptable for the price.
2024-09-09,Levi's 511 Slim Fit Jeans,Fashion,Meesho,Lalita Q.,4,Absolutely love this product! Quality is excellent and delivery was fast.
2024-09-09,Logitech MX Keys Keyboard,Electronics,Amazon,Pooja V.,5,Five stars! Will recommend to friends and family.
2024-09-09,Mi 10000mAh Power Bank,Electronics,Myntra,Shreya Z.,4,Perfect product. Works exactly as described.
2024-09-09,Prestige Induction Cooktop 1200W,Home & Living,Google Play,Anjali E.,5,Great value for money. Very happy with my purchase.
2024-09-09,Puma Classic Track Pants,Fashion,Google Play,Preeti C.,3,Not bad. Could be better but serves the purpose.
2024-09-09,Story@Home Blackout Curtains,Home & Living,Myntra,Aditya R.,5,Great value for money. Very happy with my purchase.
2024-09-10,Mamaearth Vitamin C Face Wash,Beauty,Flipkart,Nikhil A.,4,Outstanding product. Fast delivery and good packaging.
2024-09-10,Mi 10000mAh Power Bank,Electronics,Flipkart,Preeti C.,5,Great value for money. Very happy with my purchase.
2024-09-10,Sony WH-1000XM5 Headphones,Electronics,Myntra,Mohit Y.,5,Perfect product. Works exactly as described.
2024-09-11,Levi's 511 Slim Fit Jeans,Fashion,App Store,Ramesh B.,3,It's fine. Meets basic requirements.
2024-09-11,Milton Thermosteel Flask 1L,Home & Living,Myntra,Preeti C.,1,Product is defective. Will be returning it.
2024-09-11,Minimalist 10% Niacinamide Serum,Beauty,Myntra,Anjali E.,5,Perfect product. Works exactly as described.
2024-09-11,Pigeon Aluminium Non-Stick Pan,Home & Living,App Store,Suresh I.,4,Perfect product. Works exactly as described.
2024-09-11,Sony WH-1000XM5 Headphones,Electronics,Myntra,Karan J.,5,Five stars! Will recommend to friends and family.
2024-09-12,H&M Relaxed Fit Shirt,Fashion,Meesho,Sunita W.,2,Very bad experience. Customer service was unhelpful.
2024-09-12,Samsung Galaxy Buds3 Pro,Electronics,Myntra,Vikram H.,5,Very satisfied. Quality is premium and packaging was neat.
2024-09-12,Zebronics ZEB-Crystal Pro Webcam,Electronics,App Store,Farhan X.,2,Not worth the money. Would not recommend.
2024-09-13,Anker 65W GaN Fast Charger,Electronics,Flipkart,Sanjay L.,3,It's fine. Meets basic requirements.
2024-09-13,JBL Flip 6 Bluetooth Speaker,Electronics,Amazon,Nikhil A.,4,Top notch quality. Highly recommend to everyone.
2024-09-13,Mamaearth Vitamin C Face Wash,Beauty,Meesho,Suresh I.,4,Five stars! Will recommend to friends and family.
2024-09-14,Logitech MX Keys Keyboard,Electronics,Myntra,Aditya R.,5,Five stars! Will recommend to friends and family.
2024-09-14,Minimalist 10% Niacinamide Serum,Beauty,Amazon,Sanjay L.,5,Five stars! Will recommend to friends and family.
2024-09-14,Wow Skin Science Hair Oil,Beauty,App Store,Geeta U.,5,Brilliant quality. Worth every rupee spent.
2024-09-14,Zebronics ZEB-Crystal Pro Webcam,Electronics,Myntra,Suresh I.,4,Amazing! This is one of the best purchases I have made.
2024-09-15,AmazonBasics Adjustable Laptop Stand,Office & Computing,Google Play,Nisha G.,5,Perfect product. Works exactly as described.
2024-09-15,Portronics Table Lamp LED,Office & Computing,Amazon,Pooja V.,5,Exceeded my expectations. Will definitely buy again.
2024-09-15,Samsung Galaxy Buds3 Pro,Electronics,Amazon,Lalita Q.,5,Top notch quality. Highly recommend to everyone.
2024-09-15,Zebronics ZEB-Crystal Pro Webcam,Electronics,App Store,Amit D.,5,Exceeded my expectations. Will definitely buy again.
2024-09-16,Anker 65W GaN Fast Charger,Electronics,App Store,Meena N.,4,Outstanding product. Fast delivery and good packaging.
2024-09-16,Mi 10000mAh Power Bank,Electronics,App Store,Amit D.,4,Brilliant quality. Worth every rupee spent.
2024-09-16,Milton Thermosteel Flask 1L,Home & Living,Myntra,Shreya Z.,3,Neither good nor bad. Just average.
2024-09-16,Pigeon Aluminium Non-Stick Pan,Home & Living,Meesho,Rahul O.,3,Does the job but not impressed.
2024-09-16,Plum Green Tea Toner 200ml,Beauty,App Store,Sanjay L.,2,Very frustrating experience. Arrived damaged.
2024-09-16,Royalford Bamboo Chopping Board,Home & Living,Google Play,Karan J.,5,Five stars! Will recommend to friends and family.
2024-09-16,Story@Home Blackout Curtains,Home & Living,App Store,Aditya R.,4,Great value for money. Very happy with my purchase.
2024-09-16,Syska USB Hub 4-Port,Office & Computing,App Store,Kavya T.,5,Very satisfied. Quality is premium and packaging was neat.
2024-09-16,Woodland Casual Sneakers,Fashion,Flipkart,Ramesh B.,5,Five stars! Will recommend to friends and family.
2024-09-16,Wow Skin Science Hair Oil,Beauty,Myntra,Arjun P.,4,Great value for money. Very happy with my purchase.
2024-09-16,boAt Airdopes 141 TWS Earbuds,Electronics,Myntra,Farhan X.,4,Absolutely love this product! Quality is excellent and delivery was fast.
2024-09-17,Anker 65W GaN Fast Charger,Electronics,Amazon,Ravi K.,4,Absolutely love this product! Quality is excellent and delivery was fast.
2024-09-17,FabIndia Cotton Kurta,Fashion,Google Play,Anjali E.,5,Perfect product. Works exactly as described.
2024-09-17,Portronics Table Lamp LED,Office & Computing,Google Play,Geeta U.,5,Brilliant quality. Worth every rupee spent.
2024-09-17,Puma Classic Track Pants,Fashion,Amazon,Aditya R.,2,Very disappointed. Product quality is poor.
2024-09-18,Anker 65W GaN Fast Charger,Electronics,Myntra,Divya F.,3,It's fine. Meets basic requirements.
2024-09-18,Lakme Absolute Foundation,Beauty,Flipkart,Ananya M.,5,Outstanding product. Fast delivery and good packaging.
2024-09-18,Prestige Induction Cooktop 1200W,Home & Living,Amazon,Amit D.,4,Amazing! This is one of the best purchases I have made.
2024-09-18,Syska USB Hub 4-Port,Office & Computing,Google Play,Kavya T.,5,Brilliant quality. Worth every rupee spent.
2024-09-19,boAt Airdopes 141 TWS Earbuds,Electronics,Flipkart,Lalita Q.,5,Perfect product. Works exactly as described.
2024-09-20,AmazonBasics Adjustable Laptop Stand,Office & Computing,Flipkart,Karan J.,4,Perfect product. Works exactly as described.
2024-09-20,HP 65W Laptop Power Adapter,Office & Computing,Flipkart,Rohan D.,4,Five stars! Will recommend to friends and family.
2024-09-20,Logitech MX Keys Keyboard,Electronics,Amazon,Rahul O.,4,Amazing! This is one of the best purchases I have made.
2024-09-20,Plum Green Tea Toner 200ml,Beauty,Myntra,Mohit Y.,3,Neither good nor bad. Just average.
2024-09-20,Syska USB Hub 4-Port,Office & Computing,Myntra,Deepa C.,4,Great value for money. Very happy with my purchase.
2024-09-21,AmazonBasics Adjustable Laptop Stand,Office & Computing,Meesho,Ravi K.,5,Amazing! This is one of the best purchases I have made.
2024-09-21,Anker 65W GaN Fast Charger,Electronics,Flipkart,Vikram H.,4,Brilliant quality. Worth every rupee spent.
2024-09-21,Biotique Bio Morning Nector SPF,Beauty,Google Play,Geeta U.,5,Perfect product. Works exactly as described.
2024-09-21,Kuber Industries Storage Box,Home & Living,App Store,Rahul O.,5,Five stars! Will recommend to friends and family.
2024-09-21,Portronics Table Lamp LED,Office & Computing,Myntra,Arjun P.,5,Very satisfied. Quality is premium and packaging was neat.
2024-09-21,Royalford Bamboo Chopping Board,Home & Living,App Store,Karan J.,4,Five stars! Will recommend to friends and family.
2024-09-22,AmazonBasics Adjustable Laptop Stand,Office & Computing,App Store,Priya S.,4,Exceeded my expectations. Will definitely buy again.
2024-09-22,Mi 10000mAh Power Bank,Electronics,Google Play,Geeta U.,5,Great value for money. Very happy with my purchase.
2024-09-22,Minimalist 10% Niacinamide Serum,Beauty,Amazon,Rohan D.,2,Regret buying this. Will not purchase again.
2024-09-22,Pigeon Aluminium Non-Stick Pan,Home & Living,Google Play,Aditya R.,1,Not worth the money. Would not recommend.
2024-09-22,Sony WH-1000XM5 Headphones,Electronics,Flipkart,Ananya M.,3,It's fine. Meets basic requirements.
2024-09-22,Woodland Casual Sneakers,Fashion,Myntra,Ravi K.,5,Exceeded my expectations. Will definitely buy again.
2024-09-23,AmazonBasics Adjustable Laptop Stand,Office & Computing,Meesho,Farhan X.,4,Amazing! This is one of the best purchases I have made.
2024-09-23,Anker 65W GaN Fast Charger,Electronics,Amazon,Lalita Q.,3,Okay product. Nothing extraordinary.
2024-09-23,FabIndia Cotton Kurta,Fashion,Meesho,Ishaan B.,5,Outstanding product. Fast delivery and good packaging.
2024-09-23,JBL Flip 6 Bluetooth Speaker,Electronics,Myntra,Preeti C.,2,Very bad experience. Customer service was unhelpful.
2024-09-23,Kuber Industries Storage Box,Home & Living,Google Play,Ravi K.,5,Great value for money. Very happy with my purchase.
2024-09-23,Levi's 511 Slim Fit Jeans,Fashion,Meesho,Kavya T.,2,Very frustrating experience. Arrived damaged.
2024-09-23,Mamaearth Vitamin C Face Wash,Beauty,Flipkart,Karan J.,5,Absolutely love this product! Quality is excellent and delivery was fast.
2024-09-23,Samsung Galaxy Buds3 Pro,Electronics,Amazon,Geeta U.,5,Absolutely love this product! Quality is excellent and delivery was fast.
2024-09-23,Wow Skin Science Hair Oil,Beauty,Flipkart,Suresh I.,5,Brilliant quality. Worth every rupee spent.
2024-09-23,boAt Airdopes 141 TWS Earbuds,Electronics,Amazon,Mohit Y.,5,Perfect product. Works exactly as described.
2024-09-24,H&M Relaxed Fit Shirt,Fashion,Myntra,Meena N.,4,Brilliant quality. Worth every rupee spent.
2024-09-24,Milton Thermosteel Flask 1L,Home & Living,Meesho,Amit D.,5,Great value for money. Very happy with my purchase.
2024-09-24,Pigeon Aluminium Non-Stick Pan,Home & Living,Myntra,Rahul O.,5,Perfect product. Works exactly as described.
2024-09-24,Plum Green Tea Toner 200ml,Beauty,Amazon,Geeta U.,4,Absolutely love this product! Quality is excellent and delivery was fast.
2024-09-24,Samsung Galaxy Buds3 Pro,Electronics,Amazon,Ananya M.,5,Top notch quality. Highly recommend to everyone.
2024-09-25,FabIndia Cotton Kurta,Fashion,Flipkart,Sneha R.,4,Brilliant quality. Worth every rupee spent.
2024-09-25,Levi's 511 Slim Fit Jeans,Fashion,Myntra,Amit D.,5,Five stars! Will recommend to friends and family.
2024-09-25,Plum Green Tea Toner 200ml,Beauty,Myntra,Sunita W.,5,Amazing! This is one of the best purchases I have made.
2024-09-25,Portronics Table Lamp LED,Office & Computing,Flipkart,Karan J.,4,Perfect product. Works exactly as described.
2024-09-25,Prestige Induction Cooktop 1200W,Home & Living,Myntra,Meena N.,5,Absolutely love this product! Quality is excellent and delivery was fast.
2024-09-25,Story@Home Blackout Curtains,Home & Living,Amazon,Mohit Y.,5,Very satisfied. Quality is premium and packaging was neat.
2024-09-25,Zebronics ZEB-Crystal Pro Webcam,Electronics,Flipkart,Nisha G.,5,Outstanding product. Fast delivery and good packaging.
2024-09-26,JBL Flip 6 Bluetooth Speaker,Electronics,Myntra,Rahul O.,5,Great value for money. Very happy with my purchase.
2024-09-26,Mamaearth Vitamin C Face Wash,Beauty,Meesho,Ananya M.,4,Amazing! This is one of the best purchases I have made.
2024-09-26,Prestige Induction Cooktop 1200W,Home & Living,Myntra,Arjun P.,4,Outstanding product. Fast delivery and good packaging.
2024-09-26,Royalford Bamboo Chopping Board,Home & Living,Amazon,Ravi K.,3,It's fine. Meets basic requirements.
2024-09-27,Allen Solly Polo T-Shirt,Fashion,Flipkart,Sneha R.,4,Perfect product. Works exactly as described.
2024-09-27,HP 65W Laptop Power Adapter,Office & Computing,Meesho,Sanjay L.,5,Great value for money. Very happy with my purchase.
2024-09-27,Milton Thermosteel Flask 1L,Home & Living,Flipkart,Nikhil A.,4,Very satisfied. Quality is premium and packaging was neat.
2024-09-27,Story@Home Blackout Curtains,Home & Living,Amazon,Farhan X.,5,Five stars! Will recommend to friends and family.
2024-09-27,Woodland Casual Sneakers,Fashion,Google Play,Nisha G.,2,Bad product. Had issues from day one.
2024-09-27,boAt Airdopes 141 TWS Earbuds,Electronics,Myntra,Ramesh B.,5,Absolutely love this product! Quality is excellent and delivery was fast.
2024-09-28,Lakme Absolute Foundation,Beauty,App Store,Shreya Z.,1,Waste of money. Completely unsatisfied.
2024-09-28,Levi's 511 Slim Fit Jeans,Fashion,App Store,Nisha G.,3,Acceptable quality. Expected a bit more.
2024-09-28,Plum Green Tea Toner 200ml,Beauty,Myntra,Mohit Y.,5,Five stars! Will recommend to friends and family.
2024-09-28,Syska USB Hub 4-Port,Office & Computing,Myntra,Ravi K.,4,Great value for money. Very happy with my purchase.
2024-09-28,boAt Airdopes 141 TWS Earbuds,Electronics,Amazon,Priya S.,5,Very satisfied. Quality is premium and packaging was neat.
2024-09-29,AmazonBasics Adjustable Laptop Stand,Office & Computing,Amazon,Geeta U.,5,Amazing! This is one of the best purchases I have made.
2024-09-29,H&M Relaxed Fit Shirt,Fashion,App Store,Preeti C.,4,Five stars! Will recommend to friends and family.
2024-09-29,JBL Flip 6 Bluetooth Speaker,Electronics,Meesho,Sunita W.,3,Acceptable quality. Expected a bit more.
2024-09-29,Mamaearth Vitamin C Face Wash,Beauty,Myntra,Shreya Z.,4,Five stars! Will recommend to friends and family.
2024-09-29,Syska USB Hub 4-Port,Office & Computing,Amazon,Anjali E.,3,Does the job but not impressed.
2024-09-29,Wow Skin Science Hair Oil,Beauty,Flipkart,Priya S.,5,Brilliant quality. Worth every rupee spent.
2024-09-29,boAt Airdopes 141 TWS Earbuds,Electronics,Google Play,Arjun P.,4,Exceeded my expectations. Will definitely buy again.
2024-09-30,Anker 65W GaN Fast Charger,Electronics,Meesho,Vikram H.,5,Five stars! Will recommend to friends and family.
2024-09-30,FabIndia Cotton Kurta,Fashion,Flipkart,Sunita W.,5,Great value for money. Very happy with my purchase.
2024-09-30,HP 65W Laptop Power Adapter,Office & Computing,Meesho,Lalita Q.,4,Perfect product. Works exactly as described.
2024-09-30,Milton Thermosteel Flask 1L,Home & Living,Myntra,Nikhil A.,5,Amazing! This is one of the best purchases I have made.
2024-09-30,Pigeon Aluminium Non-Stick Pan,Home & Living,App Store,Kavya T.,4,Absolutely love this product! Quality is excellent and delivery was fast.
2024-09-30,Portronics Table Lamp LED,Office & Computing,Amazon,Karan J.,5,Absolutely love this product! Quality is excellent and delivery was fast.
2024-09-30,Royalford Bamboo Chopping Board,Home & Living,Google Play,Ravi K.,5,Very satisfied. Quality is premium and packaging was neat.
2024-09-30,Sony WH-1000XM5 Headphones,Electronics,Meesho,Sanjay L.,5,Brilliant quality. Worth every rupee spent.
2024-09-30,Woodland Casual Sneakers,Fashion,Amazon,Meena N.,4,Very satisfied. Quality is premium and packaging was neat.
2024-10-01,JBL Flip 6 Bluetooth Speaker,Electronics,Myntra,Ramesh B.,4,Top notch quality. Highly recommend to everyone.
2024-10-01,Lakme Absolute Foundation,Beauty,App Store,Anjali E.,4,Very satisfied. Quality is premium and packaging was neat.
2024-10-01,Story@Home Blackout Curtains,Home & Living,Myntra,Ravi K.,5,Absolutely love this product! Quality is excellent and delivery was fast.
2024-10-01,Wow Skin Science Hair Oil,Beauty,Flipkart,Deepa C.,4,Five stars! Will recommend to friends and family.
2024-10-02,FabIndia Cotton Kurta,Fashion,Google Play,Geeta U.,4,Top notch quality. Highly recommend to everyone.
2024-10-02,Mi 10000mAh Power Bank,Electronics,Google Play,Aditya R.,4,Top notch quality. Highly recommend to everyone.
2024-10-02,Pigeon Aluminium Non-Stick Pan,Home & Living,Myntra,Priya S.,5,Perfect product. Works exactly as described.
2024-10-02,Prestige Induction Cooktop 1200W,Home & Living,Amazon,Divya F.,5,Very satisfied. Quality is premium and packaging was neat.
2024-10-03,Biotique Bio Morning Nector SPF,Beauty,Meesho,Sanjay L.,4,Absolutely love this product! Quality is excellent and delivery was fast.
2024-10-03,HP 65W Laptop Power Adapter,Office & Computing,Google Play,Preeti C.,4,Absolutely love this product! Quality is excellent and delivery was fast.
2024-10-03,Logitech MX Keys Keyboard,Electronics,Meesho,Rahul O.,5,Absolutely love this product! Quality is excellent and delivery was fast.
2024-10-03,Milton Thermosteel Flask 1L,Home & Living,Flipkart,Shreya Z.,4,Absolutely love this product! Quality is excellent and delivery was fast.
2024-10-03,Woodland Casual Sneakers,Fashion,Amazon,Anjali E.,2,Very disappointed. Product quality is poor.
2024-10-04,Lakme Absolute Foundation,Beauty,App Store,Karan J.,3,Works but quality could be improved.
2024-10-04,Milton Thermosteel Flask 1L,Home & Living,App Store,Aditya R.,1,Terrible quality. Broke within a week.
2024-10-04,Minimalist 10% Niacinamide Serum,Beauty,Flipkart,Pooja V.,5,Five stars! Will recommend to friends and family.
2024-10-04,Pigeon Aluminium Non-Stick Pan,Home & Living,Google Play,Rohan D.,3,Acceptable quality. Expected a bit more.
2024-10-04,Puma Classic Track Pants,Fashion,Meesho,Rahul O.,4,Amazing! This is one of the best purchases I have made.
2024-10-04,Wow Skin Science Hair Oil,Beauty,App Store,Deepa C.,2,Very frustrating experience. Arrived damaged.
2024-10-05,Biotique Bio Morning Nector SPF,Beauty,App Store,Mohit Y.,4,Top notch quality. Highly recommend to everyone.
2024-10-05,HP 65W Laptop Power Adapter,Office & Computing,App Store,Sunita W.,4,Great value for money. Very happy with my purchase.
2024-10-05,Mi 10000mAh Power Bank,Electronics,Google Play,Aditya R.,3,Decent product. Does exactly what it says.
2024-10-05,Portronics Table Lamp LED,Office & Computing,Meesho,Nisha G.,4,Absolutely love this product! Quality is excellent and delivery was fast.
2024-10-05,Woodland Casual Sneakers,Fashion,Flipkart,Lalita Q.,4,Top notch quality. Highly recommend to everyone.
2024-10-05,boAt Airdopes 141 TWS Earbuds,Electronics,Myntra,Vikram H.,5,Exceeded my expectations. Will definitely buy again.
2024-10-06,Prestige Induction Cooktop 1200W,Home & Living,Flipkart,Lalita Q.,5,Amazing! This is one of the best purchases I have made.
2024-10-06,Story@Home Blackout Curtains,Home & Living,Myntra,Vikram H.,3,Decent product. Does exactly what it says.
2024-10-07,Allen Solly Polo T-Shirt,Fashion,Flipkart,Aditya R.,5,Great value for money. Very happy with my purchase.
2024-10-07,Biotique Bio Morning Nector SPF,Beauty,App Store,Ananya M.,3,Acceptable quality. Expected a bit more.
2024-10-07,H&M Relaxed Fit Shirt,Fashion,App Store,Rohan D.,5,Very satisfied. Quality is premium and packaging was neat.
2024-10-07,HP 65W Laptop Power Adapter,Office & Computing,Myntra,Kavya T.,4,Top notch quality. Highly recommend to everyone.
2024-10-07,JBL Flip 6 Bluetooth Speaker,Electronics,Google Play,Divya F.,3,It's fine. Meets basic requirements.
2024-10-07,Royalford Bamboo Chopping Board,Home & Living,App Store,Shreya Z.,5,Great value for money. Very happy with my purchase.
2024-10-07,Woodland Casual Sneakers,Fashion,Flipkart,Nikhil A.,5,Exceeded my expectations. Will definitely buy again.
2024-10-07,Wow Skin Science Hair Oil,Beauty,Flipkart,Sneha R.,5,Top notch quality. Highly recommend to everyone.
2024-10-08,FabIndia Cotton Kurta,Fashion,Meesho,Lalita Q.,4,Exceeded my expectations. Will definitely buy again.
2024-10-08,HP 65W Laptop Power Adapter,Office & Computing,Myntra,Mohit Y.,5,Exceeded my expectations. Will definitely buy again.
2024-10-08,Kuber Industries Storage Box,Home & Living,Flipkart,Priya S.,1,Product is defective. Will be returning it.
2024-10-09,FabIndia Cotton Kurta,Fashion,Flipkart,Kavya T.,5,Five stars! Will recommend to friends and family.
2024-10-09,Royalford Bamboo Chopping Board,Home & Living,App Store,Deepa C.,1,Bad product. Had issues from day one.
2024-10-09,Syska USB Hub 4-Port,Office & Computing,Meesho,Karan J.,2,Very frustrating experience. Arrived damaged.
2024-10-09,Woodland Casual Sneakers,Fashion,Amazon,Divya F.,5,Exceeded my expectations. Will definitely buy again.
2024-10-09,Wow Skin Science Hair Oil,Beauty,Flipkart,Sunita W.,5,Very satisfied. Quality is premium and packaging was neat.
2024-10-10,Kuber Industries Storage Box,Home & Living,App Store,Shreya Z.,5,Very satisfied. Quality is premium and packaging was neat.
2024-10-10,Minimalist 10% Niacinamide Serum,Beauty,App Store,Anjali E.,5,Very satisfied. Quality is premium and packaging was neat.
2024-10-10,Royalford Bamboo Chopping Board,Home & Living,Meesho,Lalita Q.,2,Terrible quality. Broke within a week.
2024-10-10,Story@Home Blackout Curtains,Home & Living,App Store,Nikhil A.,3,Acceptable quality. Expected a bit more.
2024-10-11,JBL Flip 6 Bluetooth Speaker,Electronics,App Store,Aditya R.,3,Does the job but not impressed.
2024-10-11,Milton Thermosteel Flask 1L,Home & Living,Flipkart,Ravi K.,4,Outstanding product. Fast delivery and good packaging.
2024-10-11,Plum Green Tea Toner 200ml,Beauty,Meesho,Mohit Y.,1,Regret buying this. Will not purchase again.
2024-10-11,Puma Classic Track Pants,Fashion,App Store,Amit D.,4,Five stars! Will recommend to friends and family.
2024-10-11,Woodland Casual Sneakers,Fashion,Myntra,Rahul O.,3,It's fine. Meets basic requirements.
2024-10-12,Anker 65W GaN Fast Charger,Electronics,Google Play,Meena N.,5,Five stars! Will recommend to friends and family.
2024-10-12,Kuber Industries Storage Box,Home & Living,Google Play,Kavya T.,2,Regret buying this. Will not purchase again.
2024-10-12,Lakme Absolute Foundation,Beauty,Meesho,Divya F.,4,Very satisfied. Quality is premium and packaging was neat.
2024-10-12,Logitech MX Keys Keyboard,Electronics,Myntra,Amit D.,4,Brilliant quality. Worth every rupee spent.
2024-10-12,Pigeon Aluminium Non-Stick Pan,Home & Living,Google Play,Shreya Z.,1,Very frustrating experience. Arrived damaged.
2024-10-12,Royalford Bamboo Chopping Board,Home & Living,Google Play,Sunita W.,3,Acceptable quality. Expected a bit more.
2024-10-12,Syska USB Hub 4-Port,Office & Computing,App Store,Ishaan B.,3,Works but quality could be improved.
2024-10-12,Wow Skin Science Hair Oil,Beauty,Myntra,Preeti C.,2,Very poor quality compared to the description.
2024-10-13,Anker 65W GaN Fast Charger,Electronics,Meesho,Mohit Y.,4,Great value for money. Very happy with my purchase.
2024-10-13,HP 65W Laptop Power Adapter,Office & Computing,Flipkart,Karan J.,5,Very satisfied. Quality is premium and packaging was neat.
2024-10-13,JBL Flip 6 Bluetooth Speaker,Electronics,Flipkart,Farhan X.,4,Perfect product. Works exactly as described.
2024-10-13,Lakme Absolute Foundation,Beauty,Flipkart,Ishaan B.,4,Outstanding product. Fast delivery and good packaging.
2024-10-13,Mamaearth Vitamin C Face Wash,Beauty,Myntra,Shreya Z.,5,Five stars! Will recommend to friends and family.
2024-10-13,Portronics Table Lamp LED,Office & Computing,App Store,Aditya R.,5,Five stars! Will recommend to friends and family.
2024-10-13,Prestige Induction Cooktop 1200W,Home & Living,Amazon,Amit D.,4,Absolutely love this product! Quality is excellent and delivery was fast.
2024-10-13,Puma Classic Track Pants,Fashion,Flipkart,Deepa C.,3,Product is okay. Delivery was delayed slightly.
2024-10-13,Wow Skin Science Hair Oil,Beauty,Meesho,Vikram H.,4,Exceeded my expectations. Will definitely buy again.
2024-10-14,Anker 65W GaN Fast Charger,Electronics,Myntra,Nisha G.,4,Very satisfied. Quality is premium and packaging was neat.
2024-10-14,HP 65W Laptop Power Adapter,Office & Computing,Myntra,Deepa C.,3,Product is okay. Delivery was delayed slightly.
2024-10-14,Kuber Industries Storage Box,Home & Living,Meesho,Nikhil A.,1,Very poor quality compared to the description.
2024-10-14,Lakme Absolute Foundation,Beauty,App Store,Sunita W.,3,Okay product. Nothing extraordinary.
2024-10-14,Mamaearth Vitamin C Face Wash,Beauty,App Store,Rohan D.,4,Top notch quality. Highly recommend to everyone.
2024-10-14,Pigeon Aluminium Non-Stick Pan,Home & Living,Google Play,Shreya Z.,5,Very satisfied. Quality is premium and packaging was neat.
2024-10-14,Samsung Galaxy Buds3 Pro,Electronics,Meesho,Sanjay L.,4,Five stars! Will recommend to friends and family.
2024-10-14,Story@Home Blackout Curtains,Home & Living,Google Play,Amit D.,4,Five stars! Will recommend to friends and family.
2024-10-15,H&M Relaxed Fit Shirt,Fashion,Flipkart,Meena N.,1,Not worth the money. Would not recommend.
2024-10-15,Minimalist 10% Niacinamide Serum,Beauty,App Store,Suresh I.,4,Perfect product. Works exactly as described.
2024-10-15,Wow Skin Science Hair Oil,Beauty,Meesho,Farhan X.,3,Product is okay. Delivery was delayed slightly.
2024-10-16,H&M Relaxed Fit Shirt,Fashion,Amazon,Pooja V.,5,Top notch quality. Highly recommend to everyone.
2024-10-16,Pigeon Aluminium Non-Stick Pan,Home & Living,Myntra,Karan J.,5,Perfect product. Works exactly as described.
2024-10-16,Plum Green Tea Toner 200ml,Beauty,Google Play,Mohit Y.,5,Perfect product. Works exactly as described.
2024-10-16,Samsung Galaxy Buds3 Pro,Electronics,Meesho,Shreya Z.,4,Exceeded my expectations. Will definitely buy again.
2024-10-17,FabIndia Cotton Kurta,Fashion,Amazon,Anjali E.,5,Exceeded my expectations. Will definitely buy again.
2024-10-17,Samsung Galaxy Buds3 Pro,Electronics,Google Play,Mohit Y.,4,Outstanding product. Fast delivery and good packaging.
2024-10-18,AmazonBasics Adjustable Laptop Stand,Office & Computing,Flipkart,Ishaan B.,5,Great value for money. Very happy with my purchase.
2024-10-18,FabIndia Cotton Kurta,Fashion,Amazon,Shreya Z.,3,Decent product. Does exactly what it says.
2024-10-18,Logitech MX Keys Keyboard,Electronics,Flipkart,Deepa C.,5,Perfect product. Works exactly as described.
2024-10-18,Mamaearth Vitamin C Face Wash,Beauty,Meesho,Lalita Q.,4,Very satisfied. Quality is premium and packaging was neat.
2024-10-18,Milton Thermosteel Flask 1L,Home & Living,Amazon,Vikram H.,5,Amazing! This is one of the best purchases I have made.
2024-10-18,Prestige Induction Cooktop 1200W,Home & Living,Amazon,Preeti C.,4,Perfect product. Works exactly as described.
2024-10-18,Royalford Bamboo Chopping Board,Home & Living,Meesho,Sunita W.,4,Brilliant quality. Worth every rupee spent.
2024-10-18,Sony WH-1000XM5 Headphones,Electronics,App Store,Geeta U.,5,Outstanding product. Fast delivery and good packaging.
2024-10-18,Woodland Casual Sneakers,Fashion,Myntra,Farhan X.,4,Outstanding product. Fast delivery and good packaging.
2024-10-19,HP 65W Laptop Power Adapter,Office & Computing,Meesho,Mohit Y.,2,Very poor quality compared to the description.
2024-10-19,JBL Flip 6 Bluetooth Speaker,Electronics,Flipkart,Suresh I.,5,Exceeded my expectations. Will definitely buy again.
2024-10-19,Logitech MX Keys Keyboard,Electronics,Google Play,Ramesh B.,2,Product is defective. Will be returning it.
2024-10-19,Mamaearth Vitamin C Face Wash,Beauty,App Store,Amit D.,5,Exceeded my expectations. Will definitely buy again.
2024-10-19,Prestige Induction Cooktop 1200W,Home & Living,Flipkart,Shreya Z.,5,Top notch quality. Highly recommend to everyone.
2024-10-19,Wow Skin Science Hair Oil,Beauty,Myntra,Nikhil A.,4,Very satisfied. Quality is premium and packaging was neat.
2024-10-20,HP 65W Laptop Power Adapter,Office & Computing,Flipkart,Ramesh B.,5,Five stars! Will recommend to friends and family.
2024-10-20,Mamaearth Vitamin C Face Wash,Beauty,App Store,Shreya Z.,5,Perfect product. Works exactly as described.
2024-10-20,Samsung Galaxy Buds3 Pro,Electronics,Amazon,Anjali E.,3,Does the job but not impressed.
2024-10-21,Allen Solly Polo T-Shirt,Fashion,Meesho,Farhan X.,4,Outstanding product. Fast delivery and good packaging.
2024-10-21,AmazonBasics Adjustable Laptop Stand,Office & Computing,App Store,Arjun P.,4,Exceeded my expectations. Will definitely buy again.
2024-10-21,Biotique Bio Morning Nector SPF,Beauty,Flipkart,Shreya Z.,3,Average quality but acceptable for the price.
2024-10-21,Mamaearth Vitamin C Face Wash,Beauty,Meesho,Sunita W.,4,Absolutely love this product! Quality is excellent and delivery was fast.
2024-10-21,Pigeon Aluminium Non-Stick Pan,Home & Living,Google Play,Anjali E.,5,Outstanding product. Fast delivery and good packaging.
2024-10-21,Plum Green Tea Toner 200ml,Beauty,Myntra,Nisha G.,5,Amazing! This is one of the best purchases I have made.
2024-10-21,Prestige Induction Cooktop 1200W,Home & Living,Meesho,Sneha R.,5,Top notch quality. Highly recommend to everyone.
2024-10-21,Royalford Bamboo Chopping Board,Home & Living,App Store,Divya F.,5,Absolutely love this product! Quality is excellent and delivery was fast.
2024-10-21,Syska USB Hub 4-Port,Office & Computing,App Store,Mohit Y.,3,Acceptable quality. Expected a bit more.
2024-10-21,Wow Skin Science Hair Oil,Beauty,Meesho,Amit D.,4,Perfect product. Works exactly as described.
2024-10-22,Anker 65W GaN Fast Charger,Electronics,Flipkart,Divya F.,5,Great value for money. Very happy with my purchase.
2024-10-22,H&M Relaxed Fit Shirt,Fashion,Myntra,Ishaan B.,5,Exceeded my expectations. Will definitely buy again.
2024-10-22,Kuber Industries Storage Box,Home & Living,Amazon,Sneha R.,2,Regret buying this. Will not purchase again.
2024-10-22,Lakme Absolute Foundation,Beauty,App Store,Nisha G.,5,Outstanding product. Fast delivery and good packaging.
2024-10-22,Syska USB Hub 4-Port,Office & Computing,Google Play,Priya S.,4,Absolutely love this product! Quality is excellent and delivery was fast.
2024-10-23,AmazonBasics Adjustable Laptop Stand,Office & Computing,Myntra,Nikhil A.,3,Neither good nor bad. Just average.
2024-10-23,Anker 65W GaN Fast Charger,Electronics,Flipkart,Nisha G.,5,Top notch quality. Highly recommend to everyone.
2024-10-23,H&M Relaxed Fit Shirt,Fashion,Amazon,Anjali E.,4,Outstanding product. Fast delivery and good packaging.
2024-10-23,Minimalist 10% Niacinamide Serum,Beauty,App Store,Karan J.,2,Regret buying this. Will not purchase again.
2024-10-24,AmazonBasics Adjustable Laptop Stand,Office & Computing,App Store,Shreya Z.,3,Does the job but not impressed.
2024-10-24,Mi 10000mAh Power Bank,Electronics,App Store,Nisha G.,3,Does the job but not impressed.
2024-10-24,boAt Airdopes 141 TWS Earbuds,Electronics,Meesho,Farhan X.,1,Waste of money. Completely unsatisfied.
2024-10-25,Biotique Bio Morning Nector SPF,Beauty,Flipkart,Farhan X.,5,Amazing! This is one of the best purchases I have made.
2024-10-25,H&M Relaxed Fit Shirt,Fashion,Amazon,Ramesh B.,5,Five stars! Will recommend to friends and family.
2024-10-25,Lakme Absolute Foundation,Beauty,Amazon,Rohan D.,3,Okay product. Nothing extraordinary.
2024-10-25,Pigeon Aluminium Non-Stick Pan,Home & Living,Myntra,Suresh I.,5,Perfect product. Works exactly as described.
2024-10-25,Prestige Induction Cooktop 1200W,Home & Living,Myntra,Meena N.,5,Brilliant quality. Worth every rupee spent.
2024-10-26,Levi's 511 Slim Fit Jeans,Fashion,Amazon,Suresh I.,1,Very disappointed. Product quality is poor.
2024-10-26,Plum Green Tea Toner 200ml,Beauty,App Store,Sunita W.,4,Brilliant quality. Worth every rupee spent.
2024-10-27,Royalford Bamboo Chopping Board,Home & Living,Flipkart,Preeti C.,5,Very satisfied. Quality is premium and packaging was neat.
2024-10-27,Samsung Galaxy Buds3 Pro,Electronics,Myntra,Divya F.,1,Very bad experience. Customer service was unhelpful.
2024-10-28,AmazonBasics Adjustable Laptop Stand,Office & Computing,Google Play,Rahul O.,4,Brilliant quality. Worth every rupee spent.
2024-10-28,Anker 65W GaN Fast Charger,Electronics,Meesho,Ramesh B.,5,Five stars! Will recommend to friends and family.
2024-10-28,HP 65W Laptop Power Adapter,Office & Computing,Myntra,Amit D.,4,Brilliant quality. Worth every rupee spent.
2024-10-28,JBL Flip 6 Bluetooth Speaker,Electronics,Flipkart,Ananya M.,2,Very poor quality compared to the description.
2024-10-28,Levi's 511 Slim Fit Jeans,Fashion,Myntra,Karan J.,3,Decent product. Does exactly what it says.
2024-10-28,Logitech MX Keys Keyboard,Electronics,Meesho,Farhan X.,3,Average quality but acceptable for the price.
2024-10-28,Mi 10000mAh Power Bank,Electronics,App Store,Shreya Z.,4,Great value for money. Very happy with my purchase.
2024-10-28,Pigeon Aluminium Non-Stick Pan,Home & Living,Flipkart,Nikhil A.,4,Very satisfied. Quality is premium and packaging was neat.
2024-10-28,Puma Classic Track Pants,Fashion,Myntra,Lalita Q.,5,Exceeded my expectations. Will definitely buy again.
2024-10-29,Allen Solly Polo T-Shirt,Fashion,Meesho,Ishaan B.,5,Exceeded my expectations. Will definitely buy again.
2024-10-29,Biotique Bio Morning Nector SPF,Beauty,Flipkart,Amit D.,3,Decent product. Does exactly what it says.
2024-10-29,Kuber Industries Storage Box,Home & Living,Amazon,Rahul O.,4,Exceeded my expectations. Will definitely buy again.
2024-10-29,Logitech MX Keys Keyboard,Electronics,Myntra,Geeta U.,5,Very satisfied. Quality is premium and packaging was neat.
2024-10-29,Pigeon Aluminium Non-Stick Pan,Home & Living,Google Play,Vikram H.,5,Five stars! Will recommend to friends and family.
2024-10-29,Portronics Table Lamp LED,Office & Computing,Google Play,Ananya M.,5,Absolutely love this product! Quality is excellent and delivery was fast.
2024-10-29,Royalford Bamboo Chopping Board,Home & Living,Amazon,Nisha G.,5,Great value for money. Very happy with my purchase.
2024-10-30,Plum Green Tea Toner 200ml,Beauty,Myntra,Sneha R.,4,Five stars! Will recommend to friends and family.
2024-10-30,Puma Classic Track Pants,Fashion,App Store,Ravi K.,4,Very satisfied. Quality is premium and packaging was neat.
2024-10-30,Royalford Bamboo Chopping Board,Home & Living,Flipkart,Priya S.,5,Exceeded my expectations. Will definitely buy again.
2024-10-30,Samsung Galaxy Buds3 Pro,Electronics,Google Play,Farhan X.,5,Very satisfied. Quality is premium and packaging was neat.
2024-10-30,Zebronics ZEB-Crystal Pro Webcam,Electronics,Myntra,Aditya R.,5,Absolutely love this product! Quality is excellent and delivery was fast.
2024-10-31,Kuber Industries Storage Box,Home & Living,Flipkart,Ramesh B.,5,Five stars! Will recommend to friends and family.
2024-10-31,Prestige Induction Cooktop 1200W,Home & Living,Flipkart,Anjali E.,5,Perfect product. Works exactly as described.
2024-10-31,Story@Home Blackout Curtains,Home & Living,Google Play,Karan J.,5,Great value for money. Very happy with my purchase.
2024-11-01,Allen Solly Polo T-Shirt,Fashion,Amazon,Lalita Q.,5,Very satisfied. Quality is premium and packaging was neat.
2024-11-01,Anker 65W GaN Fast Charger,Electronics,Myntra,Ishaan B.,5,Absolutely love this product! Quality is excellent and delivery was fast.
2024-11-01,Kuber Industries Storage Box,Home & Living,Amazon,Vikram H.,5,Five stars! Will recommend to friends and family.
2024-11-01,Mi 10000mAh Power Bank,Electronics,Myntra,Ravi K.,3,Average quality but acceptable for the price.
2024-11-02,Biotique Bio Morning Nector SPF,Beauty,App Store,Amit D.,4,Absolutely love this product! Quality is excellent and delivery was fast.
2024-11-02,Levi's 511 Slim Fit Jeans,Fashion,Amazon,Ramesh B.,5,Top notch quality. Highly recommend to everyone.
2024-11-02,Sony WH-1000XM5 Headphones,Electronics,App Store,Karan J.,4,Brilliant quality. Worth every rupee spent.
2024-11-03,AmazonBasics Adjustable Laptop Stand,Office & Computing,Myntra,Kavya T.,4,Brilliant quality. Worth every rupee spent.
2024-11-03,Levi's 511 Slim Fit Jeans,Fashion,Google Play,Nisha G.,5,Exceeded my expectations. Will definitely buy again.
2024-11-03,Milton Thermosteel Flask 1L,Home & Living,App Store,Ramesh B.,5,Absolutely love this product! Quality is excellent and delivery was fast.
2024-11-03,Portronics Table Lamp LED,Office & Computing,App Store,Pooja V.,3,Acceptable quality. Expected a bit more.
2024-11-03,Puma Classic Track Pants,Fashion,Myntra,Suresh I.,5,Top notch quality. Highly recommend to everyone.
2024-11-03,Sony WH-1000XM5 Headphones,Electronics,Myntra,Nikhil A.,2,Very poor quality compared to the description.
2024-11-03,Wow Skin Science Hair Oil,Beauty,Flipkart,Rahul O.,3,Works but quality could be improved.
2024-11-04,H&M Relaxed Fit Shirt,Fashion,Meesho,Rohan D.,4,Very satisfied. Quality is premium and packaging was neat.
2024-11-04,HP 65W Laptop Power Adapter,Office & Computing,Google Play,Nisha G.,5,Exceeded my expectations. Will definitely buy again.
2024-11-04,Kuber Industries Storage Box,Home & Living,Myntra,Ishaan B.,4,Brilliant quality. Worth every rupee spent.
2024-11-04,Mi 10000mAh Power Bank,Electronics,Meesho,Shreya Z.,5,Great value for money. Very happy with my purchase.
2024-11-04,Milton Thermosteel Flask 1L,Home & Living,Myntra,Mohit Y.,2,Very bad experience. Customer service was unhelpful.
2024-11-04,Plum Green Tea Toner 200ml,Beauty,Meesho,Preeti C.,4,Absolutely love this product! Quality is excellent and delivery was fast.
2024-11-04,Prestige Induction Cooktop 1200W,Home & Living,Google Play,Farhan X.,3,Acceptable quality. Expected a bit more.
2024-11-04,Wow Skin Science Hair Oil,Beauty,App Store,Ramesh B.,5,Great value for money. Very happy with my purchase.
2024-11-04,boAt Airdopes 141 TWS Earbuds,Electronics,Amazon,Suresh I.,5,Brilliant quality. Worth every rupee spent.
2024-11-05,Allen Solly Polo T-Shirt,Fashion,Google Play,Sunita W.,5,Very satisfied. Quality is premium and packaging was neat.
2024-11-05,AmazonBasics Adjustable Laptop Stand,Office & Computing,Amazon,Vikram H.,5,Outstanding product. Fast delivery and good packaging.
2024-11-05,Kuber Industries Storage Box,Home & Living,Google Play,Ananya M.,4,Very satisfied. Quality is premium and packaging was neat.
2024-11-05,Levi's 511 Slim Fit Jeans,Fashion,App Store,Anjali E.,4,Exceeded my expectations. Will definitely buy again.
2024-11-05,Mi 10000mAh Power Bank,Electronics,Amazon,Priya S.,4,Five stars! Will recommend to friends and family.
2024-11-05,Minimalist 10% Niacinamide Serum,Beauty,App Store,Mohit Y.,4,Amazing! This is one of the best purchases I have made.
2024-11-05,Plum Green Tea Toner 200ml,Beauty,Google Play,Nikhil A.,1,Bad product. Had issues from day one.
2024-11-05,Zebronics ZEB-Crystal Pro Webcam,Electronics,Amazon,Ravi K.,3,Acceptable quality. Expected a bit more.
2024-11-06,Mamaearth Vitamin C Face Wash,Beauty,Meesho,Sneha R.,5,Brilliant quality. Worth every rupee spent.
2024-11-06,Pigeon Aluminium Non-Stick Pan,Home & Living,Meesho,Ishaan B.,4,Brilliant quality. Worth every rupee spent.
2024-11-06,Royalford Bamboo Chopping Board,Home & Living,Amazon,Sanjay L.,2,Bad product. Had issues from day one.
2024-11-07,Biotique Bio Morning Nector SPF,Beauty,Flipkart,Nisha G.,5,Exceeded my expectations. Will definitely buy again.
2024-11-07,Royalford Bamboo Chopping Board,Home & Living,Google Play,Sunita W.,3,Does the job but not impressed.
2024-11-07,Story@Home Blackout Curtains,Home & Living,Flipkart,Divya F.,3,Works but quality could be improved.
2024-11-07,boAt Airdopes 141 TWS Earbuds,Electronics,Myntra,Pooja V.,4,Amazing! This is one of the best purchases I have made.
2024-11-08,FabIndia Cotton Kurta,Fashion,Amazon,Ishaan B.,5,Amazing! This is one of the best purchases I have made.
2024-11-08,HP 65W Laptop Power Adapter,Office & Computing,Meesho,Rahul O.,5,Amazing! This is one of the best purchases I have made.
2024-11-08,Mamaearth Vitamin C Face Wash,Beauty,Meesho,Preeti C.,5,Five stars! Will recommend to friends and family.
2024-11-08,Mi 10000mAh Power Bank,Electronics,Flipkart,Anjali E.,3,Neither good nor bad. Just average.
2024-11-08,Plum Green Tea Toner 200ml,Beauty,Flipkart,Pooja V.,5,Amazing! This is one of the best purchases I have made.
2024-11-08,Royalford Bamboo Chopping Board,Home & Living,Amazon,Rohan D.,3,Not bad. Could be better but serves the purpose.
2024-11-09,FabIndia Cotton Kurta,Fashion,Meesho,Priya S.,4,Top notch quality. Highly recommend to everyone.
2024-11-09,JBL Flip 6 Bluetooth Speaker,Electronics,Meesho,Vikram H.,5,Amazing! This is one of the best purchases I have made.
2024-11-09,Levi's 511 Slim Fit Jeans,Fashion,Flipkart,Preeti C.,4,Outstanding product. Fast delivery and good packaging.
2024-11-09,Milton Thermosteel Flask 1L,Home & Living,Flipkart,Karan J.,5,Outstanding product. Fast delivery and good packaging.
2024-11-09,Prestige Induction Cooktop 1200W,Home & Living,Google Play,Mohit Y.,4,Five stars! Will recommend to friends and family.
2024-11-09,Puma Classic Track Pants,Fashion,Amazon,Kavya T.,5,Five stars! Will recommend to friends and family.
2024-11-09,Woodland Casual Sneakers,Fashion,Myntra,Shreya Z.,4,Outstanding product. Fast delivery and good packaging.
2024-11-10,Lakme Absolute Foundation,Beauty,Myntra,Sneha R.,5,Great value for money. Very happy with my purchase.
2024-11-10,Mamaearth Vitamin C Face Wash,Beauty,Google Play,Ananya M.,4,Exceeded my expectations. Will definitely buy again.
2024-11-10,Portronics Table Lamp LED,Office & Computing,Myntra,Aditya R.,5,Perfect product. Works exactly as described.
2024-11-10,boAt Airdopes 141 TWS Earbuds,Electronics,App Store,Meena N.,5,Outstanding product. Fast delivery and good packaging.
2024-11-11,Biotique Bio Morning Nector SPF,Beauty,App Store,Deepa C.,5,Brilliant quality. Worth every rupee spent.
2024-11-11,Lakme Absolute Foundation,Beauty,App Store,Arjun P.,4,Brilliant quality. Worth every rupee spent.
2024-11-11,Syska USB Hub 4-Port,Office & Computing,Google Play,Aditya R.,4,Exceeded my expectations. Will definitely buy again.
2024-11-11,Woodland Casual Sneakers,Fashion,Flipkart,Meena N.,3,Not bad. Could be better but serves the purpose.
2024-11-11,Wow Skin Science Hair Oil,Beauty,Myntra,Preeti C.,5,Perfect product. Works exactly as described.
2024-11-12,Kuber Industries Storage Box,Home & Living,Amazon,Lalita Q.,5,Very satisfied. Quality is premium and packaging was neat.
2024-11-12,Levi's 511 Slim Fit Jeans,Fashion,Google Play,Ravi K.,4,Outstanding product. Fast delivery and good packaging.
2024-11-12,Syska USB Hub 4-Port,Office & Computing,Google Play,Ananya M.,1,Waste of money. Completely unsatisfied.
2024-11-12,Zebronics ZEB-Crystal Pro Webcam,Electronics,Amazon,Mohit Y.,3,Not bad. Could be better but serves the purpose.
2024-11-13,H&M Relaxed Fit Shirt,Fashion,Meesho,Divya F.,3,Works but quality could be improved.
2024-11-13,Plum Green Tea Toner 200ml,Beauty,Google Play,Ravi K.,3,Okay product. Nothing extraordinary.
2024-11-13,Portronics Table Lamp LED,Office & Computing,Flipkart,Meena N.,4,Very satisfied. Quality is premium and packaging was neat.
2024-11-13,Woodland Casual Sneakers,Fashion,App Store,Sneha R.,3,Not bad. Could be better but serves the purpose.
2024-11-14,Woodland Casual Sneakers,Fashion,Myntra,Ananya M.,2,Very disappointed. Product quality is poor.
2024-11-14,boAt Airdopes 141 TWS Earbuds,Electronics,Google Play,Farhan X.,5,Top notch quality. Highly recommend to everyone.
2024-11-15,FabIndia Cotton Kurta,Fashion,Google Play,Vikram H.,4,Outstanding product. Fast delivery and good packaging.
2024-11-15,H&M Relaxed Fit Shirt,Fashion,Meesho,Rahul O.,5,Perfect product. Works exactly as described.
2024-11-15,Mi 10000mAh Power Bank,Electronics,Amazon,Suresh I.,5,Exceeded my expectations. Will definitely buy again.
2024-11-15,Plum Green Tea Toner 200ml,Beauty,Myntra,Ramesh B.,5,Five stars! Will recommend to friends and family.
2024-11-15,Wow Skin Science Hair Oil,Beauty,Google Play,Ananya M.,5,Great value for money. Very happy with my purchase.
2024-11-16,Anker 65W GaN Fast Charger,Electronics,Google Play,Aditya R.,3,It's fine. Meets basic requirements.
2024-11-16,Biotique Bio Morning Nector SPF,Beauty,App Store,Anjali E.,4,Five stars! Will recommend to friends and family.
2024-11-16,Mamaearth Vitamin C Face Wash,Beauty,Amazon,Ishaan B.,4,Outstanding product. Fast delivery and good packaging.
2024-11-16,Mi 10000mAh Power Bank,Electronics,Meesho,Sunita W.,5,Five stars! Will recommend to friends and family.
2024-11-16,Story@Home Blackout Curtains,Home & Living,Meesho,Meena N.,4,Five stars! Will recommend to friends and family.
2024-11-16,Woodland Casual Sneakers,Fashion,Flipkart,Sneha R.,5,Great value for money. Very happy with my purchase.
2024-11-16,Zebronics ZEB-Crystal Pro Webcam,Electronics,Flipkart,Suresh I.,5,Perfect product. Works exactly as described.
2024-11-17,Kuber Industries Storage Box,Home & Living,App Store,Rahul O.,4,Great value for money. Very happy with my purchase.
2024-11-17,Logitech MX Keys Keyboard,Electronics,Flipkart,Suresh I.,3,Product is okay. Delivery was delayed slightly.
2024-11-17,Mi 10000mAh Power Bank,Electronics,Flipkart,Nisha G.,3,Acceptable quality. Expected a bit more.
2024-11-17,Prestige Induction Cooktop 1200W,Home & Living,Amazon,Meena N.,2,Bad product. Had issues from day one.
2024-11-17,Puma Classic Track Pants,Fashion,Amazon,Sanjay L.,3,Decent product. Does exactly what it says.
2024-11-18,Allen Solly Polo T-Shirt,Fashion,Google Play,Pooja V.,2,Waste of money. Completely unsatisfied.
2024-11-18,AmazonBasics Adjustable Laptop Stand,Office & Computing,Amazon,Kavya T.,4,Absolutely love this product! Quality is excellent and delivery was fast.
2024-11-18,Anker 65W GaN Fast Charger,Electronics,Amazon,Deepa C.,5,Exceeded my expectations. Will definitely buy again.
2024-11-18,Kuber Industries Storage Box,Home & Living,Myntra,Ananya M.,5,Perfect product. Works exactly as described.
2024-11-18,Levi's 511 Slim Fit Jeans,Fashion,Amazon,Divya F.,3,Product is okay. Delivery was delayed slightly.
2024-11-18,Milton Thermosteel Flask 1L,Home & Living,Amazon,Shreya Z.,5,Amazing! This is one of the best purchases I have made.
2024-11-18,Puma Classic Track Pants,Fashion,Flipkart,Nikhil A.,5,Amazing! This is one of the best purchases I have made.
2024-11-18,Sony WH-1000XM5 Headphones,Electronics,Flipkart,Meena N.,5,Very satisfied. Quality is premium and packaging was neat.
2024-11-18,Syska USB Hub 4-Port,Office & Computing,Myntra,Geeta U.,5,Perfect product. Works exactly as described.
2024-11-18,Zebronics ZEB-Crystal Pro Webcam,Electronics,Google Play,Preeti C.,4,Great value for money. Very happy with my purchase.
2024-11-19,Allen Solly Polo T-Shirt,Fashion,App Store,Rohan D.,5,Absolutely love this product! Quality is excellent and delivery was fast.
2024-11-19,FabIndia Cotton Kurta,Fashion,Flipkart,Ramesh B.,5,Brilliant quality. Worth every rupee spent.
2024-11-19,Lakme Absolute Foundation,Beauty,Google Play,Priya S.,4,Great value for money. Very happy with my purchase.
2024-11-19,Milton Thermosteel Flask 1L,Home & Living,Meesho,Shreya Z.,5,Very satisfied. Quality is premium and packaging was neat.
2024-11-19,Plum Green Tea Toner 200ml,Beauty,Flipkart,Lalita Q.,2,Waste of money. Completely unsatisfied.
2024-11-19,Wow Skin Science Hair Oil,Beauty,App Store,Farhan X.,3,Acceptable quality. Expected a bit more.
2024-11-19,boAt Airdopes 141 TWS Earbuds,Electronics,Flipkart,Rahul O.,3,Product is okay. Delivery was delayed slightly.
2024-11-20,FabIndia Cotton Kurta,Fashion,Flipkart,Divya F.,4,Outstanding product. Fast delivery and good packaging.
2024-11-20,JBL Flip 6 Bluetooth Speaker,Electronics,Flipkart,Sanjay L.,1,Very disappointed. Product quality is poor.
2024-11-20,Sony WH-1000XM5 Headphones,Electronics,Amazon,Ramesh B.,5,Exceeded my expectations. Will definitely buy again.
2024-11-20,Woodland Casual Sneakers,Fashion,Amazon,Ishaan B.,5,Brilliant quality. Worth every rupee spent.
2024-11-21,AmazonBasics Adjustable Laptop Stand,Office & Computing,Meesho,Arjun P.,1,Waste of money. Completely unsatisfied.
2024-11-21,Biotique Bio Morning Nector SPF,Beauty,Amazon,Sunita W.,4,Brilliant quality. Worth every rupee spent.
2024-11-21,Levi's 511 Slim Fit Jeans,Fashion,Meesho,Farhan X.,3,Neither good nor bad. Just average.
2024-11-21,Logitech MX Keys Keyboard,Electronics,Flipkart,Pooja V.,3,Does the job but not impressed.
2024-11-21,Prestige Induction Cooktop 1200W,Home & Living,Google Play,Meena N.,2,Waste of money. Completely unsatisfied.
2024-11-21,Royalford Bamboo Chopping Board,Home & Living,Google Play,Sneha R.,5,Outstanding product. Fast delivery and good packaging.
2024-11-22,AmazonBasics Adjustable Laptop Stand,Office & Computing,Google Play,Rahul O.,5,Outstanding product. Fast delivery and good packaging.
2024-11-22,Mamaearth Vitamin C Face Wash,Beauty,Myntra,Preeti C.,1,Regret buying this. Will not purchase again.
2024-11-22,Mi 10000mAh Power Bank,Electronics,Google Play,Priya S.,5,Very satisfied. Quality is premium and packaging was neat.
2024-11-22,Milton Thermosteel Flask 1L,Home & Living,Amazon,Aditya R.,4,Perfect product. Works exactly as described.
2024-11-22,Minimalist 10% Niacinamide Serum,Beauty,Amazon,Suresh I.,3,Neither good nor bad. Just average.
2024-11-22,Syska USB Hub 4-Port,Office & Computing,Meesho,Kavya T.,2,Product is defective. Will be returning it.
2024-11-23,H&M Relaxed Fit Shirt,Fashion,Myntra,Shreya Z.,4,Absolutely love this product! Quality is excellent and delivery was fast.
2024-11-23,Zebronics ZEB-Crystal Pro Webcam,Electronics,Meesho,Deepa C.,5,Brilliant quality. Worth every rupee spent.
2024-11-24,Allen Solly Polo T-Shirt,Fashion,Amazon,Shreya Z.,2,Bad product. Had issues from day one.
2024-11-24,JBL Flip 6 Bluetooth Speaker,Electronics,Meesho,Ravi K.,4,Great value for money. Very happy with my purchase.
2024-11-24,Minimalist 10% Niacinamide Serum,Beauty,Meesho,Kavya T.,4,Five stars! Will recommend to friends and family.
2024-11-24,Royalford Bamboo Chopping Board,Home & Living,Meesho,Arjun P.,4,Amazing! This is one of the best purchases I have made.
2024-11-24,Syska USB Hub 4-Port,Office & Computing,Google Play,Nikhil A.,2,Product is defective. Will be returning it.
2024-11-24,Wow Skin Science Hair Oil,Beauty,App Store,Vikram H.,3,Not bad. Could be better but serves the purpose.
2024-11-25,Allen Solly Polo T-Shirt,Fashion,Myntra,Lalita Q.,4,Great value for money. Very happy with my purchase.
2024-11-25,Biotique Bio Morning Nector SPF,Beauty,App Store,Rohan D.,5,Five stars! Will recommend to friends and family.
2024-11-25,FabIndia Cotton Kurta,Fashion,Flipkart,Anjali E.,4,Outstanding product. Fast delivery and good packaging.
2024-11-25,Kuber Industries Storage Box,Home & Living,App Store,Ramesh B.,4,Very satisfied. Quality is premium and packaging was neat.
2024-11-25,Prestige Induction Cooktop 1200W,Home & Living,Meesho,Ravi K.,5,Very satisfied. Quality is premium and packaging was neat.
2024-11-26,AmazonBasics Adjustable Laptop Stand,Office & Computing,Flipkart,Nikhil A.,2,Product is defective. Will be returning it.
2024-11-26,Plum Green Tea Toner 200ml,Beauty,App Store,Vikram H.,3,Not bad. Could be better but serves the purpose.
2024-11-26,Puma Classic Track Pants,Fashion,Meesho,Pooja V.,5,Great value for money. Very happy with my purchase.
2024-11-26,Zebronics ZEB-Crystal Pro Webcam,Electronics,Myntra,Rohan D.,3,Works but quality could be improved.
2024-11-27,AmazonBasics Adjustable Laptop Stand,Office & Computing,App Store,Lalita Q.,3,Average quality but acceptable for the price.
2024-11-27,Levi's 511 Slim Fit Jeans,Fashion,Amazon,Ramesh B.,3,Does the job but not impressed.
2024-11-27,Milton Thermosteel Flask 1L,Home & Living,Flipkart,Priya S.,5,Five stars! Will recommend to friends and family.
2024-11-27,Zebronics ZEB-Crystal Pro Webcam,Electronics,Amazon,Preeti C.,4,Absolutely love this product! Quality is excellent and delivery was fast.
2024-11-28,Milton Thermosteel Flask 1L,Home & Living,Google Play,Divya F.,5,Brilliant quality. Worth every rupee spent.
2024-11-28,Minimalist 10% Niacinamide Serum,Beauty,Amazon,Priya S.,4,Five stars! Will recommend to friends and family.
2024-11-28,Prestige Induction Cooktop 1200W,Home & Living,Meesho,Sanjay L.,5,Perfect product. Works exactly as described.
2024-11-28,Samsung Galaxy Buds3 Pro,Electronics,Meesho,Ramesh B.,4,Great value for money. Very happy with my purchase.
2024-11-28,Sony WH-1000XM5 Headphones,Electronics,Flipkart,Deepa C.,5,Five stars! Will recommend to friends and family.
2024-11-28,Woodland Casual Sneakers,Fashion,Google Play,Ishaan B.,5,Amazing! This is one of the best purchases I have made.
2024-11-29,FabIndia Cotton Kurta,Fashion,App Store,Amit D.,4,Exceeded my expectations. Will definitely buy again.
2024-11-29,JBL Flip 6 Bluetooth Speaker,Electronics,Meesho,Divya F.,4,Exceeded my expectations. Will definitely buy again.
2024-11-29,Wow Skin Science Hair Oil,Beauty,Amazon,Nikhil A.,5,Brilliant quality. Worth every rupee spent.
2024-11-30,AmazonBasics Adjustable Laptop Stand,Office & Computing,Meesho,Meena N.,5,Great value for money. Very happy with my purchase.
2024-11-30,Anker 65W GaN Fast Charger,Electronics,Myntra,Rohan D.,4,Absolutely love this product! Quality is excellent and delivery was fast.
2024-11-30,H&M Relaxed Fit Shirt,Fashion,Myntra,Lalita Q.,5,Five stars! Will recommend to friends and family.
2024-11-30,Milton Thermosteel Flask 1L,Home & Living,App Store,Sanjay L.,5,Great value for money. Very happy with my purchase.
2024-11-30,Minimalist 10% Niacinamide Serum,Beauty,Flipkart,Suresh I.,1,Product is defective. Will be returning it.
2024-11-30,Wow Skin Science Hair Oil,Beauty,Myntra,Nisha G.,5,Top notch quality. Highly recommend to everyone.
2024-11-30,Zebronics ZEB-Crystal Pro Webcam,Electronics,App Store,Ravi K.,2,Not worth the money. Would not recommend.
2024-12-01,AmazonBasics Adjustable Laptop Stand,Office & Computing,Google Play,Ananya M.,3,Neither good nor bad. Just average.
2024-12-01,Anker 65W GaN Fast Charger,Electronics,Myntra,Vikram H.,5,Exceeded my expectations. Will definitely buy again.
2024-12-01,Biotique Bio Morning Nector SPF,Beauty,Myntra,Ishaan B.,5,Perfect product. Works exactly as described.
2024-12-01,Kuber Industries Storage Box,Home & Living,Myntra,Kavya T.,3,Works but quality could be improved.
2024-12-01,Portronics Table Lamp LED,Office & Computing,Meesho,Nisha G.,5,Amazing! This is one of the best purchases I have made.
2024-12-01,Story@Home Blackout Curtains,Home & Living,Amazon,Preeti C.,5,Top notch quality. Highly recommend to everyone.
2024-12-02,AmazonBasics Adjustable Laptop Stand,Office & Computing,Myntra,Arjun P.,4,Top notch quality. Highly recommend to everyone.
2024-12-02,Biotique Bio Morning Nector SPF,Beauty,App Store,Rahul O.,5,Outstanding product. Fast delivery and good packaging.
2024-12-02,H&M Relaxed Fit Shirt,Fashion,Myntra,Ishaan B.,3,Acceptable quality. Expected a bit more.
2024-12-02,Kuber Industries Storage Box,Home & Living,App Store,Sanjay L.,5,Absolutely love this product! Quality is excellent and delivery was fast.
2024-12-02,Levi's 511 Slim Fit Jeans,Fashion,Amazon,Nikhil A.,5,Perfect product. Works exactly as described.
2024-12-02,Minimalist 10% Niacinamide Serum,Beauty,App Store,Meena N.,5,Exceeded my expectations. Will definitely buy again.
2024-12-02,Plum Green Tea Toner 200ml,Beauty,Google Play,Ananya M.,4,Perfect product. Works exactly as described.
2024-12-02,Story@Home Blackout Curtains,Home & Living,App Store,Nisha G.,4,Great value for money. Very happy with my purchase.
2024-12-02,Syska USB Hub 4-Port,Office & Computing,App Store,Deepa C.,5,Exceeded my expectations. Will definitely buy again.
2024-12-02,boAt Airdopes 141 TWS Earbuds,Electronics,Google Play,Priya S.,4,Absolutely love this product! Quality is excellent and delivery was fast.
2024-12-03,HP 65W Laptop Power Adapter,Office & Computing,Meesho,Ishaan B.,5,Very satisfied. Quality is premium and packaging was neat.
2024-12-03,Lakme Absolute Foundation,Beauty,App Store,Arjun P.,5,Top notch quality. Highly recommend to everyone.
2024-12-03,Portronics Table Lamp LED,Office & Computing,Google Play,Rohan D.,5,Five stars! Will recommend to friends and family.
2024-12-03,Sony WH-1000XM5 Headphones,Electronics,Google Play,Divya F.,3,Neither good nor bad. Just average.
2024-12-03,Syska USB Hub 4-Port,Office & Computing,Google Play,Ananya M.,4,Top notch quality. Highly recommend to everyone.
2024-12-04,Anker 65W GaN Fast Charger,Electronics,Myntra,Amit D.,3,Okay product. Nothing extraordinary.
2024-12-04,Prestige Induction Cooktop 1200W,Home & Living,App Store,Aditya R.,2,Very frustrating experience. Arrived damaged.
2024-12-04,Royalford Bamboo Chopping Board,Home & Living,Amazon,Sunita W.,4,Brilliant quality. Worth every rupee spent.
2024-12-04,Wow Skin Science Hair Oil,Beauty,App Store,Pooja V.,5,Top notch quality. Highly recommend to everyone.
2024-12-04,boAt Airdopes 141 TWS Earbuds,Electronics,App Store,Karan J.,4,Exceeded my expectations. Will definitely buy again.
2024-12-05,FabIndia Cotton Kurta,Fashion,Google Play,Farhan X.,4,Brilliant quality. Worth every rupee spent.
2024-12-05,Wow Skin Science Hair Oil,Beauty,Meesho,Lalita Q.,4,Brilliant quality. Worth every rupee spent.
2024-12-06,AmazonBasics Adjustable Laptop Stand,Office & Computing,Google Play,Anjali E.,4,Outstanding product. Fast delivery and good packaging.
2024-12-06,FabIndia Cotton Kurta,Fashion,App Store,Deepa C.,3,It's fine. Meets basic requirements.
2024-12-06,Lakme Absolute Foundation,Beauty,Flipkart,Vikram H.,5,Exceeded my expectations. Will definitely buy again.
2024-12-06,Wow Skin Science Hair Oil,Beauty,Amazon,Lalita Q.,3,Neither good nor bad. Just average.
2024-12-07,Allen Solly Polo T-Shirt,Fashion,Amazon,Ananya M.,5,Outstanding product. Fast delivery and good packaging.
2024-12-07,AmazonBasics Adjustable Laptop Stand,Office & Computing,Amazon,Deepa C.,3,Not bad. Could be better but serves the purpose.
2024-12-07,Kuber Industries Storage Box,Home & Living,Myntra,Vikram H.,3,Works but quality could be improved.
2024-12-07,Lakme Absolute Foundation,Beauty,Myntra,Pooja V.,4,Top notch quality. Highly recommend to everyone.
2024-12-07,Mi 10000mAh Power Bank,Electronics,Myntra,Amit D.,3,Not bad. Could be better but serves the purpose.
2024-12-07,Sony WH-1000XM5 Headphones,Electronics,Google Play,Preeti C.,5,Amazing! This is one of the best purchases I have made.
2024-12-07,Story@Home Blackout Curtains,Home & Living,App Store,Rohan D.,4,Brilliant quality. Worth every rupee spent.
2024-12-07,Syska USB Hub 4-Port,Office & Computing,Amazon,Sanjay L.,5,Perfect product. Works exactly as described.
2024-12-08,JBL Flip 6 Bluetooth Speaker,Electronics,Myntra,Rohan D.,4,Amazing! This is one of the best purchases I have made.
2024-12-08,Portronics Table Lamp LED,Office & Computing,App Store,Deepa C.,4,Five stars! Will recommend to friends and family.
2024-12-08,Royalford Bamboo Chopping Board,Home & Living,App Store,Farhan X.,3,Acceptable quality. Expected a bit more.
2024-12-08,Samsung Galaxy Buds3 Pro,Electronics,Google Play,Ananya M.,4,Outstanding product. Fast delivery and good packaging.
2024-12-08,Woodland Casual Sneakers,Fashion,Flipkart,Aditya R.,4,Brilliant quality. Worth every rupee spent.
2024-12-09,Anker 65W GaN Fast Charger,Electronics,Flipkart,Nisha G.,3,Decent product. Does exactly what it says.
2024-12-09,HP 65W Laptop Power Adapter,Office & Computing,Flipkart,Ishaan B.,5,Outstanding product. Fast delivery and good packaging.
2024-12-09,Logitech MX Keys Keyboard,Electronics,Flipkart,Meena N.,5,Absolutely love this product! Quality is excellent and delivery was fast.
2024-12-09,Pigeon Aluminium Non-Stick Pan,Home & Living,Meesho,Geeta U.,5,Absolutely love this product! Quality is excellent and delivery was fast.
2024-12-09,Portronics Table Lamp LED,Office & Computing,Amazon,Arjun P.,4,Outstanding product. Fast delivery and good packaging.
2024-12-09,Samsung Galaxy Buds3 Pro,Electronics,App Store,Vikram H.,5,Great value for money. Very happy with my purchase.
2024-12-09,boAt Airdopes 141 TWS Earbuds,Electronics,Flipkart,Suresh I.,3,Average quality but acceptable for the price.
2024-12-10,Allen Solly Polo T-Shirt,Fashion,Meesho,Aditya R.,1,Very frustrating experience. Arrived damaged.
2024-12-10,FabIndia Cotton Kurta,Fashion,Meesho,Preeti C.,2,Waste of money. Completely unsatisfied.
2024-12-10,Mamaearth Vitamin C Face Wash,Beauty,Google Play,Sneha R.,4,Absolutely love this product! Quality is excellent and delivery was fast.
2024-12-10,Prestige Induction Cooktop 1200W,Home & Living,Meesho,Pooja V.,4,Amazing! This is one of the best purchases I have made.
2024-12-10,Syska USB Hub 4-Port,Office & Computing,Amazon,Ravi K.,4,Absolutely love this product! Quality is excellent and delivery was fast.
2024-12-11,Lakme Absolute Foundation,Beauty,Myntra,Pooja V.,3,Average quality but acceptable for the price.
2024-12-11,Mamaearth Vitamin C Face Wash,Beauty,Google Play,Divya F.,3,It's fine. Meets basic requirements.
2024-12-11,Portronics Table Lamp LED,Office & Computing,Google Play,Ananya M.,3,Okay product. Nothing extraordinary.
2024-12-12,Kuber Industries Storage Box,Home & Living,Myntra,Rahul O.,3,Not bad. Could be better but serves the purpose.
2024-12-12,Levi's 511 Slim Fit Jeans,Fashion,App Store,Kavya T.,3,Works but quality could be improved.
2024-12-12,Logitech MX Keys Keyboard,Electronics,Myntra,Shreya Z.,4,Brilliant quality. Worth every rupee spent.
2024-12-12,Prestige Induction Cooktop 1200W,Home & Living,App Store,Divya F.,5,Great value for money. Very happy with my purchase.
2024-12-12,Zebronics ZEB-Crystal Pro Webcam,Electronics,Flipkart,Ishaan B.,3,Decent product. Does exactly what it says.
2024-12-13,Anker 65W GaN Fast Charger,Electronics,Meesho,Aditya R.,4,Perfect product. Works exactly as described.
2024-12-13,Biotique Bio Morning Nector SPF,Beauty,App Store,Suresh I.,5,Great value for money. Very happy with my purchase.
2024-12-13,Logitech MX Keys Keyboard,Electronics,Amazon,Mohit Y.,5,Top notch quality. Highly recommend to everyone.
2024-12-13,Prestige Induction Cooktop 1200W,Home & Living,Flipkart,Ananya M.,5,Great value for money. Very happy with my purchase.
2024-12-13,Sony WH-1000XM5 Headphones,Electronics,Myntra,Ramesh B.,5,Amazing! This is one of the best purchases I have made.
2024-12-13,boAt Airdopes 141 TWS Earbuds,Electronics,Myntra,Meena N.,5,Outstanding product. Fast delivery and good packaging.
2024-12-14,Allen Solly Polo T-Shirt,Fashion,Myntra,Rohan D.,2,Very bad experience. Customer service was unhelpful.
2024-12-14,AmazonBasics Adjustable Laptop Stand,Office & Computing,Myntra,Ramesh B.,4,Top notch quality. Highly recommend to everyone.
2024-12-14,Logitech MX Keys Keyboard,Electronics,Myntra,Ishaan B.,3,Neither good nor bad. Just average.
2024-12-14,Story@Home Blackout Curtains,Home & Living,Meesho,Sneha R.,5,Exceeded my expectations. Will definitely buy again.
2024-12-14,boAt Airdopes 141 TWS Earbuds,Electronics,Meesho,Ananya M.,4,Five stars! Will recommend to friends and family.
2024-12-15,AmazonBasics Adjustable Laptop Stand,Office & Computing,Flipkart,Deepa C.,4,Great value for money. Very happy with my purchase.
2024-12-15,Anker 65W GaN Fast Charger,Electronics,Google Play,Farhan X.,4,Perfect product. Works exactly as described.
2024-12-15,Biotique Bio Morning Nector SPF,Beauty,Google Play,Arjun P.,4,Brilliant quality. Worth every rupee spent.
2024-12-15,FabIndia Cotton Kurta,Fashion,Flipkart,Aditya R.,3,Works but quality could be improved.
2024-12-15,Mi 10000mAh Power Bank,Electronics,Myntra,Ishaan B.,3,Product is okay. Delivery was delayed slightly.
2024-12-16,Biotique Bio Morning Nector SPF,Beauty,Flipkart,Anjali E.,4,Very satisfied. Quality is premium and packaging was neat.
2024-12-16,H&M Relaxed Fit Shirt,Fashion,Meesho,Aditya R.,3,Okay product. Nothing extraordinary.
2024-12-16,Lakme Absolute Foundation,Beauty,Meesho,Ravi K.,5,Perfect product. Works exactly as described.
2024-12-16,Milton Thermosteel Flask 1L,Home & Living,Myntra,Mohit Y.,3,Works but quality could be improved.
2024-12-16,Minimalist 10% Niacinamide Serum,Beauty,Google Play,Farhan X.,4,Five stars! Will recommend to friends and family.
2024-12-16,Pigeon Aluminium Non-Stick Pan,Home & Living,Myntra,Karan J.,3,Decent product. Does exactly what it says.
2024-12-16,Plum Green Tea Toner 200ml,Beauty,App Store,Ananya M.,5,Top notch quality. Highly recommend to everyone.
2024-12-16,Portronics Table Lamp LED,Office & Computing,Flipkart,Nisha G.,4,Absolutely love this product! Quality is excellent and delivery was fast.
2024-12-16,Puma Classic Track Pants,Fashion,Flipkart,Rahul O.,5,Absolutely love this product! Quality is excellent and delivery was fast.
2024-12-16,Royalford Bamboo Chopping Board,Home & Living,Google Play,Sunita W.,5,Brilliant quality. Worth every rupee spent.
2024-12-16,Samsung Galaxy Buds3 Pro,Electronics,App Store,Preeti C.,1,Very poor quality compared to the description.
2024-12-16,Wow Skin Science Hair Oil,Beauty,Flipkart,Kavya T.,4,Brilliant quality. Worth every rupee spent.
2024-12-17,Anker 65W GaN Fast Charger,Electronics,App Store,Pooja V.,4,Five stars! Will recommend to friends and family.
2024-12-17,Prestige Induction Cooktop 1200W,Home & Living,App Store,Karan J.,5,Great value for money. Very happy with my purchase.
2024-12-18,Mi 10000mAh Power Bank,Electronics,Flipkart,Rohan D.,5,Very satisfied. Quality is premium and packaging was neat.
2024-12-18,Minimalist 10% Niacinamide Serum,Beauty,Google Play,Priya S.,5,Exceeded my expectations. Will definitely buy again.
2024-12-18,Portronics Table Lamp LED,Office & Computing,Myntra,Nikhil A.,5,Outstanding product. Fast delivery and good packaging.
2024-12-18,Puma Classic Track Pants,Fashion,Meesho,Farhan X.,3,Product is okay. Delivery was delayed slightly.
2024-12-18,Sony WH-1000XM5 Headphones,Electronics,Flipkart,Karan J.,4,Amazing! This is one of the best purchases I have made.
2024-12-18,Woodland Casual Sneakers,Fashion,App Store,Suresh I.,3,It's fine. Meets basic requirements.
2024-12-19,Anker 65W GaN Fast Charger,Electronics,Myntra,Sneha R.,3,Neither good nor bad. Just average.
2024-12-19,HP 65W Laptop Power Adapter,Office & Computing,Amazon,Preeti C.,4,Absolutely love this product! Quality is excellent and delivery was fast.
2024-12-19,Portronics Table Lamp LED,Office & Computing,Flipkart,Priya S.,5,Brilliant quality. Worth every rupee spent.
2024-12-19,Story@Home Blackout Curtains,Home & Living,App Store,Aditya R.,4,Very satisfied. Quality is premium and packaging was neat.
2024-12-19,boAt Airdopes 141 TWS Earbuds,Electronics,Flipkart,Amit D.,2,Terrible quality. Broke within a week.
2024-12-20,FabIndia Cotton Kurta,Fashion,Meesho,Suresh I.,5,Exceeded my expectations. Will definitely buy again.
2024-12-20,Kuber Industries Storage Box,Home & Living,Meesho,Nisha G.,5,Great value for money. Very happy with my purchase.
2024-12-20,Minimalist 10% Niacinamide Serum,Beauty,Myntra,Divya F.,3,Not bad. Could be better but serves the purpose.
2024-12-20,Wow Skin Science Hair Oil,Beauty,Google Play,Deepa C.,5,Brilliant quality. Worth every rupee spent.
2024-12-21,H&M Relaxed Fit Shirt,Fashion,Meesho,Geeta U.,4,Brilliant quality. Worth every rupee spent.
2024-12-21,JBL Flip 6 Bluetooth Speaker,Electronics,Myntra,Rahul O.,3,Acceptable quality. Expected a bit more.
2024-12-21,Portronics Table Lamp LED,Office & Computing,Amazon,Lalita Q.,5,Amazing! This is one of the best purchases I have made.
2024-12-21,Syska USB Hub 4-Port,Office & Computing,Meesho,Priya S.,3,Works but quality could be improved.
2024-12-22,Allen Solly Polo T-Shirt,Fashion,Flipkart,Shreya Z.,5,Five stars! Will recommend to friends and family.
2024-12-22,Lakme Absolute Foundation,Beauty,Meesho,Nisha G.,4,Very satisfied. Quality is premium and packaging was neat.
2024-12-22,Pigeon Aluminium Non-Stick Pan,Home & Living,Flipkart,Mohit Y.,2,Very disappointed. Product quality is poor.
2024-12-23,Allen Solly Polo T-Shirt,Fashion,App Store,Ravi K.,2,Bad product. Had issues from day one.
2024-12-23,Lakme Absolute Foundation,Beauty,Meesho,Geeta U.,4,Exceeded my expectations. Will definitely buy again.
2024-12-23,Puma Classic Track Pants,Fashion,Meesho,Anjali E.,3,Works but quality could be improved.
2024-12-23,Sony WH-1000XM5 Headphones,Electronics,Amazon,Ananya M.,3,It's fine. Meets basic requirements.
2024-12-23,Zebronics ZEB-Crystal Pro Webcam,Electronics,Google Play,Divya F.,5,Exceeded my expectations. Will definitely buy again.
2024-12-24,Allen Solly Polo T-Shirt,Fashion,Myntra,Amit D.,4,Perfect product. Works exactly as described.
2024-12-24,Lakme Absolute Foundation,Beauty,Google Play,Ravi K.,4,Absolutely love this product! Quality is excellent and delivery was fast.
2024-12-24,Portronics Table Lamp LED,Office & Computing,Myntra,Suresh I.,5,Brilliant quality. Worth every rupee spent.
2024-12-24,Samsung Galaxy Buds3 Pro,Electronics,Amazon,Deepa C.,3,Okay product. Nothing extraordinary.
2024-12-24,Story@Home Blackout Curtains,Home & Living,Meesho,Pooja V.,4,Very satisfied. Quality is premium and packaging was neat.
2024-12-24,boAt Airdopes 141 TWS Earbuds,Electronics,Meesho,Anjali E.,4,Perfect product. Works exactly as described.
2024-12-25,Logitech MX Keys Keyboard,Electronics,Google Play,Priya S.,2,Terrible quality. Broke within a week.
2024-12-25,Pigeon Aluminium Non-Stick Pan,Home & Living,Myntra,Sanjay L.,5,Absolutely love this product! Quality is excellent and delivery was fast.
2024-12-25,Samsung Galaxy Buds3 Pro,Electronics,App Store,Preeti C.,5,Top notch quality. Highly recommend to everyone.
2024-12-25,Sony WH-1000XM5 Headphones,Electronics,Google Play,Ravi K.,3,It's fine. Meets basic requirements.
2024-12-26,FabIndia Cotton Kurta,Fashion,Google Play,Meena N.,3,Acceptable quality. Expected a bit more.
2024-12-26,Plum Green Tea Toner 200ml,Beauty,Meesho,Sunita W.,4,Five stars! Will recommend to friends and family.
2024-12-26,Woodland Casual Sneakers,Fashion,Flipkart,Amit D.,4,Top notch quality. Highly recommend to everyone.
2024-12-27,H&M Relaxed Fit Shirt,Fashion,Amazon,Priya S.,4,Amazing! This is one of the best purchases I have made.
2024-12-28,Kuber Industries Storage Box,Home & Living,Google Play,Deepa C.,4,Absolutely love this product! Quality is excellent and delivery was fast.
2024-12-29,FabIndia Cotton Kurta,Fashion,Myntra,Deepa C.,5,Amazing! This is one of the best purchases I have made.
2024-12-29,HP 65W Laptop Power Adapter,Office & Computing,Google Play,Pooja V.,5,Very satisfied. Quality is premium and packaging was neat.
2024-12-30,FabIndia Cotton Kurta,Fashion,Google Play,Suresh I.,4,Absolutely love this product! Quality is excellent and delivery was fast.
2024-12-30,H&M Relaxed Fit Shirt,Fashion,Amazon,Karan J.,4,Exceeded my expectations. Will definitely buy again.
2024-12-30,Logitech MX Keys Keyboard,Electronics,App Store,Priya S.,4,Perfect product. Works exactly as described.
2024-12-30,Mi 10000mAh Power Bank,Electronics,Google Play,Arjun P.,2,Product is defective. Will be returning it.
2024-12-30,Portronics Table Lamp LED,Office & Computing,App Store,Ishaan B.,4,Great value for money. Very happy with my purchase.
2024-12-30,Royalford Bamboo Chopping Board,Home & Living,Myntra,Ananya M.,3,Okay product. Nothing extraordinary.
2024-12-30,Sony WH-1000XM5 Headphones,Electronics,Google Play,Nikhil A.,5,Great value for money. Very happy with my purchase.
2024-12-30,Woodland Casual Sneakers,Fashion,Google Play,Sneha R.,5,Great value for money. Very happy with my purchase.
2024-12-31,FabIndia Cotton Kurta,Fashion,Google Play,Ananya M.,5,Five stars! Will recommend to friends and family.
2024-12-31,HP 65W Laptop Power Adapter,Office & Computing,Flipkart,Deepa C.,4,Amazing! This is one of the best purchases I have made.
2024-12-31,Milton Thermosteel Flask 1L,Home & Living,Amazon,Nikhil A.,5,Top notch quality. Highly recommend to everyone.
2024-12-31,Pigeon Aluminium Non-Stick Pan,Home & Living,Flipkart,Meena N.,2,Regret buying this. Will not purchase again.
2024-12-31,Portronics Table Lamp LED,Office & Computing,Amazon,Pooja V.,3,Does the job but not impressed.
2024-12-31,Prestige Induction Cooktop 1200W,Home & Living,Myntra,Karan J.,3,Product is okay. Delivery was delayed slightly.
2024-12-31,Sony WH-1000XM5 Headphones,Electronics,Meesho,Ravi K.,4,Absolutely love this product! Quality is excellent and delivery was fast.
2024-12-31,Story@Home Blackout Curtains,Home & Living,Myntra,Ramesh B.,5,Great value for money. Very happy with my purchase.
2025-01-01,Levi's 511 Slim Fit Jeans,Fashion,Myntra,Ravi K.,5,Absolutely love this product! Quality is excellent and delivery was fast.
2025-01-01,Puma Classic Track Pants,Fashion,Amazon,Ishaan B.,4,Absolutely love this product! Quality is excellent and delivery was fast.
2025-01-01,Sony WH-1000XM5 Headphones,Electronics,App Store,Nikhil A.,3,Does the job but not impressed.
2025-01-02,HP 65W Laptop Power Adapter,Office & Computing,Google Play,Shreya Z.,5,Very satisfied. Quality is premium and packaging was neat.
2025-01-02,Minimalist 10% Niacinamide Serum,Beauty,Myntra,Rohan D.,5,Top notch quality. Highly recommend to everyone.
2025-01-02,Samsung Galaxy Buds3 Pro,Electronics,Myntra,Lalita Q.,5,Perfect product. Works exactly as described.
2025-01-03,Puma Classic Track Pants,Fashion,Amazon,Kavya T.,5,Outstanding product. Fast delivery and good packaging.
2025-01-03,Royalford Bamboo Chopping Board,Home & Living,Flipkart,Geeta U.,3,It's fine. Meets basic requirements.
2025-01-03,Woodland Casual Sneakers,Fashion,Amazon,Farhan X.,5,Exceeded my expectations. Will definitely buy again.
2025-01-04,FabIndia Cotton Kurta,Fashion,Meesho,Sneha R.,4,Five stars! Will recommend to friends and family.
2025-01-04,H&M Relaxed Fit Shirt,Fashion,Myntra,Deepa C.,4,Brilliant quality. Worth every rupee spent.
2025-01-04,Levi's 511 Slim Fit Jeans,Fashion,Meesho,Vikram H.,3,Not bad. Could be better but serves the purpose.
2025-01-04,Milton Thermosteel Flask 1L,Home & Living,Google Play,Karan J.,5,Exceeded my expectations. Will definitely buy again.
2025-01-04,Minimalist 10% Niacinamide Serum,Beauty,App Store,Kavya T.,5,Amazing! This is one of the best purchases I have made.
2025-01-04,Story@Home Blackout Curtains,Home & Living,Amazon,Meena N.,5,Top notch quality. Highly recommend to everyone.
2025-01-05,Anker 65W GaN Fast Charger,Electronics,App Store,Amit D.,5,Absolutely love this product! Quality is excellent and delivery was fast.
2025-01-05,Portronics Table Lamp LED,Office & Computing,Meesho,Anjali E.,4,Absolutely love this product! Quality is excellent and delivery was fast.
2025-01-05,Prestige Induction Cooktop 1200W,Home & Living,Meesho,Preeti C.,3,Product is okay. Delivery was delayed slightly.
2025-01-05,boAt Airdopes 141 TWS Earbuds,Electronics,Google Play,Ishaan B.,3,Average quality but acceptable for the price.
2025-01-06,AmazonBasics Adjustable Laptop Stand,Office & Computing,Google Play,Lalita Q.,4,Great value for money. Very happy with my purchase.
2025-01-06,JBL Flip 6 Bluetooth Speaker,Electronics,Myntra,Pooja V.,3,Product is okay. Delivery was delayed slightly.
2025-01-06,Kuber Industries Storage Box,Home & Living,Amazon,Shreya Z.,4,Great value for money. Very happy with my purchase.
2025-01-06,Levi's 511 Slim Fit Jeans,Fashion,Google Play,Meena N.,4,Outstanding product. Fast delivery and good packaging.
2025-01-06,Milton Thermosteel Flask 1L,Home & Living,Meesho,Aditya R.,4,Top notch quality. Highly recommend to everyone.
2025-01-06,Prestige Induction Cooktop 1200W,Home & Living,Meesho,Deepa C.,3,Not bad. Could be better but serves the purpose.
2025-01-06,Zebronics ZEB-Crystal Pro Webcam,Electronics,Myntra,Geeta U.,4,Great value for money. Very happy with my purchase.
2025-01-07,Anker 65W GaN Fast Charger,Electronics,Google Play,Arjun P.,5,Top notch quality. Highly recommend to everyone.
2025-01-07,HP 65W Laptop Power Adapter,Office & Computing,Meesho,Nikhil A.,5,Brilliant quality. Worth every rupee spent.
2025-01-07,boAt Airdopes 141 TWS Earbuds,Electronics,Flipkart,Farhan X.,5,Top notch quality. Highly recommend to everyone.
2025-01-08,AmazonBasics Adjustable Laptop Stand,Office & Computing,Flipkart,Shreya Z.,4,Five stars! Will recommend to friends and family.
2025-01-08,HP 65W Laptop Power Adapter,Office & Computing,Meesho,Lalita Q.,4,Great value for money. Very happy with my purchase.
2025-01-08,Milton Thermosteel Flask 1L,Home & Living,Flipkart,Nikhil A.,4,Top notch quality. Highly recommend to everyone.
2025-01-08,Puma Classic Track Pants,Fashion,Google Play,Meena N.,3,Does the job but not impressed.
2025-01-08,Syska USB Hub 4-Port,Office & Computing,Amazon,Arjun P.,4,Outstanding product. Fast delivery and good packaging.
2025-01-08,Wow Skin Science Hair Oil,Beauty,Amazon,Divya F.,5,Very satisfied. Quality is premium and packaging was neat.
2025-01-09,Biotique Bio Morning Nector SPF,Beauty,Meesho,Amit D.,4,Absolutely love this product! Quality is excellent and delivery was fast.
2025-01-09,Minimalist 10% Niacinamide Serum,Beauty,Flipkart,Geeta U.,4,Very satisfied. Quality is premium and packaging was neat.
2025-01-09,Plum Green Tea Toner 200ml,Beauty,Myntra,Sunita W.,2,Regret buying this. Will not purchase again.
2025-01-10,Anker 65W GaN Fast Charger,Electronics,Amazon,Sneha R.,3,It's fine. Meets basic requirements.
2025-01-10,Levi's 511 Slim Fit Jeans,Fashion,Flipkart,Suresh I.,4,Perfect product. Works exactly as described.
2025-01-10,Logitech MX Keys Keyboard,Electronics,Flipkart,Vikram H.,3,It's fine. Meets basic requirements.
2025-01-10,Minimalist 10% Niacinamide Serum,Beauty,App Store,Meena N.,4,Perfect product. Works exactly as described.
2025-01-10,Samsung Galaxy Buds3 Pro,Electronics,Google Play,Ramesh B.,4,Very satisfied. Quality is premium and packaging was neat.
2025-01-10,Zebronics ZEB-Crystal Pro Webcam,Electronics,Meesho,Divya F.,4,Outstanding product. Fast delivery and good packaging.
2025-01-10,boAt Airdopes 141 TWS Earbuds,Electronics,Flipkart,Sunita W.,5,Very satisfied. Quality is premium and packaging was neat.
2025-01-11,FabIndia Cotton Kurta,Fashion,App Store,Ramesh B.,5,Amazing! This is one of the best purchases I have made.
2025-01-11,HP 65W Laptop Power Adapter,Office & Computing,Myntra,Nikhil A.,5,Outstanding product. Fast delivery and good packaging.
2025-01-11,Mamaearth Vitamin C Face Wash,Beauty,Myntra,Nisha G.,5,Brilliant quality. Worth every rupee spent.
2025-01-11,Plum Green Tea Toner 200ml,Beauty,Flipkart,Deepa C.,4,Exceeded my expectations. Will definitely buy again.
2025-01-11,Samsung Galaxy Buds3 Pro,Electronics,Flipkart,Anjali E.,3,Does the job but not impressed.
2025-01-11,Sony WH-1000XM5 Headphones,Electronics,Flipkart,Sanjay L.,2,Not worth the money. Would not recommend.
2025-01-12,HP 65W Laptop Power Adapter,Office & Computing,Google Play,Nisha G.,4,Absolutely love this product! Quality is excellent and delivery was fast.
2025-01-12,Mamaearth Vitamin C Face Wash,Beauty,Meesho,Shreya Z.,1,Very frustrating experience. Arrived damaged.
2025-01-12,Syska USB Hub 4-Port,Office & Computing,Flipkart,Rahul O.,5,Great value for money. Very happy with my purchase.
2025-01-13,Allen Solly Polo T-Shirt,Fashion,Meesho,Rahul O.,5,Top notch quality. Highly recommend to everyone.
2025-01-13,H&M Relaxed Fit Shirt,Fashion,App Store,Nisha G.,4,Perfect product. Works exactly as described.
2025-01-13,Kuber Industries Storage Box,Home & Living,Meesho,Kavya T.,5,Top notch quality. Highly recommend to everyone.
2025-01-13,Lakme Absolute Foundation,Beauty,Meesho,Vikram H.,5,Amazing! This is one of the best purchases I have made.
2025-01-13,Mamaearth Vitamin C Face Wash,Beauty,Amazon,Shreya Z.,5,Great value for money. Very happy with my purchase.
2025-01-13,Milton Thermosteel Flask 1L,Home & Living,App Store,Anjali E.,4,Top notch quality. Highly recommend to everyone.
2025-01-13,Plum Green Tea Toner 200ml,Beauty,Google Play,Arjun P.,5,Outstanding product. Fast delivery and good packaging.
2025-01-13,Portronics Table Lamp LED,Office & Computing,Meesho,Suresh I.,4,Perfect product. Works exactly as described.
2025-01-13,Royalford Bamboo Chopping Board,Home & Living,Amazon,Ishaan B.,3,Neither good nor bad. Just average.
2025-01-13,Samsung Galaxy Buds3 Pro,Electronics,Meesho,Deepa C.,5,Great value for money. Very happy with my purchase.
2025-01-13,Syska USB Hub 4-Port,Office & Computing,App Store,Geeta U.,5,Absolutely love this product! Quality is excellent and delivery was fast.
2025-01-13,Wow Skin Science Hair Oil,Beauty,Amazon,Karan J.,4,Perfect product. Works exactly as described.
2025-01-14,Biotique Bio Morning Nector SPF,Beauty,App Store,Suresh I.,5,Outstanding product. Fast delivery and good packaging.
2025-01-14,Logitech MX Keys Keyboard,Electronics,Meesho,Shreya Z.,2,Waste of money. Completely unsatisfied.
2025-01-14,Puma Classic Track Pants,Fashion,Google Play,Mohit Y.,3,Not bad. Could be better but serves the purpose.
2025-01-14,Syska USB Hub 4-Port,Office & Computing,App Store,Sneha R.,5,Amazing! This is one of the best purchases I have made.
2025-01-15,Biotique Bio Morning Nector SPF,Beauty,App Store,Priya S.,5,Top notch quality. Highly recommend to everyone.
2025-01-15,HP 65W Laptop Power Adapter,Office & Computing,Amazon,Arjun P.,5,Absolutely love this product! Quality is excellent and delivery was fast.
2025-01-15,Royalford Bamboo Chopping Board,Home & Living,Amazon,Sunita W.,5,Outstanding product. Fast delivery and good packaging.
2025-01-15,Sony WH-1000XM5 Headphones,Electronics,Flipkart,Rohan D.,1,Very poor quality compared to the description.
2025-01-15,boAt Airdopes 141 TWS Earbuds,Electronics,Google Play,Meena N.,5,Five stars! Will recommend to friends and family.
2025-01-16,Allen Solly Polo T-Shirt,Fashion,Amazon,Mohit Y.,5,Exceeded my expectations. Will definitely buy again.
2025-01-16,Biotique Bio Morning Nector SPF,Beauty,Amazon,Ananya M.,2,Regret buying this. Will not purchase again.
2025-01-16,Logitech MX Keys Keyboard,Electronics,Google Play,Divya F.,4,Very satisfied. Quality is premium and packaging was neat.
2025-01-16,Pigeon Aluminium Non-Stick Pan,Home & Living,App Store,Nisha G.,2,Not worth the money. Would not recommend.
2025-01-16,Prestige Induction Cooktop 1200W,Home & Living,Myntra,Priya S.,5,Exceeded my expectations. Will definitely buy again.
2025-01-16,Samsung Galaxy Buds3 Pro,Electronics,Flipkart,Geeta U.,5,Perfect product. Works exactly as described.
2025-01-17,Lakme Absolute Foundation,Beauty,App Store,Anjali E.,5,Perfect product. Works exactly as described.
2025-01-17,Logitech MX Keys Keyboard,Electronics,App Store,Preeti C.,4,Outstanding product. Fast delivery and good packaging.
2025-01-17,Samsung Galaxy Buds3 Pro,Electronics,Amazon,Pooja V.,4,Great value for money. Very happy with my purchase.
2025-01-18,Levi's 511 Slim Fit Jeans,Fashion,App Store,Shreya Z.,3,Works but quality could be improved.
2025-01-18,Mamaearth Vitamin C Face Wash,Beauty,Amazon,Vikram H.,2,Bad product. Had issues from day one.
2025-01-18,Woodland Casual Sneakers,Fashion,Google Play,Mohit Y.,4,Absolutely love this product! Quality is excellent and delivery was fast.
2025-01-19,Biotique Bio Morning Nector SPF,Beauty,Google Play,Vikram H.,4,Amazing! This is one of the best purchases I have made.
2025-01-19,Mi 10000mAh Power Bank,Electronics,App Store,Farhan X.,5,Outstanding product. Fast delivery and good packaging.
2025-01-19,Prestige Induction Cooktop 1200W,Home & Living,Amazon,Ramesh B.,3,Works but quality could be improved.
2025-01-19,Syska USB Hub 4-Port,Office & Computing,Meesho,Shreya Z.,3,It's fine. Meets basic requirements.
2025-01-19,Wow Skin Science Hair Oil,Beauty,Meesho,Mohit Y.,4,Brilliant quality. Worth every rupee spent.
2025-01-19,Zebronics ZEB-Crystal Pro Webcam,Electronics,Myntra,Ravi K.,4,Exceeded my expectations. Will definitely buy again.
2025-01-19,boAt Airdopes 141 TWS Earbuds,Electronics,Meesho,Amit D.,5,Very satisfied. Quality is premium and packaging was neat.
2025-01-20,FabIndia Cotton Kurta,Fashion,Google Play,Priya S.,5,Outstanding product. Fast delivery and good packaging.
2025-01-20,Kuber Industries Storage Box,Home & Living,Google Play,Preeti C.,4,Top notch quality. Highly recommend to everyone.
2025-01-20,Levi's 511 Slim Fit Jeans,Fashion,Flipkart,Pooja V.,5,Brilliant quality. Worth every rupee spent.
2025-01-20,Logitech MX Keys Keyboard,Electronics,Google Play,Geeta U.,5,Amazing! This is one of the best purchases I have made.
2025-01-20,Mi 10000mAh Power Bank,Electronics,App Store,Divya F.,4,Very satisfied. Quality is premium and packaging was neat.
2025-01-20,Portronics Table Lamp LED,Office & Computing,Meesho,Kavya T.,4,Exceeded my expectations. Will definitely buy again.
2025-01-20,Puma Classic Track Pants,Fashion,Myntra,Shreya Z.,5,Perfect product. Works exactly as described.
2025-01-20,Samsung Galaxy Buds3 Pro,Electronics,Google Play,Amit D.,4,Brilliant quality. Worth every rupee spent.
2025-01-20,Woodland Casual Sneakers,Fashion,App Store,Nisha G.,5,Absolutely love this product! Quality is excellent and delivery was fast.
2025-01-21,Anker 65W GaN Fast Charger,Electronics,Meesho,Aditya R.,4,Five stars! Will recommend to friends and family.
2025-01-21,FabIndia Cotton Kurta,Fashion,Flipkart,Preeti C.,5,Outstanding product. Fast delivery and good packaging.
2025-01-21,Kuber Industries Storage Box,Home & Living,Amazon,Sneha R.,5,Brilliant quality. Worth every rupee spent.
2025-01-21,Logitech MX Keys Keyboard,Electronics,Google Play,Suresh I.,5,Absolutely love this product! Quality is excellent and delivery was fast.
2025-01-21,Milton Thermosteel Flask 1L,Home & Living,App Store,Deepa C.,4,Great value for money. Very happy with my purchase.
2025-01-21,Pigeon Aluminium Non-Stick Pan,Home & Living,Amazon,Nisha G.,5,Exceeded my expectations. Will definitely buy again.
2025-01-21,Portronics Table Lamp LED,Office & Computing,Myntra,Priya S.,4,Brilliant quality. Worth every rupee spent.
2025-01-21,Story@Home Blackout Curtains,Home & Living,Google Play,Anjali E.,5,Outstanding product. Fast delivery and good packaging.
2025-01-22,Levi's 511 Slim Fit Jeans,Fashion,Myntra,Sunita W.,4,Amazing! This is one of the best purchases I have made.
2025-01-23,Anker 65W GaN Fast Charger,Electronics,Meesho,Ravi K.,2,Very poor quality compared to the description.
2025-01-23,H&M Relaxed Fit Shirt,Fashion,Flipkart,Shreya Z.,3,Okay product. Nothing extraordinary.
2025-01-23,Levi's 511 Slim Fit Jeans,Fashion,App Store,Farhan X.,4,Exceeded my expectations. Will definitely buy again.
2025-01-23,Royalford Bamboo Chopping Board,Home & Living,Google Play,Deepa C.,1,Not worth the money. Would not recommend.
2025-01-23,Woodland Casual Sneakers,Fashion,Myntra,Mohit Y.,4,Top notch quality. Highly recommend to everyone.
2025-01-24,Mi 10000mAh Power Bank,Electronics,Google Play,Shreya Z.,4,Amazing! This is one of the best purchases I have made.
2025-01-24,Plum Green Tea Toner 200ml,Beauty,App Store,Nisha G.,3,Does the job but not impressed.
2025-01-24,Samsung Galaxy Buds3 Pro,Electronics,Amazon,Amit D.,4,Perfect product. Works exactly as described.
2025-01-25,HP 65W Laptop Power Adapter,Office & Computing,Myntra,Priya S.,5,Very satisfied. Quality is premium and packaging was neat.
2025-01-25,Milton Thermosteel Flask 1L,Home & Living,App Store,Ravi K.,5,Outstanding product. Fast delivery and good packaging.
2025-01-25,Woodland Casual Sneakers,Fashion,Myntra,Vikram H.,4,Perfect product. Works exactly as described.
2025-01-25,Zebronics ZEB-Crystal Pro Webcam,Electronics,Myntra,Farhan X.,3,It's fine. Meets basic requirements.
2025-01-26,Portronics Table Lamp LED,Office & Computing,Google Play,Sunita W.,4,Very satisfied. Quality is premium and packaging was neat.
2025-01-26,boAt Airdopes 141 TWS Earbuds,Electronics,App Store,Mohit Y.,4,Absolutely love this product! Quality is excellent and delivery was fast.
2025-01-27,Allen Solly Polo T-Shirt,Fashion,Google Play,Ananya M.,5,Very satisfied. Quality is premium and packaging was neat.
2025-01-27,AmazonBasics Adjustable Laptop Stand,Office & Computing,App Store,Mohit Y.,2,Very frustrating experience. Arrived damaged.
2025-01-27,FabIndia Cotton Kurta,Fashion,Flipkart,Pooja V.,3,Average quality but acceptable for the price.
2025-01-27,Lakme Absolute Foundation,Beauty,Meesho,Amit D.,4,Outstanding product. Fast delivery and good packaging.
2025-01-27,Portronics Table Lamp LED,Office & Computing,Flipkart,Arjun P.,4,Great value for money. Very happy with my purchase.
2025-01-27,Prestige Induction Cooktop 1200W,Home & Living,Amazon,Sunita W.,3,Okay product. Nothing extraordinary.
2025-01-27,Samsung Galaxy Buds3 Pro,Electronics,Flipkart,Lalita Q.,5,Great value for money. Very happy with my purchase.
2025-01-27,Woodland Casual Sneakers,Fashion,Meesho,Divya F.,3,Not bad. Could be better but serves the purpose.
2025-01-27,boAt Airdopes 141 TWS Earbuds,Electronics,Amazon,Sanjay L.,4,Five stars! Will recommend to friends and family.
2025-01-28,Pigeon Aluminium Non-Stick Pan,Home & Living,Flipkart,Amit D.,5,Brilliant quality. Worth every rupee spent.
2025-01-28,Wow Skin Science Hair Oil,Beauty,Amazon,Divya F.,2,Very bad experience. Customer service was unhelpful.
2025-01-29,Lakme Absolute Foundation,Beauty,Amazon,Mohit Y.,2,Waste of money. Completely unsatisfied.
2025-01-29,Prestige Induction Cooktop 1200W,Home & Living,Amazon,Kavya T.,3,Product is okay. Delivery was delayed slightly.
2025-01-29,Royalford Bamboo Chopping Board,Home & Living,Flipkart,Preeti C.,5,Top notch quality. Highly recommend to everyone.
2025-01-29,Story@Home Blackout Curtains,Home & Living,App Store,Meena N.,4,Brilliant quality. Worth every rupee spent.
2025-01-30,H&M Relaxed Fit Shirt,Fashion,Meesho,Ishaan B.,4,Great value for money. Very happy with my purchase.
2025-01-30,Kuber Industries Storage Box,Home & Living,Myntra,Sanjay L.,5,Great value for money. Very happy with my purchase.
2025-01-30,Levi's 511 Slim Fit Jeans,Fashion,Meesho,Kavya T.,5,Outstanding product. Fast delivery and good packaging.
2025-01-30,Milton Thermosteel Flask 1L,Home & Living,App Store,Mohit Y.,5,Perfect product. Works exactly as described.
2025-01-31,H&M Relaxed Fit Shirt,Fashion,Meesho,Shreya Z.,4,Exceeded my expectations. Will definitely buy again.
2025-01-31,JBL Flip 6 Bluetooth Speaker,Electronics,Flipkart,Pooja V.,5,Amazing! This is one of the best purchases I have made.
2025-01-31,Kuber Industries Storage Box,Home & Living,Flipkart,Meena N.,5,Great value for money. Very happy with my purchase.
2025-01-31,Mamaearth Vitamin C Face Wash,Beauty,Flipkart,Sanjay L.,5,Brilliant quality. Worth every rupee spent.
2025-01-31,Royalford Bamboo Chopping Board,Home & Living,Amazon,Nisha G.,2,Very frustrating experience. Arrived damaged.
2025-02-01,Anker 65W GaN Fast Charger,Electronics,Flipkart,Sanjay L.,5,Very satisfied. Quality is premium and packaging was neat.
2025-02-01,JBL Flip 6 Bluetooth Speaker,Electronics,Flipkart,Anjali E.,3,It's fine. Meets basic requirements.
2025-02-01,Mamaearth Vitamin C Face Wash,Beauty,Amazon,Suresh I.,4,Outstanding product. Fast delivery and good packaging.
2025-02-01,Sony WH-1000XM5 Headphones,Electronics,Myntra,Farhan X.,5,Exceeded my expectations. Will definitely buy again.
2025-02-01,Syska USB Hub 4-Port,Office & Computing,Meesho,Nikhil A.,3,It's fine. Meets basic requirements.
2025-02-02,Allen Solly Polo T-Shirt,Fashion,Meesho,Deepa C.,5,Absolutely love this product! Quality is excellent and delivery was fast.
2025-02-02,H&M Relaxed Fit Shirt,Fashion,Google Play,Pooja V.,4,Brilliant quality. Worth every rupee spent.
2025-02-02,Mamaearth Vitamin C Face Wash,Beauty,App Store,Meena N.,4,Very satisfied. Quality is premium and packaging was neat.
2025-02-02,Portronics Table Lamp LED,Office & Computing,Amazon,Kavya T.,3,Not bad. Could be better but serves the purpose.
2025-02-02,Samsung Galaxy Buds3 Pro,Electronics,Google Play,Priya S.,2,Very bad experience. Customer service was unhelpful.
2025-02-02,Sony WH-1000XM5 Headphones,Electronics,App Store,Ishaan B.,5,Very satisfied. Quality is premium and packaging was neat.
2025-02-02,boAt Airdopes 141 TWS Earbuds,Electronics,Amazon,Anjali E.,3,Does the job but not impressed.
2025-02-03,Anker 65W GaN Fast Charger,Electronics,Amazon,Aditya R.,5,Exceeded my expectations. Will definitely buy again.
2025-02-03,FabIndia Cotton Kurta,Fashion,Flipkart,Meena N.,3,Not bad. Could be better but serves the purpose.
2025-02-03,H&M Relaxed Fit Shirt,Fashion,Meesho,Vikram H.,5,Great value for money. Very happy with my purchase.
2025-02-03,HP 65W Laptop Power Adapter,Office & Computing,Meesho,Anjali E.,3,It's fine. Meets basic requirements.
2025-02-03,JBL Flip 6 Bluetooth Speaker,Electronics,Flipkart,Sneha R.,3,Does the job but not impressed.
2025-02-03,Kuber Industries Storage Box,Home & Living,Google Play,Rohan D.,1,Very bad experience. Customer service was unhelpful.
2025-02-03,Lakme Absolute Foundation,Beauty,Amazon,Divya F.,2,Very disappointed. Product quality is poor.
2025-02-03,Levi's 511 Slim Fit Jeans,Fashion,Flipkart,Deepa C.,4,Brilliant quality. Worth every rupee spent.
2025-02-03,Milton Thermosteel Flask 1L,Home & Living,App Store,Shreya Z.,4,Five stars! Will recommend to friends and family.
2025-02-03,Minimalist 10% Niacinamide Serum,Beauty,Flipkart,Amit D.,3,Okay product. Nothing extraordinary.
2025-02-03,Portronics Table Lamp LED,Office & Computing,App Store,Karan J.,5,Exceeded my expectations. Will definitely buy again.
2025-02-03,Prestige Induction Cooktop 1200W,Home & Living,Myntra,Mohit Y.,5,Perfect product. Works exactly as described.
2025-02-03,Samsung Galaxy Buds3 Pro,Electronics,Myntra,Preeti C.,5,Brilliant quality. Worth every rupee spent.
2025-02-03,Syska USB Hub 4-Port,Office & Computing,App Store,Ananya M.,5,Absolutely love this product! Quality is excellent and delivery was fast.
2025-02-04,HP 65W Laptop Power Adapter,Office & Computing,Amazon,Ravi K.,3,Okay product. Nothing extraordinary.
2025-02-04,Lakme Absolute Foundation,Beauty,Myntra,Karan J.,5,Exceeded my expectations. Will definitely buy again.
2025-02-04,Levi's 511 Slim Fit Jeans,Fashion,Myntra,Mohit Y.,5,Top notch quality. Highly recommend to everyone.
2025-02-04,Mi 10000mAh Power Bank,Electronics,Google Play,Sneha R.,3,Does the job but not impressed.
2025-02-05,Anker 65W GaN Fast Charger,Electronics,Myntra,Sunita W.,3,It's fine. Meets basic requirements.
2025-02-05,Biotique Bio Morning Nector SPF,Beauty,App Store,Arjun P.,3,Not bad. Could be better but serves the purpose.
2025-02-05,H&M Relaxed Fit Shirt,Fashion,App Store,Mohit Y.,5,Top notch quality. Highly recommend to everyone.
2025-02-05,Sony WH-1000XM5 Headphones,Electronics,Myntra,Pooja V.,4,Absolutely love this product! Quality is excellent and delivery was fast.
2025-02-05,Woodland Casual Sneakers,Fashion,Google Play,Nikhil A.,1,Bad product. Had issues from day one.
2025-02-05,Zebronics ZEB-Crystal Pro Webcam,Electronics,Meesho,Geeta U.,5,Great value for money. Very happy with my purchase.
2025-02-06,Allen Solly Polo T-Shirt,Fashion,Flipkart,Amit D.,3,Does the job but not impressed.
2025-02-06,H&M Relaxed Fit Shirt,Fashion,App Store,Sanjay L.,4,Absolutely love this product! Quality is excellent and delivery was fast.
2025-02-06,Mamaearth Vitamin C Face Wash,Beauty,Amazon,Divya F.,3,Acceptable quality. Expected a bit more.
2025-02-06,Minimalist 10% Niacinamide Serum,Beauty,Google Play,Farhan X.,5,Top notch quality. Highly recommend to everyone.
2025-02-07,AmazonBasics Adjustable Laptop Stand,Office & Computing,Meesho,Sunita W.,4,Brilliant quality. Worth every rupee spent.
2025-02-07,HP 65W Laptop Power Adapter,Office & Computing,Amazon,Preeti C.,5,Brilliant quality. Worth every rupee spent.
2025-02-07,JBL Flip 6 Bluetooth Speaker,Electronics,Meesho,Anjali E.,1,Product is defective. Will be returning it.
2025-02-07,Prestige Induction Cooktop 1200W,Home & Living,Flipkart,Suresh I.,5,Exceeded my expectations. Will definitely buy again.
2025-02-07,Royalford Bamboo Chopping Board,Home & Living,Amazon,Divya F.,5,Absolutely love this product! Quality is excellent and delivery was fast.
2025-02-07,Wow Skin Science Hair Oil,Beauty,App Store,Vikram H.,4,Perfect product. Works exactly as described.
2025-02-08,Levi's 511 Slim Fit Jeans,Fashion,Google Play,Rahul O.,3,Acceptable quality. Expected a bit more.
2025-02-08,Syska USB Hub 4-Port,Office & Computing,Google Play,Ramesh B.,5,Absolutely love this product! Quality is excellent and delivery was fast.
2025-02-08,Wow Skin Science Hair Oil,Beauty,Google Play,Geeta U.,3,Acceptable quality. Expected a bit more.
2025-02-09,Allen Solly Polo T-Shirt,Fashion,Google Play,Shreya Z.,3,Average quality but acceptable for the price.
2025-02-09,Mi 10000mAh Power Bank,Electronics,Google Play,Nikhil A.,4,Very satisfied. Quality is premium and packaging was neat.
2025-02-10,AmazonBasics Adjustable Laptop Stand,Office & Computing,Meesho,Ravi K.,3,Product is okay. Delivery was delayed slightly.
2025-02-10,Anker 65W GaN Fast Charger,Electronics,Flipkart,Aditya R.,5,Amazing! This is one of the best purchases I have made.
2025-02-10,FabIndia Cotton Kurta,Fashion,Flipkart,Vikram H.,4,Top notch quality. Highly recommend to everyone.
2025-02-10,JBL Flip 6 Bluetooth Speaker,Electronics,Google Play,Rohan D.,3,Decent product. Does exactly what it says.
2025-02-10,Mi 10000mAh Power Bank,Electronics,Flipkart,Preeti C.,5,Perfect product. Works exactly as described.
2025-02-10,Minimalist 10% Niacinamide Serum,Beauty,App Store,Ananya M.,4,Very satisfied. Quality is premium and packaging was neat.
2025-02-10,Pigeon Aluminium Non-Stick Pan,Home & Living,Flipkart,Amit D.,1,Very poor quality compared to the description.
2025-02-10,Puma Classic Track Pants,Fashion,Meesho,Sanjay L.,3,Product is okay. Delivery was delayed slightly.
2025-02-10,Samsung Galaxy Buds3 Pro,Electronics,Myntra,Rahul O.,4,Very satisfied. Quality is premium and packaging was neat.
2025-02-10,Syska USB Hub 4-Port,Office & Computing,Amazon,Arjun P.,4,Top notch quality. Highly recommend to everyone.
2025-02-10,Zebronics ZEB-Crystal Pro Webcam,Electronics,Google Play,Sunita W.,2,Very disappointed. Product quality is poor.
2025-02-11,Allen Solly Polo T-Shirt,Fashion,App Store,Aditya R.,5,Perfect product. Works exactly as described.
2025-02-11,JBL Flip 6 Bluetooth Speaker,Electronics,Myntra,Sneha R.,3,Works but quality could be improved.
2025-02-11,Lakme Absolute Foundation,Beauty,Meesho,Lalita Q.,5,Absolutely love this product! Quality is excellent and delivery was fast.
2025-02-11,Mamaearth Vitamin C Face Wash,Beauty,Myntra,Ananya M.,5,Absolutely love this product! Quality is excellent and delivery was fast.
2025-02-11,Milton Thermosteel Flask 1L,Home & Living,App Store,Kavya T.,5,Perfect product. Works exactly as described.
2025-02-11,Minimalist 10% Niacinamide Serum,Beauty,Flipkart,Priya S.,3,Does the job but not impressed.
2025-02-11,Pigeon Aluminium Non-Stick Pan,Home & Living,Amazon,Vikram H.,3,It's fine. Meets basic requirements.
2025-02-11,Plum Green Tea Toner 200ml,Beauty,Google Play,Ravi K.,4,Perfect product. Works exactly as described.
2025-02-11,Royalford Bamboo Chopping Board,Home & Living,Flipkart,Suresh I.,4,Absolutely love this product! Quality is excellent and delivery was fast.
2025-02-11,Sony WH-1000XM5 Headphones,Electronics,App Store,Mohit Y.,4,Five stars! Will recommend to friends and family.
2025-02-11,Story@Home Blackout Curtains,Home & Living,Myntra,Meena N.,4,Very satisfied. Quality is premium and packaging was neat.
2025-02-11,boAt Airdopes 141 TWS Earbuds,Electronics,Meesho,Ishaan B.,3,Okay product. Nothing extraordinary.
2025-02-12,JBL Flip 6 Bluetooth Speaker,Electronics,Meesho,Priya S.,4,Great value for money. Very happy with my purchase.
2025-02-12,Mi 10000mAh Power Bank,Electronics,Amazon,Anjali E.,3,Product is okay. Delivery was delayed slightly.
2025-02-12,Milton Thermosteel Flask 1L,Home & Living,Google Play,Pooja V.,3,Average quality but acceptable for the price.
2025-02-12,Prestige Induction Cooktop 1200W,Home & Living,Flipkart,Kavya T.,5,Brilliant quality. Worth every rupee spent.
2025-02-12,Puma Classic Track Pants,Fashion,Meesho,Ravi K.,4,Very satisfied. Quality is premium and packaging was neat.
2025-02-12,Syska USB Hub 4-Port,Office & Computing,Flipkart,Nisha G.,5,Five stars! Will recommend to friends and family.
2025-02-12,Wow Skin Science Hair Oil,Beauty,Myntra,Ishaan B.,5,Absolutely love this product! Quality is excellent and delivery was fast.
2025-02-12,Zebronics ZEB-Crystal Pro Webcam,Electronics,Amazon,Preeti C.,2,Terrible quality. Broke within a week.
2025-02-13,FabIndia Cotton Kurta,Fashion,Meesho,Ravi K.,4,Perfect product. Works exactly as described.
2025-02-13,Lakme Absolute Foundation,Beauty,Google Play,Priya S.,4,Very satisfied. Quality is premium and packaging was neat.
2025-02-13,Portronics Table Lamp LED,Office & Computing,Amazon,Rohan D.,5,Very satisfied. Quality is premium and packaging was neat.
2025-02-14,H&M Relaxed Fit Shirt,Fashion,Amazon,Anjali E.,5,Perfect product. Works exactly as described.
2025-02-14,Lakme Absolute Foundation,Beauty,Amazon,Farhan X.,4,Outstanding product. Fast delivery and good packaging.
2025-02-14,Levi's 511 Slim Fit Jeans,Fashion,Google Play,Mohit Y.,5,Five stars! Will recommend to friends and family.
2025-02-14,Mamaearth Vitamin C Face Wash,Beauty,App Store,Suresh I.,4,Exceeded my expectations. Will definitely buy again.
2025-02-14,Plum Green Tea Toner 200ml,Beauty,Meesho,Ananya M.,4,Brilliant quality. Worth every rupee spent.
2025-02-14,Royalford Bamboo Chopping Board,Home & Living,Amazon,Kavya T.,3,Acceptable quality. Expected a bit more.
2025-02-14,Samsung Galaxy Buds3 Pro,Electronics,Myntra,Vikram H.,3,Not bad. Could be better but serves the purpose.
2025-02-14,Wow Skin Science Hair Oil,Beauty,Myntra,Amit D.,5,Brilliant quality. Worth every rupee spent.
2025-02-15,FabIndia Cotton Kurta,Fashion,App Store,Ananya M.,5,Exceeded my expectations. Will definitely buy again.
2025-02-15,JBL Flip 6 Bluetooth Speaker,Electronics,Flipkart,Preeti C.,4,Perfect product. Works exactly as described.
2025-02-15,Kuber Industries Storage Box,Home & Living,App Store,Vikram H.,4,Five stars! Will recommend to friends and family.
2025-02-15,Puma Classic Track Pants,Fashion,Meesho,Priya S.,4,Exceeded my expectations. Will definitely buy again.
2025-02-15,boAt Airdopes 141 TWS Earbuds,Electronics,Flipkart,Divya F.,5,Top notch quality. Highly recommend to everyone.
2025-02-16,Anker 65W GaN Fast Charger,Electronics,Amazon,Sanjay L.,4,Exceeded my expectations. Will definitely buy again.
2025-02-16,Minimalist 10% Niacinamide Serum,Beauty,App Store,Ananya M.,4,Exceeded my expectations. Will definitely buy again.
2025-02-16,Prestige Induction Cooktop 1200W,Home & Living,Google Play,Ishaan B.,5,Very satisfied. Quality is premium and packaging was neat.
2025-02-17,Biotique Bio Morning Nector SPF,Beauty,App Store,Ananya M.,5,Absolutely love this product! Quality is excellent and delivery was fast.
2025-02-17,FabIndia Cotton Kurta,Fashion,Google Play,Nikhil A.,3,Decent product. Does exactly what it says.
2025-02-17,Mamaearth Vitamin C Face Wash,Beauty,Flipkart,Sunita W.,4,Top notch quality. Highly recommend to everyone.
2025-02-17,Pigeon Aluminium Non-Stick Pan,Home & Living,Myntra,Meena N.,5,Five stars! Will recommend to friends and family.
2025-02-17,Plum Green Tea Toner 200ml,Beauty,App Store,Divya F.,4,Absolutely love this product! Quality is excellent and delivery was fast.
2025-02-17,Puma Classic Track Pants,Fashion,Amazon,Amit D.,2,Bad product. Had issues from day one.
2025-02-17,Samsung Galaxy Buds3 Pro,Electronics,Amazon,Shreya Z.,4,Amazing! This is one of the best purchases I have made.
2025-02-17,Woodland Casual Sneakers,Fashion,Meesho,Sanjay L.,5,Perfect product. Works exactly as described.
2025-02-18,Biotique Bio Morning Nector SPF,Beauty,Meesho,Vikram H.,2,Very disappointed. Product quality is poor.
2025-02-18,H&M Relaxed Fit Shirt,Fashion,App Store,Arjun P.,4,Brilliant quality. Worth every rupee spent.
2025-02-18,Levi's 511 Slim Fit Jeans,Fashion,Amazon,Ishaan B.,5,Outstanding product. Fast delivery and good packaging.
2025-02-18,Royalford Bamboo Chopping Board,Home & Living,Myntra,Geeta U.,5,Five stars! Will recommend to friends and family.
2025-02-19,Mamaearth Vitamin C Face Wash,Beauty,Meesho,Priya S.,5,Absolutely love this product! Quality is excellent and delivery was fast.
2025-02-19,Minimalist 10% Niacinamide Serum,Beauty,Google Play,Karan J.,4,Top notch quality. Highly recommend to everyone.
2025-02-19,Plum Green Tea Toner 200ml,Beauty,Flipkart,Deepa C.,4,Exceeded my expectations. Will definitely buy again.
2025-02-19,Puma Classic Track Pants,Fashion,Myntra,Rahul O.,3,Works but quality could be improved.
2025-02-19,Samsung Galaxy Buds3 Pro,Electronics,Flipkart,Kavya T.,5,Absolutely love this product! Quality is excellent and delivery was fast.
2025-02-20,AmazonBasics Adjustable Laptop Stand,Office & Computing,Myntra,Vikram H.,4,Amazing! This is one of the best purchases I have made.
2025-02-20,HP 65W Laptop Power Adapter,Office & Computing,Meesho,Suresh I.,4,Great value for money. Very happy with my purchase.
2025-02-20,JBL Flip 6 Bluetooth Speaker,Electronics,Meesho,Nikhil A.,5,Five stars! Will recommend to friends and family.
2025-02-20,Kuber Industries Storage Box,Home & Living,App Store,Amit D.,3,Decent product. Does exactly what it says.
2025-02-20,Levi's 511 Slim Fit Jeans,Fashion,Google Play,Ravi K.,4,Absolutely love this product! Quality is excellent and delivery was fast.
2025-02-20,Logitech MX Keys Keyboard,Electronics,Amazon,Karan J.,4,Absolutely love this product! Quality is excellent and delivery was fast.
2025-02-20,Mi 10000mAh Power Bank,Electronics,App Store,Shreya Z.,3,Decent product. Does exactly what it says.
2025-02-20,Milton Thermosteel Flask 1L,Home & Living,Myntra,Rohan D.,3,Average quality but acceptable for the price.
2025-02-20,Puma Classic Track Pants,Fashion,Amazon,Divya F.,4,Amazing! This is one of the best purchases I have made.
2025-02-21,Anker 65W GaN Fast Charger,Electronics,Flipkart,Preeti C.,4,Perfect product. Works exactly as described.
2025-02-21,HP 65W Laptop Power Adapter,Office & Computing,Google Play,Nikhil A.,5,Very satisfied. Quality is premium and packaging was neat.
2025-02-21,Kuber Industries Storage Box,Home & Living,Myntra,Shreya Z.,3,Not bad. Could be better but serves the purpose.
2025-02-21,Milton Thermosteel Flask 1L,Home & Living,Google Play,Ishaan B.,1,Product is defective. Will be returning it.
2025-02-21,Puma Classic Track Pants,Fashion,App Store,Meena N.,1,Terrible quality. Broke within a week.
2025-02-22,Milton Thermosteel Flask 1L,Home & Living,Flipkart,Farhan X.,4,Top notch quality. Highly recommend to everyone.
2025-02-22,Samsung Galaxy Buds3 Pro,Electronics,App Store,Kavya T.,5,Great value for money. Very happy with my purchase.
2025-02-22,Sony WH-1000XM5 Headphones,Electronics,Myntra,Rohan D.,4,Outstanding product. Fast delivery and good packaging.
2025-02-23,AmazonBasics Adjustable Laptop Stand,Office & Computing,Google Play,Nisha G.,3,Okay product. Nothing extraordinary.
2025-02-23,Levi's 511 Slim Fit Jeans,Fashion,App Store,Anjali E.,4,Absolutely love this product! Quality is excellent and delivery was fast.
2025-02-23,Milton Thermosteel Flask 1L,Home & Living,Google Play,Pooja V.,4,Top notch quality. Highly recommend to everyone.
2025-02-23,Prestige Induction Cooktop 1200W,Home & Living,App Store,Meena N.,5,Great value for money. Very happy with my purchase.
2025-02-23,Sony WH-1000XM5 Headphones,Electronics,Meesho,Lalita Q.,1,Terrible quality. Broke within a week.
2025-02-24,Allen Solly Polo T-Shirt,Fashion,Flipkart,Karan J.,4,Amazing! This is one of the best purchases I have made.
2025-02-24,Anker 65W GaN Fast Charger,Electronics,Meesho,Mohit Y.,5,Great value for money. Very happy with my purchase.
2025-02-24,Biotique Bio Morning Nector SPF,Beauty,Myntra,Preeti C.,5,Great value for money. Very happy with my purchase.
2025-02-24,Lakme Absolute Foundation,Beauty,Meesho,Meena N.,5,Very satisfied. Quality is premium and packaging was neat.
2025-02-24,Mi 10000mAh Power Bank,Electronics,Myntra,Aditya R.,3,Acceptable quality. Expected a bit more.
2025-02-24,Minimalist 10% Niacinamide Serum,Beauty,Meesho,Lalita Q.,3,Acceptable quality. Expected a bit more.
2025-02-24,Royalford Bamboo Chopping Board,Home & Living,Myntra,Rohan D.,5,Outstanding product. Fast delivery and good packaging.
2025-02-25,Anker 65W GaN Fast Charger,Electronics,Flipkart,Sunita W.,4,Absolutely love this product! Quality is excellent and delivery was fast.
2025-02-25,Levi's 511 Slim Fit Jeans,Fashion,Google Play,Rohan D.,3,Works but quality could be improved.
2025-02-25,Prestige Induction Cooktop 1200W,Home & Living,Amazon,Amit D.,3,Neither good nor bad. Just average.
2025-02-26,HP 65W Laptop Power Adapter,Office & Computing,Flipkart,Ravi K.,4,Top notch quality. Highly recommend to everyone.
2025-02-26,Logitech MX Keys Keyboard,Electronics,App Store,Pooja V.,2,Bad product. Had issues from day one.
2025-02-26,Portronics Table Lamp LED,Office & Computing,Meesho,Shreya Z.,5,Amazing! This is one of the best purchases I have made.
2025-02-26,Royalford Bamboo Chopping Board,Home & Living,Meesho,Karan J.,4,Great value for money. Very happy with my purchase.
2025-02-27,Biotique Bio Morning Nector SPF,Beauty,Flipkart,Sanjay L.,1,Product is defective. Will be returning it.
2025-02-27,JBL Flip 6 Bluetooth Speaker,Electronics,Google Play,Geeta U.,3,Acceptable quality. Expected a bit more.
2025-02-27,Lakme Absolute Foundation,Beauty,App Store,Divya F.,5,Five stars! Will recommend to friends and family.
2025-02-27,Milton Thermosteel Flask 1L,Home & Living,Flipkart,Priya S.,1,Very poor quality compared to the description.
2025-02-27,Plum Green Tea Toner 200ml,Beauty,Google Play,Suresh I.,5,Very satisfied. Quality is premium and packaging was neat.
2025-02-27,Portronics Table Lamp LED,Office & Computing,Flipkart,Rohan D.,4,Five stars! Will recommend to friends and family.
2025-02-27,Prestige Induction Cooktop 1200W,Home & Living,Meesho,Meena N.,2,Terrible quality. Broke within a week.
2025-02-27,Wow Skin Science Hair Oil,Beauty,App Store,Vikram H.,5,Exceeded my expectations. Will definitely buy again.
2025-02-28,Allen Solly Polo T-Shirt,Fashion,App Store,Vikram H.,5,Perfect product. Works exactly as described.
2025-02-28,Kuber Industries Storage Box,Home & Living,Meesho,Rohan D.,4,Outstanding product. Fast delivery and good packaging.
2025-02-28,Mi 10000mAh Power Bank,Electronics,Google Play,Sunita W.,3,Neither good nor bad. Just average.
2025-02-28,Puma Classic Track Pants,Fashion,Myntra,Anjali E.,4,Perfect product. Works exactly as described.
2025-02-28,Royalford Bamboo Chopping Board,Home & Living,App Store,Karan J.,5,Great value for money. Very happy with my purchase.
2025-02-28,Wow Skin Science Hair Oil,Beauty,Flipkart,Mohit Y.,2,Bad product. Had issues from day one.
2025-02-28,Zebronics ZEB-Crystal Pro Webcam,Electronics,Google Play,Nikhil A.,4,Top notch quality. Highly recommend to everyone.
2025-02-28,boAt Airdopes 141 TWS Earbuds,Electronics,Flipkart,Farhan X.,5,Very satisfied. Quality is premium and packaging was neat.
2025-03-01,JBL Flip 6 Bluetooth Speaker,Electronics,Myntra,Suresh I.,5,Five stars! Will recommend to friends and family.
2025-03-01,Lakme Absolute Foundation,Beauty,Myntra,Priya S.,3,It's fine. Meets basic requirements.
2025-03-01,Logitech MX Keys Keyboard,Electronics,Meesho,Ishaan B.,5,Five stars! Will recommend to friends and family.
2025-03-01,Milton Thermosteel Flask 1L,Home & Living,Myntra,Sneha R.,4,Exceeded my expectations. Will definitely buy again.
2025-03-01,Sony WH-1000XM5 Headphones,Electronics,Myntra,Lalita Q.,3,Product is okay. Delivery was delayed slightly.
2025-03-02,Anker 65W GaN Fast Charger,Electronics,Google Play,Sanjay L.,5,Amazing! This is one of the best purchases I have made.
2025-03-02,H&M Relaxed Fit Shirt,Fashion,App Store,Anjali E.,4,Outstanding product. Fast delivery and good packaging.
2025-03-02,Pigeon Aluminium Non-Stick Pan,Home & Living,Meesho,Deepa C.,4,Amazing! This is one of the best purchases I have made.
2025-03-02,Portronics Table Lamp LED,Office & Computing,Flipkart,Nikhil A.,3,Not bad. Could be better but serves the purpose.
2025-03-02,Royalford Bamboo Chopping Board,Home & Living,Myntra,Ravi K.,4,Perfect product. Works exactly as described.
2025-03-03,FabIndia Cotton Kurta,Fashion,Myntra,Rahul O.,5,Five stars! Will recommend to friends and family.
2025-03-03,JBL Flip 6 Bluetooth Speaker,Electronics,App Store,Deepa C.,2,Very bad experience. Customer service was unhelpful.
2025-03-03,Levi's 511 Slim Fit Jeans,Fashion,Meesho,Ramesh B.,4,Great value for money. Very happy with my purchase.
2025-03-03,Mi 10000mAh Power Bank,Electronics,Amazon,Shreya Z.,5,Top notch quality. Highly recommend to everyone.
2025-03-03,Milton Thermosteel Flask 1L,Home & Living,Google Play,Lalita Q.,4,Five stars! Will recommend to friends and family.
2025-03-03,Minimalist 10% Niacinamide Serum,Beauty,Meesho,Pooja V.,4,Exceeded my expectations. Will definitely buy again.
2025-03-03,Pigeon Aluminium Non-Stick Pan,Home & Living,App Store,Farhan X.,5,Perfect product. Works exactly as described.
2025-03-03,Portronics Table Lamp LED,Office & Computing,Google Play,Vikram H.,4,Very satisfied. Quality is premium and packaging was neat.
2025-03-03,Woodland Casual Sneakers,Fashion,Myntra,Preeti C.,5,Exceeded my expectations. Will definitely buy again.
2025-03-03,boAt Airdopes 141 TWS Earbuds,Electronics,Flipkart,Sanjay L.,4,Five stars! Will recommend to friends and family.
2025-03-04,FabIndia Cotton Kurta,Fashion,Flipkart,Preeti C.,4,Very satisfied. Quality is premium and packaging was neat.
2025-03-04,Levi's 511 Slim Fit Jeans,Fashion,Amazon,Karan J.,3,Neither good nor bad. Just average.
2025-03-04,Logitech MX Keys Keyboard,Electronics,Amazon,Sunita W.,5,Top notch quality. Highly recommend to everyone.
2025-03-04,Mi 10000mAh Power Bank,Electronics,Amazon,Divya F.,4,Top notch quality. Highly recommend to everyone.
2025-03-04,Sony WH-1000XM5 Headphones,Electronics,App Store,Arjun P.,4,Very satisfied. Quality is premium and packaging was neat.
2025-03-05,Levi's 511 Slim Fit Jeans,Fashion,Flipkart,Mohit Y.,2,Terrible quality. Broke within a week.
2025-03-05,Logitech MX Keys Keyboard,Electronics,Flipkart,Lalita Q.,5,Exceeded my expectations. Will definitely buy again.
2025-03-05,Mamaearth Vitamin C Face Wash,Beauty,Myntra,Meena N.,5,Outstanding product. Fast delivery and good packaging.
2025-03-06,Anker 65W GaN Fast Charger,Electronics,Flipkart,Deepa C.,4,Exceeded my expectations. Will definitely buy again.
2025-03-06,Milton Thermosteel Flask 1L,Home & Living,Meesho,Priya S.,5,Top notch quality. Highly recommend to everyone.
2025-03-06,Sony WH-1000XM5 Headphones,Electronics,Myntra,Pooja V.,3,It's fine. Meets basic requirements.
2025-03-06,Zebronics ZEB-Crystal Pro Webcam,Electronics,App Store,Ananya M.,4,Amazing! This is one of the best purchases I have made.
2025-03-07,Lakme Absolute Foundation,Beauty,Amazon,Deepa C.,2,Bad product. Had issues from day one.
2025-03-07,Portronics Table Lamp LED,Office & Computing,Myntra,Ramesh B.,3,Average quality but acceptable for the price.
2025-03-07,Royalford Bamboo Chopping Board,Home & Living,Myntra,Rohan D.,4,Top notch quality. Highly recommend to everyone.
2025-03-08,Allen Solly Polo T-Shirt,Fashion,Meesho,Pooja V.,5,Top notch quality. Highly recommend to everyone.
2025-03-08,Anker 65W GaN Fast Charger,Electronics,Google Play,Divya F.,5,Exceeded my expectations. Will definitely buy again.
2025-03-08,Biotique Bio Morning Nector SPF,Beauty,Google Play,Ishaan B.,3,It's fine. Meets basic requirements.
2025-03-08,Lakme Absolute Foundation,Beauty,App Store,Ramesh B.,4,Perfect product. Works exactly as described.
2025-03-09,AmazonBasics Adjustable Laptop Stand,Office & Computing,Meesho,Vikram H.,4,Exceeded my expectations. Will definitely buy again.
2025-03-09,Biotique Bio Morning Nector SPF,Beauty,Meesho,Ananya M.,5,Top notch quality. Highly recommend to everyone.
2025-03-09,H&M Relaxed Fit Shirt,Fashion,Myntra,Meena N.,5,Top notch quality. Highly recommend to everyone.
2025-03-09,Samsung Galaxy Buds3 Pro,Electronics,App Store,Nikhil A.,4,Perfect product. Works exactly as described.
2025-03-10,Lakme Absolute Foundation,Beauty,Meesho,Sneha R.,5,Brilliant quality. Worth every rupee spent.
2025-03-10,Levi's 511 Slim Fit Jeans,Fashion,Amazon,Farhan X.,5,Great value for money. Very happy with my purchase.
2025-03-10,Mamaearth Vitamin C Face Wash,Beauty,Google Play,Deepa C.,3,Okay product. Nothing extraordinary.
2025-03-10,Portronics Table Lamp LED,Office & Computing,App Store,Lalita Q.,4,Top notch quality. Highly recommend to everyone.
2025-03-10,Royalford Bamboo Chopping Board,Home & Living,Flipkart,Amit D.,1,Regret buying this. Will not purchase again.
2025-03-10,Story@Home Blackout Curtains,Home & Living,Amazon,Anjali E.,5,Brilliant quality. Worth every rupee spent.
2025-03-10,Syska USB Hub 4-Port,Office & Computing,App Store,Preeti C.,1,Very poor quality compared to the description.
2025-03-10,Woodland Casual Sneakers,Fashion,Amazon,Aditya R.,4,Very satisfied. Quality is premium and packaging was neat.
2025-03-10,boAt Airdopes 141 TWS Earbuds,Electronics,Amazon,Shreya Z.,5,Outstanding product. Fast delivery and good packaging.
2025-03-11,Biotique Bio Morning Nector SPF,Beauty,Amazon,Mohit Y.,5,Absolutely love this product! Quality is excellent and delivery was fast.
2025-03-11,H&M Relaxed Fit Shirt,Fashion,App Store,Divya F.,3,Product is okay. Delivery was delayed slightly.
2025-03-11,JBL Flip 6 Bluetooth Speaker,Electronics,Amazon,Suresh I.,5,Top notch quality. Highly recommend to everyone.
2025-03-11,Logitech MX Keys Keyboard,Electronics,Myntra,Rohan D.,4,Amazing! This is one of the best purchases I have made.
2025-03-11,Mamaearth Vitamin C Face Wash,Beauty,Amazon,Arjun P.,3,Average quality but acceptable for the price.
2025-03-11,Plum Green Tea Toner 200ml,Beauty,Flipkart,Lalita Q.,4,Brilliant quality. Worth every rupee spent.
2025-03-11,Wow Skin Science Hair Oil,Beauty,Google Play,Meena N.,5,Brilliant quality. Worth every rupee spent.
2025-03-11,Zebronics ZEB-Crystal Pro Webcam,Electronics,Meesho,Ramesh B.,2,Waste of money. Completely unsatisfied.
2025-03-11,boAt Airdopes 141 TWS Earbuds,Electronics,Flipkart,Shreya Z.,4,Brilliant quality. Worth every rupee spent.
2025-03-12,AmazonBasics Adjustable Laptop Stand,Office & Computing,Meesho,Geeta U.,5,Brilliant quality. Worth every rupee spent.
2025-03-12,H&M Relaxed Fit Shirt,Fashion,Amazon,Meena N.,1,Bad product. Had issues from day one.
2025-03-12,Plum Green Tea Toner 200ml,Beauty,Google Play,Ananya M.,4,Top notch quality. Highly recommend to everyone.
2025-03-12,Royalford Bamboo Chopping Board,Home & Living,Google Play,Farhan X.,3,Okay product. Nothing extraordinary.
2025-03-13,H&M Relaxed Fit Shirt,Fashion,Amazon,Priya S.,5,Very satisfied. Quality is premium and packaging was neat.
2025-03-13,Kuber Industries Storage Box,Home & Living,Meesho,Suresh I.,4,Absolutely love this product! Quality is excellent and delivery was fast.
2025-03-14,HP 65W Laptop Power Adapter,Office & Computing,Myntra,Suresh I.,4,Brilliant quality. Worth every rupee spent.
2025-03-14,Kuber Industries Storage Box,Home & Living,Meesho,Vikram H.,3,Acceptable quality. Expected a bit more.
2025-03-14,Milton Thermosteel Flask 1L,Home & Living,Google Play,Divya F.,3,Acceptable quality. Expected a bit more.
2025-03-14,Sony WH-1000XM5 Headphones,Electronics,Meesho,Amit D.,4,Top notch quality. Highly recommend to everyone.
2025-03-14,Story@Home Blackout Curtains,Home & Living,App Store,Ishaan B.,4,Top notch quality. Highly recommend to everyone.
2025-03-15,Lakme Absolute Foundation,Beauty,Flipkart,Ramesh B.,5,Amazing! This is one of the best purchases I have made.
2025-03-15,Levi's 511 Slim Fit Jeans,Fashion,Google Play,Sunita W.,5,Amazing! This is one of the best purchases I have made.
2025-03-15,Samsung Galaxy Buds3 Pro,Electronics,App Store,Kavya T.,4,Exceeded my expectations. Will definitely buy again.
2025-03-15,boAt Airdopes 141 TWS Earbuds,Electronics,App Store,Suresh I.,4,Outstanding product. Fast delivery and good packaging.
2025-03-16,Biotique Bio Morning Nector SPF,Beauty,Myntra,Amit D.,5,Amazing! This is one of the best purchases I have made.
2025-03-16,JBL Flip 6 Bluetooth Speaker,Electronics,Amazon,Divya F.,5,Outstanding product. Fast delivery and good packaging.
2025-03-16,Levi's 511 Slim Fit Jeans,Fashion,Flipkart,Priya S.,3,Neither good nor bad. Just average.
2025-03-16,Mi 10000mAh Power Bank,Electronics,Myntra,Sanjay L.,5,Outstanding product. Fast delivery and good packaging.
2025-03-16,Samsung Galaxy Buds3 Pro,Electronics,Myntra,Ravi K.,4,Outstanding product. Fast delivery and good packaging.
2025-03-16,Woodland Casual Sneakers,Fashion,Google Play,Kavya T.,3,Decent product. Does exactly what it says.
2025-03-17,AmazonBasics Adjustable Laptop Stand,Office & Computing,Google Play,Nisha G.,1,Very disappointed. Product quality is poor.
2025-03-17,Anker 65W GaN Fast Charger,Electronics,Amazon,Ishaan B.,3,Product is okay. Delivery was delayed slightly.
2025-03-17,FabIndia Cotton Kurta,Fashion,Meesho,Ravi K.,5,Outstanding product. Fast delivery and good packaging.
2025-03-17,H&M Relaxed Fit Shirt,Fashion,Google Play,Nikhil A.,3,Not bad. Could be better but serves the purpose.
2025-03-17,Kuber Industries Storage Box,Home & Living,Google Play,Ramesh B.,5,Perfect product. Works exactly as described.
2025-03-17,Lakme Absolute Foundation,Beauty,Google Play,Pooja V.,4,Top notch quality. Highly recommend to everyone.
2025-03-17,Logitech MX Keys Keyboard,Electronics,Meesho,Geeta U.,4,Great value for money. Very happy with my purchase.
2025-03-17,Mamaearth Vitamin C Face Wash,Beauty,App Store,Amit D.,3,Does the job but not impressed.
2025-03-17,Minimalist 10% Niacinamide Serum,Beauty,Meesho,Kavya T.,5,Great value for money. Very happy with my purchase.
2025-03-17,Plum Green Tea Toner 200ml,Beauty,Amazon,Suresh I.,4,Great value for money. Very happy with my purchase.
2025-03-17,Prestige Induction Cooktop 1200W,Home & Living,App Store,Rohan D.,3,Decent product. Does exactly what it says.
2025-03-17,Royalford Bamboo Chopping Board,Home & Living,Amazon,Anjali E.,3,Product is okay. Delivery was delayed slightly.
2025-03-17,Samsung Galaxy Buds3 Pro,Electronics,Google Play,Meena N.,5,Very satisfied. Quality is premium and packaging was neat.
2025-03-17,Wow Skin Science Hair Oil,Beauty,Flipkart,Ananya M.,2,Very bad experience. Customer service was unhelpful.
2025-03-17,boAt Airdopes 141 TWS Earbuds,Electronics,Meesho,Vikram H.,4,Very satisfied. Quality is premium and packaging was neat.
2025-03-18,JBL Flip 6 Bluetooth Speaker,Electronics,Myntra,Rohan D.,4,Top notch quality. Highly recommend to everyone.
2025-03-18,Milton Thermosteel Flask 1L,Home & Living,App Store,Meena N.,5,Exceeded my expectations. Will definitely buy again.
2025-03-18,Minimalist 10% Niacinamide Serum,Beauty,Google Play,Karan J.,3,Does the job but not impressed.
2025-03-18,Pigeon Aluminium Non-Stick Pan,Home & Living,Google Play,Kavya T.,4,Brilliant quality. Worth every rupee spent.
2025-03-18,Plum Green Tea Toner 200ml,Beauty,App Store,Mohit Y.,4,Absolutely love this product! Quality is excellent and delivery was fast.
2025-03-18,Story@Home Blackout Curtains,Home & Living,Flipkart,Shreya Z.,2,Regret buying this. Will not purchase again.
2025-03-18,Zebronics ZEB-Crystal Pro Webcam,Electronics,Amazon,Deepa C.,4,Great value for money. Very happy with my purchase.
2025-03-19,Mamaearth Vitamin C Face Wash,Beauty,App Store,Ravi K.,5,Amazing! This is one of the best purchases I have made.
2025-03-19,Mi 10000mAh Power Bank,Electronics,App Store,Amit D.,4,Five stars! Will recommend to friends and family.
2025-03-20,AmazonBasics Adjustable Laptop Stand,Office & Computing,Google Play,Rahul O.,4,Amazing! This is one of the best purchases I have made.
2025-03-20,Milton Thermosteel Flask 1L,Home & Living,Amazon,Shreya Z.,4,Exceeded my expectations. Will definitely buy again.
2025-03-20,Puma Classic Track Pants,Fashion,Myntra,Aditya R.,3,Works but quality could be improved.
2025-03-20,Syska USB Hub 4-Port,Office & Computing,App Store,Arjun P.,1,Terrible quality. Broke within a week.
2025-03-20,Woodland Casual Sneakers,Fashion,Myntra,Amit D.,4,Exceeded my expectations. Will definitely buy again.
2025-03-20,Wow Skin Science Hair Oil,Beauty,Google Play,Ishaan B.,5,Top notch quality. Highly recommend to everyone.
2025-03-21,AmazonBasics Adjustable Laptop Stand,Office & Computing,Myntra,Ravi K.,4,Amazing! This is one of the best purchases I have made.
2025-03-21,Biotique Bio Morning Nector SPF,Beauty,Myntra,Rohan D.,3,Acceptable quality. Expected a bit more.
2025-03-21,FabIndia Cotton Kurta,Fashion,Amazon,Sanjay L.,3,Okay product. Nothing extraordinary.
2025-03-21,JBL Flip 6 Bluetooth Speaker,Electronics,Amazon,Ananya M.,3,Decent product. Does exactly what it says.
2025-03-21,Logitech MX Keys Keyboard,Electronics,Amazon,Aditya R.,5,Exceeded my expectations. Will definitely buy again.
2025-03-21,Mamaearth Vitamin C Face Wash,Beauty,Google Play,Deepa C.,4,Outstanding product. Fast delivery and good packaging.
2025-03-21,Minimalist 10% Niacinamide Serum,Beauty,Flipkart,Ramesh B.,4,Brilliant quality. Worth every rupee spent.
2025-03-21,Story@Home Blackout Curtains,Home & Living,Google Play,Nikhil A.,3,Decent product. Does exactly what it says.
2025-03-22,Levi's 511 Slim Fit Jeans,Fashion,Google Play,Kavya T.,4,Five stars! Will recommend to friends and family.
2025-03-22,Mamaearth Vitamin C Face Wash,Beauty,Google Play,Farhan X.,4,Exceeded my expectations. Will definitely buy again.
2025-03-22,Plum Green Tea Toner 200ml,Beauty,Myntra,Vikram H.,4,Absolutely love this product! Quality is excellent and delivery was fast.
2025-03-22,Puma Classic Track Pants,Fashion,Myntra,Ishaan B.,4,Perfect product. Works exactly as described.
2025-03-22,Story@Home Blackout Curtains,Home & Living,Google Play,Nikhil A.,5,Amazing! This is one of the best purchases I have made.
2025-03-22,Wow Skin Science Hair Oil,Beauty,Myntra,Ravi K.,2,Terrible quality. Broke within a week.
2025-03-23,HP 65W Laptop Power Adapter,Office & Computing,Google Play,Divya F.,4,Brilliant quality. Worth every rupee spent.
2025-03-23,JBL Flip 6 Bluetooth Speaker,Electronics,Flipkart,Shreya Z.,5,Exceeded my expectations. Will definitely buy again.
2025-03-23,Levi's 511 Slim Fit Jeans,Fashion,Myntra,Aditya R.,3,Average quality but acceptable for the price.
2025-03-24,AmazonBasics Adjustable Laptop Stand,Office & Computing,Meesho,Sunita W.,5,Brilliant quality. Worth every rupee spent.
2025-03-24,FabIndia Cotton Kurta,Fashion,Flipkart,Karan J.,4,Five stars! Will recommend to friends and family.
2025-03-24,H&M Relaxed Fit Shirt,Fashion,Amazon,Ravi K.,5,Five stars! Will recommend to friends and family.
2025-03-24,HP 65W Laptop Power Adapter,Office & Computing,Myntra,Sanjay L.,5,Outstanding product. Fast delivery and good packaging.
2025-03-24,JBL Flip 6 Bluetooth Speaker,Electronics,Myntra,Meena N.,4,Top notch quality. Highly recommend to everyone.
2025-03-24,Levi's 511 Slim Fit Jeans,Fashion,Google Play,Suresh I.,4,Perfect product. Works exactly as described.
2025-03-24,Mi 10000mAh Power Bank,Electronics,Google Play,Ananya M.,5,Five stars! Will recommend to friends and family.
2025-03-24,Minimalist 10% Niacinamide Serum,Beauty,Meesho,Priya S.,4,Absolutely love this product! Quality is excellent and delivery was fast.
2025-03-24,Portronics Table Lamp LED,Office & Computing,App Store,Preeti C.,5,Five stars! Will recommend to friends and family.
2025-03-24,Prestige Induction Cooktop 1200W,Home & Living,Flipkart,Aditya R.,3,Decent product. Does exactly what it says.
2025-03-25,AmazonBasics Adjustable Laptop Stand,Office & Computing,Google Play,Aditya R.,4,Very satisfied. Quality is premium and packaging was neat.
2025-03-25,JBL Flip 6 Bluetooth Speaker,Electronics,App Store,Sunita W.,2,Not worth the money. Would not recommend.
2025-03-25,Mamaearth Vitamin C Face Wash,Beauty,Meesho,Karan J.,5,Top notch quality. Highly recommend to everyone.
2025-03-26,AmazonBasics Adjustable Laptop Stand,Office & Computing,Google Play,Divya F.,3,Okay product. Nothing extraordinary.
2025-03-26,Pigeon Aluminium Non-Stick Pan,Home & Living,Amazon,Vikram H.,4,Perfect product. Works exactly as described.
2025-03-26,Syska USB Hub 4-Port,Office & Computing,Meesho,Anjali E.,5,Amazing! This is one of the best purchases I have made.
2025-03-27,FabIndia Cotton Kurta,Fashion,Myntra,Deepa C.,4,Absolutely love this product! Quality is excellent and delivery was fast.
2025-03-27,Samsung Galaxy Buds3 Pro,Electronics,Amazon,Priya S.,2,Very bad experience. Customer service was unhelpful.
2025-03-27,Wow Skin Science Hair Oil,Beauty,App Store,Sneha R.,4,Amazing! This is one of the best purchases I have made.
2025-03-27,Zebronics ZEB-Crystal Pro Webcam,Electronics,Meesho,Shreya Z.,3,Works but quality could be improved.
2025-03-28,Biotique Bio Morning Nector SPF,Beauty,Meesho,Sanjay L.,4,Exceeded my expectations. Will definitely buy again.
2025-03-28,HP 65W Laptop Power Adapter,Office & Computing,Meesho,Karan J.,3,Works but quality could be improved.
2025-03-28,Logitech MX Keys Keyboard,Electronics,Google Play,Shreya Z.,4,Exceeded my expectations. Will definitely buy again.
2025-03-28,Mamaearth Vitamin C Face Wash,Beauty,Google Play,Deepa C.,4,Outstanding product. Fast delivery and good packaging.
2025-03-28,Milton Thermosteel Flask 1L,Home & Living,Amazon,Sneha R.,1,Terrible quality. Broke within a week.
2025-03-28,Plum Green Tea Toner 200ml,Beauty,Myntra,Priya S.,4,Brilliant quality. Worth every rupee spent.
2025-03-28,Prestige Induction Cooktop 1200W,Home & Living,Google Play,Arjun P.,4,Exceeded my expectations. Will definitely buy again.
2025-03-28,Puma Classic Track Pants,Fashion,Google Play,Geeta U.,5,Great value for money. Very happy with my purchase.
2025-03-29,HP 65W Laptop Power Adapter,Office & Computing,App Store,Arjun P.,4,Absolutely love this product! Quality is excellent and delivery was fast.
2025-03-29,Plum Green Tea Toner 200ml,Beauty,Flipkart,Mohit Y.,5,Brilliant quality. Worth every rupee spent.
2025-03-29,Story@Home Blackout Curtains,Home & Living,Google Play,Meena N.,5,Very satisfied. Quality is premium and packaging was neat.
2025-03-30,FabIndia Cotton Kurta,Fashion,Google Play,Rahul O.,4,Perfect product. Works exactly as described.
2025-03-30,Kuber Industries Storage Box,Home & Living,Amazon,Nisha G.,4,Perfect product. Works exactly as described.
2025-03-30,Lakme Absolute Foundation,Beauty,Google Play,Mohit Y.,1,Very disappointed. Product quality is poor.
2025-03-30,Puma Classic Track Pants,Fashion,Flipkart,Suresh I.,4,Top notch quality. Highly recommend to everyone.
2025-03-30,Sony WH-1000XM5 Headphones,Electronics,Meesho,Sanjay L.,3,Neither good nor bad. Just average.
2025-03-30,Story@Home Blackout Curtains,Home & Living,App Store,Meena N.,4,Exceeded my expectations. Will definitely buy again.
2025-03-31,Allen Solly Polo T-Shirt,Fashion,Meesho,Vikram H.,4,Great value for money. Very happy with my purchase.
2025-03-31,Anker 65W GaN Fast Charger,Electronics,Myntra,Preeti C.,3,Decent product. Does exactly what it says.
2025-03-31,H&M Relaxed Fit Shirt,Fashion,Myntra,Suresh I.,5,Five stars! Will recommend to friends and family.
2025-03-31,HP 65W Laptop Power Adapter,Office & Computing,App Store,Sneha R.,4,Perfect product. Works exactly as described.
2025-03-31,Lakme Absolute Foundation,Beauty,Myntra,Sunita W.,4,Very satisfied. Quality is premium and packaging was neat.
2025-03-31,Logitech MX Keys Keyboard,Electronics,Myntra,Mohit Y.,4,Great value for money. Very happy with my purchase.
2025-03-31,Royalford Bamboo Chopping Board,Home & Living,Google Play,Ananya M.,5,Absolutely love this product! Quality is excellent and delivery was fast.
2025-03-31,boAt Airdopes 141 TWS Earbuds,Electronics,Meesho,Deepa C.,4,Absolutely love this product! Quality is excellent and delivery was fast.
2025-04-01,H&M Relaxed Fit Shirt,Fashion,Google Play,Sunita W.,5,Very satisfied. Quality is premium and packaging was neat.
2025-04-01,Kuber Industries Storage Box,Home & Living,Google Play,Arjun P.,3,Works but quality could be improved.
2025-04-01,Samsung Galaxy Buds3 Pro,Electronics,Myntra,Ishaan B.,5,Exceeded my expectations. Will definitely buy again.
2025-04-01,Story@Home Blackout Curtains,Home & Living,Google Play,Mohit Y.,5,Amazing! This is one of the best purchases I have made.
2025-04-02,Allen Solly Polo T-Shirt,Fashion,Google Play,Deepa C.,4,Top notch quality. Highly recommend to everyone.
2025-04-02,HP 65W Laptop Power Adapter,Office & Computing,Amazon,Preeti C.,5,Very satisfied. Quality is premium and packaging was neat.
2025-04-02,Mamaearth Vitamin C Face Wash,Beauty,Amazon,Karan J.,5,Great value for money. Very happy with my purchase.
2025-04-02,Mi 10000mAh Power Bank,Electronics,Meesho,Farhan X.,5,Amazing! This is one of the best purchases I have made.
2025-04-02,Milton Thermosteel Flask 1L,Home & Living,Flipkart,Lalita Q.,5,Perfect product. Works exactly as described.
2025-04-02,Wow Skin Science Hair Oil,Beauty,Meesho,Nikhil A.,4,Absolutely love this product! Quality is excellent and delivery was fast.
2025-04-02,Zebronics ZEB-Crystal Pro Webcam,Electronics,Flipkart,Pooja V.,4,Exceeded my expectations. Will definitely buy again.
2025-04-03,Kuber Industries Storage Box,Home & Living,Myntra,Nikhil A.,3,Acceptable quality. Expected a bit more.
2025-04-03,Lakme Absolute Foundation,Beauty,Amazon,Rahul O.,5,Amazing! This is one of the best purchases I have made.
2025-04-03,Levi's 511 Slim Fit Jeans,Fashion,Meesho,Lalita Q.,1,Waste of money. Completely unsatisfied.
2025-04-03,Puma Classic Track Pants,Fashion,App Store,Arjun P.,5,Five stars! Will recommend to friends and family.
2025-04-03,Samsung Galaxy Buds3 Pro,Electronics,App Store,Ishaan B.,2,Very frustrating experience. Arrived damaged.
2025-04-03,Syska USB Hub 4-Port,Office & Computing,Flipkart,Divya F.,3,Neither good nor bad. Just average.
2025-04-04,Biotique Bio Morning Nector SPF,Beauty,App Store,Sneha R.,5,Exceeded my expectations. Will definitely buy again.
2025-04-04,FabIndia Cotton Kurta,Fashion,Amazon,Sanjay L.,3,It's fine. Meets basic requirements.
2025-04-04,JBL Flip 6 Bluetooth Speaker,Electronics,Amazon,Ramesh B.,4,Very satisfied. Quality is premium and packaging was neat.
2025-04-04,Samsung Galaxy Buds3 Pro,Electronics,App Store,Nisha G.,5,Amazing! This is one of the best purchases I have made.
2025-04-04,boAt Airdopes 141 TWS Earbuds,Electronics,App Store,Vikram H.,1,Bad product. Had issues from day one.
2025-04-05,Anker 65W GaN Fast Charger,Electronics,Flipkart,Nikhil A.,3,Works but quality could be improved.
2025-04-05,HP 65W Laptop Power Adapter,Office & Computing,Google Play,Ramesh B.,4,Amazing! This is one of the best purchases I have made.
2025-04-05,Plum Green Tea Toner 200ml,Beauty,Myntra,Priya S.,4,Amazing! This is one of the best purchases I have made.
2025-04-05,Portronics Table Lamp LED,Office & Computing,Flipkart,Ravi K.,1,Terrible quality. Broke within a week.
2025-04-06,Allen Solly Polo T-Shirt,Fashion,Flipkart,Karan J.,5,Brilliant quality. Worth every rupee spent.
2025-04-06,Kuber Industries Storage Box,Home & Living,Meesho,Rohan D.,4,Great value for money. Very happy with my purchase.
2025-04-06,Lakme Absolute Foundation,Beauty,Meesho,Ishaan B.,3,Neither good nor bad. Just average.
2025-04-06,Milton Thermosteel Flask 1L,Home & Living,Flipkart,Geeta U.,4,Brilliant quality. Worth every rupee spent.
2025-04-06,boAt Airdopes 141 TWS Earbuds,Electronics,Google Play,Arjun P.,4,Very satisfied. Quality is premium and packaging was neat.
2025-04-07,Kuber Industries Storage Box,Home & Living,Flipkart,Aditya R.,1,Very frustrating experience. Arrived damaged.
2025-04-07,Mi 10000mAh Power Bank,Electronics,Amazon,Sunita W.,3,Product is okay. Delivery was delayed slightly.
2025-04-07,Minimalist 10% Niacinamide Serum,Beauty,App Store,Suresh I.,4,Absolutely love this product! Quality is excellent and delivery was fast.
2025-04-07,Portronics Table Lamp LED,Office & Computing,Google Play,Farhan X.,3,Product is okay. Delivery was delayed slightly.
2025-04-07,Prestige Induction Cooktop 1200W,Home & Living,Meesho,Sneha R.,5,Perfect product. Works exactly as described.
2025-04-07,Royalford Bamboo Chopping Board,Home & Living,Myntra,Sanjay L.,4,Exceeded my expectations. Will definitely buy again.
2025-04-07,Zebronics ZEB-Crystal Pro Webcam,Electronics,Flipkart,Pooja V.,5,Top notch quality. Highly recommend to everyone.
2025-04-07,boAt Airdopes 141 TWS Earbuds,Electronics,App Store,Anjali E.,2,Bad product. Had issues from day one.
2025-04-08,Anker 65W GaN Fast Charger,Electronics,Meesho,Ramesh B.,3,Neither good nor bad. Just average.
2025-04-08,JBL Flip 6 Bluetooth Speaker,Electronics,Myntra,Nikhil A.,4,Great value for money. Very happy with my purchase.
2025-04-08,Levi's 511 Slim Fit Jeans,Fashion,App Store,Meena N.,3,It's fine. Meets basic requirements.
2025-04-08,Minimalist 10% Niacinamide Serum,Beauty,Google Play,Lalita Q.,4,Absolutely love this product! Quality is excellent and delivery was fast.
2025-04-08,Sony WH-1000XM5 Headphones,Electronics,Myntra,Sneha R.,4,Very satisfied. Quality is premium and packaging was neat.
2025-04-09,FabIndia Cotton Kurta,Fashion,Google Play,Ananya M.,3,Not bad. Could be better but serves the purpose.
2025-04-09,H&M Relaxed Fit Shirt,Fashion,Amazon,Sneha R.,3,Does the job but not impressed.
2025-04-09,Levi's 511 Slim Fit Jeans,Fashion,Meesho,Nisha G.,5,Amazing! This is one of the best purchases I have made.
2025-04-09,Royalford Bamboo Chopping Board,Home & Living,Myntra,Preeti C.,5,Very satisfied. Quality is premium and packaging was neat.
2025-04-10,Milton Thermosteel Flask 1L,Home & Living,Meesho,Arjun P.,3,Product is okay. Delivery was delayed slightly.
2025-04-11,FabIndia Cotton Kurta,Fashion,Flipkart,Nikhil A.,1,Product is defective. Will be returning it.
2025-04-11,Mi 10000mAh Power Bank,Electronics,Myntra,Sneha R.,3,Average quality but acceptable for the price.
2025-04-11,Plum Green Tea Toner 200ml,Beauty,Myntra,Kavya T.,3,Neither good nor bad. Just average.
2025-04-11,boAt Airdopes 141 TWS Earbuds,Electronics,Google Play,Arjun P.,3,Not bad. Could be better but serves the purpose.
2025-04-12,Allen Solly Polo T-Shirt,Fashion,Myntra,Shreya Z.,3,Does the job but not impressed.
2025-04-12,AmazonBasics Adjustable Laptop Stand,Office & Computing,Amazon,Sunita W.,2,Bad product. Had issues from day one.
2025-04-12,JBL Flip 6 Bluetooth Speaker,Electronics,Amazon,Kavya T.,3,Acceptable quality. Expected a bit more.
2025-04-12,Kuber Industries Storage Box,Home & Living,App Store,Arjun P.,4,Amazing! This is one of the best purchases I have made.
2025-04-12,Logitech MX Keys Keyboard,Electronics,Google Play,Rahul O.,4,Outstanding product. Fast delivery and good packaging.
2025-04-12,Samsung Galaxy Buds3 Pro,Electronics,Amazon,Pooja V.,3,Acceptable quality. Expected a bit more.
2025-04-12,Woodland Casual Sneakers,Fashion,Flipkart,Vikram H.,5,Perfect product. Works exactly as described.
2025-04-13,Allen Solly Polo T-Shirt,Fashion,Google Play,Deepa C.,5,Brilliant quality. Worth every rupee spent.
2025-04-13,Logitech MX Keys Keyboard,Electronics,Google Play,Sanjay L.,3,Average quality but acceptable for the price.
2025-04-13,Royalford Bamboo Chopping Board,Home & Living,Flipkart,Kavya T.,3,Works but quality could be improved.
2025-04-13,Sony WH-1000XM5 Headphones,Electronics,App Store,Ishaan B.,4,Very satisfied. Quality is premium and packaging was neat.
2025-04-13,Wow Skin Science Hair Oil,Beauty,App Store,Nikhil A.,3,Product is okay. Delivery was delayed slightly.
2025-04-14,Allen Solly Polo T-Shirt,Fashion,Meesho,Shreya Z.,4,Perfect product. Works exactly as described.
2025-04-14,Biotique Bio Morning Nector SPF,Beauty,Myntra,Sunita W.,5,Amazing! This is one of the best purchases I have made.
2025-04-14,FabIndia Cotton Kurta,Fashion,App Store,Rahul O.,4,Great value for money. Very happy with my purchase.
2025-04-14,JBL Flip 6 Bluetooth Speaker,Electronics,App Store,Mohit Y.,3,It's fine. Meets basic requirements.
2025-04-14,Lakme Absolute Foundation,Beauty,Meesho,Aditya R.,4,Very satisfied. Quality is premium and packaging was neat.
2025-04-14,Levi's 511 Slim Fit Jeans,Fashion,Amazon,Kavya T.,5,Very satisfied. Quality is premium and packaging was neat.
2025-04-14,Minimalist 10% Niacinamide Serum,Beauty,Meesho,Ishaan B.,4,Absolutely love this product! Quality is excellent and delivery was fast.
2025-04-14,Pigeon Aluminium Non-Stick Pan,Home & Living,Myntra,Rohan D.,4,Absolutely love this product! Quality is excellent and delivery was fast.
2025-04-14,Royalford Bamboo Chopping Board,Home & Living,Amazon,Karan J.,5,Five stars! Will recommend to friends and family.
2025-04-14,Wow Skin Science Hair Oil,Beauty,Meesho,Deepa C.,5,Brilliant quality. Worth every rupee spent.
2025-04-15,H&M Relaxed Fit Shirt,Fashion,Amazon,Farhan X.,4,Exceeded my expectations. Will definitely buy again.
2025-04-15,Kuber Industries Storage Box,Home & Living,Flipkart,Rahul O.,4,Brilliant quality. Worth every rupee spent.
2025-04-15,Mamaearth Vitamin C Face Wash,Beauty,Myntra,Anjali E.,5,Very satisfied. Quality is premium and packaging was neat.
2025-04-15,boAt Airdopes 141 TWS Earbuds,Electronics,App Store,Nisha G.,1,Not worth the money. Would not recommend.
2025-04-16,Biotique Bio Morning Nector SPF,Beauty,Meesho,Preeti C.,3,Acceptable quality. Expected a bit more.
2025-04-16,HP 65W Laptop Power Adapter,Office & Computing,Meesho,Geeta U.,3,Average quality but acceptable for the price.
2025-04-16,Portronics Table Lamp LED,Office & Computing,Myntra,Farhan X.,5,Exceeded my expectations. Will definitely buy again.
2025-04-16,Puma Classic Track Pants,Fashion,Google Play,Deepa C.,4,Brilliant quality. Worth every rupee spent.
2025-04-16,Royalford Bamboo Chopping Board,Home & Living,Meesho,Aditya R.,2,Terrible quality. Broke within a week.
2025-04-17,JBL Flip 6 Bluetooth Speaker,Electronics,App Store,Pooja V.,4,Exceeded my expectations. Will definitely buy again.
2025-04-17,Mamaearth Vitamin C Face Wash,Beauty,App Store,Ishaan B.,5,Exceeded my expectations. Will definitely buy again.
2025-04-17,Story@Home Blackout Curtains,Home & Living,App Store,Sanjay L.,4,Amazing! This is one of the best purchases I have made.
2025-04-18,Plum Green Tea Toner 200ml,Beauty,Flipkart,Divya F.,4,Perfect product. Works exactly as described.
2025-04-19,Allen Solly Polo T-Shirt,Fashion,Amazon,Karan J.,2,Very frustrating experience. Arrived damaged.
2025-04-19,HP 65W Laptop Power Adapter,Office & Computing,App Store,Anjali E.,4,Top notch quality. Highly recommend to everyone.
2025-04-19,Logitech MX Keys Keyboard,Electronics,Google Play,Sanjay L.,5,Very satisfied. Quality is premium and packaging was neat.
2025-04-19,Puma Classic Track Pants,Fashion,Google Play,Suresh I.,2,Bad product. Had issues from day one.
2025-04-19,Syska USB Hub 4-Port,Office & Computing,Amazon,Pooja V.,4,Perfect product. Works exactly as described.
2025-04-19,boAt Airdopes 141 TWS Earbuds,Electronics,Flipkart,Geeta U.,5,Perfect product. Works exactly as described.
2025-04-20,AmazonBasics Adjustable Laptop Stand,Office & Computing,Meesho,Preeti C.,4,Great value for money. Very happy with my purchase.
2025-04-20,FabIndia Cotton Kurta,Fashion,Google Play,Ananya M.,4,Perfect product. Works exactly as described.
2025-04-20,Minimalist 10% Niacinamide Serum,Beauty,Myntra,Sneha R.,4,Amazing! This is one of the best purchases I have made.
2025-04-20,Pigeon Aluminium Non-Stick Pan,Home & Living,Flipkart,Aditya R.,1,Very poor quality compared to the description.
2025-04-20,Zebronics ZEB-Crystal Pro Webcam,Electronics,Myntra,Sanjay L.,3,Neither good nor bad. Just average.
2025-04-21,Biotique Bio Morning Nector SPF,Beauty,App Store,Deepa C.,5,Five stars! Will recommend to friends and family.
2025-04-21,HP 65W Laptop Power Adapter,Office & Computing,Myntra,Shreya Z.,1,Very disappointed. Product quality is poor.
2025-04-21,Mamaearth Vitamin C Face Wash,Beauty,Meesho,Karan J.,3,Okay product. Nothing extraordinary.
2025-04-21,Pigeon Aluminium Non-Stick Pan,Home & Living,Myntra,Ishaan B.,5,Great value for money. Very happy with my purchase.
2025-04-21,Plum Green Tea Toner 200ml,Beauty,Amazon,Sneha R.,4,Exceeded my expectations. Will definitely buy again.
2025-04-21,Puma Classic Track Pants,Fashion,Amazon,Divya F.,3,Decent product. Does exactly what it says.
2025-04-21,Sony WH-1000XM5 Headphones,Electronics,Meesho,Mohit Y.,2,Very frustrating experience. Arrived damaged.
2025-04-21,Zebronics ZEB-Crystal Pro Webcam,Electronics,Flipkart,Sanjay L.,5,Amazing! This is one of the best purchases I have made.
2025-04-21,boAt Airdopes 141 TWS Earbuds,Electronics,Amazon,Sunita W.,3,Does the job but not impressed.
2025-04-22,Biotique Bio Morning Nector SPF,Beauty,Google Play,Amit D.,4,Five stars! Will recommend to friends and family.
2025-04-22,Mi 10000mAh Power Bank,Electronics,Flipkart,Geeta U.,4,Top notch quality. Highly recommend to everyone.
2025-04-22,Plum Green Tea Toner 200ml,Beauty,App Store,Preeti C.,5,Outstanding product. Fast delivery and good packaging.
2025-04-22,Woodland Casual Sneakers,Fashion,Google Play,Lalita Q.,5,Top notch quality. Highly recommend to everyone.
2025-04-22,boAt Airdopes 141 TWS Earbuds,Electronics,Flipkart,Kavya T.,5,Outstanding product. Fast delivery and good packaging.
2025-04-23,Allen Solly Polo T-Shirt,Fashion,Amazon,Kavya T.,2,Waste of money. Completely unsatisfied.
2025-04-23,FabIndia Cotton Kurta,Fashion,Amazon,Ramesh B.,5,Brilliant quality. Worth every rupee spent.
2025-04-23,H&M Relaxed Fit Shirt,Fashion,Meesho,Shreya Z.,5,Top notch quality. Highly recommend to everyone.
2025-04-23,Mi 10000mAh Power Bank,Electronics,Flipkart,Karan J.,5,Top notch quality. Highly recommend to everyone.
2025-04-23,Milton Thermosteel Flask 1L,Home & Living,Google Play,Nikhil A.,5,Absolutely love this product! Quality is excellent and delivery was fast.
2025-04-23,Prestige Induction Cooktop 1200W,Home & Living,Google Play,Mohit Y.,5,Great value for money. Very happy with my purchase.
2025-04-23,Samsung Galaxy Buds3 Pro,Electronics,Myntra,Suresh I.,4,Absolutely love this product! Quality is excellent and delivery was fast.
2025-04-24,Biotique Bio Morning Nector SPF,Beauty,Amazon,Amit D.,4,Outstanding product. Fast delivery and good packaging.
2025-04-25,Milton Thermosteel Flask 1L,Home & Living,Myntra,Geeta U.,5,Amazing! This is one of the best purchases I have made.
2025-04-25,Puma Classic Track Pants,Fashion,Meesho,Suresh I.,4,Perfect product. Works exactly as described.
2025-04-26,Anker 65W GaN Fast Charger,Electronics,App Store,Amit D.,5,Exceeded my expectations. Will definitely buy again.
2025-04-26,Logitech MX Keys Keyboard,Electronics,App Store,Priya S.,5,Top notch quality. Highly recommend to everyone.
2025-04-26,Pigeon Aluminium Non-Stick Pan,Home & Living,App Store,Rohan D.,2,Very poor quality compared to the description.
2025-04-26,Portronics Table Lamp LED,Office & Computing,App Store,Pooja V.,1,Very disappointed. Product quality is poor.
2025-04-27,AmazonBasics Adjustable Laptop Stand,Office & Computing,Amazon,Pooja V.,3,Average quality but acceptable for the price.
2025-04-27,Milton Thermosteel Flask 1L,Home & Living,Myntra,Kavya T.,5,Exceeded my expectations. Will definitely buy again.
2025-04-27,Royalford Bamboo Chopping Board,Home & Living,Google Play,Nikhil A.,2,Terrible quality. Broke within a week.
2025-04-27,Samsung Galaxy Buds3 Pro,Electronics,App Store,Meena N.,4,Brilliant quality. Worth every rupee spent.
2025-04-27,Story@Home Blackout Curtains,Home & Living,Google Play,Rahul O.,4,Amazing! This is one of the best purchases I have made.
2025-04-27,Syska USB Hub 4-Port,Office & Computing,Google Play,Arjun P.,1,Very disappointed. Product quality is poor.
2025-04-28,HP 65W Laptop Power Adapter,Office & Computing,Myntra,Aditya R.,4,Perfect product. Works exactly as described.
2025-04-28,Kuber Industries Storage Box,Home & Living,Google Play,Nisha G.,2,Not worth the money. Would not recommend.
2025-04-28,Mamaearth Vitamin C Face Wash,Beauty,Amazon,Kavya T.,5,Exceeded my expectations. Will definitely buy again.
2025-04-28,Minimalist 10% Niacinamide Serum,Beauty,Meesho,Farhan X.,2,Very poor quality compared to the description.
2025-04-28,Samsung Galaxy Buds3 Pro,Electronics,Flipkart,Divya F.,3,Decent product. Does exactly what it says.
2025-04-28,Story@Home Blackout Curtains,Home & Living,App Store,Anjali E.,2,Terrible quality. Broke within a week.
2025-04-29,Biotique Bio Morning Nector SPF,Beauty,Google Play,Vikram H.,3,Decent product. Does exactly what it says.
2025-04-29,JBL Flip 6 Bluetooth Speaker,Electronics,Flipkart,Anjali E.,4,Top notch quality. Highly recommend to everyone.
2025-04-29,Levi's 511 Slim Fit Jeans,Fashion,Myntra,Ishaan B.,4,Very satisfied. Quality is premium and packaging was neat.
2025-04-29,Prestige Induction Cooktop 1200W,Home & Living,Myntra,Preeti C.,3,It's fine. Meets basic requirements.
2025-04-29,Puma Classic Track Pants,Fashion,Meesho,Ramesh B.,3,It's fine. Meets basic requirements.
2025-04-30,Lakme Absolute Foundation,Beauty,App Store,Arjun P.,4,Amazing! This is one of the best purchases I have made.
2025-04-30,Mamaearth Vitamin C Face Wash,Beauty,Meesho,Preeti C.,5,Perfect product. Works exactly as described.
2025-04-30,Milton Thermosteel Flask 1L,Home & Living,Myntra,Aditya R.,4,Top notch quality. Highly recommend to everyone.
2025-04-30,Puma Classic Track Pants,Fashion,Meesho,Deepa C.,5,Exceeded my expectations. Will definitely buy again.
2025-04-30,Zebronics ZEB-Crystal Pro Webcam,Electronics,Meesho,Karan J.,4,Brilliant quality. Worth every rupee spent.
2025-05-01,Anker 65W GaN Fast Charger,Electronics,Meesho,Karan J.,4,Absolutely love this product! Quality is excellent and delivery was fast.
2025-05-01,Lakme Absolute Foundation,Beauty,Myntra,Vikram H.,5,Absolutely love this product! Quality is excellent and delivery was fast.
2025-05-01,Syska USB Hub 4-Port,Office & Computing,Meesho,Sanjay L.,4,Absolutely love this product! Quality is excellent and delivery was fast.
2025-05-02,Biotique Bio Morning Nector SPF,Beauty,App Store,Arjun P.,4,Very satisfied. Quality is premium and packaging was neat.
2025-05-02,Minimalist 10% Niacinamide Serum,Beauty,Google Play,Meena N.,4,Absolutely love this product! Quality is excellent and delivery was fast.
2025-05-03,AmazonBasics Adjustable Laptop Stand,Office & Computing,Myntra,Aditya R.,3,Not bad. Could be better but serves the purpose.
2025-05-03,Anker 65W GaN Fast Charger,Electronics,Amazon,Ramesh B.,5,Exceeded my expectations. Will definitely buy again.
2025-05-03,FabIndia Cotton Kurta,Fashion,Flipkart,Pooja V.,3,Not bad. Could be better but serves the purpose.
2025-05-03,Kuber Industries Storage Box,Home & Living,Meesho,Geeta U.,5,Perfect product. Works exactly as described.
2025-05-03,Story@Home Blackout Curtains,Home & Living,App Store,Mohit Y.,2,Product is defective. Will be returning it.
2025-05-04,Logitech MX Keys Keyboard,Electronics,Meesho,Nikhil A.,2,Bad product. Had issues from day one.
2025-05-04,Mamaearth Vitamin C Face Wash,Beauty,Flipkart,Anjali E.,5,Brilliant quality. Worth every rupee spent.
2025-05-04,Plum Green Tea Toner 200ml,Beauty,Meesho,Shreya Z.,5,Top notch quality. Highly recommend to everyone.
2025-05-05,AmazonBasics Adjustable Laptop Stand,Office & Computing,Google Play,Sanjay L.,5,Brilliant quality. Worth every rupee spent.
2025-05-05,Anker 65W GaN Fast Charger,Electronics,Google Play,Sneha R.,4,Five stars! Will recommend to friends and family.
2025-05-05,FabIndia Cotton Kurta,Fashion,Amazon,Priya S.,4,Absolutely love this product! Quality is excellent and delivery was fast.
2025-05-05,JBL Flip 6 Bluetooth Speaker,Electronics,Amazon,Lalita Q.,4,Great value for money. Very happy with my purchase.
2025-05-05,Kuber Industries Storage Box,Home & Living,Flipkart,Preeti C.,4,Top notch quality. Highly recommend to everyone.
2025-05-05,Levi's 511 Slim Fit Jeans,Fashion,Amazon,Rahul O.,4,Great value for money. Very happy with my purchase.
2025-05-05,Mamaearth Vitamin C Face Wash,Beauty,Google Play,Anjali E.,4,Very satisfied. Quality is premium and packaging was neat.
2025-05-05,Samsung Galaxy Buds3 Pro,Electronics,Meesho,Amit D.,5,Perfect product. Works exactly as described.
2025-05-05,Story@Home Blackout Curtains,Home & Living,Flipkart,Ananya M.,1,Product is defective. Will be returning it.
2025-05-05,Syska USB Hub 4-Port,Office & Computing,App Store,Sunita W.,5,Great value for money. Very happy with my purchase.
2025-05-05,Woodland Casual Sneakers,Fashion,Meesho,Shreya Z.,5,Very satisfied. Quality is premium and packaging was neat.
2025-05-05,Wow Skin Science Hair Oil,Beauty,Myntra,Ravi K.,5,Outstanding product. Fast delivery and good packaging.
2025-05-05,Zebronics ZEB-Crystal Pro Webcam,Electronics,Meesho,Pooja V.,1,Very poor quality compared to the description.
2025-05-06,Allen Solly Polo T-Shirt,Fashion,Meesho,Ravi K.,4,Five stars! Will recommend to friends and family.
2025-05-07,Biotique Bio Morning Nector SPF,Beauty,Amazon,Nikhil A.,4,Perfect product. Works exactly as described.
2025-05-07,Levi's 511 Slim Fit Jeans,Fashion,App Store,Sanjay L.,5,Exceeded my expectations. Will definitely buy again.
2025-05-07,Mamaearth Vitamin C Face Wash,Beauty,App Store,Ramesh B.,4,Very satisfied. Quality is premium and packaging was neat.
2025-05-07,Milton Thermosteel Flask 1L,Home & Living,Meesho,Anjali E.,5,Brilliant quality. Worth every rupee spent.
2025-05-07,Portronics Table Lamp LED,Office & Computing,App Store,Deepa C.,5,Very satisfied. Quality is premium and packaging was neat.
2025-05-07,Puma Classic Track Pants,Fashion,Meesho,Sneha R.,4,Great value for money. Very happy with my purchase.
2025-05-08,AmazonBasics Adjustable Laptop Stand,Office & Computing,Myntra,Sunita W.,4,Five stars! Will recommend to friends and family.
2025-05-08,Anker 65W GaN Fast Charger,Electronics,Meesho,Priya S.,3,Okay product. Nothing extraordinary.
2025-05-08,Kuber Industries Storage Box,Home & Living,Meesho,Farhan X.,5,Perfect product. Works exactly as described.
2025-05-08,Mamaearth Vitamin C Face Wash,Beauty,App Store,Anjali E.,4,Perfect product. Works exactly as described.
2025-05-08,Mi 10000mAh Power Bank,Electronics,Flipkart,Kavya T.,4,Very satisfied. Quality is premium and packaging was neat.
2025-05-08,Pigeon Aluminium Non-Stick Pan,Home & Living,Google Play,Sanjay L.,4,Outstanding product. Fast delivery and good packaging.
2025-05-08,Sony WH-1000XM5 Headphones,Electronics,Google Play,Mohit Y.,4,Five stars! Will recommend to friends and family.
2025-05-09,Allen Solly Polo T-Shirt,Fashion,Amazon,Sunita W.,2,Not worth the money. Would not recommend.
2025-05-09,FabIndia Cotton Kurta,Fashion,Flipkart,Karan J.,4,Exceeded my expectations. Will definitely buy again.
2025-05-09,H&M Relaxed Fit Shirt,Fashion,Amazon,Nisha G.,3,It's fine. Meets basic requirements.
2025-05-09,Plum Green Tea Toner 200ml,Beauty,Google Play,Mohit Y.,4,Brilliant quality. Worth every rupee spent.
2025-05-09,Woodland Casual Sneakers,Fashion,App Store,Arjun P.,3,Decent product. Does exactly what it says.
2025-05-09,boAt Airdopes 141 TWS Earbuds,Electronics,Meesho,Ravi K.,4,Outstanding product. Fast delivery and good packaging.
2025-05-10,HP 65W Laptop Power Adapter,Office & Computing,Amazon,Karan J.,4,Outstanding product. Fast delivery and good packaging.
2025-05-10,Kuber Industries Storage Box,Home & Living,Meesho,Sanjay L.,4,Absolutely love this product! Quality is excellent and delivery was fast.
2025-05-10,Mamaearth Vitamin C Face Wash,Beauty,Google Play,Farhan X.,4,Absolutely love this product! Quality is excellent and delivery was fast.
2025-05-10,Sony WH-1000XM5 Headphones,Electronics,Amazon,Nisha G.,5,Five stars! Will recommend to friends and family.
2025-05-11,Prestige Induction Cooktop 1200W,Home & Living,Meesho,Karan J.,5,Top notch quality. Highly recommend to everyone.
2025-05-11,Puma Classic Track Pants,Fashion,Google Play,Preeti C.,5,Amazing! This is one of the best purchases I have made.
2025-05-11,boAt Airdopes 141 TWS Earbuds,Electronics,Flipkart,Suresh I.,4,Five stars! Will recommend to friends and family.
2025-05-12,Allen Solly Polo T-Shirt,Fashion,Flipkart,Amit D.,4,Great value for money. Very happy with my purchase.
2025-05-12,Anker 65W GaN Fast Charger,Electronics,Flipkart,Arjun P.,2,Very poor quality compared to the description.
2025-05-12,Lakme Absolute Foundation,Beauty,Google Play,Meena N.,5,Absolutely love this product! Quality is excellent and delivery was fast.
2025-05-12,Logitech MX Keys Keyboard,Electronics,Meesho,Sneha R.,5,Exceeded my expectations. Will definitely buy again.
2025-05-12,Mamaearth Vitamin C Face Wash,Beauty,Myntra,Geeta U.,5,Very satisfied. Quality is premium and packaging was neat.
2025-05-12,Mi 10000mAh Power Bank,Electronics,Myntra,Shreya Z.,4,Top notch quality. Highly recommend to everyone.
2025-05-12,Milton Thermosteel Flask 1L,Home & Living,Google Play,Lalita Q.,3,Okay product. Nothing extraordinary.
2025-05-12,Plum Green Tea Toner 200ml,Beauty,Myntra,Nisha G.,3,Does the job but not impressed.
2025-05-13,JBL Flip 6 Bluetooth Speaker,Electronics,Meesho,Farhan X.,4,Amazing! This is one of the best purchases I have made.
2025-05-13,Levi's 511 Slim Fit Jeans,Fashion,Myntra,Preeti C.,5,Perfect product. Works exactly as described.
2025-05-13,Logitech MX Keys Keyboard,Electronics,Google Play,Geeta U.,4,Exceeded my expectations. Will definitely buy again.
2025-05-13,Royalford Bamboo Chopping Board,Home & Living,Myntra,Nisha G.,4,Perfect product. Works exactly as described.
2025-05-13,Sony WH-1000XM5 Headphones,Electronics,Meesho,Ramesh B.,3,It's fine. Meets basic requirements.
2025-05-14,FabIndia Cotton Kurta,Fashion,App Store,Sneha R.,5,Outstanding product. Fast delivery and good packaging.
2025-05-14,Milton Thermosteel Flask 1L,Home & Living,App Store,Pooja V.,5,Outstanding product. Fast delivery and good packaging.
2025-05-14,Portronics Table Lamp LED,Office & Computing,Myntra,Priya S.,3,Average quality but acceptable for the price.
2025-05-14,Samsung Galaxy Buds3 Pro,Electronics,Amazon,Ananya M.,3,Does the job but not impressed.
2025-05-14,Story@Home Blackout Curtains,Home & Living,Myntra,Vikram H.,5,Brilliant quality. Worth every rupee spent.
2025-05-14,Wow Skin Science Hair Oil,Beauty,Myntra,Sunita W.,3,Okay product. Nothing extraordinary.
2025-05-15,H&M Relaxed Fit Shirt,Fashion,Meesho,Anjali E.,5,Great value for money. Very happy with my purchase.
2025-05-15,JBL Flip 6 Bluetooth Speaker,Electronics,Flipkart,Sneha R.,3,Average quality but acceptable for the price.
2025-05-15,Mi 10000mAh Power Bank,Electronics,Meesho,Kavya T.,5,Top notch quality. Highly recommend to everyone.
2025-05-15,Plum Green Tea Toner 200ml,Beauty,Myntra,Karan J.,3,Okay product. Nothing extraordinary.
2025-05-15,Prestige Induction Cooktop 1200W,Home & Living,Myntra,Aditya R.,5,Brilliant quality. Worth every rupee spent.
2025-05-15,Samsung Galaxy Buds3 Pro,Electronics,Myntra,Geeta U.,4,Absolutely love this product! Quality is excellent and delivery was fast.
2025-05-15,Sony WH-1000XM5 Headphones,Electronics,App Store,Rohan D.,4,Brilliant quality. Worth every rupee spent.
2025-05-15,boAt Airdopes 141 TWS Earbuds,Electronics,App Store,Sanjay L.,3,Decent product. Does exactly what it says.
2025-05-16,FabIndia Cotton Kurta,Fashion,Meesho,Sunita W.,3,Neither good nor bad. Just average.
2025-05-16,Minimalist 10% Niacinamide Serum,Beauty,Meesho,Ananya M.,4,Perfect product. Works exactly as described.
2025-05-17,Mi 10000mAh Power Bank,Electronics,App Store,Ishaan B.,5,Brilliant quality. Worth every rupee spent.
2025-05-17,Milton Thermosteel Flask 1L,Home & Living,Flipkart,Rahul O.,3,Works but quality could be improved.
2025-05-17,Minimalist 10% Niacinamide Serum,Beauty,Meesho,Anjali E.,4,Very satisfied. Quality is premium and packaging was neat.
2025-05-17,Pigeon Aluminium Non-Stick Pan,Home & Living,Meesho,Nikhil A.,5,Amazing! This is one of the best purchases I have made.
2025-05-17,Portronics Table Lamp LED,Office & Computing,App Store,Aditya R.,3,It's fine. Meets basic requirements.
2025-05-17,Zebronics ZEB-Crystal Pro Webcam,Electronics,Google Play,Geeta U.,5,Brilliant quality. Worth every rupee spent.
2025-05-18,Allen Solly Polo T-Shirt,Fashion,Google Play,Sneha R.,3,Okay product. Nothing extraordinary.
2025-05-18,H&M Relaxed Fit Shirt,Fashion,Google Play,Priya S.,4,Great value for money. Very happy with my purchase.
2025-05-18,Levi's 511 Slim Fit Jeans,Fashion,Meesho,Meena N.,3,Not bad. Could be better but serves the purpose.
2025-05-18,Mamaearth Vitamin C Face Wash,Beauty,Flipkart,Sunita W.,5,Five stars! Will recommend to friends and family.
2025-05-18,Mi 10000mAh Power Bank,Electronics,Google Play,Karan J.,4,Brilliant quality. Worth every rupee spent.
2025-05-18,Plum Green Tea Toner 200ml,Beauty,App Store,Preeti C.,3,Neither good nor bad. Just average.
2025-05-19,Allen Solly Polo T-Shirt,Fashion,App Store,Sneha R.,4,Great value for money. Very happy with my purchase.
2025-05-19,H&M Relaxed Fit Shirt,Fashion,Meesho,Nisha G.,3,Does the job but not impressed.
2025-05-19,HP 65W Laptop Power Adapter,Office & Computing,App Store,Ravi K.,4,Brilliant quality. Worth every rupee spent.
2025-05-19,Logitech MX Keys Keyboard,Electronics,Myntra,Amit D.,5,Five stars! Will recommend to friends and family.
2025-05-19,Prestige Induction Cooktop 1200W,Home & Living,Flipkart,Sanjay L.,3,Decent product. Does exactly what it says.
2025-05-19,Samsung Galaxy Buds3 Pro,Electronics,Myntra,Ramesh B.,3,Average quality but acceptable for the price.
2025-05-19,Sony WH-1000XM5 Headphones,Electronics,Amazon,Geeta U.,4,Great value for money. Very happy with my purchase.
2025-05-19,Syska USB Hub 4-Port,Office & Computing,Meesho,Meena N.,5,Outstanding product. Fast delivery and good packaging.
2025-05-19,Wow Skin Science Hair Oil,Beauty,Google Play,Lalita Q.,5,Five stars! Will recommend to friends and family.
2025-05-20,Mi 10000mAh Power Bank,Electronics,Flipkart,Meena N.,3,Decent product. Does exactly what it says.
2025-05-20,Plum Green Tea Toner 200ml,Beauty,Flipkart,Lalita Q.,5,Outstanding product. Fast delivery and good packaging.
2025-05-20,Story@Home Blackout Curtains,Home & Living,Flipkart,Kavya T.,5,Five stars! Will recommend to friends and family.
2025-05-21,JBL Flip 6 Bluetooth Speaker,Electronics,Google Play,Ishaan B.,2,Bad product. Had issues from day one.
2025-05-21,Mi 10000mAh Power Bank,Electronics,Amazon,Ramesh B.,3,Average quality but acceptable for the price.
2025-05-21,Milton Thermosteel Flask 1L,Home & Living,Meesho,Sneha R.,3,Decent product. Does exactly what it says.
2025-05-21,Pigeon Aluminium Non-Stick Pan,Home & Living,App Store,Suresh I.,4,Perfect product. Works exactly as described.
2025-05-21,Portronics Table Lamp LED,Office & Computing,App Store,Sanjay L.,3,Not bad. Could be better but serves the purpose.
2025-05-21,Prestige Induction Cooktop 1200W,Home & Living,Meesho,Aditya R.,5,Very satisfied. Quality is premium and packaging was neat.
2025-05-21,boAt Airdopes 141 TWS Earbuds,Electronics,Meesho,Ananya M.,4,Great value for money. Very happy with my purchase.
2025-05-22,HP 65W Laptop Power Adapter,Office & Computing,Google Play,Meena N.,4,Amazing! This is one of the best purchases I have made.
2025-05-22,Mamaearth Vitamin C Face Wash,Beauty,Meesho,Amit D.,3,Not bad. Could be better but serves the purpose.
2025-05-23,Allen Solly Polo T-Shirt,Fashion,Flipkart,Sanjay L.,5,Amazing! This is one of the best purchases I have made.
2025-05-23,Biotique Bio Morning Nector SPF,Beauty,Meesho,Anjali E.,3,Decent product. Does exactly what it says.
2025-05-23,Portronics Table Lamp LED,Office & Computing,Amazon,Aditya R.,4,Outstanding product. Fast delivery and good packaging.
2025-05-23,Samsung Galaxy Buds3 Pro,Electronics,Amazon,Ananya M.,4,Very satisfied. Quality is premium and packaging was neat.
2025-05-23,Story@Home Blackout Curtains,Home & Living,App Store,Ramesh B.,5,Outstanding product. Fast delivery and good packaging.
2025-05-24,JBL Flip 6 Bluetooth Speaker,Electronics,Myntra,Vikram H.,2,Very poor quality compared to the description.
2025-05-24,Levi's 511 Slim Fit Jeans,Fashion,Flipkart,Preeti C.,4,Amazing! This is one of the best purchases I have made.
2025-05-24,Minimalist 10% Niacinamide Serum,Beauty,Meesho,Mohit Y.,4,Amazing! This is one of the best purchases I have made.
2025-05-24,Royalford Bamboo Chopping Board,Home & Living,Flipkart,Ananya M.,4,Perfect product. Works exactly as described.
2025-05-25,Allen Solly Polo T-Shirt,Fashion,Amazon,Sunita W.,4,Outstanding product. Fast delivery and good packaging.
2025-05-25,FabIndia Cotton Kurta,Fashion,App Store,Divya F.,5,Amazing! This is one of the best purchases I have made.
2025-05-25,Plum Green Tea Toner 200ml,Beauty,App Store,Shreya Z.,4,Amazing! This is one of the best purchases I have made.
2025-05-26,AmazonBasics Adjustable Laptop Stand,Office & Computing,Google Play,Mohit Y.,3,Not bad. Could be better but serves the purpose.
2025-05-26,HP 65W Laptop Power Adapter,Office & Computing,Meesho,Sunita W.,3,Neither good nor bad. Just average.
2025-05-26,Kuber Industries Storage Box,Home & Living,Meesho,Karan J.,5,Outstanding product. Fast delivery and good packaging.
2025-05-26,Lakme Absolute Foundation,Beauty,App Store,Divya F.,5,Five stars! Will recommend to friends and family.
2025-05-26,Milton Thermosteel Flask 1L,Home & Living,Amazon,Pooja V.,3,Works but quality could be improved.
2025-05-26,Minimalist 10% Niacinamide Serum,Beauty,Myntra,Priya S.,4,Very satisfied. Quality is premium and packaging was neat.
2025-05-26,Prestige Induction Cooktop 1200W,Home & Living,Flipkart,Ishaan B.,3,Does the job but not impressed.
2025-05-26,Zebronics ZEB-Crystal Pro Webcam,Electronics,Amazon,Deepa C.,5,Absolutely love this product! Quality is excellent and delivery was fast.
2025-05-27,Minimalist 10% Niacinamide Serum,Beauty,Myntra,Ananya M.,5,Outstanding product. Fast delivery and good packaging.
2025-05-27,Prestige Induction Cooktop 1200W,Home & Living,App Store,Kavya T.,5,Absolutely love this product! Quality is excellent and delivery was fast.
2025-05-27,Syska USB Hub 4-Port,Office & Computing,Meesho,Shreya Z.,1,Product is defective. Will be returning it.
2025-05-27,Wow Skin Science Hair Oil,Beauty,Flipkart,Ishaan B.,4,Five stars! Will recommend to friends and family.
2025-05-28,H&M Relaxed Fit Shirt,Fashion,Meesho,Ravi K.,3,Neither good nor bad. Just average.
2025-05-28,Lakme Absolute Foundation,Beauty,Flipkart,Lalita Q.,5,Top notch quality. Highly recommend to everyone.
2025-05-28,Royalford Bamboo Chopping Board,Home & Living,Amazon,Ananya M.,5,Five stars! Will recommend to friends and family.
2025-05-29,JBL Flip 6 Bluetooth Speaker,Electronics,App Store,Nisha G.,4,Five stars! Will recommend to friends and family.
2025-05-29,Kuber Industries Storage Box,Home & Living,Myntra,Deepa C.,4,Top notch quality. Highly recommend to everyone.
2025-05-29,Milton Thermosteel Flask 1L,Home & Living,App Store,Shreya Z.,3,Product is okay. Delivery was delayed slightly.
2025-05-29,Woodland Casual Sneakers,Fashion,Google Play,Ravi K.,1,Waste of money. Completely unsatisfied.
2025-05-30,H&M Relaxed Fit Shirt,Fashion,Amazon,Priya S.,4,Five stars! Will recommend to friends and family.
2025-05-30,Kuber Industries Storage Box,Home & Living,Myntra,Kavya T.,3,Product is okay. Delivery was delayed slightly.
2025-05-30,Minimalist 10% Niacinamide Serum,Beauty,Myntra,Amit D.,4,Top notch quality. Highly recommend to everyone.
2025-05-30,Portronics Table Lamp LED,Office & Computing,Amazon,Karan J.,2,Very disappointed. Product quality is poor.
2025-05-30,Prestige Induction Cooktop 1200W,Home & Living,Google Play,Sneha R.,5,Exceeded my expectations. Will definitely buy again.
2025-05-30,Royalford Bamboo Chopping Board,Home & Living,App Store,Divya F.,4,Top notch quality. Highly recommend to everyone.
2025-05-30,Sony WH-1000XM5 Headphones,Electronics,Amazon,Ishaan B.,5,Absolutely love this product! Quality is excellent and delivery was fast.
2025-05-31,Logitech MX Keys Keyboard,Electronics,Myntra,Suresh I.,4,Five stars! Will recommend to friends and family.
2025-05-31,Zebronics ZEB-Crystal Pro Webcam,Electronics,Amazon,Ishaan B.,3,It's fine. Meets basic requirements.
2025-06-01,FabIndia Cotton Kurta,Fashion,Meesho,Arjun P.,4,Exceeded my expectations. Will definitely buy again.
2025-06-01,Kuber Industries Storage Box,Home & Living,App Store,Meena N.,3,Not bad. Could be better but serves the purpose.
2025-06-01,Portronics Table Lamp LED,Office & Computing,Amazon,Ananya M.,5,Five stars! Will recommend to friends and family.
2025-06-01,Syska USB Hub 4-Port,Office & Computing,App Store,Pooja V.,3,It's fine. Meets basic requirements.
2025-06-02,Anker 65W GaN Fast Charger,Electronics,Google Play,Divya F.,2,Regret buying this. Will not purchase again.
2025-06-02,FabIndia Cotton Kurta,Fashion,Google Play,Pooja V.,5,Perfect product. Works exactly as described.
2025-06-02,HP 65W Laptop Power Adapter,Office & Computing,Meesho,Deepa C.,5,Brilliant quality. Worth every rupee spent.
2025-06-02,JBL Flip 6 Bluetooth Speaker,Electronics,Meesho,Preeti C.,3,Not bad. Could be better but serves the purpose.
2025-06-02,Lakme Absolute Foundation,Beauty,Flipkart,Kavya T.,3,Acceptable quality. Expected a bit more.
2025-06-02,Levi's 511 Slim Fit Jeans,Fashion,Meesho,Nikhil A.,4,Amazing! This is one of the best purchases I have made.
2025-06-02,Minimalist 10% Niacinamide Serum,Beauty,Google Play,Sneha R.,1,Not worth the money. Would not recommend.
2025-06-02,Pigeon Aluminium Non-Stick Pan,Home & Living,Flipkart,Suresh I.,4,Absolutely love this product! Quality is excellent and delivery was fast.
2025-06-02,Plum Green Tea Toner 200ml,Beauty,Google Play,Sunita W.,4,Very satisfied. Quality is premium and packaging was neat.
2025-06-02,Syska USB Hub 4-Port,Office & Computing,App Store,Ravi K.,2,Product is defective. Will be returning it.
2025-06-02,Wow Skin Science Hair Oil,Beauty,Myntra,Lalita Q.,5,Very satisfied. Quality is premium and packaging was neat.
2025-06-03,HP 65W Laptop Power Adapter,Office & Computing,Myntra,Arjun P.,5,Brilliant quality. Worth every rupee spent.
2025-06-03,Mamaearth Vitamin C Face Wash,Beauty,Meesho,Farhan X.,4,Absolutely love this product! Quality is excellent and delivery was fast.
2025-06-03,Puma Classic Track Pants,Fashion,Google Play,Nisha G.,5,Amazing! This is one of the best purchases I have made.
2025-06-03,Samsung Galaxy Buds3 Pro,Electronics,Myntra,Aditya R.,5,Amazing! This is one of the best purchases I have made.
2025-06-03,Woodland Casual Sneakers,Fashion,Amazon,Geeta U.,5,Five stars! Will recommend to friends and family.
2025-06-04,FabIndia Cotton Kurta,Fashion,Google Play,Nisha G.,3,Works but quality could be improved.
2025-06-04,Kuber Industries Storage Box,Home & Living,Flipkart,Amit D.,5,Top notch quality. Highly recommend to everyone.
2025-06-05,Allen Solly Polo T-Shirt,Fashion,Flipkart,Anjali E.,5,Perfect product. Works exactly as described.
2025-06-05,Anker 65W GaN Fast Charger,Electronics,Myntra,Farhan X.,5,Perfect product. Works exactly as described.
2025-06-05,JBL Flip 6 Bluetooth Speaker,Electronics,Google Play,Nisha G.,4,Top notch quality. Highly recommend to everyone.
2025-06-05,Logitech MX Keys Keyboard,Electronics,Meesho,Priya S.,3,Average quality but acceptable for the price.
2025-06-05,Mamaearth Vitamin C Face Wash,Beauty,Meesho,Vikram H.,4,Brilliant quality. Worth every rupee spent.
2025-06-06,Biotique Bio Morning Nector SPF,Beauty,Google Play,Rohan D.,4,Amazing! This is one of the best purchases I have made.
2025-06-06,FabIndia Cotton Kurta,Fashion,Flipkart,Sanjay L.,4,Outstanding product. Fast delivery and good packaging.
2025-06-06,Woodland Casual Sneakers,Fashion,Flipkart,Preeti C.,4,Absolutely love this product! Quality is excellent and delivery was fast.
2025-06-07,Anker 65W GaN Fast Charger,Electronics,Google Play,Kavya T.,3,Neither good nor bad. Just average.
2025-06-07,Logitech MX Keys Keyboard,Electronics,Amazon,Sanjay L.,5,Five stars! Will recommend to friends and family.
2025-06-07,Mi 10000mAh Power Bank,Electronics,Amazon,Aditya R.,5,Great value for money. Very happy with my purchase.
2025-06-07,Samsung Galaxy Buds3 Pro,Electronics,Amazon,Meena N.,5,Top notch quality. Highly recommend to everyone.
2025-06-07,boAt Airdopes 141 TWS Earbuds,Electronics,Myntra,Ananya M.,3,Works but quality could be improved.
2025-06-08,JBL Flip 6 Bluetooth Speaker,Electronics,Flipkart,Lalita Q.,5,Very satisfied. Quality is premium and packaging was neat.
2025-06-08,Prestige Induction Cooktop 1200W,Home & Living,Flipkart,Preeti C.,4,Brilliant quality. Worth every rupee spent.
2025-06-08,Puma Classic Track Pants,Fashion,Google Play,Suresh I.,4,Absolutely love this product! Quality is excellent and delivery was fast.
2025-06-08,Story@Home Blackout Curtains,Home & Living,Meesho,Priya S.,4,Perfect product. Works exactly as described.
2025-06-08,Wow Skin Science Hair Oil,Beauty,Flipkart,Ravi K.,3,Neither good nor bad. Just average.
2025-06-09,Allen Solly Polo T-Shirt,Fashion,Google Play,Lalita Q.,3,Neither good nor bad. Just average.
2025-06-09,Anker 65W GaN Fast Charger,Electronics,Flipkart,Priya S.,5,Outstanding product. Fast delivery and good packaging.
2025-06-09,FabIndia Cotton Kurta,Fashion,Myntra,Arjun P.,5,Five stars! Will recommend to friends and family.
2025-06-09,JBL Flip 6 Bluetooth Speaker,Electronics,Myntra,Aditya R.,3,Decent product. Does exactly what it says.
2025-06-09,Kuber Industries Storage Box,Home & Living,Amazon,Ramesh B.,4,Five stars! Will recommend to friends and family.
2025-06-09,Lakme Absolute Foundation,Beauty,Myntra,Nisha G.,5,Exceeded my expectations. Will definitely buy again.
2025-06-09,Mamaearth Vitamin C Face Wash,Beauty,Google Play,Suresh I.,4,Perfect product. Works exactly as described.
2025-06-09,Milton Thermosteel Flask 1L,Home & Living,Google Play,Kavya T.,4,Top notch quality. Highly recommend to everyone.
2025-06-09,Portronics Table Lamp LED,Office & Computing,Google Play,Mohit Y.,3,Works but quality could be improved.
2025-06-09,Sony WH-1000XM5 Headphones,Electronics,App Store,Karan J.,3,Works but quality could be improved.
2025-06-09,Story@Home Blackout Curtains,Home & Living,App Store,Preeti C.,4,Outstanding product. Fast delivery and good packaging.
2025-06-09,Zebronics ZEB-Crystal Pro Webcam,Electronics,App Store,Farhan X.,4,Brilliant quality. Worth every rupee spent.
2025-06-10,HP 65W Laptop Power Adapter,Office & Computing,Google Play,Suresh I.,3,Acceptable quality. Expected a bit more.
2025-06-10,JBL Flip 6 Bluetooth Speaker,Electronics,Flipkart,Mohit Y.,5,Perfect product. Works exactly as described.
2025-06-10,Kuber Industries Storage Box,Home & Living,App Store,Priya S.,3,Does the job but not impressed.
2025-06-10,Levi's 511 Slim Fit Jeans,Fashion,App Store,Geeta U.,5,Five stars! Will recommend to friends and family.
2025-06-10,Logitech MX Keys Keyboard,Electronics,Google Play,Nisha G.,4,Brilliant quality. Worth every rupee spent.
2025-06-10,Pigeon Aluminium Non-Stick Pan,Home & Living,App Store,Sanjay L.,4,Brilliant quality. Worth every rupee spent.
2025-06-10,Zebronics ZEB-Crystal Pro Webcam,Electronics,Google Play,Lalita Q.,4,Top notch quality. Highly recommend to everyone.
2025-06-11,AmazonBasics Adjustable Laptop Stand,Office & Computing,Google Play,Nikhil A.,4,Exceeded my expectations. Will definitely buy again.
2025-06-11,FabIndia Cotton Kurta,Fashion,Meesho,Sanjay L.,5,Brilliant quality. Worth every rupee spent.
2025-06-11,Levi's 511 Slim Fit Jeans,Fashion,Myntra,Shreya Z.,4,Top notch quality. Highly recommend to everyone.
2025-06-11,Plum Green Tea Toner 200ml,Beauty,Meesho,Geeta U.,4,Perfect product. Works exactly as described.
2025-06-11,Sony WH-1000XM5 Headphones,Electronics,Amazon,Ishaan B.,5,Great value for money. Very happy with my purchase.
2025-06-11,Woodland Casual Sneakers,Fashion,App Store,Rohan D.,5,Amazing! This is one of the best purchases I have made.
2025-06-11,boAt Airdopes 141 TWS Earbuds,Electronics,Google Play,Sneha R.,5,Brilliant quality. Worth every rupee spent.
2025-06-12,AmazonBasics Adjustable Laptop Stand,Office & Computing,App Store,Pooja V.,2,Waste of money. Completely unsatisfied.
2025-06-12,Biotique Bio Morning Nector SPF,Beauty,Myntra,Rohan D.,4,Outstanding product. Fast delivery and good packaging.
2025-06-12,Kuber Industries Storage Box,Home & Living,Google Play,Amit D.,2,Very poor quality compared to the description.
2025-06-12,Mi 10000mAh Power Bank,Electronics,Google Play,Preeti C.,5,Outstanding product. Fast delivery and good packaging.
2025-06-13,AmazonBasics Adjustable Laptop Stand,Office & Computing,Flipkart,Arjun P.,5,Five stars! Will recommend to friends and family.
2025-06-13,FabIndia Cotton Kurta,Fashion,Myntra,Anjali E.,3,Average quality but acceptable for the price.
2025-06-13,H&M Relaxed Fit Shirt,Fashion,App Store,Sneha R.,1,Bad product. Had issues from day one.
2025-06-13,HP 65W Laptop Power Adapter,Office & Computing,Google Play,Rahul O.,4,Outstanding product. Fast delivery and good packaging.
2025-06-13,Portronics Table Lamp LED,Office & Computing,Meesho,Nikhil A.,5,Five stars! Will recommend to friends and family.
2025-06-13,Prestige Induction Cooktop 1200W,Home & Living,Flipkart,Rohan D.,4,Five stars! Will recommend to friends and family.
2025-06-13,Puma Classic Track Pants,Fashion,Amazon,Lalita Q.,4,Amazing! This is one of the best purchases I have made.
2025-06-14,Minimalist 10% Niacinamide Serum,Beauty,Flipkart,Ananya M.,4,Brilliant quality. Worth every rupee spent.
2025-06-14,Portronics Table Lamp LED,Office & Computing,Meesho,Anjali E.,5,Great value for money. Very happy with my purchase.
2025-06-14,Syska USB Hub 4-Port,Office & Computing,Amazon,Priya S.,3,Not bad. Could be better but serves the purpose.
2025-06-15,JBL Flip 6 Bluetooth Speaker,Electronics,App Store,Nikhil A.,4,Great value for money. Very happy with my purchase.
2025-06-15,Kuber Industries Storage Box,Home & Living,Myntra,Arjun P.,3,Average quality but acceptable for the price.
2025-06-15,Pigeon Aluminium Non-Stick Pan,Home & Living,Google Play,Preeti C.,2,Very frustrating experience. Arrived damaged.
2025-06-16,Anker 65W GaN Fast Charger,Electronics,Meesho,Aditya R.,5,Perfect product. Works exactly as described.
2025-06-16,FabIndia Cotton Kurta,Fashion,Meesho,Priya S.,4,Perfect product. Works exactly as described.
2025-06-16,Levi's 511 Slim Fit Jeans,Fashion,Google Play,Shreya Z.,5,Very satisfied. Quality is premium and packaging was neat.
2025-06-16,Mamaearth Vitamin C Face Wash,Beauty,Myntra,Ishaan B.,4,Great value for money. Very happy with my purchase.
2025-06-16,Mi 10000mAh Power Bank,Electronics,Flipkart,Anjali E.,3,Acceptable quality. Expected a bit more.
2025-06-16,Pigeon Aluminium Non-Stick Pan,Home & Living,Myntra,Vikram H.,3,Acceptable quality. Expected a bit more.
2025-06-16,Sony WH-1000XM5 Headphones,Electronics,Amazon,Geeta U.,5,Amazing! This is one of the best purchases I have made.
2025-06-16,Wow Skin Science Hair Oil,Beauty,Amazon,Meena N.,4,Amazing! This is one of the best purchases I have made.
2025-06-17,Allen Solly Polo T-Shirt,Fashion,App Store,Ananya M.,5,Very satisfied. Quality is premium and packaging was neat.
2025-06-17,Mi 10000mAh Power Bank,Electronics,Meesho,Anjali E.,5,Five stars! Will recommend to friends and family.
2025-06-17,Prestige Induction Cooktop 1200W,Home & Living,Google Play,Arjun P.,5,Absolutely love this product! Quality is excellent and delivery was fast.
2025-06-17,Story@Home Blackout Curtains,Home & Living,App Store,Lalita Q.,4,Perfect product. Works exactly as described.
2025-06-17,Wow Skin Science Hair Oil,Beauty,Amazon,Suresh I.,5,Absolutely love this product! Quality is excellent and delivery was fast.
2025-06-18,Biotique Bio Morning Nector SPF,Beauty,Amazon,Ananya M.,4,Exceeded my expectations. Will definitely buy again.
2025-06-18,Mi 10000mAh Power Bank,Electronics,Flipkart,Preeti C.,4,Brilliant quality. Worth every rupee spent.
2025-06-19,JBL Flip 6 Bluetooth Speaker,Electronics,App Store,Geeta U.,5,Brilliant quality. Worth every rupee spent.
2025-06-19,Mi 10000mAh Power Bank,Electronics,Amazon,Pooja V.,1,Regret buying this. Will not purchase again.
2025-06-19,Plum Green Tea Toner 200ml,Beauty,Myntra,Sunita W.,1,Regret buying this. Will not purchase again.
2025-06-19,Royalford Bamboo Chopping Board,Home & Living,Meesho,Sneha R.,3,Not bad. Could be better but serves the purpose.
2025-06-20,H&M Relaxed Fit Shirt,Fashion,Myntra,Ishaan B.,5,Very satisfied. Quality is premium and packaging was neat.
2025-06-20,HP 65W Laptop Power Adapter,Office & Computing,Flipkart,Mohit Y.,2,Very frustrating experience. Arrived damaged.
2025-06-20,JBL Flip 6 Bluetooth Speaker,Electronics,Meesho,Ananya M.,5,Five stars! Will recommend to friends and family.
2025-06-20,Levi's 511 Slim Fit Jeans,Fashion,Google Play,Pooja V.,3,Neither good nor bad. Just average.
2025-06-20,Minimalist 10% Niacinamide Serum,Beauty,Myntra,Farhan X.,3,Neither good nor bad. Just average.
2025-06-20,Puma Classic Track Pants,Fashion,Meesho,Ramesh B.,4,Exceeded my expectations. Will definitely buy again.
2025-06-21,Anker 65W GaN Fast Charger,Electronics,Myntra,Meena N.,3,Average quality but acceptable for the price.
2025-06-21,HP 65W Laptop Power Adapter,Office & Computing,App Store,Ishaan B.,5,Perfect product. Works exactly as described.
2025-06-21,Minimalist 10% Niacinamide Serum,Beauty,Meesho,Pooja V.,1,Very bad experience. Customer service was unhelpful.
2025-06-21,Prestige Induction Cooktop 1200W,Home & Living,Myntra,Lalita Q.,4,Outstanding product. Fast delivery and good packaging.
2025-06-21,Puma Classic Track Pants,Fashion,Myntra,Aditya R.,4,Perfect product. Works exactly as described.
2025-06-21,Story@Home Blackout Curtains,Home & Living,App Store,Nisha G.,4,Great value for money. Very happy with my purchase.
2025-06-22,JBL Flip 6 Bluetooth Speaker,Electronics,Meesho,Anjali E.,3,Acceptable quality. Expected a bit more.
2025-06-22,Prestige Induction Cooktop 1200W,Home & Living,Amazon,Ravi K.,5,Amazing! This is one of the best purchases I have made.
2025-06-22,Puma Classic Track Pants,Fashion,Meesho,Ananya M.,4,Top notch quality. Highly recommend to everyone.
2025-06-23,Allen Solly Polo T-Shirt,Fashion,Google Play,Divya F.,5,Amazing! This is one of the best purchases I have made.
2025-06-23,JBL Flip 6 Bluetooth Speaker,Electronics,Meesho,Preeti C.,4,Top notch quality. Highly recommend to everyone.
2025-06-23,Kuber Industries Storage Box,Home & Living,Google Play,Pooja V.,5,Outstanding product. Fast delivery and good packaging.
2025-06-23,Logitech MX Keys Keyboard,Electronics,Myntra,Ramesh B.,5,Absolutely love this product! Quality is excellent and delivery was fast.
2025-06-23,boAt Airdopes 141 TWS Earbuds,Electronics,Myntra,Meena N.,4,Five stars! Will recommend to friends and family.
2025-06-24,FabIndia Cotton Kurta,Fashion,Meesho,Ramesh B.,2,Regret buying this. Will not purchase again.
2025-06-24,H&M Relaxed Fit Shirt,Fashion,App Store,Karan J.,5,Great value for money. Very happy with my purchase.
2025-06-24,JBL Flip 6 Bluetooth Speaker,Electronics,Flipkart,Divya F.,2,Very disappointed. Product quality is poor.
2025-06-24,Mamaearth Vitamin C Face Wash,Beauty,Flipkart,Mohit Y.,3,Works but quality could be improved.
2025-06-25,FabIndia Cotton Kurta,Fashion,Myntra,Nikhil A.,1,Waste of money. Completely unsatisfied.
2025-06-25,H&M Relaxed Fit Shirt,Fashion,App Store,Vikram H.,5,Great value for money. Very happy with my purchase.
2025-06-25,Sony WH-1000XM5 Headphones,Electronics,App Store,Ramesh B.,4,Five stars! Will recommend to friends and family.
2025-06-26,Anker 65W GaN Fast Charger,Electronics,App Store,Ramesh B.,4,Five stars! Will recommend to friends and family.
2025-06-26,Sony WH-1000XM5 Headphones,Electronics,Meesho,Rohan D.,4,Brilliant quality. Worth every rupee spent.
2025-06-26,Syska USB Hub 4-Port,Office & Computing,Flipkart,Rahul O.,5,Top notch quality. Highly recommend to everyone.
2025-06-27,Mamaearth Vitamin C Face Wash,Beauty,Meesho,Priya S.,3,Product is okay. Delivery was delayed slightly.
2025-06-27,Mi 10000mAh Power Bank,Electronics,Flipkart,Rohan D.,5,Amazing! This is one of the best purchases I have made.
2025-06-27,Milton Thermosteel Flask 1L,Home & Living,Amazon,Ishaan B.,3,Not bad. Could be better but serves the purpose.
2025-06-27,Prestige Induction Cooktop 1200W,Home & Living,Flipkart,Suresh I.,3,Acceptable quality. Expected a bit more.
2025-06-27,Syska USB Hub 4-Port,Office & Computing,Flipkart,Sanjay L.,4,Absolutely love this product! Quality is excellent and delivery was fast.
2025-06-28,FabIndia Cotton Kurta,Fashion,Flipkart,Priya S.,4,Brilliant quality. Worth every rupee spent.
2025-06-28,Mamaearth Vitamin C Face Wash,Beauty,Myntra,Anjali E.,4,Outstanding product. Fast delivery and good packaging.
2025-06-28,Wow Skin Science Hair Oil,Beauty,Meesho,Shreya Z.,5,Top notch quality. Highly recommend to everyone.
2025-06-29,Allen Solly Polo T-Shirt,Fashion,Meesho,Pooja V.,4,Great value for money. Very happy with my purchase.
2025-06-29,JBL Flip 6 Bluetooth Speaker,Electronics,Google Play,Mohit Y.,3,Works but quality could be improved.
2025-06-29,Logitech MX Keys Keyboard,Electronics,App Store,Preeti C.,4,Brilliant quality. Worth every rupee spent.
2025-06-29,Pigeon Aluminium Non-Stick Pan,Home & Living,Amazon,Ramesh B.,5,Absolutely love this product! Quality is excellent and delivery was fast.
2025-06-29,Portronics Table Lamp LED,Office & Computing,Amazon,Amit D.,2,Very disappointed. Product quality is poor.
2025-06-29,Royalford Bamboo Chopping Board,Home & Living,Myntra,Nikhil A.,4,Top notch quality. Highly recommend to everyone.
2025-06-29,Wow Skin Science Hair Oil,Beauty,Flipkart,Rohan D.,5,Top notch quality. Highly recommend to everyone.
2025-06-29,boAt Airdopes 141 TWS Earbuds,Electronics,Meesho,Aditya R.,5,Exceeded my expectations. Will definitely buy again.
2025-06-30,Allen Solly Polo T-Shirt,Fashion,App Store,Preeti C.,4,Great value for money. Very happy with my purchase.
2025-06-30,FabIndia Cotton Kurta,Fashion,App Store,Ananya M.,5,Five stars! Will recommend to friends and family.
2025-06-30,Mamaearth Vitamin C Face Wash,Beauty,Flipkart,Ravi K.,5,Five stars! Will recommend to friends and family.
2025-06-30,Milton Thermosteel Flask 1L,Home & Living,Amazon,Anjali E.,3,Acceptable quality. Expected a bit more.
2025-06-30,Royalford Bamboo Chopping Board,Home & Living,Google Play,Rohan D.,3,Decent product. Does exactly what it says.
