date,product_name,category,quantity,unit_price,revenue
2024-01-01,Allen Solly Polo T-Shirt,Fashion,29,972.23,28194.67
2024-01-01,AmazonBasics Adjustable Laptop Stand,Office & Computing,24,1764.28,42342.72
2024-01-01,Anker 65W GaN Fast Charger,Electronics,23,2497.25,57436.75
2024-01-01,Biotique Bio Morning Nector SPF,Beauty,3,244.99,734.97
2024-01-01,FabIndia Cotton Kurta,Fashion,17,1480.41,25166.97
2024-01-01,H&M Relaxed Fit Shirt,Fashion,12,828.0,9936.0
2024-01-01,HP 65W Laptop Power Adapter,Office & Computing,4,2044.58,8178.32
2024-01-01,JBL Flip 6 Bluetooth Speaker,Electronics,13,10361.96,134705.48
2024-01-01,Kuber Industries Storage Box,Home & Living,10,343.35,3433.5
2024-01-01,Lakme Absolute Foundation,Beauty,16,765.19,12243.04
2024-01-01,Levi's 511 Slim Fit Jeans,Fashion,18,2957.61,53236.98
2024-01-01,Logitech MX Keys Keyboard,Electronics,22,8551.92,188142.24
2024-01-01,Mamaearth Vitamin C Face Wash,Beauty,25,289.19,7229.75
2024-01-01,Mi 10000mAh Power Bank,Electronics,22,1024.67,22542.74
2024-01-01,Milton Thermosteel Flask 1L,Home & Living,24,724.37,17384.88
2024-01-01,Minimalist 10% Niacinamide Serum,Beauty,2,387.43,774.86
2024-01-01,Pigeon Aluminium Non-Stick Pan,Home & Living,1,934.33,934.33
2024-01-01,Plum Green Tea Toner 200ml,Beauty,5,381.45,1907.25
2024-01-01,Portronics Table Lamp LED,Office & Computing,27,1280.42,34571.34
2024-01-01,Prestige Induction Cooktop 1200W,Home & Living,20,2888.08,57761.6
2024-01-01,Puma Classic Track Pants,Fashion,11,2068.37,22752.07
2024-01-01,Royalford Bamboo Chopping Board,Home & Living,12,515.52,6186.24
2024-01-01,Samsung Galaxy Buds3 Pro,Electronics,21,12594.73,264489.33
2024-01-01,Sony WH-1000XM5 Headphones,Electronics,17,26161.41,444743.97
2024-01-01,Story@Home Blackout Curtains,Home & Living,23,1333.55,30671.65
2024-01-01,Syska USB Hub 4-Port,Office & Computing,14,576.78,8074.92
2024-01-01,Woodland Casual Sneakers,Fashion,21,2417.9,50775.9
2024-01-01,Wow Skin Science Hair Oil,Beauty,30,586.48,17594.4
2024-01-01,Zebronics ZEB-Crystal Pro Webcam,Electronics,13,1541.42,20038.46
2024-01-01,boAt Airdopes 141 TWS Earbuds,Electronics,25,1263.8,31595.0
2024-01-02,Allen Solly Polo T-Shirt,Fashion,23,1004.39,23100.97
2024-01-02,AmazonBasics Adjustable Laptop Stand,Office & Computing,41,1706.35,69960.35
2024-01-02,HP 65W Laptop Power Adapter,Office & Computing,50,2041.78,102089.0
2024-01-02,Kuber Industries Storage Box,Home & Living,14,358.04,5012.56
2024-01-02,Levi's 511 Slim Fit Jeans,Fashion,24,2919.23,70061.52
2024-01-02,Mamaearth Vitamin C Face Wash,Beauty,16,298.01,4768.16
2024-01-02,Milton Thermosteel Flask 1L,Home & Living,35,725.56,25394.6
2024-01-02,Minimalist 10% Niacinamide Serum,Beauty,42,389.02,16338.84
2024-01-02,Plum Green Tea Toner 200ml,Beauty,12,390.49,4685.88
2024-01-02,Portronics Table Lamp LED,Office & Computing,30,1370.83,41124.9
2024-01-02,Prestige Induction Cooktop 1200W,Home & Living,23,3042.62,69980.26
2024-01-02,Royalford Bamboo Chopping Board,Home & Living,19,507.53,9643.07
2024-01-02,Story@Home Blackout Curtains,Home & Living,41,1374.34,56347.94
2024-01-02,Syska USB Hub 4-Port,Office & Computing,23,602.83,13865.09
2024-01-02,Woodland Casual Sneakers,Fashion,13,2604.53,33858.89
2024-01-02,Zebronics ZEB-Crystal Pro Webcam,Electronics,32,1585.34,50730.88
2024-01-02,boAt Airdopes 141 TWS Earbuds,Electronics,12,1306.92,15683.04
2024-01-03,AmazonBasics Adjustable Laptop Stand,Office & Computing,26,1790.72,46558.72
2024-01-03,FabIndia Cotton Kurta,Fashion,42,1530.18,64267.56
2024-01-03,H&M Relaxed Fit Shirt,Fashion,20,794.29,15885.8
2024-01-03,Mamaearth Vitamin C Face Wash,Beauty,33,300.26,9908.58
2024-01-03,Mi 10000mAh Power Bank,Electronics,21,1011.69,21245.49
2024-01-03,Milton Thermosteel Flask 1L,Home & Living,13,713.26,9272.38
2024-01-03,Pigeon Aluminium Non-Stick Pan,Home & Living,4,882.19,3528.76
2024-01-03,Puma Classic Track Pants,Fashion,40,1961.62,78464.8
2024-01-03,Samsung Galaxy Buds3 Pro,Electronics,5,13297.98,66489.9
2024-01-03,Sony WH-1000XM5 Headphones,Electronics,16,27106.06,433696.96
2024-01-03,Syska USB Hub 4-Port,Office & Computing,45,571.57,25720.65
2024-01-03,Wow Skin Science Hair Oil,Beauty,28,632.84,17719.52
2024-01-03,Zebronics ZEB-Crystal Pro Webcam,Electronics,28,1556.86,43592.08
2024-01-03,boAt Airdopes 141 TWS Earbuds,Electronics,1,1275.23,1275.23
2024-01-04,AmazonBasics Adjustable Laptop Stand,Office & Computing,40,1876.36,75054.4
2024-01-04,Biotique Bio Morning Nector SPF,Beauty,12,239.24,2870.88
2024-01-04,FabIndia Cotton Kurta,Fashion,5,1497.35,7486.75
2024-01-04,H&M Relaxed Fit Shirt,Fashion,18,804.83,14486.94
2024-01-04,JBL Flip 6 Bluetooth Speaker,Electronics,5,10332.97,51664.85
2024-01-04,Logitech MX Keys Keyboard,Electronics,47,8890.02,417830.94
2024-01-04,Mamaearth Vitamin C Face Wash,Beauty,9,309.02,2781.18
2024-01-04,Plum Green Tea Toner 200ml,Beauty,49,363.9,17831.1
2024-01-04,Prestige Induction Cooktop 1200W,Home & Living,15,3064.48,45967.2
2024-01-04,Sony WH-1000XM5 Headphones,Electronics,12,27000.8,324009.6
2024-01-04,Woodland Casual Sneakers,Fashion,23,2592.3,59622.9
2024-01-04,Wow Skin Science Hair Oil,Beauty,39,595.95,23242.05
2024-01-04,Zebronics ZEB-Crystal Pro Webcam,Electronics,2,1467.97,2935.94
2024-01-05,Anker 65W GaN Fast Charger,Electronics,9,2424.03,21816.27
2024-01-05,HP 65W Laptop Power Adapter,Office & Computing,1,2040.38,2040.38
2024-01-05,JBL Flip 6 Bluetooth Speaker,Electronics,36,10508.95,378322.2
2024-01-05,Lakme Absolute Foundation,Beauty,50,801.76,40088.0
2024-01-05,Levi's 511 Slim Fit Jeans,Fashion,36,3058.38,110101.68
2024-01-05,Mamaearth Vitamin C Face Wash,Beauty,17,313.56,5330.52
2024-01-05,Portronics Table Lamp LED,Office & Computing,34,1270.94,43211.96
2024-01-05,Royalford Bamboo Chopping Board,Home & Living,3,485.48,1456.44
2024-01-05,Samsung Galaxy Buds3 Pro,Electronics,34,13031.5,443071.0
2024-01-05,Sony WH-1000XM5 Headphones,Electronics,31,25508.25,790755.75
2024-01-05,Story@Home Blackout Curtains,Home & Living,7,1365.12,9555.84
2024-01-05,Wow Skin Science Hair Oil,Beauty,16,576.84,9229.44
2024-01-05,boAt Airdopes 141 TWS Earbuds,Electronics,31,1308.35,40558.85
2024-01-06,FabIndia Cotton Kurta,Fashion,38,1432.44,54432.72
2024-01-06,H&M Relaxed Fit Shirt,Fashion,45,769.04,34606.8
2024-01-06,Kuber Industries Storage Box,Home & Living,6,362.54,2175.24
2024-01-06,Milton Thermosteel Flask 1L,Home & Living,3,692.29,2076.87
2024-01-06,Minimalist 10% Niacinamide Serum,Beauty,22,422.14,9287.08
2024-01-06,Puma Classic Track Pants,Fashion,41,1969.41,80745.81
2024-01-06,Samsung Galaxy Buds3 Pro,Electronics,41,13749.04,563710.64
2024-01-06,Woodland Casual Sneakers,Fashion,3,2541.66,7624.98
2024-01-06,Wow Skin Science Hair Oil,Beauty,29,620.62,17997.98
2024-01-07,Allen Solly Polo T-Shirt,Fashion,1,947.85,947.85
2024-01-07,Anker 65W GaN Fast Charger,Electronics,13,2478.51,32220.63
2024-01-07,H&M Relaxed Fit Shirt,Fashion,44,783.1,34456.4
2024-01-07,HP 65W Laptop Power Adapter,Office & Computing,3,1889.25,5667.75
2024-01-07,JBL Flip 6 Bluetooth Speaker,Electronics,36,9733.03,350389.08
2024-01-07,Kuber Industries Storage Box,Home & Living,32,354.17,11333.44
2024-01-07,Lakme Absolute Foundation,Beauty,9,789.28,7103.52
2024-01-07,Logitech MX Keys Keyboard,Electronics,40,8443.18,337727.2
2024-01-07,Mamaearth Vitamin C Face Wash,Beauty,43,292.36,12571.48
2024-01-07,Minimalist 10% Niacinamide Serum,Beauty,17,389.74,6625.58
2024-01-07,Pigeon Aluminium Non-Stick Pan,Home & Living,33,891.9,29432.7
2024-01-07,Plum Green Tea Toner 200ml,Beauty,4,384.56,1538.24
2024-01-07,Prestige Induction Cooktop 1200W,Home & Living,47,3037.53,142763.91
2024-01-07,Puma Classic Track Pants,Fashion,1,2013.99,2013.99
2024-01-07,Royalford Bamboo Chopping Board,Home & Living,35,526.44,18425.4
2024-01-07,Syska USB Hub 4-Port,Office & Computing,32,621.76,19896.32
2024-01-07,Woodland Casual Sneakers,Fashion,16,2636.97,42191.52
2024-01-07,Wow Skin Science Hair Oil,Beauty,28,622.18,17421.04
2024-01-07,Zebronics ZEB-Crystal Pro Webcam,Electronics,24,1561.21,37469.04
2024-01-08,Allen Solly Polo T-Shirt,Fashion,15,962.54,14438.1
2024-01-08,AmazonBasics Adjustable Laptop Stand,Office & Computing,26,1807.46,46993.96
2024-01-08,Anker 65W GaN Fast Charger,Electronics,26,2402.54,62466.04
2024-01-08,Biotique Bio Morning Nector SPF,Beauty,19,243.82,4632.58
2024-01-08,FabIndia Cotton Kurta,Fashion,29,1538.42,44614.18
2024-01-08,H&M Relaxed Fit Shirt,Fashion,22,826.01,18172.22
2024-01-08,HP 65W Laptop Power Adapter,Office & Computing,16,1950.82,31213.12
2024-01-08,JBL Flip 6 Bluetooth Speaker,Electronics,21,10173.98,213653.58
2024-01-08,Kuber Industries Storage Box,Home & Living,4,336.44,1345.76
2024-01-08,Lakme Absolute Foundation,Beauty,14,774.65,10845.1
2024-01-08,Levi's 511 Slim Fit Jeans,Fashion,20,2932.12,58642.4
2024-01-08,Logitech MX Keys Keyboard,Electronics,17,8370.12,142292.04
2024-01-08,Mamaearth Vitamin C Face Wash,Beauty,19,292.6,5559.4
2024-01-08,Mi 10000mAh Power Bank,Electronics,19,962.24,18282.56
2024-01-08,Milton Thermosteel Flask 1L,Home & Living,8,674.26,5394.08
2024-01-08,Minimalist 10% Niacinamide Serum,Beauty,11,408.7,4495.7
2024-01-08,Pigeon Aluminium Non-Stick Pan,Home & Living,14,877.6,12286.4
2024-01-08,Plum Green Tea Toner 200ml,Beauty,26,371.32,9654.32
2024-01-08,Portronics Table Lamp LED,Office & Computing,24,1290.3,30967.2
2024-01-08,Prestige Induction Cooktop 1200W,Home & Living,12,3103.12,37237.44
2024-01-08,Puma Classic Track Pants,Fashion,17,1982.81,33707.77
2024-01-08,Royalford Bamboo Chopping Board,Home & Living,1,507.13,507.13
2024-01-08,Samsung Galaxy Buds3 Pro,Electronics,24,12765.02,306360.48
2024-01-08,Sony WH-1000XM5 Headphones,Electronics,29,27154.64,787484.56
2024-01-08,Story@Home Blackout Curtains,Home & Living,11,1280.03,14080.33
2024-01-08,Syska USB Hub 4-Port,Office & Computing,18,575.04,10350.72
2024-01-08,Woodland Casual Sneakers,Fashion,17,2433.87,41375.79
2024-01-08,Wow Skin Science Hair Oil,Beauty,11,612.18,6733.98
2024-01-08,Zebronics ZEB-Crystal Pro Webcam,Electronics,27,1489.26,40210.02
2024-01-08,boAt Airdopes 141 TWS Earbuds,Electronics,25,1342.91,33572.75
2024-01-09,Allen Solly Polo T-Shirt,Fashion,3,954.54,2863.62
2024-01-09,Anker 65W GaN Fast Charger,Electronics,27,2491.75,67277.25
2024-01-09,H&M Relaxed Fit Shirt,Fashion,1,806.99,806.99
2024-01-09,HP 65W Laptop Power Adapter,Office & Computing,6,2003.8,12022.8
2024-01-09,JBL Flip 6 Bluetooth Speaker,Electronics,6,9580.04,57480.24
2024-01-09,Levi's 511 Slim Fit Jeans,Fashion,10,2994.2,29942.0
2024-01-09,Logitech MX Keys Keyboard,Electronics,25,8658.1,216452.5
2024-01-09,Mamaearth Vitamin C Face Wash,Beauty,44,286.35,12599.4
2024-01-09,Mi 10000mAh Power Bank,Electronics,38,1041.76,39586.88
2024-01-09,Milton Thermosteel Flask 1L,Home & Living,32,736.47,23567.04
2024-01-09,Plum Green Tea Toner 200ml,Beauty,33,370.69,12232.77
2024-01-09,Portronics Table Lamp LED,Office & Computing,5,1222.88,6114.4
2024-01-09,Prestige Induction Cooktop 1200W,Home & Living,30,3090.54,92716.2
2024-01-09,Samsung Galaxy Buds3 Pro,Electronics,12,12544.03,150528.36
2024-01-09,Sony WH-1000XM5 Headphones,Electronics,30,26571.66,797149.8
2024-01-09,Syska USB Hub 4-Port,Office & Computing,4,586.9,2347.6
2024-01-09,Woodland Casual Sneakers,Fashion,11,2574.84,28323.24
2024-01-09,Zebronics ZEB-Crystal Pro Webcam,Electronics,7,1461.38,10229.66
2024-01-10,Anker 65W GaN Fast Charger,Electronics,27,2499.0,67473.0
2024-01-10,Biotique Bio Morning Nector SPF,Beauty,28,259.78,7273.84
2024-01-10,FabIndia Cotton Kurta,Fashion,5,1497.65,7488.25
2024-01-10,H&M Relaxed Fit Shirt,Fashion,9,781.66,7034.94
2024-01-10,JBL Flip 6 Bluetooth Speaker,Electronics,35,10076.99,352694.65
2024-01-10,Kuber Industries Storage Box,Home & Living,7,350.78,2455.46
2024-01-10,Mamaearth Vitamin C Face Wash,Beauty,43,310.99,13372.57
2024-01-10,Mi 10000mAh Power Bank,Electronics,13,982.72,12775.36
2024-01-10,Minimalist 10% Niacinamide Serum,Beauty,8,395.81,3166.48
2024-01-10,Pigeon Aluminium Non-Stick Pan,Home & Living,33,922.01,30426.33
2024-01-10,Plum Green Tea Toner 200ml,Beauty,23,396.11,9110.53
2024-01-10,Prestige Induction Cooktop 1200W,Home & Living,24,3071.07,73705.68
2024-01-10,Royalford Bamboo Chopping Board,Home & Living,29,513.27,14884.83
2024-01-10,Samsung Galaxy Buds3 Pro,Electronics,33,12269.76,404902.08
2024-01-10,Sony WH-1000XM5 Headphones,Electronics,43,26490.69,1139099.67
2024-01-10,Story@Home Blackout Curtains,Home & Living,1,1335.89,1335.89
2024-01-10,Wow Skin Science Hair Oil,Beauty,19,611.58,11620.02
2024-01-10,boAt Airdopes 141 TWS Earbuds,Electronics,18,1338.23,24088.14
2024-01-11,FabIndia Cotton Kurta,Fashion,44,1500.5,66022.0
2024-01-11,H&M Relaxed Fit Shirt,Fashion,7,821.85,5752.95
2024-01-11,JBL Flip 6 Bluetooth Speaker,Electronics,27,10295.97,277991.19
2024-01-11,Levi's 511 Slim Fit Jeans,Fashion,11,2949.52,32444.72
2024-01-11,Mamaearth Vitamin C Face Wash,Beauty,9,312.34,2811.06
2024-01-11,Mi 10000mAh Power Bank,Electronics,29,982.32,28487.28
2024-01-11,Milton Thermosteel Flask 1L,Home & Living,39,682.22,26606.58
2024-01-11,Minimalist 10% Niacinamide Serum,Beauty,25,397.28,9932.0
2024-01-11,Pigeon Aluminium Non-Stick Pan,Home & Living,9,909.07,8181.63
2024-01-11,Prestige Induction Cooktop 1200W,Home & Living,45,2957.56,133090.2
2024-01-11,Samsung Galaxy Buds3 Pro,Electronics,34,13490.36,458672.24
2024-01-11,Sony WH-1000XM5 Headphones,Electronics,25,28541.93,713548.25
2024-01-11,Story@Home Blackout Curtains,Home & Living,37,1224.05,45289.85
2024-01-11,Zebronics ZEB-Crystal Pro Webcam,Electronics,39,1450.73,56578.47
2024-01-12,Anker 65W GaN Fast Charger,Electronics,23,2611.21,60057.83
2024-01-12,HP 65W Laptop Power Adapter,Office & Computing,2,2055.97,4111.94
2024-01-12,Mamaearth Vitamin C Face Wash,Beauty,30,299.45,8983.5
2024-01-12,Minimalist 10% Niacinamide Serum,Beauty,18,383.44,6901.92
2024-01-12,Pigeon Aluminium Non-Stick Pan,Home & Living,18,861.6,15508.8
2024-01-12,Prestige Induction Cooktop 1200W,Home & Living,50,3042.62,152131.0
2024-01-12,Puma Classic Track Pants,Fashion,27,1974.61,53314.47
2024-01-12,Royalford Bamboo Chopping Board,Home & Living,2,515.47,1030.94
2024-01-12,Sony WH-1000XM5 Headphones,Electronics,8,25637.8,205102.4
2024-01-12,Woodland Casual Sneakers,Fashion,40,2635.72,105428.8
2024-01-12,Wow Skin Science Hair Oil,Beauty,12,567.49,6809.88
2024-01-12,boAt Airdopes 141 TWS Earbuds,Electronics,19,1311.99,24927.81
2024-01-13,Anker 65W GaN Fast Charger,Electronics,21,2387.54,50138.34
2024-01-13,Biotique Bio Morning Nector SPF,Beauty,50,247.01,12350.5
2024-01-13,H&M Relaxed Fit Shirt,Fashion,29,787.65,22841.85
2024-01-13,Levi's 511 Slim Fit Jeans,Fashion,24,3078.47,73883.28
2024-01-13,Logitech MX Keys Keyboard,Electronics,24,8192.58,196621.92
2024-01-13,Mamaearth Vitamin C Face Wash,Beauty,42,299.45,12576.9
2024-01-13,Mi 10000mAh Power Bank,Electronics,45,1046.65,47099.25
2024-01-13,Milton Thermosteel Flask 1L,Home & Living,47,691.17,32484.99
2024-01-13,Plum Green Tea Toner 200ml,Beauty,7,369.49,2586.43
2024-01-13,Puma Classic Track Pants,Fashion,3,1891.65,5674.95
2024-01-13,Samsung Galaxy Buds3 Pro,Electronics,30,12555.73,376671.9
2024-01-13,Sony WH-1000XM5 Headphones,Electronics,20,27211.32,544226.4
2024-01-13,Woodland Casual Sneakers,Fashion,22,2441.11,53704.42
2024-01-13,Zebronics ZEB-Crystal Pro Webcam,Electronics,13,1484.31,19296.03
2024-01-13,boAt Airdopes 141 TWS Earbuds,Electronics,45,1343.82,60471.9
2024-01-14,AmazonBasics Adjustable Laptop Stand,Office & Computing,3,1747.19,5241.57
2024-01-14,H&M Relaxed Fit Shirt,Fashion,8,766.0,6128.0
2024-01-14,HP 65W Laptop Power Adapter,Office & Computing,1,2031.18,2031.18
2024-01-14,JBL Flip 6 Bluetooth Speaker,Electronics,2,10138.99,20277.98
2024-01-14,Kuber Industries Storage Box,Home & Living,32,346.59,11090.88
2024-01-14,Logitech MX Keys Keyboard,Electronics,11,8794.02,96734.22
2024-01-14,Mamaearth Vitamin C Face Wash,Beauty,5,296.34,1481.7
2024-01-14,Mi 10000mAh Power Bank,Electronics,50,972.93,48646.5
2024-01-14,Minimalist 10% Niacinamide Serum,Beauty,2,392.38,784.76
2024-01-14,Pigeon Aluminium Non-Stick Pan,Home & Living,14,895.58,12538.12
2024-01-14,Plum Green Tea Toner 200ml,Beauty,18,354.0,6372.0
2024-01-14,Prestige Induction Cooktop 1200W,Home & Living,2,2958.16,5916.32
2024-01-14,Royalford Bamboo Chopping Board,Home & Living,42,525.05,22052.1
2024-01-14,Zebronics ZEB-Crystal Pro Webcam,Electronics,48,1478.16,70951.68
2024-01-14,boAt Airdopes 141 TWS Earbuds,Electronics,2,1338.75,2677.5
2024-01-15,Allen Solly Polo T-Shirt,Fashion,12,1013.09,12157.08
2024-01-15,AmazonBasics Adjustable Laptop Stand,Office & Computing,30,1753.31,52599.3
2024-01-15,Anker 65W GaN Fast Charger,Electronics,10,2443.27,24432.7
2024-01-15,Biotique Bio Morning Nector SPF,Beauty,27,255.97,6911.19
2024-01-15,FabIndia Cotton Kurta,Fashion,18,1515.79,27284.22
2024-01-15,H&M Relaxed Fit Shirt,Fashion,3,772.87,2318.61
2024-01-15,HP 65W Laptop Power Adapter,Office & Computing,7,2043.38,14303.66
2024-01-15,JBL Flip 6 Bluetooth Speaker,Electronics,25,9989.0,249725.0
2024-01-15,Kuber Industries Storage Box,Home & Living,19,350.4,6657.6
2024-01-15,Lakme Absolute Foundation,Beauty,5,811.93,4059.65
2024-01-15,Levi's 511 Slim Fit Jeans,Fashion,3,3031.39,9094.17
2024-01-15,Logitech MX Keys Keyboard,Electronics,9,8293.67,74643.03
2024-01-15,Mamaearth Vitamin C Face Wash,Beauty,24,304.32,7303.68
2024-01-15,Mi 10000mAh Power Bank,Electronics,25,973.03,24325.75
2024-01-15,Milton Thermosteel Flask 1L,Home & Living,3,722.77,2168.31
2024-01-15,Minimalist 10% Niacinamide Serum,Beauty,17,397.64,6759.88
2024-01-15,Pigeon Aluminium Non-Stick Pan,Home & Living,23,928.49,21355.27
2024-01-15,Plum Green Tea Toner 200ml,Beauty,15,389.74,5846.1
2024-01-15,Portronics Table Lamp LED,Office & Computing,21,1256.26,26381.46
2024-01-15,Prestige Induction Cooktop 1200W,Home & Living,16,2907.85,46525.6
2024-01-15,Puma Classic Track Pants,Fashion,27,2005.8,54156.6
2024-01-15,Royalford Bamboo Chopping Board,Home & Living,12,516.86,6202.32
2024-01-15,Samsung Galaxy Buds3 Pro,Electronics,8,12624.63,100997.04
2024-01-15,Sony WH-1000XM5 Headphones,Electronics,9,26007.56,234068.04
2024-01-15,Story@Home Blackout Curtains,Home & Living,9,1271.33,11441.97
2024-01-15,Syska USB Hub 4-Port,Office & Computing,3,612.96,1838.88
2024-01-15,Woodland Casual Sneakers,Fashion,25,2465.06,61626.5
2024-01-15,Wow Skin Science Hair Oil,Beauty,13,597.38,7765.94
2024-01-15,Zebronics ZEB-Crystal Pro Webcam,Electronics,24,1527.18,36652.32
2024-01-15,boAt Airdopes 141 TWS Earbuds,Electronics,30,1247.04,37411.2
2024-01-16,Allen Solly Polo T-Shirt,Fashion,49,939.36,46028.64
2024-01-16,AmazonBasics Adjustable Laptop Stand,Office & Computing,47,1745.03,82016.41
2024-01-16,Anker 65W GaN Fast Charger,Electronics,15,2401.79,36026.85
2024-01-16,Levi's 511 Slim Fit Jeans,Fashion,44,3161.25,139095.0
2024-01-16,Logitech MX Keys Keyboard,Electronics,40,8868.78,354751.2
2024-01-16,Mamaearth Vitamin C Face Wash,Beauty,13,314.91,4093.83
2024-01-16,Mi 10000mAh Power Bank,Electronics,33,941.06,31054.98
2024-01-16,Portronics Table Lamp LED,Office & Computing,16,1244.05,19904.8
2024-01-16,Puma Classic Track Pants,Fashion,12,2021.79,24261.48
2024-01-16,Sony WH-1000XM5 Headphones,Electronics,31,27278.79,845642.49
2024-01-16,Story@Home Blackout Curtains,Home & Living,46,1231.71,56658.66
2024-01-16,Syska USB Hub 4-Port,Office & Computing,18,631.35,11364.3
2024-01-16,boAt Airdopes 141 TWS Earbuds,Electronics,25,1253.15,31328.75
2024-01-17,Allen Solly Polo T-Shirt,Fashion,16,1009.29,16148.64
2024-01-17,Biotique Bio Morning Nector SPF,Beauty,3,255.08,765.24
2024-01-17,FabIndia Cotton Kurta,Fashion,2,1586.99,3173.98
2024-01-17,Kuber Industries Storage Box,Home & Living,9,357.66,3218.94
2024-01-17,Lakme Absolute Foundation,Beauty,9,842.06,7578.54
2024-01-17,Logitech MX Keys Keyboard,Electronics,30,8716.72,261501.6
2024-01-17,Mi 10000mAh Power Bank,Electronics,28,1031.97,28895.16
2024-01-17,Milton Thermosteel Flask 1L,Home & Living,13,729.13,9478.69
2024-01-17,Portronics Table Lamp LED,Office & Computing,3,1311.73,3935.19
2024-01-17,Prestige Induction Cooktop 1200W,Home & Living,36,2858.73,102914.28
2024-01-17,Puma Classic Track Pants,Fashion,11,2091.75,23009.25
2024-01-17,Royalford Bamboo Chopping Board,Home & Living,12,522.25,6267.0
2024-01-17,Samsung Galaxy Buds3 Pro,Electronics,25,13472.16,336804.0
2024-01-17,Sony WH-1000XM5 Headphones,Electronics,48,27513.61,1320653.28
2024-01-17,Story@Home Blackout Curtains,Home & Living,24,1331.99,31967.76
2024-01-17,Zebronics ZEB-Crystal Pro Webcam,Electronics,47,1568.25,73707.75
2024-01-18,Allen Solly Polo T-Shirt,Fashion,36,995.9,35852.4
2024-01-18,AmazonBasics Adjustable Laptop Stand,Office & Computing,17,1726.14,29344.38
2024-01-18,Anker 65W GaN Fast Charger,Electronics,6,2520.24,15121.44
2024-01-18,Biotique Bio Morning Nector SPF,Beauty,18,243.17,4377.06
2024-01-18,FabIndia Cotton Kurta,Fashion,6,1568.4,9410.4
2024-01-18,HP 65W Laptop Power Adapter,Office & Computing,32,1984.81,63513.92
2024-01-18,Mi 10000mAh Power Bank,Electronics,28,1052.35,29465.8
2024-01-18,Minimalist 10% Niacinamide Serum,Beauty,49,394.41,19326.09
2024-01-18,Plum Green Tea Toner 200ml,Beauty,24,393.38,9441.12
2024-01-18,Portronics Table Lamp LED,Office & Computing,19,1350.18,25653.42
2024-01-18,Prestige Induction Cooktop 1200W,Home & Living,22,3096.23,68117.06
2024-01-18,Puma Classic Track Pants,Fashion,44,1907.45,83927.8
2024-01-18,Royalford Bamboo Chopping Board,Home & Living,16,507.68,8122.88
2024-01-18,Sony WH-1000XM5 Headphones,Electronics,24,28021.02,672504.48
2024-01-18,Woodland Casual Sneakers,Fashion,6,2521.7,15130.2
2024-01-19,Allen Solly Polo T-Shirt,Fashion,7,1036.96,7258.72
2024-01-19,FabIndia Cotton Kurta,Fashion,38,1521.78,57827.64
2024-01-19,H&M Relaxed Fit Shirt,Fashion,33,831.68,27445.44
2024-01-19,Levi's 511 Slim Fit Jeans,Fashion,11,2975.61,32731.71
2024-01-19,Pigeon Aluminium Non-Stick Pan,Home & Living,42,938.74,39427.08
2024-01-19,Plum Green Tea Toner 200ml,Beauty,7,360.49,2523.43
2024-01-19,Portronics Table Lamp LED,Office & Computing,35,1248.99,43714.65
2024-01-19,Prestige Induction Cooktop 1200W,Home & Living,37,3170.51,117308.87
2024-01-19,Puma Classic Track Pants,Fashion,38,2096.35,79661.3
2024-01-19,Royalford Bamboo Chopping Board,Home & Living,3,528.39,1585.17
2024-01-19,Samsung Galaxy Buds3 Pro,Electronics,26,12401.05,322427.3
2024-01-19,Story@Home Blackout Curtains,Home & Living,4,1230.93,4923.72
2024-01-19,Woodland Casual Sneakers,Fashion,15,2525.19,37877.85
2024-01-19,Wow Skin Science Hair Oil,Beauty,31,566.83,17571.73
2024-01-20,FabIndia Cotton Kurta,Fashion,37,1465.87,54237.19
2024-01-20,HP 65W Laptop Power Adapter,Office & Computing,18,1956.82,35222.76
2024-01-20,JBL Flip 6 Bluetooth Speaker,Electronics,2,9705.03,19410.06
2024-01-20,Levi's 511 Slim Fit Jeans,Fashion,36,3165.74,113966.64
2024-01-20,Mamaearth Vitamin C Face Wash,Beauty,40,282.7,11308.0
2024-01-20,Pigeon Aluminium Non-Stick Pan,Home & Living,21,943.86,19821.06
2024-01-20,Prestige Induction Cooktop 1200W,Home & Living,46,3000.69,138031.74
2024-01-20,Samsung Galaxy Buds3 Pro,Electronics,15,12722.12,190831.8
2024-01-20,Sony WH-1000XM5 Headphones,Electronics,19,26533.87,504143.53
2024-01-20,Syska USB Hub 4-Port,Office & Computing,14,620.98,8693.72
2024-01-20,Woodland Casual Sneakers,Fashion,33,2609.02,86097.66
2024-01-20,Wow Skin Science Hair Oil,Beauty,9,590.85,5317.65
2024-01-20,Zebronics ZEB-Crystal Pro Webcam,Electronics,22,1554.01,34188.22
2024-01-21,Biotique Bio Morning Nector SPF,Beauty,22,241.85,5320.7
2024-01-21,JBL Flip 6 Bluetooth Speaker,Electronics,27,9632.04,260065.08
2024-01-21,Kuber Industries Storage Box,Home & Living,16,366.73,5867.68
2024-01-21,Mamaearth Vitamin C Face Wash,Beauty,43,301.39,12959.77
2024-01-21,Mi 10000mAh Power Bank,Electronics,26,974.52,25337.52
2024-01-21,Pigeon Aluminium Non-Stick Pan,Home & Living,7,886.5,6205.5
2024-01-21,Puma Classic Track Pants,Fashion,36,2075.16,74705.76
2024-01-21,Royalford Bamboo Chopping Board,Home & Living,18,509.83,9176.94
2024-01-21,Story@Home Blackout Curtains,Home & Living,48,1240.03,59521.44
2024-01-21,Syska USB Hub 4-Port,Office & Computing,31,579.77,17972.87
2024-01-21,boAt Airdopes 141 TWS Earbuds,Electronics,6,1270.03,7620.18
2024-01-22,Allen Solly Polo T-Shirt,Fashion,8,1036.56,8292.48
2024-01-22,AmazonBasics Adjustable Laptop Stand,Office & Computing,22,1856.57,40844.54
2024-01-22,Anker 65W GaN Fast Charger,Electronics,23,2447.77,56298.71
2024-01-22,Biotique Bio Morning Nector SPF,Beauty,22,256.89,5651.58
2024-01-22,FabIndia Cotton Kurta,Fashion,6,1531.08,9186.48
2024-01-22,H&M Relaxed Fit Shirt,Fashion,3,773.03,2319.09
2024-01-22,HP 65W Laptop Power Adapter,Office & Computing,27,2002.8,54075.6
2024-01-22,JBL Flip 6 Bluetooth Speaker,Electronics,18,9628.04,173304.72
2024-01-22,Kuber Industries Storage Box,Home & Living,16,339.33,5429.28
2024-01-22,Lakme Absolute Foundation,Beauty,24,804.3,19303.2
2024-01-22,Levi's 511 Slim Fit Jeans,Fashion,15,3097.37,46460.55
2024-01-22,Logitech MX Keys Keyboard,Electronics,23,8368.42,192473.66
2024-01-22,Mamaearth Vitamin C Face Wash,Beauty,30,287.94,8638.2
2024-01-22,Mi 10000mAh Power Bank,Electronics,17,1011.09,17188.53
2024-01-22,Milton Thermosteel Flask 1L,Home & Living,4,696.41,2785.64
2024-01-22,Minimalist 10% Niacinamide Serum,Beauty,20,411.57,8231.4
2024-01-22,Pigeon Aluminium Non-Stick Pan,Home & Living,29,909.79,26383.91
2024-01-22,Plum Green Tea Toner 200ml,Beauty,16,377.47,6039.52
2024-01-22,Portronics Table Lamp LED,Office & Computing,15,1268.99,19034.85
2024-01-22,Prestige Induction Cooktop 1200W,Home & Living,27,2967.15,80113.05
2024-01-22,Puma Classic Track Pants,Fashion,9,1924.84,17323.56
2024-01-22,Royalford Bamboo Chopping Board,Home & Living,19,484.73,9209.87
2024-01-22,Samsung Galaxy Buds3 Pro,Electronics,4,13182.29,52729.16
2024-01-22,Sony WH-1000XM5 Headphones,Electronics,14,25913.1,362783.4
2024-01-22,Story@Home Blackout Curtains,Home & Living,7,1261.2,8828.4
2024-01-22,Syska USB Hub 4-Port,Office & Computing,20,605.59,12111.8
2024-01-22,Woodland Casual Sneakers,Fashion,24,2586.57,62077.68
2024-01-22,Wow Skin Science Hair Oil,Beauty,21,592.23,12436.83
2024-01-22,Zebronics ZEB-Crystal Pro Webcam,Electronics,26,1511.44,39297.44
2024-01-22,boAt Airdopes 141 TWS Earbuds,Electronics,11,1297.83,14276.13
2024-01-23,AmazonBasics Adjustable Laptop Stand,Office & Computing,43,1828.5,78625.5
2024-01-23,Anker 65W GaN Fast Charger,Electronics,48,2426.03,116449.44
2024-01-23,Biotique Bio Morning Nector SPF,Beauty,23,238.94,5495.62
2024-01-23,FabIndia Cotton Kurta,Fashion,5,1496.6,7483.0
2024-01-23,H&M Relaxed Fit Shirt,Fashion,50,754.42,37721.0
2024-01-23,JBL Flip 6 Bluetooth Speaker,Electronics,13,9703.03,126139.39
2024-01-23,Kuber Industries Storage Box,Home & Living,22,342.37,7532.14
2024-01-23,Logitech MX Keys Keyboard,Electronics,9,8425.34,75828.06
2024-01-23,Mi 10000mAh Power Bank,Electronics,46,1031.07,47429.22
2024-01-23,Minimalist 10% Niacinamide Serum,Beauty,40,396.93,15877.2
2024-01-23,Portronics Table Lamp LED,Office & Computing,31,1350.44,41863.64
2024-01-23,Prestige Induction Cooktop 1200W,Home & Living,37,3008.78,111324.86
2024-01-23,Syska USB Hub 4-Port,Office & Computing,11,588.94,6478.34
2024-01-23,Woodland Casual Sneakers,Fashion,25,2515.96,62899.0
2024-01-23,Wow Skin Science Hair Oil,Beauty,45,628.35,28275.75
2024-01-24,Allen Solly Polo T-Shirt,Fashion,9,948.75,8538.75
2024-01-24,AmazonBasics Adjustable Laptop Stand,Office & Computing,10,1898.12,18981.2
2024-01-24,H&M Relaxed Fit Shirt,Fashion,46,766.72,35269.12
2024-01-24,HP 65W Laptop Power Adapter,Office & Computing,14,1901.05,26614.7
2024-01-24,JBL Flip 6 Bluetooth Speaker,Electronics,19,10505.95,199613.05
2024-01-24,Lakme Absolute Foundation,Beauty,33,819.88,27056.04
2024-01-24,Levi's 511 Slim Fit Jeans,Fashion,6,3047.28,18283.68
2024-01-24,Mi 10000mAh Power Bank,Electronics,10,961.84,9618.4
2024-01-24,Milton Thermosteel Flask 1L,Home & Living,44,701.8,30879.2
2024-01-24,Pigeon Aluminium Non-Stick Pan,Home & Living,6,895.76,5374.56
2024-01-24,Plum Green Tea Toner 200ml,Beauty,13,374.81,4872.53
2024-01-24,Puma Classic Track Pants,Fashion,43,2033.38,87435.34
2024-01-24,Royalford Bamboo Chopping Board,Home & Living,19,502.39,9545.41
2024-01-24,Story@Home Blackout Curtains,Home & Living,29,1253.41,36348.89
2024-01-24,Syska USB Hub 4-Port,Office & Computing,36,609.6,21945.6
2024-01-24,Woodland Casual Sneakers,Fashion,28,2399.44,67184.32
2024-01-24,Wow Skin Science Hair Oil,Beauty,31,574.2,17800.2
2024-01-24,Zebronics ZEB-Crystal Pro Webcam,Electronics,47,1451.33,68212.51
2024-01-25,AmazonBasics Adjustable Laptop Stand,Office & Computing,34,1759.6,59826.4
2024-01-25,Anker 65W GaN Fast Charger,Electronics,6,2520.24,15121.44
2024-01-25,Minimalist 10% Niacinamide Serum,Beauty,30,412.01,12360.3
2024-01-25,Pigeon Aluminium Non-Stick Pan,Home & Living,37,871.4,32241.8
2024-01-25,Plum Green Tea Toner 200ml,Beauty,12,370.01,4440.12
2024-01-25,Prestige Induction Cooktop 1200W,Home & Living,43,2849.74,122538.82
2024-01-25,Royalford Bamboo Chopping Board,Home & Living,23,498.2,11458.6
2024-01-25,Story@Home Blackout Curtains,Home & Living,19,1319.0,25061.0
2024-01-25,Woodland Casual Sneakers,Fashion,32,2404.68,76949.76
2024-01-25,Wow Skin Science Hair Oil,Beauty,18,575.88,10365.84
2024-01-25,boAt Airdopes 141 TWS Earbuds,Electronics,42,1352.39,56800.38
2024-01-26,AmazonBasics Adjustable Laptop Stand,Office & Computing,29,1705.99,49473.71
2024-01-26,Anker 65W GaN Fast Charger,Electronics,30,2525.99,75779.7
2024-01-26,Levi's 511 Slim Fit Jeans,Fashion,30,3154.05,94621.5
2024-01-26,Logitech MX Keys Keyboard,Electronics,47,8653.01,406691.47
2024-01-26,Mamaearth Vitamin C Face Wash,Beauty,6,286.8,1720.8
2024-01-26,Milton Thermosteel Flask 1L,Home & Living,34,691.52,23511.68
2024-01-26,Pigeon Aluminium Non-Stick Pan,Home & Living,15,895.22,13428.3
2024-01-26,Puma Classic Track Pants,Fashion,32,2063.37,66027.84
2024-01-26,Royalford Bamboo Chopping Board,Home & Living,44,488.47,21492.68
2024-01-26,Samsung Galaxy Buds3 Pro,Electronics,37,12897.61,477211.57
2024-01-26,Sony WH-1000XM5 Headphones,Electronics,40,25656.69,1026267.6
2024-01-26,Wow Skin Science Hair Oil,Beauty,46,599.72,27587.12
2024-01-26,boAt Airdopes 141 TWS Earbuds,Electronics,20,1323.29,26465.8
2024-01-27,Allen Solly Polo T-Shirt,Fashion,6,1021.58,6129.48
2024-01-27,Anker 65W GaN Fast Charger,Electronics,38,2450.52,93119.76
2024-01-27,FabIndia Cotton Kurta,Fashion,1,1522.23,1522.23
2024-01-27,H&M Relaxed Fit Shirt,Fashion,44,845.18,37187.92
2024-01-27,HP 65W Laptop Power Adapter,Office & Computing,11,2055.17,22606.87
2024-01-27,Levi's 511 Slim Fit Jeans,Fashion,35,2835.85,99254.75
2024-01-27,Logitech MX Keys Keyboard,Electronics,11,8415.15,92566.65
2024-01-27,Milton Thermosteel Flask 1L,Home & Living,28,688.24,19270.72
2024-01-27,Pigeon Aluminium Non-Stick Pan,Home & Living,34,946.83,32192.22
2024-01-27,Prestige Induction Cooktop 1200W,Home & Living,28,3047.71,85335.88
2024-01-27,Royalford Bamboo Chopping Board,Home & Living,26,500.45,13011.7
2024-01-27,Story@Home Blackout Curtains,Home & Living,10,1375.12,13751.2
2024-01-27,Wow Skin Science Hair Oil,Beauty,9,569.89,5129.01
2024-01-27,boAt Airdopes 141 TWS Earbuds,Electronics,5,1279.51,6397.55
2024-01-28,Allen Solly Polo T-Shirt,Fashion,37,1028.57,38057.09
2024-01-28,Anker 65W GaN Fast Charger,Electronics,13,2369.8,30807.4
2024-01-28,Biotique Bio Morning Nector SPF,Beauty,9,256.67,2310.03
2024-01-28,JBL Flip 6 Bluetooth Speaker,Electronics,39,9613.04,374908.56
2024-01-28,Kuber Industries Storage Box,Home & Living,2,352.59,705.18
2024-01-28,Levi's 511 Slim Fit Jeans,Fashion,5,3138.75,15693.75
2024-01-28,Mi 10000mAh Power Bank,Electronics,3,980.42,2941.26
2024-01-28,Plum Green Tea Toner 200ml,Beauty,42,360.9,15157.8
2024-01-28,Portronics Table Lamp LED,Office & Computing,17,1281.59,21787.03
2024-01-28,Prestige Induction Cooktop 1200W,Home & Living,32,2817.7,90166.4
2024-01-28,Royalford Bamboo Chopping Board,Home & Living,41,489.52,20070.32
2024-01-28,Zebronics ZEB-Crystal Pro Webcam,Electronics,29,1431.25,41506.25
2024-01-29,Allen Solly Polo T-Shirt,Fashion,20,981.82,19636.4
2024-01-29,AmazonBasics Adjustable Laptop Stand,Office & Computing,21,1739.81,36536.01
2024-01-29,Anker 65W GaN Fast Charger,Electronics,22,2515.24,55335.28
2024-01-29,Biotique Bio Morning Nector SPF,Beauty,11,246.68,2713.48
2024-01-29,FabIndia Cotton Kurta,Fashion,5,1490.91,7454.55
2024-01-29,H&M Relaxed Fit Shirt,Fashion,4,814.66,3258.64
2024-01-29,HP 65W Laptop Power Adapter,Office & Computing,7,1976.21,13833.47
2024-01-29,JBL Flip 6 Bluetooth Speaker,Electronics,3,9787.02,29361.06
2024-01-29,Kuber Industries Storage Box,Home & Living,12,335.14,4021.68
2024-01-29,Lakme Absolute Foundation,Beauty,14,787.05,11018.7
2024-01-29,Levi's 511 Slim Fit Jeans,Fashion,10,3034.69,30346.9
2024-01-29,Logitech MX Keys Keyboard,Electronics,9,8424.49,75820.41
2024-01-29,Mamaearth Vitamin C Face Wash,Beauty,30,291.23,8736.9
2024-01-29,Mi 10000mAh Power Bank,Electronics,30,981.32,29439.6
2024-01-29,Milton Thermosteel Flask 1L,Home & Living,20,674.12,13482.4
2024-01-29,Minimalist 10% Niacinamide Serum,Beauty,5,393.49,1967.45
2024-01-29,Pigeon Aluminium Non-Stick Pan,Home & Living,6,925.97,5555.82
2024-01-29,Plum Green Tea Toner 200ml,Beauty,18,375.19,6753.42
2024-01-29,Portronics Table Lamp LED,Office & Computing,27,1289.39,34813.53
2024-01-29,Prestige Induction Cooktop 1200W,Home & Living,18,2996.2,53931.6
2024-01-29,Puma Classic Track Pants,Fashion,21,1949.62,40942.02
2024-01-29,Royalford Bamboo Chopping Board,Home & Living,7,512.42,3586.94
2024-01-29,Samsung Galaxy Buds3 Pro,Electronics,29,13045.8,378328.2
2024-01-29,Sony WH-1000XM5 Headphones,Electronics,30,27651.25,829537.5
2024-01-29,Story@Home Blackout Curtains,Home & Living,25,1307.83,32695.75
2024-01-29,Syska USB Hub 4-Port,Office & Computing,29,599.42,17383.18
2024-01-29,Woodland Casual Sneakers,Fashion,21,2557.87,53715.27
2024-01-29,Wow Skin Science Hair Oil,Beauty,9,592.29,5330.61
2024-01-29,Zebronics ZEB-Crystal Pro Webcam,Electronics,8,1497.65,11981.2
2024-01-29,boAt Airdopes 141 TWS Earbuds,Electronics,4,1343.56,5374.24
2024-01-30,AmazonBasics Adjustable Laptop Stand,Office & Computing,37,1850.09,68453.33
2024-01-30,Anker 65W GaN Fast Charger,Electronics,21,2619.7,55013.7
2024-01-30,FabIndia Cotton Kurta,Fashion,41,1451.03,59492.23
2024-01-30,H&M Relaxed Fit Shirt,Fashion,18,799.72,14394.96
2024-01-30,Kuber Industries Storage Box,Home & Living,2,341.95,683.9
2024-01-30,Lakme Absolute Foundation,Beauty,12,813.52,9762.24
2024-01-30,Levi's 511 Slim Fit Jeans,Fashion,16,3122.26,49956.16
2024-01-30,Mamaearth Vitamin C Face Wash,Beauty,43,300.11,12904.73
2024-01-30,Milton Thermosteel Flask 1L,Home & Living,3,666.5,1999.5
2024-01-30,Portronics Table Lamp LED,Office & Computing,12,1251.33,15015.96
2024-01-30,Puma Classic Track Pants,Fashion,12,2079.16,24949.92
2024-01-30,Royalford Bamboo Chopping Board,Home & Living,47,475.3,22339.1
2024-01-30,Samsung Galaxy Buds3 Pro,Electronics,15,13767.24,206508.6
2024-01-30,Sony WH-1000XM5 Headphones,Electronics,49,26269.37,1287199.13
2024-01-30,Woodland Casual Sneakers,Fashion,12,2396.95,28763.4
2024-01-30,Wow Skin Science Hair Oil,Beauty,15,566.65,8499.75
2024-01-30,Zebronics ZEB-Crystal Pro Webcam,Electronics,24,1433.34,34400.16
2024-01-30,boAt Airdopes 141 TWS Earbuds,Electronics,43,1276.66,54896.38
2024-01-31,AmazonBasics Adjustable Laptop Stand,Office & Computing,43,1866.28,80250.04
2024-01-31,Biotique Bio Morning Nector SPF,Beauty,47,253.36,11907.92
2024-01-31,Kuber Industries Storage Box,Home & Living,17,349.7,5944.9
2024-01-31,Levi's 511 Slim Fit Jeans,Fashion,32,2929.72,93751.04
2024-01-31,Logitech MX Keys Keyboard,Electronics,31,8099.98,251099.38
2024-01-31,Mamaearth Vitamin C Face Wash,Beauty,14,292.03,4088.42
2024-01-31,Minimalist 10% Niacinamide Serum,Beauty,10,411.93,4119.3
2024-01-31,Pigeon Aluminium Non-Stick Pan,Home & Living,2,894.42,1788.84
2024-01-31,Portronics Table Lamp LED,Office & Computing,50,1270.03,63501.5
2024-01-31,Puma Classic Track Pants,Fashion,11,2105.35,23158.85
2024-01-31,Royalford Bamboo Chopping Board,Home & Living,21,521.75,10956.75
2024-01-31,Samsung Galaxy Buds3 Pro,Electronics,5,12671.43,63357.15
2024-01-31,Sony WH-1000XM5 Headphones,Electronics,48,25540.64,1225950.72
2024-01-31,Syska USB Hub 4-Port,Office & Computing,12,586.12,7033.44
2024-01-31,Woodland Casual Sneakers,Fashion,14,2558.87,35824.18
2024-01-31,Wow Skin Science Hair Oil,Beauty,18,579.29,10427.22
2024-01-31,Zebronics ZEB-Crystal Pro Webcam,Electronics,22,1411.16,31045.52
2024-01-31,boAt Airdopes 141 TWS Earbuds,Electronics,32,1288.48,41231.36
2024-02-01,Allen Solly Polo T-Shirt,Fashion,38,990.51,37639.38
2024-02-01,AmazonBasics Adjustable Laptop Stand,Office & Computing,47,1714.45,80579.15
2024-02-01,Anker 65W GaN Fast Charger,Electronics,24,2362.55,56701.2
2024-02-01,FabIndia Cotton Kurta,Fashion,5,1510.09,7550.45
2024-02-01,HP 65W Laptop Power Adapter,Office & Computing,31,1920.84,59546.04
2024-02-01,Kuber Industries Storage Box,Home & Living,49,345.06,16907.94
2024-02-01,Lakme Absolute Foundation,Beauty,44,816.46,35924.24
2024-02-01,Levi's 511 Slim Fit Jeans,Fashion,45,2989.4,134523.0
2024-02-01,Logitech MX Keys Keyboard,Electronics,21,8153.5,171223.5
2024-02-01,Mi 10000mAh Power Bank,Electronics,37,994.3,36789.1
2024-02-01,Pigeon Aluminium Non-Stick Pan,Home & Living,8,863.22,6905.76
2024-02-01,Plum Green Tea Toner 200ml,Beauty,4,391.09,1564.36
2024-02-01,Portronics Table Lamp LED,Office & Computing,25,1346.41,33660.25
2024-02-01,Prestige Induction Cooktop 1200W,Home & Living,29,2877.9,83459.1
2024-02-01,Samsung Galaxy Buds3 Pro,Electronics,22,12944.4,284776.8
2024-02-01,Syska USB Hub 4-Port,Office & Computing,47,581.69,27339.43
2024-02-01,Woodland Casual Sneakers,Fashion,24,2380.73,57137.52
2024-02-01,Wow Skin Science Hair Oil,Beauty,11,617.33,6790.63
2024-02-02,Allen Solly Polo T-Shirt,Fashion,2,1030.57,2061.14
2024-02-02,AmazonBasics Adjustable Laptop Stand,Office & Computing,13,1841.46,23938.98
2024-02-02,Anker 65W GaN Fast Charger,Electronics,43,2408.79,103577.97
2024-02-02,Biotique Bio Morning Nector SPF,Beauty,3,253.28,759.84
2024-02-02,HP 65W Laptop Power Adapter,Office & Computing,14,1981.81,27745.34
2024-02-02,Lakme Absolute Foundation,Beauty,41,833.0,34153.0
2024-02-02,Levi's 511 Slim Fit Jeans,Fashion,27,2850.25,76956.75
2024-02-02,Mi 10000mAh Power Bank,Electronics,7,997.2,6980.4
2024-02-02,Minimalist 10% Niacinamide Serum,Beauty,9,409.69,3687.21
2024-02-02,Plum Green Tea Toner 200ml,Beauty,49,360.3,17654.7
2024-02-02,Portronics Table Lamp LED,Office & Computing,16,1299.65,20794.4
2024-02-02,Sony WH-1000XM5 Headphones,Electronics,22,28587.81,628931.82
2024-02-02,Story@Home Blackout Curtains,Home & Living,33,1330.05,43891.65
2024-02-02,Syska USB Hub 4-Port,Office & Computing,9,574.08,5166.72
2024-02-02,Woodland Casual Sneakers,Fashion,6,2597.79,15586.74
2024-02-02,Wow Skin Science Hair Oil,Beauty,48,607.03,29137.44
2024-02-02,Zebronics ZEB-Crystal Pro Webcam,Electronics,9,1433.04,12897.36
2024-02-03,Allen Solly Polo T-Shirt,Fashion,29,951.35,27589.15
2024-02-03,FabIndia Cotton Kurta,Fashion,35,1582.94,55402.9
2024-02-03,H&M Relaxed Fit Shirt,Fashion,30,827.6,24828.0
2024-02-03,JBL Flip 6 Bluetooth Speaker,Electronics,18,9501.05,171018.9
2024-02-03,Levi's 511 Slim Fit Jeans,Fashion,17,3014.29,51242.93
2024-02-03,Minimalist 10% Niacinamide Serum,Beauty,28,403.75,11305.0
2024-02-03,Pigeon Aluminium Non-Stick Pan,Home & Living,37,935.5,34613.5
2024-02-03,Prestige Induction Cooktop 1200W,Home & Living,15,3144.75,47171.25
2024-02-03,Puma Classic Track Pants,Fashion,41,1902.85,78016.85
2024-02-03,Samsung Galaxy Buds3 Pro,Electronics,14,12683.12,177563.68
2024-02-03,Story@Home Blackout Curtains,Home & Living,5,1357.58,6787.9
2024-02-03,Woodland Casual Sneakers,Fashion,6,2634.97,15809.82
2024-02-03,Zebronics ZEB-Crystal Pro Webcam,Electronics,19,1585.94,30132.86
2024-02-04,AmazonBasics Adjustable Laptop Stand,Office & Computing,16,1733.16,27730.56
2024-02-04,Biotique Bio Morning Nector SPF,Beauty,16,255.27,4084.32
2024-02-04,FabIndia Cotton Kurta,Fashion,34,1479.96,50318.64
2024-02-04,JBL Flip 6 Bluetooth Speaker,Electronics,26,10095.99,262495.74
2024-02-04,Kuber Industries Storage Box,Home & Living,9,365.47,3289.23
2024-02-04,Levi's 511 Slim Fit Jeans,Fashion,18,3030.79,54554.22
2024-02-04,Mamaearth Vitamin C Face Wash,Beauty,35,296.58,10380.3
2024-02-04,Mi 10000mAh Power Bank,Electronics,48,992.51,47640.48
2024-02-04,Plum Green Tea Toner 200ml,Beauty,45,385.35,17340.75
2024-02-04,Portronics Table Lamp LED,Office & Computing,28,1224.83,34295.24
2024-02-04,Prestige Induction Cooktop 1200W,Home & Living,24,2959.96,71039.04
2024-02-04,Puma Classic Track Pants,Fashion,26,2101.75,54645.5
2024-02-04,Sony WH-1000XM5 Headphones,Electronics,16,26655.32,426485.12
2024-02-04,Woodland Casual Sneakers,Fashion,3,2413.41,7240.23
2024-02-04,Wow Skin Science Hair Oil,Beauty,22,627.93,13814.46
2024-02-04,boAt Airdopes 141 TWS Earbuds,Electronics,10,1291.6,12916.0
2024-02-05,Allen Solly Polo T-Shirt,Fashion,24,1021.68,24520.32
2024-02-05,AmazonBasics Adjustable Laptop Stand,Office & Computing,12,1759.24,21110.88
2024-02-05,Anker 65W GaN Fast Charger,Electronics,16,2509.75,40156.0
2024-02-05,Biotique Bio Morning Nector SPF,Beauty,24,241.83,5803.92
2024-02-05,FabIndia Cotton Kurta,Fashion,30,1543.22,46296.6
2024-02-05,H&M Relaxed Fit Shirt,Fashion,12,818.9,9826.8
2024-02-05,HP 65W Laptop Power Adapter,Office & Computing,14,1966.22,27527.08
2024-02-05,JBL Flip 6 Bluetooth Speaker,Electronics,22,10335.97,227391.34
2024-02-05,Kuber Industries Storage Box,Home & Living,3,343.28,1029.84
2024-02-05,Lakme Absolute Foundation,Beauty,29,787.53,22838.37
2024-02-05,Levi's 511 Slim Fit Jeans,Fashion,4,2912.63,11650.52
2024-02-05,Logitech MX Keys Keyboard,Electronics,22,8593.54,189057.88
2024-02-05,Mamaearth Vitamin C Face Wash,Beauty,29,307.07,8905.03
2024-02-05,Mi 10000mAh Power Bank,Electronics,19,993.91,18884.29
2024-02-05,Milton Thermosteel Flask 1L,Home & Living,22,712.49,15674.78
2024-02-05,Minimalist 10% Niacinamide Serum,Beauty,20,393.21,7864.2
2024-02-05,Pigeon Aluminium Non-Stick Pan,Home & Living,29,882.73,25599.17
2024-02-05,Plum Green Tea Toner 200ml,Beauty,30,386.1,11583.0
2024-02-05,Portronics Table Lamp LED,Office & Computing,16,1326.02,21216.32
2024-02-05,Prestige Induction Cooktop 1200W,Home & Living,16,2973.14,47570.24
2024-02-05,Puma Classic Track Pants,Fashion,12,2056.97,24683.64
2024-02-05,Royalford Bamboo Chopping Board,Home & Living,26,514.22,13369.72
2024-02-05,Samsung Galaxy Buds3 Pro,Electronics,19,12918.41,245449.79
2024-02-05,Sony WH-1000XM5 Headphones,Electronics,22,27465.02,604230.44
2024-02-05,Story@Home Blackout Curtains,Home & Living,5,1258.08,6290.4
2024-02-05,Syska USB Hub 4-Port,Office & Computing,7,606.43,4245.01
2024-02-05,Woodland Casual Sneakers,Fashion,8,2415.66,19325.28
2024-02-05,Wow Skin Science Hair Oil,Beauty,29,598.88,17367.52
2024-02-05,Zebronics ZEB-Crystal Pro Webcam,Electronics,9,1491.36,13422.24
2024-02-05,boAt Airdopes 141 TWS Earbuds,Electronics,29,1349.4,39132.6
2024-02-06,Allen Solly Polo T-Shirt,Fashion,5,1052.95,5264.75
2024-02-06,H&M Relaxed Fit Shirt,Fashion,17,812.26,13808.42
2024-02-06,Kuber Industries Storage Box,Home & Living,41,367.11,15051.51
2024-02-06,Lakme Absolute Foundation,Beauty,10,753.98,7539.8
2024-02-06,Logitech MX Keys Keyboard,Electronics,50,8290.27,414513.5
2024-02-06,Mamaearth Vitamin C Face Wash,Beauty,33,289.13,9541.29
2024-02-06,Mi 10000mAh Power Bank,Electronics,15,1008.89,15133.35
2024-02-06,Milton Thermosteel Flask 1L,Home & Living,39,719.9,28076.1
2024-02-06,Prestige Induction Cooktop 1200W,Home & Living,41,2818.3,115550.3
2024-02-06,Royalford Bamboo Chopping Board,Home & Living,9,477.94,4301.46
2024-02-06,Woodland Casual Sneakers,Fashion,2,2378.73,4757.46
2024-02-07,AmazonBasics Adjustable Laptop Stand,Office & Computing,8,1701.13,13609.04
2024-02-07,Biotique Bio Morning Nector SPF,Beauty,34,248.23,8439.82
2024-02-07,Logitech MX Keys Keyboard,Electronics,2,9001.3,18002.6
2024-02-07,Mamaearth Vitamin C Face Wash,Beauty,2,294.04,588.08
2024-02-07,Mi 10000mAh Power Bank,Electronics,5,1010.99,5054.95
2024-02-07,Milton Thermosteel Flask 1L,Home & Living,48,728.99,34991.52
2024-02-07,Pigeon Aluminium Non-Stick Pan,Home & Living,37,908.26,33605.62
2024-02-07,Plum Green Tea Toner 200ml,Beauty,5,377.62,1888.1
2024-02-07,Puma Classic Track Pants,Fashion,42,1988.81,83530.02
2024-02-07,Sony WH-1000XM5 Headphones,Electronics,30,25451.57,763547.1
2024-02-07,Wow Skin Science Hair Oil,Beauty,17,602.11,10235.87
2024-02-07,boAt Airdopes 141 TWS Earbuds,Electronics,17,1272.63,21634.71
2024-02-08,H&M Relaxed Fit Shirt,Fashion,14,831.76,11644.64
2024-02-08,JBL Flip 6 Bluetooth Speaker,Electronics,47,10116.99,475498.53
2024-02-08,Kuber Industries Storage Box,Home & Living,25,353.29,8832.25
2024-02-08,Lakme Absolute Foundation,Beauty,28,821.31,22996.68
2024-02-08,Logitech MX Keys Keyboard,Electronics,5,8040.52,40202.6
2024-02-08,Mi 10000mAh Power Bank,Electronics,43,1006.19,43266.17
2024-02-08,Pigeon Aluminium Non-Stick Pan,Home & Living,25,873.83,21845.75
2024-02-08,Portronics Table Lamp LED,Office & Computing,25,1249.77,31244.25
2024-02-08,Prestige Induction Cooktop 1200W,Home & Living,31,3099.53,96085.43
2024-02-08,Sony WH-1000XM5 Headphones,Electronics,3,25624.31,76872.93
2024-02-08,Story@Home Blackout Curtains,Home & Living,25,1366.16,34154.0
2024-02-08,Woodland Casual Sneakers,Fashion,26,2429.38,63163.88
2024-02-08,Zebronics ZEB-Crystal Pro Webcam,Electronics,37,1558.36,57659.32
2024-02-09,Allen Solly Polo T-Shirt,Fashion,46,1038.66,47778.36
2024-02-09,Anker 65W GaN Fast Charger,Electronics,44,2501.0,110044.0
2024-02-09,FabIndia Cotton Kurta,Fashion,7,1576.8,11037.6
2024-02-09,H&M Relaxed Fit Shirt,Fashion,33,784.06,25873.98
2024-02-09,HP 65W Laptop Power Adapter,Office & Computing,35,1999.8,69993.0
2024-02-09,Kuber Industries Storage Box,Home & Living,49,332.63,16298.87
2024-02-09,Levi's 511 Slim Fit Jeans,Fashion,13,3153.45,40994.85
2024-02-09,Mi 10000mAh Power Bank,Electronics,4,1035.96,4143.84
2024-02-09,Pigeon Aluminium Non-Stick Pan,Home & Living,42,937.39,39370.38
2024-02-09,Portronics Table Lamp LED,Office & Computing,15,1325.24,19878.6
2024-02-09,Puma Classic Track Pants,Fashion,10,2067.97,20679.7
2024-02-09,Sony WH-1000XM5 Headphones,Electronics,1,26963.01,26963.01
2024-02-09,Story@Home Blackout Curtains,Home & Living,49,1307.44,64064.56
2024-02-09,Syska USB Hub 4-Port,Office & Computing,35,626.91,21941.85
2024-02-09,boAt Airdopes 141 TWS Earbuds,Electronics,39,1346.15,52499.85
2024-02-10,Allen Solly Polo T-Shirt,Fashion,42,1033.57,43409.94
2024-02-10,HP 65W Laptop Power Adapter,Office & Computing,35,2008.0,70280.0
2024-02-10,JBL Flip 6 Bluetooth Speaker,Electronics,33,9845.02,324885.66
2024-02-10,Kuber Industries Storage Box,Home & Living,3,356.92,1070.76
2024-02-10,Logitech MX Keys Keyboard,Electronics,14,8724.36,122141.04
2024-02-10,Mamaearth Vitamin C Face Wash,Beauty,46,296.76,13650.96
2024-02-10,Minimalist 10% Niacinamide Serum,Beauty,47,403.35,18957.45
2024-02-10,Portronics Table Lamp LED,Office & Computing,29,1337.84,38797.36
2024-02-10,Prestige Induction Cooktop 1200W,Home & Living,31,2834.47,87868.57
2024-02-10,Puma Classic Track Pants,Fashion,43,1924.84,82768.12
2024-02-10,Royalford Bamboo Chopping Board,Home & Living,9,501.4,4512.6
2024-02-10,Sony WH-1000XM5 Headphones,Electronics,32,26860.45,859534.4
2024-02-10,Story@Home Blackout Curtains,Home & Living,25,1256.52,31413.0
2024-02-10,Woodland Casual Sneakers,Fashion,42,2350.29,98712.18
2024-02-10,Wow Skin Science Hair Oil,Beauty,38,601.46,22855.48
2024-02-10,Zebronics ZEB-Crystal Pro Webcam,Electronics,25,1494.05,37351.25
2024-02-10,boAt Airdopes 141 TWS Earbuds,Electronics,42,1277.31,53647.02
2024-02-11,AmazonBasics Adjustable Laptop Stand,Office & Computing,2,1870.78,3741.56
2024-02-11,FabIndia Cotton Kurta,Fashion,18,1509.19,27165.42
2024-02-11,H&M Relaxed Fit Shirt,Fashion,27,760.01,20520.27
2024-02-11,JBL Flip 6 Bluetooth Speaker,Electronics,16,10292.97,164687.52
2024-02-11,Kuber Industries Storage Box,Home & Living,38,360.8,13710.4
2024-02-11,Mamaearth Vitamin C Face Wash,Beauty,47,308.63,14505.61
2024-02-11,Mi 10000mAh Power Bank,Electronics,2,972.43,1944.86
2024-02-11,Puma Classic Track Pants,Fashion,15,2047.18,30707.7
2024-02-11,Sony WH-1000XM5 Headphones,Electronics,16,26355.74,421691.84
2024-02-11,Story@Home Blackout Curtains,Home & Living,5,1351.09,6755.45
2024-02-11,Syska USB Hub 4-Port,Office & Computing,15,617.93,9268.95
2024-02-11,Zebronics ZEB-Crystal Pro Webcam,Electronics,44,1508.14,66358.16
2024-02-11,boAt Airdopes 141 TWS Earbuds,Electronics,18,1310.56,23590.08
2024-02-12,Allen Solly Polo T-Shirt,Fashion,8,1001.7,8013.6
2024-02-12,AmazonBasics Adjustable Laptop Stand,Office & Computing,28,1771.3,49596.4
2024-02-12,Anker 65W GaN Fast Charger,Electronics,12,2484.01,29808.12
2024-02-12,Biotique Bio Morning Nector SPF,Beauty,23,253.46,5829.58
2024-02-12,FabIndia Cotton Kurta,Fashion,27,1453.88,39254.76
2024-02-12,H&M Relaxed Fit Shirt,Fashion,18,770.88,13875.84
2024-02-12,HP 65W Laptop Power Adapter,Office & Computing,2,2006.8,4013.6
2024-02-12,JBL Flip 6 Bluetooth Speaker,Electronics,8,10195.98,81567.84
2024-02-12,Kuber Industries Storage Box,Home & Living,22,352.49,7754.78
2024-02-12,Lakme Absolute Foundation,Beauty,28,821.55,23003.4
2024-02-12,Levi's 511 Slim Fit Jeans,Fashion,2,2951.92,5903.84
2024-02-12,Logitech MX Keys Keyboard,Electronics,15,8370.12,125551.8
2024-02-12,Mamaearth Vitamin C Face Wash,Beauty,30,309.05,9271.5
2024-02-12,Mi 10000mAh Power Bank,Electronics,27,998.3,26954.1
2024-02-12,Milton Thermosteel Flask 1L,Home & Living,24,680.9,16341.6
2024-02-12,Minimalist 10% Niacinamide Serum,Beauty,13,414.64,5390.32
2024-02-12,Pigeon Aluminium Non-Stick Pan,Home & Living,21,888.93,18667.53
2024-02-12,Plum Green Tea Toner 200ml,Beauty,14,376.31,5268.34
2024-02-12,Portronics Table Lamp LED,Office & Computing,28,1285.88,36004.64
2024-02-12,Prestige Induction Cooktop 1200W,Home & Living,16,2974.93,47598.88
2024-02-12,Puma Classic Track Pants,Fashion,2,2057.57,4115.14
2024-02-12,Royalford Bamboo Chopping Board,Home & Living,16,500.7,8011.2
2024-02-12,Samsung Galaxy Buds3 Pro,Electronics,1,12576.53,12576.53
2024-02-12,Sony WH-1000XM5 Headphones,Electronics,24,27502.81,660067.44
2024-02-12,Story@Home Blackout Curtains,Home & Living,15,1295.49,19432.35
2024-02-12,Syska USB Hub 4-Port,Office & Computing,15,620.56,9308.4
2024-02-12,Woodland Casual Sneakers,Fashion,9,2434.62,21911.58
2024-02-12,Wow Skin Science Hair Oil,Beauty,4,613.5,2454.0
2024-02-12,Zebronics ZEB-Crystal Pro Webcam,Electronics,1,1485.66,1485.66
2024-02-12,boAt Airdopes 141 TWS Earbuds,Electronics,26,1279.0,33254.0
2024-02-13,Allen Solly Polo T-Shirt,Fashion,26,1053.65,27394.9
2024-02-13,Anker 65W GaN Fast Charger,Electronics,26,2585.47,67222.22
2024-02-13,Biotique Bio Morning Nector SPF,Beauty,45,248.25,11171.25
2024-02-13,FabIndia Cotton Kurta,Fashion,25,1422.7,35567.5
2024-02-13,H&M Relaxed Fit Shirt,Fashion,21,756.89,15894.69
2024-02-13,HP 65W Laptop Power Adapter,Office & Computing,16,2003.4,32054.4
2024-02-13,Logitech MX Keys Keyboard,Electronics,25,8123.77,203094.25
2024-02-13,Mi 10000mAh Power Bank,Electronics,4,1001.4,4005.6
2024-02-13,Minimalist 10% Niacinamide Serum,Beauty,14,392.02,5488.28
2024-02-13,Pigeon Aluminium Non-Stick Pan,Home & Living,14,900.89,12612.46
2024-02-13,Story@Home Blackout Curtains,Home & Living,13,1243.4,16164.2
2024-02-13,Woodland Casual Sneakers,Fashion,33,2620.25,86468.25
2024-02-13,Wow Skin Science Hair Oil,Beauty,1,600.2,600.2
2024-02-13,Zebronics ZEB-Crystal Pro Webcam,Electronics,38,1466.17,55714.46
2024-02-14,Anker 65W GaN Fast Charger,Electronics,6,2397.29,14383.74
2024-02-14,Biotique Bio Morning Nector SPF,Beauty,23,240.91,5540.93
2024-02-14,FabIndia Cotton Kurta,Fashion,49,1522.23,74589.27
2024-02-14,H&M Relaxed Fit Shirt,Fashion,42,769.52,32319.84
2024-02-14,HP 65W Laptop Power Adapter,Office & Computing,47,1932.83,90843.01
2024-02-14,JBL Flip 6 Bluetooth Speaker,Electronics,11,9728.03,107008.33
2024-02-14,Logitech MX Keys Keyboard,Electronics,20,8665.75,173315.0
2024-02-14,Mamaearth Vitamin C Face Wash,Beauty,21,291.88,6129.48
2024-02-14,Minimalist 10% Niacinamide Serum,Beauty,26,402.91,10475.66
2024-02-14,Plum Green Tea Toner 200ml,Beauty,10,360.53,3605.3
2024-02-14,Portronics Table Lamp LED,Office & Computing,7,1288.22,9017.54
2024-02-14,Puma Classic Track Pants,Fashion,31,1944.83,60289.73
2024-02-14,Samsung Galaxy Buds3 Pro,Electronics,46,13160.19,605368.74
2024-02-14,Story@Home Blackout Curtains,Home & Living,24,1256.52,30156.48
2024-02-14,Woodland Casual Sneakers,Fashion,23,2525.69,58090.87
2024-02-14,Zebronics ZEB-Crystal Pro Webcam,Electronics,30,1471.87,44156.1
2024-02-14,boAt Airdopes 141 TWS Earbuds,Electronics,30,1232.1,36963.0
2024-02-15,Allen Solly Polo T-Shirt,Fashion,8,947.45,7579.6
2024-02-15,AmazonBasics Adjustable Laptop Stand,Office & Computing,37,1871.32,69238.84
2024-02-15,Biotique Bio Morning Nector SPF,Beauty,31,235.43,7298.33
2024-02-15,FabIndia Cotton Kurta,Fashion,32,1481.46,47406.72
2024-02-15,JBL Flip 6 Bluetooth Speaker,Electronics,6,10202.98,61217.88
2024-02-15,Kuber Industries Storage Box,Home & Living,15,368.65,5529.75
2024-02-15,Levi's 511 Slim Fit Jeans,Fashion,49,3018.49,147906.01
2024-02-15,Minimalist 10% Niacinamide Serum,Beauty,2,378.57,757.14
2024-02-15,Sony WH-1000XM5 Headphones,Electronics,35,26331.44,921600.4
2024-02-15,Syska USB Hub 4-Port,Office & Computing,14,570.13,7981.82
2024-02-15,Woodland Casual Sneakers,Fashion,44,2643.45,116311.8
2024-02-15,Wow Skin Science Hair Oil,Beauty,4,618.35,2473.4
2024-02-15,Zebronics ZEB-Crystal Pro Webcam,Electronics,34,1548.17,52637.78
2024-02-15,boAt Airdopes 141 TWS Earbuds,Electronics,20,1240.16,24803.2
2024-02-16,Allen Solly Polo T-Shirt,Fashion,41,943.26,38673.66
2024-02-16,H&M Relaxed Fit Shirt,Fashion,29,790.37,22920.73
2024-02-16,Kuber Industries Storage Box,Home & Living,48,341.71,16402.08
2024-02-16,Lakme Absolute Foundation,Beauty,37,808.83,29926.71
2024-02-16,Logitech MX Keys Keyboard,Electronics,27,8878.97,239732.19
2024-02-16,Milton Thermosteel Flask 1L,Home & Living,5,687.05,3435.25
2024-02-16,Pigeon Aluminium Non-Stick Pan,Home & Living,23,892.98,20538.54
2024-02-16,Portronics Table Lamp LED,Office & Computing,2,1309.52,2619.04
2024-02-16,Royalford Bamboo Chopping Board,Home & Living,43,517.71,22261.53
2024-02-16,Samsung Galaxy Buds3 Pro,Electronics,17,13005.5,221093.5
2024-02-16,Story@Home Blackout Curtains,Home & Living,12,1251.59,15019.08
2024-02-16,Woodland Casual Sneakers,Fashion,28,2578.58,72200.24
2024-02-16,Wow Skin Science Hair Oil,Beauty,16,584.02,9344.32
2024-02-16,Zebronics ZEB-Crystal Pro Webcam,Electronics,24,1471.87,35324.88
2024-02-16,boAt Airdopes 141 TWS Earbuds,Electronics,2,1364.6,2729.2
2024-02-17,Allen Solly Polo T-Shirt,Fashion,16,939.76,15036.16
2024-02-17,AmazonBasics Adjustable Laptop Stand,Office & Computing,5,1715.71,8578.55
2024-02-17,Anker 65W GaN Fast Charger,Electronics,12,2580.47,30965.64
2024-02-17,Biotique Bio Morning Nector SPF,Beauty,18,256.12,4610.16
2024-02-17,FabIndia Cotton Kurta,Fashion,28,1583.99,44351.72
2024-02-17,Kuber Industries Storage Box,Home & Living,24,349.87,8396.88
2024-02-17,Puma Classic Track Pants,Fashion,31,2059.37,63840.47
2024-02-17,Syska USB Hub 4-Port,Office & Computing,49,608.28,29805.72
2024-02-17,Woodland Casual Sneakers,Fashion,12,2426.14,29113.68
2024-02-17,boAt Airdopes 141 TWS Earbuds,Electronics,42,1271.59,53406.78
2024-02-18,Allen Solly Polo T-Shirt,Fashion,21,956.74,20091.54
2024-02-18,Anker 65W GaN Fast Charger,Electronics,3,2349.31,7047.93
2024-02-18,H&M Relaxed Fit Shirt,Fashion,24,759.53,18228.72
2024-02-18,HP 65W Laptop Power Adapter,Office & Computing,26,1978.81,51449.06
2024-02-18,JBL Flip 6 Bluetooth Speaker,Electronics,16,10089.99,161439.84
2024-02-18,Kuber Industries Storage Box,Home & Living,18,342.47,6164.46
2024-02-18,Lakme Absolute Foundation,Beauty,24,842.06,20209.44
2024-02-18,Logitech MX Keys Keyboard,Electronics,18,8530.68,153552.24
2024-02-18,Pigeon Aluminium Non-Stick Pan,Home & Living,48,905.02,43440.96
2024-02-18,Plum Green Tea Toner 200ml,Beauty,48,370.84,17800.32
2024-02-18,Puma Classic Track Pants,Fashion,7,2044.78,14313.46
2024-02-18,Royalford Bamboo Chopping Board,Home & Living,15,485.23,7278.45
2024-02-18,Samsung Galaxy Buds3 Pro,Electronics,23,13593.05,312640.15
2024-02-18,Sony WH-1000XM5 Headphones,Electronics,34,26852.35,912979.9
2024-02-18,Syska USB Hub 4-Port,Office & Computing,25,590.91,14772.75
2024-02-18,Woodland Casual Sneakers,Fashion,30,2554.63,76638.9
2024-02-19,Allen Solly Polo T-Shirt,Fashion,10,1036.16,10361.6
2024-02-19,AmazonBasics Adjustable Laptop Stand,Office & Computing,26,1854.59,48219.34
2024-02-19,Anker 65W GaN Fast Charger,Electronics,24,2509.0,60216.0
2024-02-19,Biotique Bio Morning Nector SPF,Beauty,17,253.88,4315.96
2024-02-19,FabIndia Cotton Kurta,Fashion,5,1475.47,7377.35
2024-02-19,H&M Relaxed Fit Shirt,Fashion,18,802.92,14452.56
2024-02-19,HP 65W Laptop Power Adapter,Office & Computing,30,1952.22,58566.6
2024-02-19,JBL Flip 6 Bluetooth Speaker,Electronics,14,10381.96,145347.44
2024-02-19,Kuber Industries Storage Box,Home & Living,16,340.62,5449.92
2024-02-19,Lakme Absolute Foundation,Beauty,13,787.13,10232.69
2024-02-19,Levi's 511 Slim Fit Jeans,Fashion,16,2906.93,46510.88
2024-02-19,Logitech MX Keys Keyboard,Electronics,25,8791.48,219787.0
2024-02-19,Mamaearth Vitamin C Face Wash,Beauty,27,296.55,8006.85
2024-02-19,Mi 10000mAh Power Bank,Electronics,3,996.6,2989.8
2024-02-19,Milton Thermosteel Flask 1L,Home & Living,1,710.6,710.6
2024-02-19,Minimalist 10% Niacinamide Serum,Beauty,24,409.93,9838.32
2024-02-19,Pigeon Aluminium Non-Stick Pan,Home & Living,3,889.74,2669.22
2024-02-19,Plum Green Tea Toner 200ml,Beauty,26,389.06,10115.56
2024-02-19,Portronics Table Lamp LED,Office & Computing,2,1300.56,2601.12
2024-02-19,Prestige Induction Cooktop 1200W,Home & Living,27,2981.52,80501.04
2024-02-19,Puma Classic Track Pants,Fashion,11,1962.82,21591.02
2024-02-19,Royalford Bamboo Chopping Board,Home & Living,6,498.6,2991.6
2024-02-19,Samsung Galaxy Buds3 Pro,Electronics,8,13004.2,104033.6
2024-02-19,Sony WH-1000XM5 Headphones,Electronics,7,26695.81,186870.67
2024-02-19,Story@Home Blackout Curtains,Home & Living,14,1259.64,17634.96
2024-02-19,Syska USB Hub 4-Port,Office & Computing,12,614.57,7374.84
2024-02-19,Woodland Casual Sneakers,Fashion,20,2425.64,48512.8
2024-02-19,Wow Skin Science Hair Oil,Beauty,24,597.56,14341.44
2024-02-19,Zebronics ZEB-Crystal Pro Webcam,Electronics,22,1520.44,33449.68
2024-02-19,boAt Airdopes 141 TWS Earbuds,Electronics,2,1272.11,2544.22
2024-02-20,Allen Solly Polo T-Shirt,Fashion,20,1037.56,20751.2
2024-02-20,AmazonBasics Adjustable Laptop Stand,Office & Computing,32,1754.02,56128.64
2024-02-20,HP 65W Laptop Power Adapter,Office & Computing,47,2041.18,95935.46
2024-02-20,Kuber Industries Storage Box,Home & Living,32,348.93,11165.76
2024-02-20,Lakme Absolute Foundation,Beauty,14,781.88,10946.32
2024-02-20,Logitech MX Keys Keyboard,Electronics,6,8808.47,52850.82
2024-02-20,Mi 10000mAh Power Bank,Electronics,26,1003.3,26085.8
2024-02-20,Milton Thermosteel Flask 1L,Home & Living,20,687.19,13743.8
2024-02-20,Plum Green Tea Toner 200ml,Beauty,46,376.5,17319.0
2024-02-20,Prestige Induction Cooktop 1200W,Home & Living,43,3066.28,131850.04
2024-02-20,Samsung Galaxy Buds3 Pro,Electronics,43,12627.23,542970.89
2024-02-20,Sony WH-1000XM5 Headphones,Electronics,8,27357.06,218856.48
2024-02-20,Story@Home Blackout Curtains,Home & Living,25,1305.62,32640.5
2024-02-20,Wow Skin Science Hair Oil,Beauty,2,576.42,1152.84
2024-02-20,boAt Airdopes 141 TWS Earbuds,Electronics,17,1281.72,21789.24
2024-02-21,Biotique Bio Morning Nector SPF,Beauty,14,244.54,3423.56
2024-02-21,HP 65W Laptop Power Adapter,Office & Computing,39,2043.78,79707.42
2024-02-21,Lakme Absolute Foundation,Beauty,39,799.13,31166.07
2024-02-21,Logitech MX Keys Keyboard,Electronics,21,8098.28,170063.88
2024-02-21,Milton Thermosteel Flask 1L,Home & Living,6,689.49,4136.94
2024-02-21,Pigeon Aluminium Non-Stick Pan,Home & Living,5,894.06,4470.3
2024-02-21,Plum Green Tea Toner 200ml,Beauty,48,362.85,17416.8
2024-02-21,Prestige Induction Cooktop 1200W,Home & Living,16,3160.02,50560.32
2024-02-21,Royalford Bamboo Chopping Board,Home & Living,8,489.07,3912.56
2024-02-21,Samsung Galaxy Buds3 Pro,Electronics,9,12875.51,115879.59
2024-02-21,Sony WH-1000XM5 Headphones,Electronics,25,25546.03,638650.75
2024-02-21,Story@Home Blackout Curtains,Home & Living,14,1314.59,18404.26
2024-02-21,Syska USB Hub 4-Port,Office & Computing,29,620.5,17994.5
2024-02-21,Wow Skin Science Hair Oil,Beauty,35,609.42,21329.7
2024-02-21,Zebronics ZEB-Crystal Pro Webcam,Electronics,2,1493.75,2987.5
2024-02-22,Anker 65W GaN Fast Charger,Electronics,10,2370.55,23705.5
2024-02-22,FabIndia Cotton Kurta,Fashion,20,1464.67,29293.4
2024-02-22,JBL Flip 6 Bluetooth Speaker,Electronics,10,10474.95,104749.5
2024-02-22,Kuber Industries Storage Box,Home & Living,37,346.03,12803.11
2024-02-22,Mi 10000mAh Power Bank,Electronics,48,989.71,47506.08
2024-02-22,Puma Classic Track Pants,Fashion,27,2005.0,54135.0
2024-02-22,Royalford Bamboo Chopping Board,Home & Living,41,505.94,20743.54
2024-02-22,Samsung Galaxy Buds3 Pro,Electronics,12,12228.16,146737.92
2024-02-22,Story@Home Blackout Curtains,Home & Living,33,1261.33,41623.89
2024-02-22,Syska USB Hub 4-Port,Office & Computing,30,611.46,18343.8
2024-02-22,boAt Airdopes 141 TWS Earbuds,Electronics,13,1268.73,16493.49
2024-02-23,Allen Solly Polo T-Shirt,Fashion,48,1017.98,48863.04
2024-02-23,AmazonBasics Adjustable Laptop Stand,Office & Computing,21,1784.43,37473.03
2024-02-23,Anker 65W GaN Fast Charger,Electronics,25,2638.19,65954.75
2024-02-23,Biotique Bio Morning Nector SPF,Beauty,42,257.47,10813.74
2024-02-23,FabIndia Cotton Kurta,Fashion,42,1432.14,60149.88
2024-02-23,H&M Relaxed Fit Shirt,Fashion,25,789.57,19739.25
2024-02-23,Lakme Absolute Foundation,Beauty,41,751.83,30825.03
2024-02-23,Levi's 511 Slim Fit Jeans,Fashion,3,2858.95,8576.85
2024-02-23,Milton Thermosteel Flask 1L,Home & Living,18,731.15,13160.7
2024-02-23,Minimalist 10% Niacinamide Serum,Beauty,2,384.8,769.6
2024-02-23,Pigeon Aluminium Non-Stick Pan,Home & Living,20,848.48,16969.6
2024-02-23,Plum Green Tea Toner 200ml,Beauty,1,354.68,354.68
2024-02-23,Portronics Table Lamp LED,Office & Computing,44,1357.2,59716.8
2024-02-23,Prestige Induction Cooktop 1200W,Home & Living,42,2881.19,121009.98
2024-02-23,Puma Classic Track Pants,Fashion,16,1889.05,30224.8
2024-02-23,Sony WH-1000XM5 Headphones,Electronics,25,27478.52,686963.0
2024-02-23,boAt Airdopes 141 TWS Earbuds,Electronics,18,1317.06,23707.08
2024-02-24,AmazonBasics Adjustable Laptop Stand,Office & Computing,31,1763.38,54664.78
2024-02-24,Biotique Bio Morning Nector SPF,Beauty,34,239.71,8150.14
2024-02-24,FabIndia Cotton Kurta,Fashion,6,1434.69,8608.14
2024-02-24,HP 65W Laptop Power Adapter,Office & Computing,3,2016.99,6050.97
2024-02-24,Kuber Industries Storage Box,Home & Living,46,364.98,16789.08
2024-02-24,Minimalist 10% Niacinamide Serum,Beauty,40,396.01,15840.4
2024-02-24,Pigeon Aluminium Non-Stick Pan,Home & Living,7,952.49,6667.43
2024-02-24,Puma Classic Track Pants,Fashion,34,2113.74,71867.16
2024-02-24,Samsung Galaxy Buds3 Pro,Electronics,46,13092.59,602259.14
2024-02-24,Sony WH-1000XM5 Headphones,Electronics,4,27154.64,108618.56
2024-02-24,Story@Home Blackout Curtains,Home & Living,33,1297.31,42811.23
2024-02-24,Syska USB Hub 4-Port,Office & Computing,30,620.44,18613.2
2024-02-24,Woodland Casual Sneakers,Fashion,36,2577.33,92783.88
2024-02-25,Allen Solly Polo T-Shirt,Fashion,27,1023.68,27639.36
2024-02-25,AmazonBasics Adjustable Laptop Stand,Office & Computing,49,1892.37,92726.13
2024-02-25,FabIndia Cotton Kurta,Fashion,23,1444.14,33215.22
2024-02-25,H&M Relaxed Fit Shirt,Fashion,34,754.98,25669.32
2024-02-25,Levi's 511 Slim Fit Jeans,Fashion,32,3081.17,98597.44
2024-02-25,Logitech MX Keys Keyboard,Electronics,28,8333.59,233340.52
2024-02-25,Mamaearth Vitamin C Face Wash,Beauty,26,315.03,8190.78
2024-02-25,Milton Thermosteel Flask 1L,Home & Living,43,677.19,29119.17
2024-02-25,Minimalist 10% Niacinamide Serum,Beauty,47,387.87,18229.89
2024-02-25,Portronics Table Lamp LED,Office & Computing,2,1243.14,2486.28
2024-02-25,Syska USB Hub 4-Port,Office & Computing,39,633.32,24699.48
2024-02-25,Woodland Casual Sneakers,Fashion,47,2483.02,116701.94
2024-02-25,Wow Skin Science Hair Oil,Beauty,13,575.52,7481.76
2024-02-25,boAt Airdopes 141 TWS Earbuds,Electronics,5,1264.32,6321.6
2024-02-26,Allen Solly Polo T-Shirt,Fashion,26,996.5,25909.0
2024-02-26,AmazonBasics Adjustable Laptop Stand,Office & Computing,12,1764.46,21173.52
2024-02-26,Anker 65W GaN Fast Charger,Electronics,12,2539.48,30473.76
2024-02-26,Biotique Bio Morning Nector SPF,Beauty,12,240.11,2881.32
2024-02-26,FabIndia Cotton Kurta,Fashion,6,1477.71,8866.26
2024-02-26,H&M Relaxed Fit Shirt,Fashion,22,774.87,17047.14
2024-02-26,HP 65W Laptop Power Adapter,Office & Computing,30,1996.0,59880.0
2024-02-26,JBL Flip 6 Bluetooth Speaker,Electronics,25,10105.99,252649.75
2024-02-26,Kuber Industries Storage Box,Home & Living,1,340.83,340.83
2024-02-26,Lakme Absolute Foundation,Beauty,22,824.49,18138.78
2024-02-26,Levi's 511 Slim Fit Jeans,Fashion,8,3091.97,24735.76
2024-02-26,Logitech MX Keys Keyboard,Electronics,1,8466.97,8466.97
2024-02-26,Mamaearth Vitamin C Face Wash,Beauty,16,291.5,4664.0
2024-02-26,Mi 10000mAh Power Bank,Electronics,14,985.71,13799.94
2024-02-26,Milton Thermosteel Flask 1L,Home & Living,23,671.67,15448.41
2024-02-26,Minimalist 10% Niacinamide Serum,Beauty,19,393.77,7481.63
2024-02-26,Pigeon Aluminium Non-Stick Pan,Home & Living,29,909.7,26381.3
2024-02-26,Plum Green Tea Toner 200ml,Beauty,23,386.85,8897.55
2024-02-26,Portronics Table Lamp LED,Office & Computing,6,1253.79,7522.74
2024-02-26,Prestige Induction Cooktop 1200W,Home & Living,6,2894.97,17369.82
2024-02-26,Puma Classic Track Pants,Fashion,26,1977.81,51423.06
2024-02-26,Royalford Bamboo Chopping Board,Home & Living,3,481.29,1443.87
2024-02-26,Samsung Galaxy Buds3 Pro,Electronics,1,13062.7,13062.7
2024-02-26,Sony WH-1000XM5 Headphones,Electronics,3,27958.94,83876.82
2024-02-26,Story@Home Blackout Curtains,Home & Living,12,1347.32,16167.84
2024-02-26,Syska USB Hub 4-Port,Office & Computing,27,585.7,15813.9
2024-02-26,Woodland Casual Sneakers,Fashion,25,2525.94,63148.5
2024-02-26,Wow Skin Science Hair Oil,Beauty,27,590.37,15939.99
2024-02-26,Zebronics ZEB-Crystal Pro Webcam,Electronics,13,1525.83,19835.79
2024-02-26,boAt Airdopes 141 TWS Earbuds,Electronics,19,1345.5,25564.5
2024-02-27,Allen Solly Polo T-Shirt,Fashion,26,1005.89,26153.14
2024-02-27,AmazonBasics Adjustable Laptop Stand,Office & Computing,44,1876.54,82567.76
2024-02-27,JBL Flip 6 Bluetooth Speaker,Electronics,26,9619.04,250095.04
2024-02-27,Lakme Absolute Foundation,Beauty,12,784.11,9409.32
2024-02-27,Mamaearth Vitamin C Face Wash,Beauty,35,294.51,10307.85
2024-02-27,Milton Thermosteel Flask 1L,Home & Living,15,696.34,10445.1
2024-02-27,Minimalist 10% Niacinamide Serum,Beauty,37,394.81,14607.97
2024-02-27,Plum Green Tea Toner 200ml,Beauty,42,365.06,15332.52
2024-02-27,Puma Classic Track Pants,Fashion,25,1915.84,47896.0
2024-02-27,Royalford Bamboo Chopping Board,Home & Living,41,523.55,21465.55
2024-02-27,Samsung Galaxy Buds3 Pro,Electronics,48,12607.73,605171.04
2024-02-27,Story@Home Blackout Curtains,Home & Living,9,1239.38,11154.42
2024-02-28,Allen Solly Polo T-Shirt,Fashion,35,967.33,33856.55
2024-02-28,AmazonBasics Adjustable Laptop Stand,Office & Computing,19,1742.69,33111.11
2024-02-28,Anker 65W GaN Fast Charger,Electronics,18,2541.48,45746.64
2024-02-28,Biotique Bio Morning Nector SPF,Beauty,2,259.86,519.72
2024-02-28,HP 65W Laptop Power Adapter,Office & Computing,37,1951.82,72217.34
2024-02-28,JBL Flip 6 Bluetooth Speaker,Electronics,33,10381.96,342604.68
2024-02-28,Kuber Industries Storage Box,Home & Living,7,351.23,2458.61
2024-02-28,Logitech MX Keys Keyboard,Electronics,4,8114.42,32457.68
2024-02-28,Mi 10000mAh Power Bank,Electronics,47,982.52,46178.44
2024-02-28,Milton Thermosteel Flask 1L,Home & Living,46,682.71,31404.66
2024-02-28,Minimalist 10% Niacinamide Serum,Beauty,50,391.02,19551.0
2024-02-28,Plum Green Tea Toner 200ml,Beauty,43,392.74,16887.82
2024-02-28,Prestige Induction Cooktop 1200W,Home & Living,1,3111.51,3111.51
2024-02-28,Royalford Bamboo Chopping Board,Home & Living,12,507.38,6088.56
2024-02-28,Sony WH-1000XM5 Headphones,Electronics,44,25581.12,1125569.28
2024-02-28,Story@Home Blackout Curtains,Home & Living,16,1330.18,21282.88
2024-02-28,Syska USB Hub 4-Port,Office & Computing,45,600.32,27014.4
2024-02-28,Woodland Casual Sneakers,Fashion,11,2623.74,28861.14
2024-02-28,Wow Skin Science Hair Oil,Beauty,45,627.15,28221.75
2024-02-28,Zebronics ZEB-Crystal Pro Webcam,Electronics,24,1518.34,36440.16
2024-02-29,JBL Flip 6 Bluetooth Speaker,Electronics,15,9509.05,142635.75
2024-02-29,Kuber Industries Storage Box,Home & Living,3,355.0,1065.0
2024-02-29,Portronics Table Lamp LED,Office & Computing,40,1262.5,50500.0
2024-02-29,Prestige Induction Cooktop 1200W,Home & Living,46,3102.52,142715.92
2024-02-29,Woodland Casual Sneakers,Fashion,50,2519.95,125997.5
2024-02-29,Zebronics ZEB-Crystal Pro Webcam,Electronics,21,1491.95,31330.95
2024-02-29,boAt Airdopes 141 TWS Earbuds,Electronics,47,1226.91,57664.77
2024-03-01,AmazonBasics Adjustable Laptop Stand,Office & Computing,31,1863.4,57765.4
2024-03-01,FabIndia Cotton Kurta,Fashion,32,1511.44,48366.08
2024-03-01,H&M Relaxed Fit Shirt,Fashion,22,754.18,16591.96
2024-03-01,HP 65W Laptop Power Adapter,Office & Computing,49,2092.15,102515.35
2024-03-01,JBL Flip 6 Bluetooth Speaker,Electronics,40,9851.01,394040.4
2024-03-01,Kuber Industries Storage Box,Home & Living,48,338.01,16224.48
2024-03-01,Levi's 511 Slim Fit Jeans,Fashion,42,3127.36,131349.12
2024-03-01,Logitech MX Keys Keyboard,Electronics,8,8570.61,68564.88
2024-03-01,Mamaearth Vitamin C Face Wash,Beauty,8,313.65,2509.2
2024-03-01,Mi 10000mAh Power Bank,Electronics,31,987.31,30606.61
2024-03-01,Milton Thermosteel Flask 1L,Home & Living,34,684.6,23276.4
2024-03-01,Pigeon Aluminium Non-Stick Pan,Home & Living,18,951.68,17130.24
2024-03-01,Samsung Galaxy Buds3 Pro,Electronics,11,13560.56,149166.16
2024-03-01,Syska USB Hub 4-Port,Office & Computing,31,621.34,19261.54
2024-03-01,Zebronics ZEB-Crystal Pro Webcam,Electronics,14,1507.54,21105.56
2024-03-02,Allen Solly Polo T-Shirt,Fashion,7,947.05,6629.35
2024-03-02,Kuber Industries Storage Box,Home & Living,14,329.74,4616.36
2024-03-02,Lakme Absolute Foundation,Beauty,13,782.04,10166.52
2024-03-02,Levi's 511 Slim Fit Jeans,Fashion,9,2858.95,25730.55
2024-03-02,Mi 10000mAh Power Bank,Electronics,17,996.2,16935.4
2024-03-02,Milton Thermosteel Flask 1L,Home & Living,1,709.62,709.62
2024-03-02,Plum Green Tea Toner 200ml,Beauty,49,389.29,19075.21
2024-03-02,Puma Classic Track Pants,Fashion,18,2113.94,38050.92
2024-03-02,Samsung Galaxy Buds3 Pro,Electronics,8,12745.52,101964.16
2024-03-02,Story@Home Blackout Curtains,Home & Living,30,1302.77,39083.1
2024-03-02,Syska USB Hub 4-Port,Office & Computing,33,589.9,19466.7
2024-03-02,Wow Skin Science Hair Oil,Beauty,4,578.63,2314.52
2024-03-02,Zebronics ZEB-Crystal Pro Webcam,Electronics,20,1514.14,30282.8
2024-03-02,boAt Airdopes 141 TWS Earbuds,Electronics,23,1321.47,30393.81
2024-03-03,Anker 65W GaN Fast Charger,Electronics,21,2386.79,50122.59
2024-03-03,H&M Relaxed Fit Shirt,Fashion,21,797.16,16740.36
2024-03-03,JBL Flip 6 Bluetooth Speaker,Electronics,49,9654.03,473047.47
2024-03-03,Kuber Industries Storage Box,Home & Living,45,336.02,15120.9
2024-03-03,Lakme Absolute Foundation,Beauty,28,808.75,22645.0
2024-03-03,Levi's 511 Slim Fit Jeans,Fashion,16,2842.15,45474.4
2024-03-03,Logitech MX Keys Keyboard,Electronics,14,8817.81,123449.34
2024-03-03,Milton Thermosteel Flask 1L,Home & Living,2,680.76,1361.52
2024-03-03,Minimalist 10% Niacinamide Serum,Beauty,12,399.36,4792.32
2024-03-03,Pigeon Aluminium Non-Stick Pan,Home & Living,29,869.42,25213.18
2024-03-03,Plum Green Tea Toner 200ml,Beauty,30,379.24,11377.2
2024-03-03,Royalford Bamboo Chopping Board,Home & Living,5,493.16,2465.8
2024-03-03,Samsung Galaxy Buds3 Pro,Electronics,29,13634.65,395404.85
2024-03-03,Story@Home Blackout Curtains,Home & Living,28,1290.04,36121.12
2024-03-03,Wow Skin Science Hair Oil,Beauty,4,612.12,2448.48
2024-03-03,Zebronics ZEB-Crystal Pro Webcam,Electronics,50,1492.25,74612.5
2024-03-04,Allen Solly Polo T-Shirt,Fashion,27,974.52,26312.04
2024-03-04,AmazonBasics Adjustable Laptop Stand,Office & Computing,10,1793.78,17937.8
2024-03-04,Anker 65W GaN Fast Charger,Electronics,9,2460.27,22142.43
2024-03-04,Biotique Bio Morning Nector SPF,Beauty,14,243.67,3411.38
2024-03-04,FabIndia Cotton Kurta,Fashion,23,1466.02,33718.46
2024-03-04,H&M Relaxed Fit Shirt,Fashion,12,822.89,9874.68
2024-03-04,HP 65W Laptop Power Adapter,Office & Computing,8,1919.44,15355.52
2024-03-04,JBL Flip 6 Bluetooth Speaker,Electronics,28,9679.03,271012.84
2024-03-04,Kuber Industries Storage Box,Home & Living,21,343.17,7206.57
2024-03-04,Lakme Absolute Foundation,Beauty,28,797.46,22328.88
2024-03-04,Levi's 511 Slim Fit Jeans,Fashion,5,2972.31,14861.55
2024-03-04,Logitech MX Keys Keyboard,Electronics,19,8832.25,167812.75
2024-03-04,Mamaearth Vitamin C Face Wash,Beauty,24,310.06,7441.44
2024-03-04,Mi 10000mAh Power Bank,Electronics,22,967.43,21283.46
2024-03-04,Milton Thermosteel Flask 1L,Home & Living,16,724.3,11588.8
2024-03-04,Minimalist 10% Niacinamide Serum,Beauty,27,399.32,10781.64
2024-03-04,Pigeon Aluminium Non-Stick Pan,Home & Living,2,891.54,1783.08
2024-03-04,Plum Green Tea Toner 200ml,Beauty,18,377.81,6800.58
2024-03-04,Portronics Table Lamp LED,Office & Computing,23,1299.65,29891.95
2024-03-04,Prestige Induction Cooktop 1200W,Home & Living,1,3065.98,3065.98
2024-03-04,Puma Classic Track Pants,Fashion,29,1983.01,57507.29
2024-03-04,Royalford Bamboo Chopping Board,Home & Living,20,487.77,9755.4
2024-03-04,Samsung Galaxy Buds3 Pro,Electronics,23,13154.99,302564.77
2024-03-04,Sony WH-1000XM5 Headphones,Electronics,30,26622.94,798688.2
2024-03-04,Story@Home Blackout Curtains,Home & Living,7,1294.06,9058.42
2024-03-04,Syska USB Hub 4-Port,Office & Computing,15,590.97,8864.55
2024-03-04,Woodland Casual Sneakers,Fashion,6,2585.07,15510.42
2024-03-04,Wow Skin Science Hair Oil,Beauty,7,592.83,4149.81
2024-03-04,Zebronics ZEB-Crystal Pro Webcam,Electronics,27,1495.1,40367.7
2024-03-04,boAt Airdopes 141 TWS Earbuds,Electronics,3,1323.16,3969.48
2024-03-05,Allen Solly Polo T-Shirt,Fashion,33,982.82,32433.06
2024-03-05,FabIndia Cotton Kurta,Fashion,9,1469.32,13223.88
2024-03-05,JBL Flip 6 Bluetooth Speaker,Electronics,7,10354.96,72484.72
2024-03-05,Kuber Industries Storage Box,Home & Living,24,345.93,8302.32
2024-03-05,Lakme Absolute Foundation,Beauty,31,778.3,24127.3
2024-03-05,Logitech MX Keys Keyboard,Electronics,20,8060.91,161218.2
2024-03-05,Mamaearth Vitamin C Face Wash,Beauty,27,314.4,8488.8
2024-03-05,Milton Thermosteel Flask 1L,Home & Living,18,700.68,12612.24
2024-03-05,Pigeon Aluminium Non-Stick Pan,Home & Living,35,933.43,32670.05
2024-03-05,Portronics Table Lamp LED,Office & Computing,11,1294.84,14243.24
2024-03-05,Prestige Induction Cooktop 1200W,Home & Living,41,2850.04,116851.64
2024-03-05,Royalford Bamboo Chopping Board,Home & Living,18,511.57,9208.26
2024-03-05,Samsung Galaxy Buds3 Pro,Electronics,29,12796.22,371090.38
2024-03-06,Anker 65W GaN Fast Charger,Electronics,10,2444.02,24440.2
2024-03-06,Levi's 511 Slim Fit Jeans,Fashion,15,2952.52,44287.8
2024-03-06,Minimalist 10% Niacinamide Serum,Beauty,11,417.63,4593.93
2024-03-06,Portronics Table Lamp LED,Office & Computing,7,1238.86,8672.02
2024-03-06,Prestige Induction Cooktop 1200W,Home & Living,14,3119.29,43670.06
2024-03-06,Puma Classic Track Pants,Fashion,18,1937.23,34870.14
2024-03-06,Samsung Galaxy Buds3 Pro,Electronics,34,13070.49,444396.66
2024-03-06,Sony WH-1000XM5 Headphones,Electronics,46,26442.1,1216336.6
2024-03-06,Story@Home Blackout Curtains,Home & Living,41,1324.46,54302.86
2024-03-06,Syska USB Hub 4-Port,Office & Computing,31,602.47,18676.57
2024-03-06,Woodland Casual Sneakers,Fashion,2,2520.7,5041.4
2024-03-06,Wow Skin Science Hair Oil,Beauty,25,576.6,14415.0
2024-03-06,Zebronics ZEB-Crystal Pro Webcam,Electronics,47,1518.94,71390.18
2024-03-06,boAt Airdopes 141 TWS Earbuds,Electronics,19,1246.52,23683.88
2024-03-07,FabIndia Cotton Kurta,Fashion,40,1443.09,57723.6
2024-03-07,HP 65W Laptop Power Adapter,Office & Computing,13,1991.2,25885.6
2024-03-07,Kuber Industries Storage Box,Home & Living,19,340.03,6460.57
2024-03-07,Lakme Absolute Foundation,Beauty,32,766.94,24542.08
2024-03-07,Levi's 511 Slim Fit Jeans,Fashion,15,2975.01,44625.15
2024-03-07,Logitech MX Keys Keyboard,Electronics,17,8879.82,150956.94
2024-03-07,Mi 10000mAh Power Bank,Electronics,49,999.2,48960.8
2024-03-07,Minimalist 10% Niacinamide Serum,Beauty,46,413.36,19014.56
2024-03-07,Portronics Table Lamp LED,Office & Computing,34,1355.9,46100.6
2024-03-07,Prestige Induction Cooktop 1200W,Home & Living,22,2950.67,64914.74
2024-03-07,Woodland Casual Sneakers,Fashion,15,2437.86,36567.9
2024-03-07,Zebronics ZEB-Crystal Pro Webcam,Electronics,17,1576.95,26808.15
2024-03-08,Anker 65W GaN Fast Charger,Electronics,3,2428.78,7286.34
2024-03-08,Biotique Bio Morning Nector SPF,Beauty,17,255.8,4348.6
2024-03-08,FabIndia Cotton Kurta,Fashion,30,1487.16,44614.8
2024-03-08,Kuber Industries Storage Box,Home & Living,48,358.88,17226.24
2024-03-08,Levi's 511 Slim Fit Jeans,Fashion,25,3054.78,76369.5
2024-03-08,Mamaearth Vitamin C Face Wash,Beauty,39,303.28,11827.92
2024-03-08,Mi 10000mAh Power Bank,Electronics,43,1014.48,43622.64
2024-03-08,Minimalist 10% Niacinamide Serum,Beauty,11,394.33,4337.63
2024-03-08,Portronics Table Lamp LED,Office & Computing,39,1295.23,50513.97
2024-03-08,Prestige Induction Cooktop 1200W,Home & Living,6,2917.13,17502.78
2024-03-08,Puma Classic Track Pants,Fashion,19,2023.39,38444.41
2024-03-08,Royalford Bamboo Chopping Board,Home & Living,28,509.38,14262.64
2024-03-08,Syska USB Hub 4-Port,Office & Computing,38,617.39,23460.82
2024-03-08,Woodland Casual Sneakers,Fashion,16,2454.83,39277.28
2024-03-08,Zebronics ZEB-Crystal Pro Webcam,Electronics,45,1481.01,66645.45
2024-03-08,boAt Airdopes 141 TWS Earbuds,Electronics,1,1374.21,1374.21
2024-03-09,Allen Solly Polo T-Shirt,Fashion,41,1006.09,41249.69
2024-03-09,Biotique Bio Morning Nector SPF,Beauty,38,257.44,9782.72
2024-03-09,HP 65W Laptop Power Adapter,Office & Computing,14,1977.61,27686.54
2024-03-09,Kuber Industries Storage Box,Home & Living,43,335.84,14441.12
2024-03-09,Levi's 511 Slim Fit Jeans,Fashion,7,2890.14,20230.98
2024-03-09,Mi 10000mAh Power Bank,Electronics,6,1002.8,6016.8
2024-03-09,Plum Green Tea Toner 200ml,Beauty,48,368.78,17701.44
2024-03-09,Prestige Induction Cooktop 1200W,Home & Living,48,3118.39,149682.72
2024-03-09,Puma Classic Track Pants,Fashion,18,2006.2,36111.6
2024-03-09,Royalford Bamboo Chopping Board,Home & Living,50,484.83,24241.5
2024-03-09,Story@Home Blackout Curtains,Home & Living,15,1351.09,20266.35
2024-03-09,Woodland Casual Sneakers,Fashion,44,2377.49,104609.56
2024-03-09,Wow Skin Science Hair Oil,Beauty,46,618.65,28457.9
2024-03-09,Zebronics ZEB-Crystal Pro Webcam,Electronics,10,1413.86,14138.6
2024-03-09,boAt Airdopes 141 TWS Earbuds,Electronics,9,1248.86,11239.74
2024-03-10,AmazonBasics Adjustable Laptop Stand,Office & Computing,3,1781.19,5343.57
2024-03-10,Biotique Bio Morning Nector SPF,Beauty,13,261.08,3394.04
2024-03-10,FabIndia Cotton Kurta,Fashion,2,1521.19,3042.38
2024-03-10,H&M Relaxed Fit Shirt,Fashion,20,799.64,15992.8
2024-03-10,JBL Flip 6 Bluetooth Speaker,Electronics,28,10136.99,283835.72
2024-03-10,Kuber Industries Storage Box,Home & Living,8,330.19,2641.52
2024-03-10,Levi's 511 Slim Fit Jeans,Fashion,46,2878.14,132394.44
2024-03-10,Mamaearth Vitamin C Face Wash,Beauty,44,282.02,12408.88
2024-03-10,Milton Thermosteel Flask 1L,Home & Living,37,718.64,26589.68
2024-03-10,Minimalist 10% Niacinamide Serum,Beauty,15,407.58,6113.7
2024-03-10,Portronics Table Lamp LED,Office & Computing,46,1308.87,60208.02
2024-03-10,Syska USB Hub 4-Port,Office & Computing,46,619.07,28477.22
2024-03-10,boAt Airdopes 141 TWS Earbuds,Electronics,2,1353.82,2707.64
2024-03-11,Allen Solly Polo T-Shirt,Fashion,22,1034.76,22764.72
2024-03-11,AmazonBasics Adjustable Laptop Stand,Office & Computing,4,1794.68,7178.72
2024-03-11,Anker 65W GaN Fast Charger,Electronics,8,2423.28,19386.24
2024-03-11,Biotique Bio Morning Nector SPF,Beauty,3,245.81,737.43
2024-03-11,FabIndia Cotton Kurta,Fashion,17,1546.37,26288.29
2024-03-11,H&M Relaxed Fit Shirt,Fashion,25,794.05,19851.25
2024-03-11,HP 65W Laptop Power Adapter,Office & Computing,22,1933.23,42531.06
2024-03-11,JBL Flip 6 Bluetooth Speaker,Electronics,6,10153.98,60923.88
2024-03-11,Kuber Industries Storage Box,Home & Living,3,348.27,1044.81
2024-03-11,Lakme Absolute Foundation,Beauty,21,817.9,17175.9
2024-03-11,Levi's 511 Slim Fit Jeans,Fashion,12,3039.79,36477.48
2024-03-11,Logitech MX Keys Keyboard,Electronics,3,8520.48,25561.44
2024-03-11,Mamaearth Vitamin C Face Wash,Beauty,30,293.98,8819.4
2024-03-11,Mi 10000mAh Power Bank,Electronics,6,985.41,5912.46
2024-03-11,Milton Thermosteel Flask 1L,Home & Living,17,699.98,11899.66
2024-03-11,Minimalist 10% Niacinamide Serum,Beauty,16,405.66,6490.56
2024-03-11,Pigeon Aluminium Non-Stick Pan,Home & Living,10,915.27,9152.7
2024-03-11,Plum Green Tea Toner 200ml,Beauty,30,362.55,10876.5
2024-03-11,Portronics Table Lamp LED,Office & Computing,5,1328.1,6640.5
2024-03-11,Prestige Induction Cooktop 1200W,Home & Living,8,2945.28,23562.24
2024-03-11,Puma Classic Track Pants,Fashion,15,2062.17,30932.55
2024-03-11,Royalford Bamboo Chopping Board,Home & Living,17,498.1,8467.7
2024-03-11,Samsung Galaxy Buds3 Pro,Electronics,18,12915.81,232484.58
2024-03-11,Sony WH-1000XM5 Headphones,Electronics,11,27343.57,300779.27
2024-03-11,Story@Home Blackout Curtains,Home & Living,15,1274.58,19118.7
2024-03-11,Syska USB Hub 4-Port,Office & Computing,25,604.75,15118.75
2024-03-11,Woodland Casual Sneakers,Fashion,21,2493.75,52368.75
2024-03-11,Wow Skin Science Hair Oil,Beauty,14,577.26,8081.64
2024-03-11,Zebronics ZEB-Crystal Pro Webcam,Electronics,5,1556.71,7783.55
2024-03-11,boAt Airdopes 141 TWS Earbuds,Electronics,27,1254.18,33862.86
2024-03-12,Anker 65W GaN Fast Charger,Electronics,13,2539.98,33019.74
2024-03-12,Biotique Bio Morning Nector SPF,Beauty,24,239.94,5758.56
2024-03-12,H&M Relaxed Fit Shirt,Fashion,6,788.93,4733.58
2024-03-12,HP 65W Laptop Power Adapter,Office & Computing,22,2102.75,46260.5
2024-03-12,Lakme Absolute Foundation,Beauty,14,824.1,11537.4
2024-03-12,Mamaearth Vitamin C Face Wash,Beauty,17,305.79,5198.43
2024-03-12,Mi 10000mAh Power Bank,Electronics,36,1054.04,37945.44
2024-03-12,Prestige Induction Cooktop 1200W,Home & Living,37,3139.96,116178.52
2024-03-12,Royalford Bamboo Chopping Board,Home & Living,45,494.06,22232.7
2024-03-12,Samsung Galaxy Buds3 Pro,Electronics,48,12269.76,588948.48
2024-03-12,Wow Skin Science Hair Oil,Beauty,15,563.3,8449.5
2024-03-12,boAt Airdopes 141 TWS Earbuds,Electronics,48,1259.38,60450.24
2024-03-13,Allen Solly Polo T-Shirt,Fashion,13,1020.68,13268.84
2024-03-13,AmazonBasics Adjustable Laptop Stand,Office & Computing,28,1797.56,50331.68
2024-03-13,Anker 65W GaN Fast Charger,Electronics,46,2580.47,118701.62
2024-03-13,Biotique Bio Morning Nector SPF,Beauty,6,237.87,1427.22
2024-03-13,FabIndia Cotton Kurta,Fashion,3,1587.59,4762.77
2024-03-13,Kuber Industries Storage Box,Home & Living,8,364.53,2916.24
2024-03-13,Milton Thermosteel Flask 1L,Home & Living,42,720.46,30259.32
2024-03-13,Pigeon Aluminium Non-Stick Pan,Home & Living,2,915.36,1830.72
2024-03-13,Plum Green Tea Toner 200ml,Beauty,5,376.35,1881.75
2024-03-13,Prestige Induction Cooktop 1200W,Home & Living,8,2856.63,22853.04
2024-03-13,Samsung Galaxy Buds3 Pro,Electronics,14,13242.08,185389.12
2024-03-13,Wow Skin Science Hair Oil,Beauty,17,592.53,10073.01
2024-03-13,Zebronics ZEB-Crystal Pro Webcam,Electronics,43,1431.84,61569.12
2024-03-13,boAt Airdopes 141 TWS Earbuds,Electronics,17,1272.89,21639.13
2024-03-14,Allen Solly Polo T-Shirt,Fashion,3,1004.49,3013.47
2024-03-14,FabIndia Cotton Kurta,Fashion,25,1472.47,36811.75
2024-03-14,HP 65W Laptop Power Adapter,Office & Computing,22,2093.95,46066.9
2024-03-14,JBL Flip 6 Bluetooth Speaker,Electronics,50,9861.01,493050.5
2024-03-14,Kuber Industries Storage Box,Home & Living,31,354.44,10987.64
2024-03-14,Lakme Absolute Foundation,Beauty,47,774.33,36393.51
2024-03-14,Logitech MX Keys Keyboard,Electronics,17,8446.58,143591.86
2024-03-14,Minimalist 10% Niacinamide Serum,Beauty,30,417.35,12520.5
2024-03-14,Pigeon Aluminium Non-Stick Pan,Home & Living,26,859.44,22345.44
2024-03-14,Portronics Table Lamp LED,Office & Computing,43,1261.98,54265.14
2024-03-14,Prestige Induction Cooktop 1200W,Home & Living,19,3135.47,59573.93
2024-03-14,Puma Classic Track Pants,Fashion,31,2005.2,62161.2
2024-03-14,Royalford Bamboo Chopping Board,Home & Living,34,501.79,17060.86
2024-03-14,Woodland Casual Sneakers,Fashion,12,2549.64,30595.68
2024-03-14,Wow Skin Science Hair Oil,Beauty,31,576.12,17859.72
2024-03-14,boAt Airdopes 141 TWS Earbuds,Electronics,48,1243.14,59670.72
2024-03-15,FabIndia Cotton Kurta,Fashion,35,1477.56,51714.6
2024-03-15,JBL Flip 6 Bluetooth Speaker,Electronics,35,10059.99,352099.65
2024-03-15,Kuber Industries Storage Box,Home & Living,12,367.29,4407.48
2024-03-15,Lakme Absolute Foundation,Beauty,19,779.74,14815.06
2024-03-15,Logitech MX Keys Keyboard,Electronics,37,8726.91,322895.67
2024-03-15,Mi 10000mAh Power Bank,Electronics,31,953.05,29544.55
2024-03-15,Milton Thermosteel Flask 1L,Home & Living,14,698.58,9780.12
2024-03-15,Minimalist 10% Niacinamide Serum,Beauty,49,392.98,19256.02
2024-03-15,Portronics Table Lamp LED,Office & Computing,20,1299.52,25990.4
2024-03-15,Puma Classic Track Pants,Fashion,4,1909.24,7636.96
2024-03-15,Samsung Galaxy Buds3 Pro,Electronics,20,12378.95,247579.0
2024-03-15,Story@Home Blackout Curtains,Home & Living,39,1245.61,48578.79
2024-03-15,Syska USB Hub 4-Port,Office & Computing,14,564.14,7897.96
2024-03-16,Anker 65W GaN Fast Charger,Electronics,28,2496.25,69895.0
2024-03-16,Biotique Bio Morning Nector SPF,Beauty,46,256.57,11802.22
2024-03-16,H&M Relaxed Fit Shirt,Fashion,50,782.94,39147.0
2024-03-16,JBL Flip 6 Bluetooth Speaker,Electronics,35,10061.99,352169.65
2024-03-16,Kuber Industries Storage Box,Home & Living,47,354.23,16648.81
2024-03-16,Mamaearth Vitamin C Face Wash,Beauty,20,294.63,5892.6
2024-03-16,Mi 10000mAh Power Bank,Electronics,27,1055.84,28507.68
2024-03-16,Milton Thermosteel Flask 1L,Home & Living,45,683.48,30756.6
2024-03-16,Minimalist 10% Niacinamide Serum,Beauty,46,398.6,18335.6
2024-03-16,Portronics Table Lamp LED,Office & Computing,9,1267.69,11409.21
2024-03-16,Samsung Galaxy Buds3 Pro,Electronics,42,13504.66,567195.72
2024-03-16,Woodland Casual Sneakers,Fashion,50,2564.61,128230.5
2024-03-16,Wow Skin Science Hair Oil,Beauty,42,576.96,24232.32
2024-03-16,Zebronics ZEB-Crystal Pro Webcam,Electronics,24,1513.69,36328.56
2024-03-17,Anker 65W GaN Fast Charger,Electronics,24,2368.55,56845.2
2024-03-17,Biotique Bio Morning Nector SPF,Beauty,42,246.66,10359.72
2024-03-17,H&M Relaxed Fit Shirt,Fashion,28,827.04,23157.12
2024-03-17,Mamaearth Vitamin C Face Wash,Beauty,20,307.55,6151.0
2024-03-17,Pigeon Aluminium Non-Stick Pan,Home & Living,7,880.57,6163.99
2024-03-17,Portronics Table Lamp LED,Office & Computing,1,1270.42,1270.42
2024-03-17,Prestige Induction Cooktop 1200W,Home & Living,34,3153.73,107226.82
2024-03-17,Royalford Bamboo Chopping Board,Home & Living,39,481.83,18791.37
2024-03-17,Sony WH-1000XM5 Headphones,Electronics,35,27551.39,964298.65
2024-03-17,Story@Home Blackout Curtains,Home & Living,3,1311.86,3935.58
2024-03-17,Woodland Casual Sneakers,Fashion,2,2615.76,5231.52
2024-03-17,Wow Skin Science Hair Oil,Beauty,37,580.43,21475.91
2024-03-17,Zebronics ZEB-Crystal Pro Webcam,Electronics,37,1521.93,56311.41
2024-03-18,Allen Solly Polo T-Shirt,Fashion,15,995.9,14938.5
2024-03-18,AmazonBasics Adjustable Laptop Stand,Office & Computing,28,1818.43,50916.04
2024-03-18,Anker 65W GaN Fast Charger,Electronics,7,2462.01,17234.07
2024-03-18,Biotique Bio Morning Nector SPF,Beauty,25,251.27,6281.75
2024-03-18,FabIndia Cotton Kurta,Fashion,28,1448.48,40557.44
2024-03-18,H&M Relaxed Fit Shirt,Fashion,30,813.14,24394.2
2024-03-18,HP 65W Laptop Power Adapter,Office & Computing,4,2052.57,8210.28
2024-03-18,JBL Flip 6 Bluetooth Speaker,Electronics,29,9622.04,279039.16
2024-03-18,Kuber Industries Storage Box,Home & Living,4,343.66,1374.64
2024-03-18,Lakme Absolute Foundation,Beauty,4,774.57,3098.28
2024-03-18,Levi's 511 Slim Fit Jeans,Fashion,24,3046.08,73105.92
2024-03-18,Logitech MX Keys Keyboard,Electronics,17,8335.29,141699.93
2024-03-18,Mamaearth Vitamin C Face Wash,Beauty,2,287.25,574.5
2024-03-18,Mi 10000mAh Power Bank,Electronics,23,998.6,22967.8
2024-03-18,Milton Thermosteel Flask 1L,Home & Living,27,711.37,19206.99
2024-03-18,Minimalist 10% Niacinamide Serum,Beauty,10,398.2,3982.0
2024-03-18,Pigeon Aluminium Non-Stick Pan,Home & Living,25,879.85,21996.25
2024-03-18,Plum Green Tea Toner 200ml,Beauty,25,367.46,9186.5
2024-03-18,Portronics Table Lamp LED,Office & Computing,17,1338.36,22752.12
2024-03-18,Prestige Induction Cooktop 1200W,Home & Living,9,2929.11,26361.99
2024-03-18,Puma Classic Track Pants,Fashion,13,1973.21,25651.73
2024-03-18,Royalford Bamboo Chopping Board,Home & Living,11,515.67,5672.37
2024-03-18,Samsung Galaxy Buds3 Pro,Electronics,15,13091.29,196369.35
2024-03-18,Sony WH-1000XM5 Headphones,Electronics,4,27465.02,109860.08
2024-03-18,Story@Home Blackout Curtains,Home & Living,4,1256.39,5025.56
2024-03-18,Syska USB Hub 4-Port,Office & Computing,16,609.36,9749.76
2024-03-18,Woodland Casual Sneakers,Fashion,25,2507.72,62693.0
2024-03-18,Wow Skin Science Hair Oil,Beauty,28,585.64,16397.92
2024-03-18,Zebronics ZEB-Crystal Pro Webcam,Electronics,18,1442.34,25962.12
2024-03-18,boAt Airdopes 141 TWS Earbuds,Electronics,25,1302.38,32559.5
2024-03-19,AmazonBasics Adjustable Laptop Stand,Office & Computing,18,1745.39,31417.02
2024-03-19,Anker 65W GaN Fast Charger,Electronics,44,2576.97,113386.68
2024-03-19,Biotique Bio Morning Nector SPF,Beauty,46,259.83,11952.18
2024-03-19,HP 65W Laptop Power Adapter,Office & Computing,49,2040.38,99978.62
2024-03-19,Kuber Industries Storage Box,Home & Living,1,364.15,364.15
2024-03-19,Lakme Absolute Foundation,Beauty,13,820.44,10665.72
2024-03-19,Levi's 511 Slim Fit Jeans,Fashion,11,3109.06,34199.66
2024-03-19,Logitech MX Keys Keyboard,Electronics,49,8608.83,421832.67
2024-03-19,Mi 10000mAh Power Bank,Electronics,44,989.41,43534.04
2024-03-19,Pigeon Aluminium Non-Stick Pan,Home & Living,49,901.16,44156.84
2024-03-19,Prestige Induction Cooktop 1200W,Home & Living,20,2996.8,59936.0
2024-03-19,Samsung Galaxy Buds3 Pro,Electronics,37,13515.06,500057.22
2024-03-19,Sony WH-1000XM5 Headphones,Electronics,37,28272.03,1046065.11
2024-03-19,Story@Home Blackout Curtains,Home & Living,5,1360.18,6800.9
2024-03-19,Syska USB Hub 4-Port,Office & Computing,3,599.96,1799.88
2024-03-19,Woodland Casual Sneakers,Fashion,24,2356.78,56562.72
2024-03-19,Zebronics ZEB-Crystal Pro Webcam,Electronics,12,1557.31,18687.72
2024-03-20,Biotique Bio Morning Nector SPF,Beauty,30,260.85,7825.5
2024-03-20,FabIndia Cotton Kurta,Fashion,7,1472.77,10309.39
2024-03-20,H&M Relaxed Fit Shirt,Fashion,13,816.82,10618.66
2024-03-20,HP 65W Laptop Power Adapter,Office & Computing,4,1911.84,7647.36
2024-03-20,Lakme Absolute Foundation,Beauty,17,783.23,13314.91
2024-03-20,Logitech MX Keys Keyboard,Electronics,32,8046.46,257486.72
2024-03-20,Mi 10000mAh Power Bank,Electronics,34,950.75,32325.5
2024-03-20,Pigeon Aluminium Non-Stick Pan,Home & Living,41,903.23,37032.43
2024-03-20,Plum Green Tea Toner 200ml,Beauty,45,383.25,17246.25
2024-03-20,Portronics Table Lamp LED,Office & Computing,45,1294.06,58232.7
2024-03-20,Puma Classic Track Pants,Fashion,9,2060.57,18545.13
2024-03-20,Samsung Galaxy Buds3 Pro,Electronics,9,13775.04,123975.36
2024-03-20,Wow Skin Science Hair Oil,Beauty,2,627.21,1254.42
2024-03-21,Allen Solly Polo T-Shirt,Fashion,14,1053.05,14742.7
2024-03-21,AmazonBasics Adjustable Laptop Stand,Office & Computing,21,1823.65,38296.65
2024-03-21,Anker 65W GaN Fast Charger,Electronics,22,2434.78,53565.16
2024-03-21,Biotique Bio Morning Nector SPF,Beauty,25,234.81,5870.25
2024-03-21,FabIndia Cotton Kurta,Fashion,45,1546.37,69586.65
2024-03-21,JBL Flip 6 Bluetooth Speaker,Electronics,4,9731.03,38924.12
2024-03-21,Kuber Industries Storage Box,Home & Living,47,358.42,16845.74
2024-03-21,Levi's 511 Slim Fit Jeans,Fashion,6,2890.44,17342.64
2024-03-21,Logitech MX Keys Keyboard,Electronics,15,8561.26,128418.9
2024-03-21,Mamaearth Vitamin C Face Wash,Beauty,20,309.52,6190.4
2024-03-21,Mi 10000mAh Power Bank,Electronics,9,1039.96,9359.64
2024-03-21,Milton Thermosteel Flask 1L,Home & Living,3,672.09,2016.27
2024-03-21,Prestige Induction Cooktop 1200W,Home & Living,32,3017.16,96549.12
2024-03-21,Puma Classic Track Pants,Fashion,40,1947.83,77913.2
2024-03-21,Royalford Bamboo Chopping Board,Home & Living,23,503.59,11582.57
2024-03-21,Story@Home Blackout Curtains,Home & Living,15,1334.46,20016.9
2024-03-21,Syska USB Hub 4-Port,Office & Computing,37,606.85,22453.45
2024-03-21,Woodland Casual Sneakers,Fashion,41,2569.6,105353.6
2024-03-21,Wow Skin Science Hair Oil,Beauty,1,617.75,617.75
2024-03-22,Anker 65W GaN Fast Charger,Electronics,13,2428.03,31564.39
2024-03-22,H&M Relaxed Fit Shirt,Fashion,15,781.02,11715.3
2024-03-22,Kuber Industries Storage Box,Home & Living,4,346.77,1387.08
2024-03-22,Lakme Absolute Foundation,Beauty,35,769.96,26948.6
2024-03-22,Levi's 511 Slim Fit Jeans,Fashion,40,3017.59,120703.6
2024-03-22,Minimalist 10% Niacinamide Serum,Beauty,41,377.97,15496.77
2024-03-22,Pigeon Aluminium Non-Stick Pan,Home & Living,49,941.97,46156.53
2024-03-22,Portronics Table Lamp LED,Office & Computing,28,1371.48,38401.44
2024-03-22,Prestige Induction Cooktop 1200W,Home & Living,49,2985.12,146270.88
2024-03-22,Royalford Bamboo Chopping Board,Home & Living,42,524.9,22045.8
2024-03-22,Syska USB Hub 4-Port,Office & Computing,31,584.62,18123.22
2024-03-22,Woodland Casual Sneakers,Fashion,31,2374.99,73624.69
2024-03-22,Zebronics ZEB-Crystal Pro Webcam,Electronics,47,1540.67,72411.49
2024-03-22,boAt Airdopes 141 TWS Earbuds,Electronics,38,1357.45,51583.1
2024-03-23,Allen Solly Polo T-Shirt,Fashion,13,945.85,12296.05
2024-03-23,Anker 65W GaN Fast Charger,Electronics,16,2606.21,41699.36
2024-03-23,Biotique Bio Morning Nector SPF,Beauty,24,249.27,5982.48
2024-03-23,H&M Relaxed Fit Shirt,Fashion,39,793.73,30955.47
2024-03-23,HP 65W Laptop Power Adapter,Office & Computing,36,1994.0,71784.0
2024-03-23,Kuber Industries Storage Box,Home & Living,8,356.01,2848.08
2024-03-23,Lakme Absolute Foundation,Beauty,13,830.85,10801.05
2024-03-23,Levi's 511 Slim Fit Jeans,Fashion,41,3091.37,126746.17
2024-03-23,Pigeon Aluminium Non-Stick Pan,Home & Living,37,933.16,34526.92
2024-03-23,Plum Green Tea Toner 200ml,Beauty,37,385.46,14262.02
2024-03-23,Portronics Table Lamp LED,Office & Computing,50,1367.72,68386.0
2024-03-23,Puma Classic Track Pants,Fashion,13,1986.01,25818.13
2024-03-23,Story@Home Blackout Curtains,Home & Living,49,1271.2,62288.8
2024-03-23,Woodland Casual Sneakers,Fashion,36,2354.78,84772.08
2024-03-23,boAt Airdopes 141 TWS Earbuds,Electronics,33,1238.99,40886.67
2024-03-24,Allen Solly Polo T-Shirt,Fashion,28,1051.65,29446.2
2024-03-24,Anker 65W GaN Fast Charger,Electronics,1,2569.72,2569.72
2024-03-24,FabIndia Cotton Kurta,Fashion,22,1544.12,33970.64
2024-03-24,HP 65W Laptop Power Adapter,Office & Computing,37,2072.76,76692.12
2024-03-24,Kuber Industries Storage Box,Home & Living,13,367.39,4776.07
2024-03-24,Lakme Absolute Foundation,Beauty,47,841.19,39535.93
2024-03-24,Logitech MX Keys Keyboard,Electronics,45,8179.84,368092.8
2024-03-24,Mi 10000mAh Power Bank,Electronics,15,966.83,14502.45
2024-03-24,Minimalist 10% Niacinamide Serum,Beauty,46,406.62,18704.52
2024-03-24,Plum Green Tea Toner 200ml,Beauty,2,387.19,774.38
2024-03-24,Samsung Galaxy Buds3 Pro,Electronics,44,12488.14,549478.16
2024-03-24,Sony WH-1000XM5 Headphones,Electronics,38,28145.17,1069516.46
2024-03-24,Syska USB Hub 4-Port,Office & Computing,7,593.67,4155.69
2024-03-24,Woodland Casual Sneakers,Fashion,29,2570.35,74540.15
2024-03-25,Allen Solly Polo T-Shirt,Fashion,10,1021.18,10211.8
2024-03-25,AmazonBasics Adjustable Laptop Stand,Office & Computing,19,1862.86,35394.34
2024-03-25,Anker 65W GaN Fast Charger,Electronics,24,2506.25,60150.0
2024-03-25,Biotique Bio Morning Nector SPF,Beauty,20,246.93,4938.6
2024-03-25,FabIndia Cotton Kurta,Fashion,7,1515.19,10606.33
2024-03-25,H&M Relaxed Fit Shirt,Fashion,10,805.39,8053.9
2024-03-25,HP 65W Laptop Power Adapter,Office & Computing,22,1998.0,43956.0
2024-03-25,JBL Flip 6 Bluetooth Speaker,Electronics,11,10235.98,112595.78
2024-03-25,Kuber Industries Storage Box,Home & Living,13,348.2,4526.6
2024-03-25,Lakme Absolute Foundation,Beauty,18,788.16,14186.88
2024-03-25,Levi's 511 Slim Fit Jeans,Fashion,18,2979.51,53631.18
2024-03-25,Logitech MX Keys Keyboard,Electronics,30,8392.21,251766.3
2024-03-25,Mamaearth Vitamin C Face Wash,Beauty,19,301.45,5727.55
2024-03-25,Mi 10000mAh Power Bank,Electronics,22,1034.56,22760.32
2024-03-25,Milton Thermosteel Flask 1L,Home & Living,6,691.8,4150.8
2024-03-25,Minimalist 10% Niacinamide Serum,Beauty,1,394.81,394.81
2024-03-25,Pigeon Aluminium Non-Stick Pan,Home & Living,21,869.6,18261.6
2024-03-25,Plum Green Tea Toner 200ml,Beauty,22,370.65,8154.3
2024-03-25,Portronics Table Lamp LED,Office & Computing,1,1265.1,1265.1
2024-03-25,Prestige Induction Cooktop 1200W,Home & Living,10,2915.63,29156.3
2024-03-25,Puma Classic Track Pants,Fashion,6,1998.4,11990.4
2024-03-25,Royalford Bamboo Chopping Board,Home & Living,7,511.23,3578.61
2024-03-25,Samsung Galaxy Buds3 Pro,Electronics,26,13382.47,347944.22
2024-03-25,Sony WH-1000XM5 Headphones,Electronics,10,27006.19,270061.9
2024-03-25,Story@Home Blackout Curtains,Home & Living,26,1318.36,34277.36
2024-03-25,Syska USB Hub 4-Port,Office & Computing,12,609.36,7312.32
2024-03-25,Woodland Casual Sneakers,Fashion,19,2484.77,47210.63
2024-03-25,Wow Skin Science Hair Oil,Beauty,5,575.82,2879.1
2024-03-25,Zebronics ZEB-Crystal Pro Webcam,Electronics,13,1510.09,19631.17
2024-03-25,boAt Airdopes 141 TWS Earbuds,Electronics,5,1260.42,6302.1
2024-03-26,Allen Solly Polo T-Shirt,Fashion,39,1056.94,41220.66
2024-03-26,AmazonBasics Adjustable Laptop Stand,Office & Computing,41,1799.18,73766.38
2024-03-26,H&M Relaxed Fit Shirt,Fashion,39,835.11,32569.29
2024-03-26,HP 65W Laptop Power Adapter,Office & Computing,21,2021.99,42461.79
2024-03-26,JBL Flip 6 Bluetooth Speaker,Electronics,24,10219.98,245279.52
2024-03-26,Logitech MX Keys Keyboard,Electronics,19,8847.54,168103.26
2024-03-26,Mamaearth Vitamin C Face Wash,Beauty,13,284.65,3700.45
2024-03-26,Pigeon Aluminium Non-Stick Pan,Home & Living,27,899.63,24290.01
2024-03-26,Portronics Table Lamp LED,Office & Computing,19,1250.55,23760.45
2024-03-26,Prestige Induction Cooktop 1200W,Home & Living,32,2943.19,94182.08
2024-03-26,Royalford Bamboo Chopping Board,Home & Living,20,504.69,10093.8
2024-03-26,Sony WH-1000XM5 Headphones,Electronics,17,27373.26,465345.42
2024-03-26,Story@Home Blackout Curtains,Home & Living,45,1367.59,61541.55
2024-03-26,Zebronics ZEB-Crystal Pro Webcam,Electronics,26,1519.99,39519.74
2024-03-27,Allen Solly Polo T-Shirt,Fashion,28,964.43,27004.04
2024-03-27,Biotique Bio Morning Nector SPF,Beauty,15,241.41,3621.15
2024-03-27,H&M Relaxed Fit Shirt,Fashion,29,800.84,23224.36
2024-03-27,HP 65W Laptop Power Adapter,Office & Computing,41,1984.21,81352.61
2024-03-27,Logitech MX Keys Keyboard,Electronics,5,8499.25,42496.25
2024-03-27,Mi 10000mAh Power Bank,Electronics,33,944.15,31156.95
2024-03-27,Milton Thermosteel Flask 1L,Home & Living,18,734.51,13221.18
2024-03-27,Minimalist 10% Niacinamide Serum,Beauty,29,418.19,12127.51
2024-03-27,Pigeon Aluminium Non-Stick Pan,Home & Living,39,906.64,35358.96
2024-03-27,Prestige Induction Cooktop 1200W,Home & Living,25,2926.41,73160.25
2024-03-27,Samsung Galaxy Buds3 Pro,Electronics,50,12342.55,617127.5
2024-03-27,Story@Home Blackout Curtains,Home & Living,49,1329.66,65153.34
2024-03-27,Syska USB Hub 4-Port,Office & Computing,45,567.79,25550.55
2024-03-27,Zebronics ZEB-Crystal Pro Webcam,Electronics,9,1481.46,13333.14
2024-03-28,Anker 65W GaN Fast Charger,Electronics,47,2381.55,111932.85
2024-03-28,Biotique Bio Morning Nector SPF,Beauty,33,256.62,8468.46
2024-03-28,FabIndia Cotton Kurta,Fashion,28,1564.06,43793.68
2024-03-28,H&M Relaxed Fit Shirt,Fashion,39,789.73,30799.47
2024-03-28,HP 65W Laptop Power Adapter,Office & Computing,23,2111.74,48570.02
2024-03-28,JBL Flip 6 Bluetooth Speaker,Electronics,50,10049.99,502499.5
2024-03-28,Lakme Absolute Foundation,Beauty,46,783.95,36061.7
2024-03-28,Levi's 511 Slim Fit Jeans,Fashion,24,3076.37,73832.88
2024-03-28,Logitech MX Keys Keyboard,Electronics,5,8473.76,42368.8
2024-03-28,Mi 10000mAh Power Bank,Electronics,40,1003.99,40159.6
2024-03-28,Milton Thermosteel Flask 1L,Home & Living,14,689.0,9646.0
2024-03-28,Plum Green Tea Toner 200ml,Beauty,3,385.09,1155.27
2024-03-28,Portronics Table Lamp LED,Office & Computing,22,1270.55,27952.1
2024-03-28,Sony WH-1000XM5 Headphones,Electronics,48,25546.03,1226209.44
2024-03-28,Woodland Casual Sneakers,Fashion,13,2473.79,32159.27
2024-03-28,boAt Airdopes 141 TWS Earbuds,Electronics,29,1339.4,38842.6
2024-03-29,Allen Solly Polo T-Shirt,Fashion,6,1056.74,6340.44
2024-03-29,AmazonBasics Adjustable Laptop Stand,Office & Computing,9,1905.5,17149.5
2024-03-29,Biotique Bio Morning Nector SPF,Beauty,30,236.7,7101.0
2024-03-29,FabIndia Cotton Kurta,Fashion,34,1497.05,50899.7
2024-03-29,H&M Relaxed Fit Shirt,Fashion,49,839.91,41155.59
2024-03-29,HP 65W Laptop Power Adapter,Office & Computing,33,2016.79,66554.07
2024-03-29,Kuber Industries Storage Box,Home & Living,32,332.91,10653.12
2024-03-29,Levi's 511 Slim Fit Jeans,Fashion,50,2962.71,148135.5
2024-03-29,Logitech MX Keys Keyboard,Electronics,11,8133.96,89473.56
2024-03-29,Mamaearth Vitamin C Face Wash,Beauty,17,300.55,5109.35
2024-03-29,Milton Thermosteel Flask 1L,Home & Living,18,669.01,12042.18
2024-03-29,Pigeon Aluminium Non-Stick Pan,Home & Living,31,858.99,26628.69
2024-03-29,Prestige Induction Cooktop 1200W,Home & Living,45,2987.51,134437.95
2024-03-29,Story@Home Blackout Curtains,Home & Living,1,1222.75,1222.75
2024-03-29,Wow Skin Science Hair Oil,Beauty,39,569.29,22202.31
2024-03-30,Anker 65W GaN Fast Charger,Electronics,38,2569.97,97658.86
2024-03-30,Biotique Bio Morning Nector SPF,Beauty,30,252.29,7568.7
2024-03-30,FabIndia Cotton Kurta,Fashion,30,1506.49,45194.7
2024-03-30,H&M Relaxed Fit Shirt,Fashion,44,846.62,37251.28
2024-03-30,JBL Flip 6 Bluetooth Speaker,Electronics,24,9402.06,225649.44
2024-03-30,Mamaearth Vitamin C Face Wash,Beauty,7,297.39,2081.73
2024-03-30,Mi 10000mAh Power Bank,Electronics,47,1045.45,49136.15
2024-03-30,Pigeon Aluminium Non-Stick Pan,Home & Living,50,870.68,43534.0
2024-03-30,Prestige Induction Cooktop 1200W,Home & Living,41,2969.54,121751.14
2024-03-30,Story@Home Blackout Curtains,Home & Living,25,1302.25,32556.25
2024-03-30,Woodland Casual Sneakers,Fashion,30,2611.52,78345.6
2024-03-30,Wow Skin Science Hair Oil,Beauty,13,594.87,7733.31
2024-03-30,boAt Airdopes 141 TWS Earbuds,Electronics,11,1360.18,14961.98
2024-03-31,AmazonBasics Adjustable Laptop Stand,Office & Computing,17,1763.56,29980.52
2024-03-31,Biotique Bio Morning Nector SPF,Beauty,8,251.14,2009.12
2024-03-31,H&M Relaxed Fit Shirt,Fashion,6,762.49,4574.94
2024-03-31,JBL Flip 6 Bluetooth Speaker,Electronics,31,10155.98,314835.38
2024-03-31,Kuber Industries Storage Box,Home & Living,38,345.79,13140.02
2024-03-31,Lakme Absolute Foundation,Beauty,47,818.77,38482.19
2024-03-31,Mi 10000mAh Power Bank,Electronics,47,1047.25,49220.75
2024-03-31,Plum Green Tea Toner 200ml,Beauty,47,375.68,17656.96
2024-03-31,Portronics Table Lamp LED,Office & Computing,49,1225.35,60042.15
2024-03-31,Prestige Induction Cooktop 1200W,Home & Living,20,2940.19,58803.8
2024-03-31,Samsung Galaxy Buds3 Pro,Electronics,27,13216.08,356834.16
2024-03-31,Sony WH-1000XM5 Headphones,Electronics,47,28182.96,1324599.12
2024-03-31,Woodland Casual Sneakers,Fashion,38,2576.34,97900.92
2024-03-31,Wow Skin Science Hair Oil,Beauty,17,580.61,9870.37
2024-03-31,boAt Airdopes 141 TWS Earbuds,Electronics,23,1327.19,30525.37
2024-04-01,Allen Solly Polo T-Shirt,Fashion,17,1001.2,17020.4
2024-04-01,AmazonBasics Adjustable Laptop Stand,Office & Computing,3,1795.04,5385.12
2024-04-01,Anker 65W GaN Fast Charger,Electronics,25,2536.98,63424.5
2024-04-01,Biotique Bio Morning Nector SPF,Beauty,25,245.54,6138.5
2024-04-01,FabIndia Cotton Kurta,Fashion,18,1472.02,26496.36
2024-04-01,H&M Relaxed Fit Shirt,Fashion,12,773.67,9284.04
2024-04-01,HP 65W Laptop Power Adapter,Office & Computing,3,2043.78,6131.34
2024-04-01,JBL Flip 6 Bluetooth Speaker,Electronics,10,9886.01,98860.1
2024-04-01,Kuber Industries Storage Box,Home & Living,29,353.5,10251.5
2024-04-01,Lakme Absolute Foundation,Beauty,5,809.47,4047.35
2024-04-01,Levi's 511 Slim Fit Jeans,Fashion,24,3053.28,73278.72
2024-04-01,Logitech MX Keys Keyboard,Electronics,3,8752.4,26257.2
2024-04-01,Mamaearth Vitamin C Face Wash,Beauty,30,310.54,9316.2
2024-04-01,Mi 10000mAh Power Bank,Electronics,27,1019.78,27534.06
2024-04-01,Milton Thermosteel Flask 1L,Home & Living,24,714.73,17153.52
2024-04-01,Minimalist 10% Niacinamide Serum,Beauty,22,386.55,8504.1
2024-04-01,Pigeon Aluminium Non-Stick Pan,Home & Living,4,863.13,3452.52
2024-04-01,Plum Green Tea Toner 200ml,Beauty,21,378.37,7945.77
2024-04-01,Portronics Table Lamp LED,Office & Computing,29,1333.55,38672.95
2024-04-01,Prestige Induction Cooktop 1200W,Home & Living,15,3010.87,45163.05
2024-04-01,Puma Classic Track Pants,Fashion,16,1977.81,31644.96
2024-04-01,Royalford Bamboo Chopping Board,Home & Living,11,507.68,5584.48
2024-04-01,Samsung Galaxy Buds3 Pro,Electronics,25,13317.48,332937.0
2024-04-01,Sony WH-1000XM5 Headphones,Electronics,22,26792.97,589445.34
2024-04-01,Story@Home Blackout Curtains,Home & Living,27,1320.3,35648.1
2024-04-01,Syska USB Hub 4-Port,Office & Computing,4,579.71,2318.84
2024-04-01,Woodland Casual Sneakers,Fashion,30,2571.35,77140.5
2024-04-01,Wow Skin Science Hair Oil,Beauty,18,619.85,11157.3
2024-04-01,Zebronics ZEB-Crystal Pro Webcam,Electronics,22,1442.34,31731.48
2024-04-01,boAt Airdopes 141 TWS Earbuds,Electronics,16,1345.37,21525.92
2024-04-02,Allen Solly Polo T-Shirt,Fashion,35,1041.36,36447.6
2024-04-02,Anker 65W GaN Fast Charger,Electronics,47,2375.05,111627.35
2024-04-02,Biotique Bio Morning Nector SPF,Beauty,34,261.62,8895.08
2024-04-02,FabIndia Cotton Kurta,Fashion,32,1554.61,49747.52
2024-04-02,H&M Relaxed Fit Shirt,Fashion,2,826.81,1653.62
2024-04-02,Kuber Industries Storage Box,Home & Living,33,343.14,11323.62
2024-04-02,Lakme Absolute Foundation,Beauty,50,767.41,38370.5
2024-04-02,Levi's 511 Slim Fit Jeans,Fashion,30,3082.97,92489.1
2024-04-02,Mamaearth Vitamin C Face Wash,Beauty,11,296.28,3259.08
2024-04-02,Mi 10000mAh Power Bank,Electronics,24,948.25,22758.0
2024-04-02,Milton Thermosteel Flask 1L,Home & Living,15,739.82,11097.3
2024-04-02,Minimalist 10% Niacinamide Serum,Beauty,28,406.62,11385.36
2024-04-02,Pigeon Aluminium Non-Stick Pan,Home & Living,19,915.18,17388.42
2024-04-02,Prestige Induction Cooktop 1200W,Home & Living,6,2842.85,17057.1
2024-04-02,Puma Classic Track Pants,Fashion,24,1999.6,47990.4
2024-04-02,Samsung Galaxy Buds3 Pro,Electronics,31,13262.88,411149.28
2024-04-02,Sony WH-1000XM5 Headphones,Electronics,17,25756.56,437861.52
2024-04-02,Woodland Casual Sneakers,Fashion,23,2406.18,55342.14
2024-04-02,Wow Skin Science Hair Oil,Beauty,19,615.23,11689.37
2024-04-02,Zebronics ZEB-Crystal Pro Webcam,Electronics,48,1578.45,75765.6
2024-04-03,Allen Solly Polo T-Shirt,Fashion,2,1028.17,2056.34
2024-04-03,AmazonBasics Adjustable Laptop Stand,Office & Computing,38,1715.89,65203.82
2024-04-03,Anker 65W GaN Fast Charger,Electronics,28,2511.25,70315.0
2024-04-03,Biotique Bio Morning Nector SPF,Beauty,47,245.29,11528.63
2024-04-03,H&M Relaxed Fit Shirt,Fashion,42,835.51,35091.42
2024-04-03,Kuber Industries Storage Box,Home & Living,23,363.31,8356.13
2024-04-03,Milton Thermosteel Flask 1L,Home & Living,33,669.85,22105.05
2024-04-03,Pigeon Aluminium Non-Stick Pan,Home & Living,40,881.56,35262.4
2024-04-03,Portronics Table Lamp LED,Office & Computing,17,1280.94,21775.98
2024-04-03,Prestige Induction Cooktop 1200W,Home & Living,44,2886.58,127009.52
2024-04-03,Samsung Galaxy Buds3 Pro,Electronics,43,12447.84,535257.12
2024-04-03,Sony WH-1000XM5 Headphones,Electronics,26,25405.69,660547.94
2024-04-03,Wow Skin Science Hair Oil,Beauty,46,618.11,28433.06
2024-04-04,Allen Solly Polo T-Shirt,Fashion,46,1005.19,46238.74
2024-04-04,AmazonBasics Adjustable Laptop Stand,Office & Computing,33,1813.57,59847.81
2024-04-04,Biotique Bio Morning Nector SPF,Beauty,26,251.07,6527.82
2024-04-04,Kuber Industries Storage Box,Home & Living,42,359.99,15119.58
2024-04-04,Levi's 511 Slim Fit Jeans,Fashion,29,2982.51,86492.79
2024-04-04,Mamaearth Vitamin C Face Wash,Beauty,23,301.81,6941.63
2024-04-04,Milton Thermosteel Flask 1L,Home & Living,38,665.03,25271.14
2024-04-04,Minimalist 10% Niacinamide Serum,Beauty,33,376.26,12416.58
2024-04-04,Pigeon Aluminium Non-Stick Pan,Home & Living,39,904.93,35292.27
2024-04-04,Plum Green Tea Toner 200ml,Beauty,45,377.36,16981.2
2024-04-04,Puma Classic Track Pants,Fashion,37,2059.77,76211.49
2024-04-04,Story@Home Blackout Curtains,Home & Living,32,1334.07,42690.24
2024-04-04,Syska USB Hub 4-Port,Office & Computing,24,603.25,14478.0
2024-04-04,Woodland Casual Sneakers,Fashion,4,2527.43,10109.72
2024-04-04,Wow Skin Science Hair Oil,Beauty,50,571.15,28557.5
2024-04-05,AmazonBasics Adjustable Laptop Stand,Office & Computing,20,1870.06,37401.2
2024-04-05,Biotique Bio Morning Nector SPF,Beauty,14,261.0,3654.0
2024-04-05,FabIndia Cotton Kurta,Fashion,22,1568.55,34508.1
2024-04-05,H&M Relaxed Fit Shirt,Fashion,4,839.03,3356.12
2024-04-05,Lakme Absolute Foundation,Beauty,36,777.11,27975.96
2024-04-05,Levi's 511 Slim Fit Jeans,Fashion,19,2924.62,55567.78
2024-04-05,Logitech MX Keys Keyboard,Electronics,32,8846.69,283094.08
2024-04-05,Mamaearth Vitamin C Face Wash,Beauty,12,297.53,3570.36
2024-04-05,Milton Thermosteel Flask 1L,Home & Living,15,731.22,10968.3
2024-04-05,Plum Green Tea Toner 200ml,Beauty,46,393.15,18084.9
2024-04-05,Samsung Galaxy Buds3 Pro,Electronics,50,12451.74,622587.0
2024-04-05,Sony WH-1000XM5 Headphones,Electronics,17,27626.96,469658.32
2024-04-05,Syska USB Hub 4-Port,Office & Computing,15,593.13,8896.95
2024-04-06,Anker 65W GaN Fast Charger,Electronics,39,2487.25,97002.75
2024-04-06,FabIndia Cotton Kurta,Fashion,7,1548.02,10836.14
2024-04-06,H&M Relaxed Fit Shirt,Fashion,15,794.77,11921.55
2024-04-06,JBL Flip 6 Bluetooth Speaker,Electronics,42,9803.02,411726.84
2024-04-06,Lakme Absolute Foundation,Beauty,43,841.03,36164.29
2024-04-06,Levi's 511 Slim Fit Jeans,Fashion,45,3175.94,142917.3
2024-04-06,Mamaearth Vitamin C Face Wash,Beauty,29,303.1,8789.9
2024-04-06,Minimalist 10% Niacinamide Serum,Beauty,25,410.93,10273.25
2024-04-06,Plum Green Tea Toner 200ml,Beauty,33,369.34,12188.22
2024-04-06,Puma Classic Track Pants,Fashion,37,2047.18,75745.66
2024-04-06,Royalford Bamboo Chopping Board,Home & Living,36,526.0,18936.0
2024-04-06,Syska USB Hub 4-Port,Office & Computing,29,587.68,17042.72
2024-04-06,Wow Skin Science Hair Oil,Beauty,30,586.84,17605.2
2024-04-06,Zebronics ZEB-Crystal Pro Webcam,Electronics,47,1435.14,67451.58
2024-04-07,AmazonBasics Adjustable Laptop Stand,Office & Computing,26,1782.63,46348.38
2024-04-07,Anker 65W GaN Fast Charger,Electronics,1,2637.94,2637.94
2024-04-07,Lakme Absolute Foundation,Beauty,13,752.23,9778.99
2024-04-07,Levi's 511 Slim Fit Jeans,Fashion,50,2939.32,146966.0
2024-04-07,Logitech MX Keys Keyboard,Electronics,1,8737.11,8737.11
2024-04-07,Mamaearth Vitamin C Face Wash,Beauty,27,291.79,7878.33
2024-04-07,Milton Thermosteel Flask 1L,Home & Living,26,680.76,17699.76
2024-04-07,Pigeon Aluminium Non-Stick Pan,Home & Living,48,911.32,43743.36
2024-04-07,Plum Green Tea Toner 200ml,Beauty,42,366.0,15372.0
2024-04-07,Syska USB Hub 4-Port,Office & Computing,42,581.93,24441.06
2024-04-07,Woodland Casual Sneakers,Fashion,29,2423.39,70278.31
2024-04-07,Wow Skin Science Hair Oil,Beauty,4,566.83,2267.32
2024-04-08,Allen Solly Polo T-Shirt,Fashion,6,1024.37,6146.22
2024-04-08,AmazonBasics Adjustable Laptop Stand,Office & Computing,7,1799.0,12593.0
2024-04-08,Anker 65W GaN Fast Charger,Electronics,7,2442.27,17095.89
2024-04-08,Biotique Bio Morning Nector SPF,Beauty,21,244.49,5134.29
2024-04-08,FabIndia Cotton Kurta,Fashion,21,1475.32,30981.72
2024-04-08,H&M Relaxed Fit Shirt,Fashion,17,780.62,13270.54
2024-04-08,HP 65W Laptop Power Adapter,Office & Computing,3,2034.78,6104.34
2024-04-08,JBL Flip 6 Bluetooth Speaker,Electronics,14,9715.03,136010.42
2024-04-08,Kuber Industries Storage Box,Home & Living,3,352.94,1058.82
2024-04-08,Lakme Absolute Foundation,Beauty,8,816.31,6530.48
2024-04-08,Levi's 511 Slim Fit Jeans,Fashion,29,2978.61,86379.69
2024-04-08,Logitech MX Keys Keyboard,Electronics,12,8348.89,100186.68
2024-04-08,Mamaearth Vitamin C Face Wash,Beauty,10,297.89,2978.9
2024-04-08,Mi 10000mAh Power Bank,Electronics,2,995.4,1990.8
2024-04-08,Milton Thermosteel Flask 1L,Home & Living,9,712.0,6408.0
2024-04-08,Minimalist 10% Niacinamide Serum,Beauty,14,401.67,5623.38
2024-04-08,Pigeon Aluminium Non-Stick Pan,Home & Living,16,868.61,13897.76
2024-04-08,Plum Green Tea Toner 200ml,Beauty,19,389.51,7400.69
2024-04-08,Portronics Table Lamp LED,Office & Computing,27,1253.02,33831.54
2024-04-08,Prestige Induction Cooktop 1200W,Home & Living,25,3058.79,76469.75
2024-04-08,Puma Classic Track Pants,Fashion,26,2002.0,52052.0
2024-04-08,Royalford Bamboo Chopping Board,Home & Living,30,511.08,15332.4
2024-04-08,Samsung Galaxy Buds3 Pro,Electronics,23,12918.41,297123.43
2024-04-08,Sony WH-1000XM5 Headphones,Electronics,13,27416.44,356413.72
2024-04-08,Story@Home Blackout Curtains,Home & Living,20,1251.2,25024.0
2024-04-08,Syska USB Hub 4-Port,Office & Computing,22,585.64,12884.08
2024-04-08,Woodland Casual Sneakers,Fashion,21,2521.95,52960.95
2024-04-08,Wow Skin Science Hair Oil,Beauty,19,609.54,11581.26
2024-04-08,Zebronics ZEB-Crystal Pro Webcam,Electronics,21,1490.46,31299.66
2024-04-08,boAt Airdopes 141 TWS Earbuds,Electronics,6,1274.58,7647.48
2024-04-09,AmazonBasics Adjustable Laptop Stand,Office & Computing,35,1750.97,61283.95
2024-04-09,Biotique Bio Morning Nector SPF,Beauty,15,243.35,3650.25
2024-04-09,FabIndia Cotton Kurta,Fashion,23,1587.44,36511.12
2024-04-09,HP 65W Laptop Power Adapter,Office & Computing,8,1900.85,15206.8
2024-04-09,JBL Flip 6 Bluetooth Speaker,Electronics,20,9991.0,199820.0
2024-04-09,Kuber Industries Storage Box,Home & Living,5,331.65,1658.25
2024-04-09,Minimalist 10% Niacinamide Serum,Beauty,40,383.24,15329.6
2024-04-09,Pigeon Aluminium Non-Stick Pan,Home & Living,1,918.78,918.78
2024-04-09,Portronics Table Lamp LED,Office & Computing,19,1309.26,24875.94
2024-04-09,Prestige Induction Cooktop 1200W,Home & Living,37,2823.09,104454.33
2024-04-09,Sony WH-1000XM5 Headphones,Electronics,12,26803.77,321645.24
2024-04-09,Syska USB Hub 4-Port,Office & Computing,35,608.88,21310.8
2024-04-09,Woodland Casual Sneakers,Fashion,27,2613.76,70571.52
2024-04-09,Wow Skin Science Hair Oil,Beauty,17,618.23,10509.91
2024-04-09,boAt Airdopes 141 TWS Earbuds,Electronics,14,1337.32,18722.48
2024-04-10,Allen Solly Polo T-Shirt,Fashion,11,987.71,10864.81
2024-04-10,Biotique Bio Morning Nector SPF,Beauty,7,237.57,1662.99
2024-04-10,FabIndia Cotton Kurta,Fashion,9,1454.78,13093.02
2024-04-10,Lakme Absolute Foundation,Beauty,7,812.73,5689.11
2024-04-10,Levi's 511 Slim Fit Jeans,Fashion,42,3029.29,127230.18
2024-04-10,Mamaearth Vitamin C Face Wash,Beauty,21,292.06,6133.26
2024-04-10,Milton Thermosteel Flask 1L,Home & Living,10,658.39,6583.9
2024-04-10,Minimalist 10% Niacinamide Serum,Beauty,32,386.59,12370.88
2024-04-10,Portronics Table Lamp LED,Office & Computing,34,1326.54,45102.36
2024-04-10,Puma Classic Track Pants,Fashion,38,2035.78,77359.64
2024-04-10,Story@Home Blackout Curtains,Home & Living,40,1366.03,54641.2
2024-04-10,Woodland Casual Sneakers,Fashion,24,2423.14,58155.36
2024-04-10,Wow Skin Science Hair Oil,Beauty,4,586.0,2344.0
2024-04-10,Zebronics ZEB-Crystal Pro Webcam,Electronics,46,1485.66,68340.36
2024-04-10,boAt Airdopes 141 TWS Earbuds,Electronics,42,1280.68,53788.56
2024-04-11,AmazonBasics Adjustable Laptop Stand,Office & Computing,34,1710.67,58162.78
2024-04-11,H&M Relaxed Fit Shirt,Fashion,27,827.92,22353.84
2024-04-11,HP 65W Laptop Power Adapter,Office & Computing,21,1995.4,41903.4
2024-04-11,JBL Flip 6 Bluetooth Speaker,Electronics,49,9759.02,478191.98
2024-04-11,Kuber Industries Storage Box,Home & Living,18,361.35,6504.3
2024-04-11,Logitech MX Keys Keyboard,Electronics,35,8616.48,301576.8
2024-04-11,Pigeon Aluminium Non-Stick Pan,Home & Living,3,870.68,2612.04
2024-04-11,Prestige Induction Cooktop 1200W,Home & Living,47,3162.42,148633.74
2024-04-11,Puma Classic Track Pants,Fashion,23,1945.23,44740.29
2024-04-11,Story@Home Blackout Curtains,Home & Living,35,1374.73,48115.55
2024-04-11,Zebronics ZEB-Crystal Pro Webcam,Electronics,42,1474.42,61925.64
2024-04-11,boAt Airdopes 141 TWS Earbuds,Electronics,37,1321.08,48879.96
2024-04-12,Anker 65W GaN Fast Charger,Electronics,17,2490.0,42330.0
2024-04-12,Biotique Bio Morning Nector SPF,Beauty,32,245.04,7841.28
2024-04-12,FabIndia Cotton Kurta,Fashion,18,1520.59,27370.62
2024-04-12,H&M Relaxed Fit Shirt,Fashion,48,783.26,37596.48
2024-04-12,HP 65W Laptop Power Adapter,Office & Computing,26,2059.57,53548.82
2024-04-12,Kuber Industries Storage Box,Home & Living,41,353.71,14502.11
2024-04-12,Logitech MX Keys Keyboard,Electronics,33,8579.1,283110.3
2024-04-12,Mamaearth Vitamin C Face Wash,Beauty,36,305.7,11005.2
2024-04-12,Mi 10000mAh Power Bank,Electronics,35,984.91,34471.85
2024-04-12,Milton Thermosteel Flask 1L,Home & Living,44,674.33,29670.52
2024-04-12,Pigeon Aluminium Non-Stick Pan,Home & Living,22,861.06,18943.32
2024-04-12,Plum Green Tea Toner 200ml,Beauty,33,355.43,11729.19
2024-04-12,Portronics Table Lamp LED,Office & Computing,11,1329.92,14629.12
2024-04-12,Prestige Induction Cooktop 1200W,Home & Living,29,2996.2,86889.8
2024-04-12,Royalford Bamboo Chopping Board,Home & Living,4,526.94,2107.76
2024-04-12,Samsung Galaxy Buds3 Pro,Electronics,30,13577.46,407323.8
2024-04-12,Sony WH-1000XM5 Headphones,Electronics,10,26145.21,261452.1
2024-04-12,Story@Home Blackout Curtains,Home & Living,25,1266.91,31672.75
2024-04-12,Wow Skin Science Hair Oil,Beauty,20,574.56,11491.2
2024-04-12,Zebronics ZEB-Crystal Pro Webcam,Electronics,37,1525.38,56439.06
2024-04-13,AmazonBasics Adjustable Laptop Stand,Office & Computing,33,1845.95,60916.35
2024-04-13,Anker 65W GaN Fast Charger,Electronics,49,2476.26,121336.74
2024-04-13,FabIndia Cotton Kurta,Fashion,12,1454.48,17453.76
2024-04-13,H&M Relaxed Fit Shirt,Fashion,24,756.17,18148.08
2024-04-13,JBL Flip 6 Bluetooth Speaker,Electronics,49,10064.99,493184.51
2024-04-13,Lakme Absolute Foundation,Beauty,37,829.66,30697.42
2024-04-13,Levi's 511 Slim Fit Jeans,Fashion,12,3011.3,36135.6
2024-04-13,Mi 10000mAh Power Bank,Electronics,15,1015.98,15239.7
2024-04-13,Pigeon Aluminium Non-Stick Pan,Home & Living,46,911.14,41912.44
2024-04-13,Prestige Induction Cooktop 1200W,Home & Living,26,3104.02,80704.52
2024-04-13,Puma Classic Track Pants,Fashion,33,2114.14,69766.62
2024-04-13,Royalford Bamboo Chopping Board,Home & Living,11,519.36,5712.96
2024-04-13,Samsung Galaxy Buds3 Pro,Electronics,35,13157.59,460515.65
2024-04-13,Story@Home Blackout Curtains,Home & Living,28,1345.63,37677.64
2024-04-14,Anker 65W GaN Fast Charger,Electronics,12,2391.79,28701.48
2024-04-14,H&M Relaxed Fit Shirt,Fashion,18,763.04,13734.72
2024-04-14,HP 65W Laptop Power Adapter,Office & Computing,15,1903.05,28545.75
2024-04-14,Logitech MX Keys Keyboard,Electronics,39,8151.8,317920.2
2024-04-14,Mi 10000mAh Power Bank,Electronics,35,981.02,34335.7
2024-04-14,Milton Thermosteel Flask 1L,Home & Living,8,735.56,5884.48
2024-04-14,Pigeon Aluminium Non-Stick Pan,Home & Living,10,885.69,8856.9
2024-04-14,Plum Green Tea Toner 200ml,Beauty,17,377.62,6419.54
2024-04-14,Portronics Table Lamp LED,Office & Computing,36,1227.55,44191.8
2024-04-14,Puma Classic Track Pants,Fashion,31,2007.2,62223.2
2024-04-14,Royalford Bamboo Chopping Board,Home & Living,10,525.1,5251.0
2024-04-14,Samsung Galaxy Buds3 Pro,Electronics,30,12536.24,376087.2
2024-04-14,Story@Home Blackout Curtains,Home & Living,11,1231.19,13543.09
2024-04-14,Woodland Casual Sneakers,Fashion,27,2585.07,69796.89
2024-04-14,Zebronics ZEB-Crystal Pro Webcam,Electronics,34,1514.74,51501.16
2024-04-15,Allen Solly Polo T-Shirt,Fashion,26,1007.39,26192.14
2024-04-15,AmazonBasics Adjustable Laptop Stand,Office & Computing,28,1825.09,51102.52
2024-04-15,Anker 65W GaN Fast Charger,Electronics,16,2454.27,39268.32
2024-04-15,Biotique Bio Morning Nector SPF,Beauty,15,248.8,3732.0
2024-04-15,FabIndia Cotton Kurta,Fashion,18,1450.28,26105.04
2024-04-15,H&M Relaxed Fit Shirt,Fashion,22,797.88,17553.36
2024-04-15,HP 65W Laptop Power Adapter,Office & Computing,4,2063.77,8255.08
2024-04-15,JBL Flip 6 Bluetooth Speaker,Electronics,17,9929.01,168793.17
2024-04-15,Kuber Industries Storage Box,Home & Living,13,340.21,4422.73
2024-04-15,Lakme Absolute Foundation,Beauty,25,764.63,19115.75
2024-04-15,Levi's 511 Slim Fit Jeans,Fashion,4,3079.07,12316.28
2024-04-15,Logitech MX Keys Keyboard,Electronics,15,8721.82,130827.3
2024-04-15,Mamaearth Vitamin C Face Wash,Beauty,21,300.05,6301.05
2024-04-15,Mi 10000mAh Power Bank,Electronics,11,979.22,10771.42
2024-04-15,Milton Thermosteel Flask 1L,Home & Living,4,714.17,2856.68
2024-04-15,Minimalist 10% Niacinamide Serum,Beauty,26,411.73,10704.98
2024-04-15,Pigeon Aluminium Non-Stick Pan,Home & Living,19,879.31,16706.89
2024-04-15,Plum Green Tea Toner 200ml,Beauty,22,379.39,8346.58
2024-04-15,Portronics Table Lamp LED,Office & Computing,2,1294.45,2588.9
2024-04-15,Prestige Induction Cooktop 1200W,Home & Living,18,2997.7,53958.6
2024-04-15,Puma Classic Track Pants,Fashion,26,1932.23,50237.98
2024-04-15,Royalford Bamboo Chopping Board,Home & Living,28,491.96,13774.88
2024-04-15,Samsung Galaxy Buds3 Pro,Electronics,9,12640.23,113762.07
2024-04-15,Sony WH-1000XM5 Headphones,Electronics,18,26185.7,471342.6
2024-04-15,Story@Home Blackout Curtains,Home & Living,27,1336.02,36072.54
2024-04-15,Syska USB Hub 4-Port,Office & Computing,11,592.05,6512.55
2024-04-15,Woodland Casual Sneakers,Fashion,20,2459.82,49196.4
2024-04-15,Wow Skin Science Hair Oil,Beauty,10,582.35,5823.5
2024-04-15,Zebronics ZEB-Crystal Pro Webcam,Electronics,28,1494.35,41841.8
2024-04-15,boAt Airdopes 141 TWS Earbuds,Electronics,28,1310.04,36681.12
2024-04-16,AmazonBasics Adjustable Laptop Stand,Office & Computing,48,1866.82,89607.36
2024-04-16,Biotique Bio Morning Nector SPF,Beauty,40,252.51,10100.4
2024-04-16,Lakme Absolute Foundation,Beauty,5,815.51,4077.55
2024-04-16,Logitech MX Keys Keyboard,Electronics,42,8002.29,336096.18
2024-04-16,Mamaearth Vitamin C Face Wash,Beauty,2,310.93,621.86
2024-04-16,Mi 10000mAh Power Bank,Electronics,35,1038.36,36342.6
2024-04-16,Minimalist 10% Niacinamide Serum,Beauty,50,404.07,20203.5
2024-04-16,Prestige Induction Cooktop 1200W,Home & Living,2,2984.22,5968.44
2024-04-16,Samsung Galaxy Buds3 Pro,Electronics,49,13109.49,642365.01
2024-04-16,Sony WH-1000XM5 Headphones,Electronics,36,27421.84,987186.24
2024-04-16,Story@Home Blackout Curtains,Home & Living,4,1365.25,5461.0
2024-04-16,Syska USB Hub 4-Port,Office & Computing,6,611.22,3667.32
2024-04-16,boAt Airdopes 141 TWS Earbuds,Electronics,24,1225.61,29414.64
2024-04-17,Anker 65W GaN Fast Charger,Electronics,41,2384.55,97766.55
2024-04-17,HP 65W Laptop Power Adapter,Office & Computing,41,2060.77,84491.57
2024-04-17,JBL Flip 6 Bluetooth Speaker,Electronics,15,9700.03,145500.45
2024-04-17,Levi's 511 Slim Fit Jeans,Fashion,23,3093.77,71156.71
2024-04-17,Minimalist 10% Niacinamide Serum,Beauty,48,376.74,18083.52
2024-04-17,Wow Skin Science Hair Oil,Beauty,5,611.52,3057.6
2024-04-17,Zebronics ZEB-Crystal Pro Webcam,Electronics,41,1422.85,58336.85
2024-04-18,Biotique Bio Morning Nector SPF,Beauty,16,253.28,4052.48
2024-04-18,FabIndia Cotton Kurta,Fashion,31,1415.06,43866.86
2024-04-18,HP 65W Laptop Power Adapter,Office & Computing,1,1922.64,1922.64
2024-04-18,Pigeon Aluminium Non-Stick Pan,Home & Living,38,853.06,32416.28
2024-04-18,Plum Green Tea Toner 200ml,Beauty,8,355.01,2840.08
2024-04-18,Portronics Table Lamp LED,Office & Computing,21,1245.09,26146.89
2024-04-18,Royalford Bamboo Chopping Board,Home & Living,41,503.59,20647.19
2024-04-18,Story@Home Blackout Curtains,Home & Living,48,1328.36,63761.28
2024-04-18,Syska USB Hub 4-Port,Office & Computing,29,614.45,17819.05
2024-04-18,Wow Skin Science Hair Oil,Beauty,12,588.4,7060.8
2024-04-18,Zebronics ZEB-Crystal Pro Webcam,Electronics,41,1542.62,63247.42
2024-04-19,Anker 65W GaN Fast Charger,Electronics,23,2643.44,60799.12
2024-04-19,Biotique Bio Morning Nector SPF,Beauty,28,248.9,6969.2
2024-04-19,JBL Flip 6 Bluetooth Speaker,Electronics,19,9702.03,184338.57
2024-04-19,Levi's 511 Slim Fit Jeans,Fashion,11,3031.69,33348.59
2024-04-19,Logitech MX Keys Keyboard,Electronics,14,8594.39,120321.46
2024-04-19,Milton Thermosteel Flask 1L,Home & Living,15,690.05,10350.75
2024-04-19,Minimalist 10% Niacinamide Serum,Beauty,27,414.0,11178.0
2024-04-19,Prestige Induction Cooktop 1200W,Home & Living,45,2944.38,132497.1
2024-04-19,Royalford Bamboo Chopping Board,Home & Living,30,503.84,15115.2
2024-04-19,Samsung Galaxy Buds3 Pro,Electronics,42,13288.88,558132.96
2024-04-19,Sony WH-1000XM5 Headphones,Electronics,6,27559.49,165356.94
2024-04-19,Woodland Casual Sneakers,Fashion,36,2539.66,91427.76
2024-04-19,Zebronics ZEB-Crystal Pro Webcam,Electronics,32,1450.88,46428.16
2024-04-20,Allen Solly Polo T-Shirt,Fashion,44,960.74,42272.56
2024-04-20,Anker 65W GaN Fast Charger,Electronics,23,2584.47,59442.81
2024-04-20,Biotique Bio Morning Nector SPF,Beauty,32,257.67,8245.44
2024-04-20,FabIndia Cotton Kurta,Fashion,30,1445.04,43351.2
2024-04-20,HP 65W Laptop Power Adapter,Office & Computing,22,1949.02,42878.44
2024-04-20,JBL Flip 6 Bluetooth Speaker,Electronics,14,9969.0,139566.0
2024-04-20,Mamaearth Vitamin C Face Wash,Beauty,10,313.92,3139.2
2024-04-20,Minimalist 10% Niacinamide Serum,Beauty,15,402.71,6040.65
2024-04-20,Pigeon Aluminium Non-Stick Pan,Home & Living,37,938.83,34736.71
2024-04-20,Samsung Galaxy Buds3 Pro,Electronics,19,12765.02,242535.38
2024-04-20,Sony WH-1000XM5 Headphones,Electronics,1,27297.69,27297.69
2024-04-20,Syska USB Hub 4-Port,Office & Computing,18,595.83,10724.94
2024-04-20,Woodland Casual Sneakers,Fashion,35,2446.6,85631.0
2024-04-21,Allen Solly Polo T-Shirt,Fashion,16,1005.69,16091.04
2024-04-21,AmazonBasics Adjustable Laptop Stand,Office & Computing,41,1726.86,70801.26
2024-04-21,Anker 65W GaN Fast Charger,Electronics,42,2530.99,106301.58
2024-04-21,Biotique Bio Morning Nector SPF,Beauty,47,263.32,12376.04
2024-04-21,H&M Relaxed Fit Shirt,Fashion,50,827.04,41352.0
2024-04-21,Kuber Industries Storage Box,Home & Living,33,340.76,11245.08
2024-04-21,Mamaearth Vitamin C Face Wash,Beauty,41,311.47,12770.27
2024-04-21,Mi 10000mAh Power Bank,Electronics,35,1036.56,36279.6
2024-04-21,Pigeon Aluminium Non-Stick Pan,Home & Living,39,928.31,36204.09
2024-04-21,Portronics Table Lamp LED,Office & Computing,43,1234.44,53080.92
2024-04-21,Prestige Induction Cooktop 1200W,Home & Living,20,2934.8,58696.0
2024-04-21,Puma Classic Track Pants,Fashion,41,1959.22,80328.02
2024-04-21,Royalford Bamboo Chopping Board,Home & Living,46,469.11,21579.06
2024-04-21,Samsung Galaxy Buds3 Pro,Electronics,5,12515.44,62577.2
2024-04-21,Story@Home Blackout Curtains,Home & Living,20,1333.42,26668.4
2024-04-21,Woodland Casual Sneakers,Fashion,37,2633.22,97429.14
2024-04-22,Allen Solly Polo T-Shirt,Fashion,28,979.02,27412.56
2024-04-22,AmazonBasics Adjustable Laptop Stand,Office & Computing,17,1770.04,30090.68
2024-04-22,Anker 65W GaN Fast Charger,Electronics,19,2594.21,49289.99
2024-04-22,Biotique Bio Morning Nector SPF,Beauty,12,250.05,3000.6
2024-04-22,FabIndia Cotton Kurta,Fashion,21,1459.28,30644.88
2024-04-22,H&M Relaxed Fit Shirt,Fashion,28,773.99,21671.72
2024-04-22,HP 65W Laptop Power Adapter,Office & Computing,21,1956.02,41076.42
2024-04-22,JBL Flip 6 Bluetooth Speaker,Electronics,22,10232.98,225125.56
2024-04-22,Kuber Industries Storage Box,Home & Living,29,345.68,10024.72
2024-04-22,Lakme Absolute Foundation,Beauty,10,792.62,7926.2
2024-04-22,Levi's 511 Slim Fit Jeans,Fashion,20,2976.81,59536.2
2024-04-22,Logitech MX Keys Keyboard,Electronics,23,8360.78,192297.94
2024-04-22,Mamaearth Vitamin C Face Wash,Beauty,16,308.3,4932.8
2024-04-22,Mi 10000mAh Power Bank,Electronics,4,1036.56,4146.24
2024-04-22,Milton Thermosteel Flask 1L,Home & Living,1,689.77,689.77
2024-04-22,Minimalist 10% Niacinamide Serum,Beauty,28,404.98,11339.44
2024-04-22,Pigeon Aluminium Non-Stick Pan,Home & Living,22,895.04,19690.88
2024-04-22,Plum Green Tea Toner 200ml,Beauty,25,369.94,9248.5
2024-04-22,Portronics Table Lamp LED,Office & Computing,30,1284.45,38533.5
2024-04-22,Prestige Induction Cooktop 1200W,Home & Living,19,2902.45,55146.55
2024-04-22,Puma Classic Track Pants,Fashion,14,1931.63,27042.82
2024-04-22,Royalford Bamboo Chopping Board,Home & Living,1,484.93,484.93
2024-04-22,Samsung Galaxy Buds3 Pro,Electronics,25,12828.71,320717.75
2024-04-22,Sony WH-1000XM5 Headphones,Electronics,14,27346.27,382847.78
2024-04-22,Story@Home Blackout Curtains,Home & Living,5,1256.52,6282.6
2024-04-22,Syska USB Hub 4-Port,Office & Computing,21,621.28,13046.88
2024-04-22,Woodland Casual Sneakers,Fashion,21,2458.32,51624.72
2024-04-22,Wow Skin Science Hair Oil,Beauty,11,586.06,6446.66
2024-04-22,Zebronics ZEB-Crystal Pro Webcam,Electronics,2,1470.22,2940.44
2024-04-22,boAt Airdopes 141 TWS Earbuds,Electronics,7,1343.56,9404.92
2024-04-23,Allen Solly Polo T-Shirt,Fashion,38,989.31,37593.78
2024-04-23,Biotique Bio Morning Nector SPF,Beauty,11,250.42,2754.62
2024-04-23,H&M Relaxed Fit Shirt,Fashion,29,796.2,23089.8
2024-04-23,HP 65W Laptop Power Adapter,Office & Computing,19,1912.84,36343.96
2024-04-23,Kuber Industries Storage Box,Home & Living,20,366.38,7327.6
2024-04-23,Lakme Absolute Foundation,Beauty,14,762.01,10668.14
2024-04-23,Logitech MX Keys Keyboard,Electronics,30,8409.2,252276.0
2024-04-23,Milton Thermosteel Flask 1L,Home & Living,12,678.31,8139.72
2024-04-23,Pigeon Aluminium Non-Stick Pan,Home & Living,25,858.28,21457.0
2024-04-23,Portronics Table Lamp LED,Office & Computing,45,1223.27,55047.15
2024-04-23,Puma Classic Track Pants,Fashion,30,1961.82,58854.6
2024-04-23,Sony WH-1000XM5 Headphones,Electronics,40,27346.27,1093850.8
2024-04-23,Syska USB Hub 4-Port,Office & Computing,44,616.85,27141.4
2024-04-23,Woodland Casual Sneakers,Fashion,14,2436.62,34112.68
2024-04-23,Zebronics ZEB-Crystal Pro Webcam,Electronics,35,1547.72,54170.2
2024-04-23,boAt Airdopes 141 TWS Earbuds,Electronics,7,1370.06,9590.42
2024-04-24,Allen Solly Polo T-Shirt,Fashion,3,1032.27,3096.81
2024-04-24,AmazonBasics Adjustable Laptop Stand,Office & Computing,27,1844.15,49792.05
2024-04-24,Biotique Bio Morning Nector SPF,Beauty,42,258.69,10864.98
2024-04-24,FabIndia Cotton Kurta,Fashion,31,1499.3,46478.3
2024-04-24,Logitech MX Keys Keyboard,Electronics,2,8775.33,17550.66
2024-04-24,Pigeon Aluminium Non-Stick Pan,Home & Living,43,946.83,40713.69
2024-04-24,Plum Green Tea Toner 200ml,Beauty,26,372.34,9680.84
2024-04-24,Portronics Table Lamp LED,Office & Computing,28,1243.14,34807.92
2024-04-24,Story@Home Blackout Curtains,Home & Living,11,1278.22,14060.42
2024-04-25,Allen Solly Polo T-Shirt,Fashion,13,1000.5,13006.5
2024-04-25,AmazonBasics Adjustable Laptop Stand,Office & Computing,8,1707.07,13656.56
2024-04-25,Biotique Bio Morning Nector SPF,Beauty,49,263.77,12924.73
2024-04-25,Logitech MX Keys Keyboard,Electronics,47,8224.86,386568.42
2024-04-25,Mamaearth Vitamin C Face Wash,Beauty,11,316.61,3482.71
2024-04-25,Mi 10000mAh Power Bank,Electronics,32,1023.97,32767.04
2024-04-25,Milton Thermosteel Flask 1L,Home & Living,24,702.22,16853.28
2024-04-25,Plum Green Tea Toner 200ml,Beauty,35,391.46,13701.1
2024-04-25,Prestige Induction Cooktop 1200W,Home & Living,43,3012.97,129557.71
2024-04-25,Puma Classic Track Pants,Fashion,26,1904.05,49505.3
2024-04-25,Story@Home Blackout Curtains,Home & Living,39,1358.88,52996.32
2024-04-25,Syska USB Hub 4-Port,Office & Computing,31,606.13,18790.03
2024-04-25,Woodland Casual Sneakers,Fashion,35,2472.3,86530.5
2024-04-25,Wow Skin Science Hair Oil,Beauty,31,591.45,18334.95
2024-04-25,boAt Airdopes 141 TWS Earbuds,Electronics,25,1346.54,33663.5
2024-04-26,Allen Solly Polo T-Shirt,Fashion,45,986.81,44406.45
2024-04-26,FabIndia Cotton Kurta,Fashion,30,1573.8,47214.0
2024-04-26,HP 65W Laptop Power Adapter,Office & Computing,41,2110.14,86515.74
2024-04-26,Mamaearth Vitamin C Face Wash,Beauty,27,301.57,8142.39
2024-04-26,Mi 10000mAh Power Bank,Electronics,20,1027.87,20557.4
2024-04-26,Milton Thermosteel Flask 1L,Home & Living,29,710.25,20597.25
2024-04-26,Pigeon Aluminium Non-Stick Pan,Home & Living,20,852.25,17045.0
2024-04-26,Plum Green Tea Toner 200ml,Beauty,15,357.94,5369.1
2024-04-26,Portronics Table Lamp LED,Office & Computing,20,1303.03,26060.6
2024-04-26,Royalford Bamboo Chopping Board,Home & Living,6,503.69,3022.14
2024-04-27,AmazonBasics Adjustable Laptop Stand,Office & Computing,17,1905.68,32396.56
2024-04-27,FabIndia Cotton Kurta,Fashion,5,1488.51,7442.55
2024-04-27,H&M Relaxed Fit Shirt,Fashion,33,785.98,25937.34
2024-04-27,HP 65W Laptop Power Adapter,Office & Computing,33,2069.36,68288.88
2024-04-27,Kuber Industries Storage Box,Home & Living,33,355.11,11718.63
2024-04-27,Logitech MX Keys Keyboard,Electronics,22,8023.53,176517.66
2024-04-27,Milton Thermosteel Flask 1L,Home & Living,9,684.53,6160.77
2024-04-27,Pigeon Aluminium Non-Stick Pan,Home & Living,30,910.33,27309.9
2024-04-27,Plum Green Tea Toner 200ml,Beauty,12,372.9,4474.8
2024-04-27,Puma Classic Track Pants,Fashion,38,1924.84,73143.92
2024-04-27,Samsung Galaxy Buds3 Pro,Electronics,40,13092.59,523703.6
2024-04-27,Zebronics ZEB-Crystal Pro Webcam,Electronics,19,1488.21,28275.99
2024-04-27,boAt Airdopes 141 TWS Earbuds,Electronics,2,1300.3,2600.6
2024-04-28,AmazonBasics Adjustable Laptop Stand,Office & Computing,16,1890.93,30254.88
2024-04-28,Anker 65W GaN Fast Charger,Electronics,30,2635.95,79078.5
2024-04-28,Biotique Bio Morning Nector SPF,Beauty,24,237.87,5708.88
2024-04-28,H&M Relaxed Fit Shirt,Fashion,6,761.77,4570.62
2024-04-28,Kuber Industries Storage Box,Home & Living,21,364.43,7653.03
2024-04-28,Lakme Absolute Foundation,Beauty,43,807.48,34721.64
2024-04-28,Logitech MX Keys Keyboard,Electronics,16,8720.97,139535.52
2024-04-28,Mi 10000mAh Power Bank,Electronics,26,1014.08,26366.08
2024-04-28,Milton Thermosteel Flask 1L,Home & Living,16,694.39,11110.24
2024-04-28,Pigeon Aluminium Non-Stick Pan,Home & Living,10,855.58,8555.8
2024-04-28,Plum Green Tea Toner 200ml,Beauty,6,380.85,2285.1
2024-04-28,Portronics Table Lamp LED,Office & Computing,27,1360.57,36735.39
2024-04-28,Royalford Bamboo Chopping Board,Home & Living,36,496.21,17863.56
2024-04-28,Sony WH-1000XM5 Headphones,Electronics,11,25821.33,284034.63
2024-04-28,Syska USB Hub 4-Port,Office & Computing,22,618.89,13615.58
2024-04-28,boAt Airdopes 141 TWS Earbuds,Electronics,11,1293.41,14227.51
2024-04-29,Allen Solly Polo T-Shirt,Fashion,21,997.4,20945.4
2024-04-29,AmazonBasics Adjustable Laptop Stand,Office & Computing,2,1852.43,3704.86
2024-04-29,Anker 65W GaN Fast Charger,Electronics,17,2518.24,42810.08
2024-04-29,Biotique Bio Morning Nector SPF,Beauty,13,247.63,3219.19
2024-04-29,FabIndia Cotton Kurta,Fashion,19,1457.48,27692.12
2024-04-29,H&M Relaxed Fit Shirt,Fashion,28,802.6,22472.8
2024-04-29,HP 65W Laptop Power Adapter,Office & Computing,10,1961.22,19612.2
2024-04-29,JBL Flip 6 Bluetooth Speaker,Electronics,6,9739.03,58434.18
2024-04-29,Kuber Industries Storage Box,Home & Living,6,347.5,2085.0
2024-04-29,Lakme Absolute Foundation,Beauty,24,797.86,19148.64
2024-04-29,Levi's 511 Slim Fit Jeans,Fashion,9,2886.84,25981.56
2024-04-29,Logitech MX Keys Keyboard,Electronics,26,8599.49,223586.74
2024-04-29,Mamaearth Vitamin C Face Wash,Beauty,5,307.4,1537.0
2024-04-29,Mi 10000mAh Power Bank,Electronics,13,1028.17,13366.21
2024-04-29,Milton Thermosteel Flask 1L,Home & Living,14,686.28,9607.92
2024-04-29,Minimalist 10% Niacinamide Serum,Beauty,1,402.11,402.11
2024-04-29,Pigeon Aluminium Non-Stick Pan,Home & Living,1,913.02,913.02
2024-04-29,Plum Green Tea Toner 200ml,Beauty,26,372.9,9695.4
2024-04-29,Portronics Table Lamp LED,Office & Computing,7,1275.49,8928.43
2024-04-29,Prestige Induction Cooktop 1200W,Home & Living,25,3005.18,75129.5
2024-04-29,Puma Classic Track Pants,Fashion,20,2078.16,41563.2
2024-04-29,Royalford Bamboo Chopping Board,Home & Living,23,515.67,11860.41
2024-04-29,Samsung Galaxy Buds3 Pro,Electronics,3,12874.21,38622.63
2024-04-29,Sony WH-1000XM5 Headphones,Electronics,13,27373.26,355852.38
2024-04-29,Story@Home Blackout Curtains,Home & Living,8,1347.71,10781.68
2024-04-29,Syska USB Hub 4-Port,Office & Computing,10,601.28,6012.8
2024-04-29,Woodland Casual Sneakers,Fashion,15,2408.92,36133.8
2024-04-29,Wow Skin Science Hair Oil,Beauty,19,614.99,11684.81
2024-04-29,Zebronics ZEB-Crystal Pro Webcam,Electronics,11,1464.37,16108.07
2024-04-29,boAt Airdopes 141 TWS Earbuds,Electronics,25,1322.9,33072.5
2024-04-30,Anker 65W GaN Fast Charger,Electronics,39,2557.48,99741.72
2024-04-30,H&M Relaxed Fit Shirt,Fashion,20,797.4,15948.0
2024-04-30,HP 65W Laptop Power Adapter,Office & Computing,40,2114.74,84589.6
2024-04-30,JBL Flip 6 Bluetooth Speaker,Electronics,36,9871.01,355356.36
2024-04-30,Kuber Industries Storage Box,Home & Living,40,353.99,14159.6
2024-04-30,Lakme Absolute Foundation,Beauty,20,797.31,15946.2
2024-04-30,Levi's 511 Slim Fit Jeans,Fashion,10,2875.74,28757.4
2024-04-30,Logitech MX Keys Keyboard,Electronics,31,8657.25,268374.75
2024-04-30,Milton Thermosteel Flask 1L,Home & Living,34,698.23,23739.82
2024-04-30,Minimalist 10% Niacinamide Serum,Beauty,49,395.05,19357.45
2024-04-30,Plum Green Tea Toner 200ml,Beauty,45,380.18,17108.1
2024-04-30,Portronics Table Lamp LED,Office & Computing,25,1255.74,31393.5
2024-04-30,Prestige Induction Cooktop 1200W,Home & Living,45,3151.64,141823.8
2024-04-30,Samsung Galaxy Buds3 Pro,Electronics,46,13039.3,599807.8
2024-04-30,Sony WH-1000XM5 Headphones,Electronics,7,25535.24,178746.68
2024-04-30,Story@Home Blackout Curtains,Home & Living,14,1345.63,18838.82
2024-04-30,Syska USB Hub 4-Port,Office & Computing,28,567.91,15901.48
2024-04-30,Woodland Casual Sneakers,Fashion,30,2515.46,75463.8
2024-04-30,Zebronics ZEB-Crystal Pro Webcam,Electronics,16,1582.94,25327.04
2024-05-01,Allen Solly Polo T-Shirt,Fashion,19,1044.15,19838.85
2024-05-01,Anker 65W GaN Fast Charger,Electronics,21,2600.71,54614.91
2024-05-01,FabIndia Cotton Kurta,Fashion,23,1528.08,35145.84
2024-05-01,H&M Relaxed Fit Shirt,Fashion,40,794.29,31771.6
2024-05-01,Lakme Absolute Foundation,Beauty,31,762.72,23644.32
2024-05-01,Levi's 511 Slim Fit Jeans,Fashion,12,2957.61,35491.32
2024-05-01,Logitech MX Keys Keyboard,Electronics,17,8791.48,149455.16
2024-05-01,Mamaearth Vitamin C Face Wash,Beauty,34,316.76,10769.84
2024-05-01,Mi 10000mAh Power Bank,Electronics,42,1019.08,42801.36
2024-05-01,Minimalist 10% Niacinamide Serum,Beauty,31,408.58,12665.98
2024-05-01,Pigeon Aluminium Non-Stick Pan,Home & Living,15,889.83,13347.45
2024-05-01,Plum Green Tea Toner 200ml,Beauty,27,357.45,9651.15
2024-05-01,Prestige Induction Cooktop 1200W,Home & Living,37,3097.13,114593.81
2024-05-01,Puma Classic Track Pants,Fashion,29,1954.42,56678.18
2024-05-01,Samsung Galaxy Buds3 Pro,Electronics,18,12762.42,229723.56
2024-05-01,Story@Home Blackout Curtains,Home & Living,15,1290.69,19360.35
2024-05-01,Syska USB Hub 4-Port,Office & Computing,5,633.56,3167.8
2024-05-01,Wow Skin Science Hair Oil,Beauty,40,592.53,23701.2
2024-05-02,Allen Solly Polo T-Shirt,Fashion,33,1026.97,33890.01
2024-05-02,AmazonBasics Adjustable Laptop Stand,Office & Computing,36,1724.52,62082.72
2024-05-02,H&M Relaxed Fit Shirt,Fashion,10,776.23,7762.3
2024-05-02,Kuber Industries Storage Box,Home & Living,7,359.78,2518.46
2024-05-02,Logitech MX Keys Keyboard,Electronics,39,8117.82,316594.98
2024-05-02,Minimalist 10% Niacinamide Serum,Beauty,28,398.68,11163.04
2024-05-02,Pigeon Aluminium Non-Stick Pan,Home & Living,16,859.35,13749.6
2024-05-02,Prestige Induction Cooktop 1200W,Home & Living,13,2943.49,38265.37
2024-05-02,Puma Classic Track Pants,Fashion,16,1881.26,30100.16
2024-05-02,Sony WH-1000XM5 Headphones,Electronics,39,27494.71,1072293.69
2024-05-02,Story@Home Blackout Curtains,Home & Living,27,1363.95,36826.65
2024-05-02,boAt Airdopes 141 TWS Earbuds,Electronics,35,1230.28,43059.8
2024-05-03,AmazonBasics Adjustable Laptop Stand,Office & Computing,50,1739.99,86999.5
2024-05-03,Biotique Bio Morning Nector SPF,Beauty,7,254.13,1778.91
2024-05-03,H&M Relaxed Fit Shirt,Fashion,47,756.89,35573.83
2024-05-03,Kuber Industries Storage Box,Home & Living,20,367.22,7344.4
2024-05-03,Lakme Absolute Foundation,Beauty,7,770.91,5396.37
2024-05-03,Levi's 511 Slim Fit Jeans,Fashion,10,3091.67,30916.7
2024-05-03,Logitech MX Keys Keyboard,Electronics,24,8729.46,209507.04
2024-05-03,Mi 10000mAh Power Bank,Electronics,12,1038.26,12459.12
2024-05-03,Milton Thermosteel Flask 1L,Home & Living,50,707.95,35397.5
2024-05-03,Prestige Induction Cooktop 1200W,Home & Living,10,2937.8,29378.0
2024-05-03,Royalford Bamboo Chopping Board,Home & Living,33,517.36,17072.88
2024-05-03,Samsung Galaxy Buds3 Pro,Electronics,14,13134.19,183878.66
2024-05-03,Wow Skin Science Hair Oil,Beauty,13,597.92,7772.96
2024-05-03,boAt Airdopes 141 TWS Earbuds,Electronics,13,1258.47,16360.11
2024-05-04,Allen Solly Polo T-Shirt,Fashion,5,1029.57,5147.85
2024-05-04,Anker 65W GaN Fast Charger,Electronics,49,2412.03,118189.47
2024-05-04,JBL Flip 6 Bluetooth Speaker,Electronics,47,9911.01,465817.47
2024-05-04,Mamaearth Vitamin C Face Wash,Beauty,34,310.54,10558.36
2024-05-04,Mi 10000mAh Power Bank,Electronics,39,942.56,36759.84
2024-05-04,Plum Green Tea Toner 200ml,Beauty,9,376.35,3387.15
2024-05-04,Portronics Table Lamp LED,Office & Computing,24,1367.2,32812.8
2024-05-04,Puma Classic Track Pants,Fashion,24,2020.59,48494.16
2024-05-04,Royalford Bamboo Chopping Board,Home & Living,46,483.98,22263.08
2024-05-04,Syska USB Hub 4-Port,Office & Computing,17,619.73,10535.41
2024-05-04,Wow Skin Science Hair Oil,Beauty,16,624.7,9995.2
2024-05-05,Allen Solly Polo T-Shirt,Fashion,49,1035.16,50722.84
2024-05-05,AmazonBasics Adjustable Laptop Stand,Office & Computing,34,1751.33,59545.22
2024-05-05,H&M Relaxed Fit Shirt,Fashion,26,826.25,21482.5
2024-05-05,JBL Flip 6 Bluetooth Speaker,Electronics,27,9578.04,258607.08
2024-05-05,Mamaearth Vitamin C Face Wash,Beauty,46,300.14,13806.44
2024-05-05,Pigeon Aluminium Non-Stick Pan,Home & Living,5,853.33,4266.65
2024-05-05,Portronics Table Lamp LED,Office & Computing,9,1334.07,12006.63
2024-05-05,Puma Classic Track Pants,Fashion,47,1932.23,90814.81
2024-05-05,Samsung Galaxy Buds3 Pro,Electronics,21,13292.78,279148.38
2024-05-05,Syska USB Hub 4-Port,Office & Computing,42,611.1,25666.2
2024-05-05,Woodland Casual Sneakers,Fashion,31,2419.15,74993.65
2024-05-05,Zebronics ZEB-Crystal Pro Webcam,Electronics,40,1472.02,58880.8
2024-05-05,boAt Airdopes 141 TWS Earbuds,Electronics,9,1310.69,11796.21
2024-05-06,Allen Solly Polo T-Shirt,Fashion,12,1003.4,12040.8
2024-05-06,AmazonBasics Adjustable Laptop Stand,Office & Computing,5,1746.83,8734.15
2024-05-06,Anker 65W GaN Fast Charger,Electronics,4,2565.47,10261.88
2024-05-06,Biotique Bio Morning Nector SPF,Beauty,22,250.72,5515.84
2024-05-06,FabIndia Cotton Kurta,Fashion,22,1513.99,33307.78
2024-05-06,H&M Relaxed Fit Shirt,Fashion,4,815.78,3263.12
2024-05-06,HP 65W Laptop Power Adapter,Office & Computing,2,1935.03,3870.06
2024-05-06,JBL Flip 6 Bluetooth Speaker,Electronics,20,10295.97,205919.4
2024-05-06,Kuber Industries Storage Box,Home & Living,9,347.32,3125.88
2024-05-06,Lakme Absolute Foundation,Beauty,18,787.29,14171.22
2024-05-06,Levi's 511 Slim Fit Jeans,Fashion,12,2931.22,35174.64
2024-05-06,Logitech MX Keys Keyboard,Electronics,1,8608.83,8608.83
2024-05-06,Mamaearth Vitamin C Face Wash,Beauty,15,293.56,4403.4
2024-05-06,Mi 10000mAh Power Bank,Electronics,27,1037.96,28024.92
2024-05-06,Milton Thermosteel Flask 1L,Home & Living,3,685.72,2057.16
2024-05-06,Minimalist 10% Niacinamide Serum,Beauty,9,413.92,3725.28
2024-05-06,Pigeon Aluminium Non-Stick Pan,Home & Living,27,871.67,23535.09
2024-05-06,Plum Green Tea Toner 200ml,Beauty,1,362.96,362.96
2024-05-06,Portronics Table Lamp LED,Office & Computing,27,1295.23,34971.21
2024-05-06,Prestige Induction Cooktop 1200W,Home & Living,12,3005.18,36062.16
2024-05-06,Puma Classic Track Pants,Fashion,6,2006.2,12037.2
2024-05-06,Royalford Bamboo Chopping Board,Home & Living,25,483.48,12087.0
2024-05-06,Samsung Galaxy Buds3 Pro,Electronics,12,13360.37,160324.44
2024-05-06,Sony WH-1000XM5 Headphones,Electronics,29,26285.56,762281.24
2024-05-06,Story@Home Blackout Curtains,Home & Living,13,1300.43,16905.59
2024-05-06,Syska USB Hub 4-Port,Office & Computing,12,608.7,7304.4
2024-05-06,Woodland Casual Sneakers,Fashion,15,2521.2,37818.0
2024-05-06,Wow Skin Science Hair Oil,Beauty,16,601.46,9623.36
2024-05-06,Zebronics ZEB-Crystal Pro Webcam,Electronics,11,1479.51,16274.61
2024-05-06,boAt Airdopes 141 TWS Earbuds,Electronics,7,1321.08,9247.56
2024-05-07,Allen Solly Polo T-Shirt,Fashion,30,988.61,29658.3
2024-05-07,H&M Relaxed Fit Shirt,Fashion,16,821.77,13148.32
2024-05-07,HP 65W Laptop Power Adapter,Office & Computing,49,1994.6,97735.4
2024-05-07,Lakme Absolute Foundation,Beauty,20,781.96,15639.2
2024-05-07,Logitech MX Keys Keyboard,Electronics,4,8919.75,35679.0
2024-05-07,Mamaearth Vitamin C Face Wash,Beauty,44,312.96,13770.24
2024-05-07,Minimalist 10% Niacinamide Serum,Beauty,20,402.47,8049.4
2024-05-07,Pigeon Aluminium Non-Stick Pan,Home & Living,14,850.27,11903.78
2024-05-07,Portronics Table Lamp LED,Office & Computing,7,1347.97,9435.79
2024-05-07,Puma Classic Track Pants,Fashion,37,1918.04,70967.48
2024-05-07,Royalford Bamboo Chopping Board,Home & Living,49,481.49,23593.01
2024-05-07,Samsung Galaxy Buds3 Pro,Electronics,1,13336.97,13336.97
2024-05-07,Sony WH-1000XM5 Headphones,Electronics,10,28112.78,281127.8
2024-05-07,Story@Home Blackout Curtains,Home & Living,20,1242.88,24857.6
2024-05-07,Wow Skin Science Hair Oil,Beauty,48,591.15,28375.2
2024-05-07,boAt Airdopes 141 TWS Earbuds,Electronics,7,1324.98,9274.86
2024-05-08,H&M Relaxed Fit Shirt,Fashion,37,790.05,29231.85
2024-05-08,HP 65W Laptop Power Adapter,Office & Computing,10,2001.6,20016.0
2024-05-08,Milton Thermosteel Flask 1L,Home & Living,14,712.63,9976.82
2024-05-08,Pigeon Aluminium Non-Stick Pan,Home & Living,34,903.58,30721.72
2024-05-08,Prestige Induction Cooktop 1200W,Home & Living,29,3045.02,88305.58
2024-05-08,Puma Classic Track Pants,Fashion,43,1880.46,80859.78
2024-05-08,Royalford Bamboo Chopping Board,Home & Living,10,496.46,4964.6
2024-05-08,Samsung Galaxy Buds3 Pro,Electronics,33,13728.24,453031.92
2024-05-08,Sony WH-1000XM5 Headphones,Electronics,33,27246.41,899131.53
2024-05-08,Story@Home Blackout Curtains,Home & Living,14,1283.41,17967.74
2024-05-08,Syska USB Hub 4-Port,Office & Computing,35,580.67,20323.45
2024-05-08,Wow Skin Science Hair Oil,Beauty,26,583.79,15178.54
2024-05-08,Zebronics ZEB-Crystal Pro Webcam,Electronics,1,1421.95,1421.95
2024-05-08,boAt Airdopes 141 TWS Earbuds,Electronics,16,1222.62,19561.92
2024-05-09,Allen Solly Polo T-Shirt,Fashion,45,1027.87,46254.15
2024-05-09,Anker 65W GaN Fast Charger,Electronics,48,2636.2,126537.6
2024-05-09,HP 65W Laptop Power Adapter,Office & Computing,4,1934.23,7736.92
2024-05-09,Kuber Industries Storage Box,Home & Living,49,349.45,17123.05
2024-05-09,Lakme Absolute Foundation,Beauty,35,774.41,27104.35
2024-05-09,Mi 10000mAh Power Bank,Electronics,20,961.34,19226.8
2024-05-09,Minimalist 10% Niacinamide Serum,Beauty,7,405.38,2837.66
2024-05-09,Pigeon Aluminium Non-Stick Pan,Home & Living,9,948.27,8534.43
2024-05-09,Portronics Table Lamp LED,Office & Computing,30,1267.04,38011.2
2024-05-09,Prestige Induction Cooktop 1200W,Home & Living,33,2907.55,95949.15
2024-05-09,Samsung Galaxy Buds3 Pro,Electronics,37,12440.04,460281.48
2024-05-09,Sony WH-1000XM5 Headphones,Electronics,21,28317.91,594676.11
2024-05-09,Story@Home Blackout Curtains,Home & Living,41,1335.63,54760.83
2024-05-09,Zebronics ZEB-Crystal Pro Webcam,Electronics,34,1559.86,53035.24
2024-05-10,AmazonBasics Adjustable Laptop Stand,Office & Computing,19,1704.55,32386.45
2024-05-10,Biotique Bio Morning Nector SPF,Beauty,38,238.87,9077.06
2024-05-10,H&M Relaxed Fit Shirt,Fashion,11,789.97,8689.67
2024-05-10,JBL Flip 6 Bluetooth Speaker,Electronics,28,9445.06,264461.68
2024-05-10,Lakme Absolute Foundation,Beauty,7,786.02,5502.14
2024-05-10,Mamaearth Vitamin C Face Wash,Beauty,46,297.48,13684.08
2024-05-10,Mi 10000mAh Power Bank,Electronics,6,959.74,5758.44
2024-05-10,Minimalist 10% Niacinamide Serum,Beauty,39,396.37,15458.43
2024-05-10,Pigeon Aluminium Non-Stick Pan,Home & Living,20,935.86,18717.2
2024-05-10,Portronics Table Lamp LED,Office & Computing,13,1343.56,17466.28
2024-05-10,Prestige Induction Cooktop 1200W,Home & Living,15,2863.82,42957.3
2024-05-10,Story@Home Blackout Curtains,Home & Living,24,1371.74,32921.76
2024-05-10,Wow Skin Science Hair Oil,Beauty,16,600.62,9609.92
2024-05-10,boAt Airdopes 141 TWS Earbuds,Electronics,29,1229.63,35659.27
2024-05-11,Allen Solly Polo T-Shirt,Fashion,37,1055.44,39051.28
2024-05-11,Biotique Bio Morning Nector SPF,Beauty,12,258.39,3100.68
2024-05-11,FabIndia Cotton Kurta,Fashion,50,1561.36,78068.0
2024-05-11,Kuber Industries Storage Box,Home & Living,49,332.53,16293.97
2024-05-11,Lakme Absolute Foundation,Beauty,11,774.09,8514.99
2024-05-11,Levi's 511 Slim Fit Jeans,Fashion,13,3019.39,39252.07
2024-05-11,Logitech MX Keys Keyboard,Electronics,20,8175.59,163511.8
2024-05-11,Mamaearth Vitamin C Face Wash,Beauty,29,297.83,8637.07
2024-05-11,Royalford Bamboo Chopping Board,Home & Living,31,519.36,16100.16
2024-05-11,Sony WH-1000XM5 Headphones,Electronics,33,27664.75,912936.75
2024-05-11,Woodland Casual Sneakers,Fashion,49,2625.24,128636.76
2024-05-11,Wow Skin Science Hair Oil,Beauty,3,575.64,1726.92
2024-05-11,Zebronics ZEB-Crystal Pro Webcam,Electronics,39,1461.67,57005.13
2024-05-11,boAt Airdopes 141 TWS Earbuds,Electronics,34,1345.63,45751.42
2024-05-12,Allen Solly Polo T-Shirt,Fashion,32,1036.56,33169.92
2024-05-12,Anker 65W GaN Fast Charger,Electronics,17,2439.77,41476.09
2024-05-12,H&M Relaxed Fit Shirt,Fashion,3,842.71,2528.13
2024-05-12,JBL Flip 6 Bluetooth Speaker,Electronics,19,9446.06,179475.14
2024-05-12,Kuber Industries Storage Box,Home & Living,10,337.52,3375.2
2024-05-12,Levi's 511 Slim Fit Jeans,Fashion,47,2834.05,133200.35
2024-05-12,Mi 10000mAh Power Bank,Electronics,4,1035.16,4140.64
2024-05-12,Milton Thermosteel Flask 1L,Home & Living,21,706.48,14836.08
2024-05-12,Minimalist 10% Niacinamide Serum,Beauty,24,399.6,9590.4
2024-05-12,Portronics Table Lamp LED,Office & Computing,39,1270.94,49566.66
2024-05-12,Prestige Induction Cooktop 1200W,Home & Living,42,2977.03,125035.26
2024-05-12,Puma Classic Track Pants,Fashion,19,1931.43,36697.17
2024-05-12,Woodland Casual Sneakers,Fashion,34,2517.95,85610.3
2024-05-12,boAt Airdopes 141 TWS Earbuds,Electronics,45,1248.08,56163.6
2024-05-13,Allen Solly Polo T-Shirt,Fashion,4,1015.88,4063.52
2024-05-13,AmazonBasics Adjustable Laptop Stand,Office & Computing,7,1776.33,12434.31
2024-05-13,Anker 65W GaN Fast Charger,Electronics,10,2444.52,24445.2
2024-05-13,Biotique Bio Morning Nector SPF,Beauty,13,240.76,3129.88
2024-05-13,FabIndia Cotton Kurta,Fashion,29,1511.59,43836.11
2024-05-13,H&M Relaxed Fit Shirt,Fashion,19,781.5,14848.5
2024-05-13,HP 65W Laptop Power Adapter,Office & Computing,6,2058.77,12352.62
2024-05-13,JBL Flip 6 Bluetooth Speaker,Electronics,20,10145.99,202919.8
2024-05-13,Kuber Industries Storage Box,Home & Living,9,341.36,3072.24
2024-05-13,Lakme Absolute Foundation,Beauty,8,778.94,6231.52
2024-05-13,Levi's 511 Slim Fit Jeans,Fashion,15,3106.96,46604.4
2024-05-13,Logitech MX Keys Keyboard,Electronics,18,8359.08,150463.44
2024-05-13,Mamaearth Vitamin C Face Wash,Beauty,26,289.73,7532.98
2024-05-13,Mi 10000mAh Power Bank,Electronics,22,1028.47,22626.34
2024-05-13,Milton Thermosteel Flask 1L,Home & Living,19,706.13,13416.47
2024-05-13,Minimalist 10% Niacinamide Serum,Beauty,26,414.08,10766.08
2024-05-13,Pigeon Aluminium Non-Stick Pan,Home & Living,28,893.43,25016.04
2024-05-13,Plum Green Tea Toner 200ml,Beauty,8,375.34,3002.72
2024-05-13,Portronics Table Lamp LED,Office & Computing,13,1313.03,17069.39
2024-05-13,Prestige Induction Cooktop 1200W,Home & Living,25,2885.08,72127.0
2024-05-13,Puma Classic Track Pants,Fashion,11,1935.43,21289.73
2024-05-13,Royalford Bamboo Chopping Board,Home & Living,17,513.42,8728.14
2024-05-13,Samsung Galaxy Buds3 Pro,Electronics,20,12754.62,255092.4
2024-05-13,Sony WH-1000XM5 Headphones,Electronics,19,26560.86,504656.34
2024-05-13,Story@Home Blackout Curtains,Home & Living,22,1278.09,28117.98
2024-05-13,Syska USB Hub 4-Port,Office & Computing,2,618.05,1236.1
2024-05-13,Woodland Casual Sneakers,Fashion,26,2450.09,63702.34
2024-05-13,Wow Skin Science Hair Oil,Beauty,22,591.21,13006.62
2024-05-13,Zebronics ZEB-Crystal Pro Webcam,Electronics,29,1484.46,43049.34
2024-05-13,boAt Airdopes 141 TWS Earbuds,Electronics,13,1350.44,17555.72
2024-05-14,Allen Solly Polo T-Shirt,Fashion,43,950.55,40873.65
2024-05-14,Anker 65W GaN Fast Charger,Electronics,24,2392.29,57414.96
2024-05-14,HP 65W Laptop Power Adapter,Office & Computing,1,1899.45,1899.45
2024-05-14,Levi's 511 Slim Fit Jeans,Fashion,27,2907.53,78503.31
2024-05-14,Logitech MX Keys Keyboard,Electronics,45,8462.72,380822.4
2024-05-14,Mi 10000mAh Power Bank,Electronics,42,955.64,40136.88
2024-05-14,Puma Classic Track Pants,Fashion,39,2106.75,82163.25
2024-05-14,Royalford Bamboo Chopping Board,Home & Living,31,469.46,14553.26
2024-05-14,Sony WH-1000XM5 Headphones,Electronics,7,27232.91,190630.37
2024-05-14,Story@Home Blackout Curtains,Home & Living,15,1373.04,20595.6
2024-05-14,Syska USB Hub 4-Port,Office & Computing,2,597.5,1195.0
2024-05-14,Woodland Casual Sneakers,Fashion,19,2453.08,46608.52
2024-05-14,Wow Skin Science Hair Oil,Beauty,31,603.73,18715.63
2024-05-14,Zebronics ZEB-Crystal Pro Webcam,Electronics,46,1488.06,68450.76
2024-05-15,Anker 65W GaN Fast Charger,Electronics,26,2483.01,64558.26
2024-05-15,HP 65W Laptop Power Adapter,Office & Computing,36,1888.86,67998.96
2024-05-15,JBL Flip 6 Bluetooth Speaker,Electronics,50,9499.05,474952.5
2024-05-15,Lakme Absolute Foundation,Beauty,20,753.1,15062.0
2024-05-15,Mamaearth Vitamin C Face Wash,Beauty,5,314.31,1571.55
2024-05-15,Mi 10000mAh Power Bank,Electronics,47,943.46,44342.62
2024-05-15,Milton Thermosteel Flask 1L,Home & Living,45,710.39,31967.55
2024-05-15,Prestige Induction Cooktop 1200W,Home & Living,11,3047.71,33524.81
2024-05-15,Royalford Bamboo Chopping Board,Home & Living,9,499.3,4493.7
2024-05-15,Samsung Galaxy Buds3 Pro,Electronics,7,12871.61,90101.27
2024-05-15,Syska USB Hub 4-Port,Office & Computing,21,588.76,12363.96
2024-05-15,Woodland Casual Sneakers,Fashion,7,2590.56,18133.92
2024-05-16,AmazonBasics Adjustable Laptop Stand,Office & Computing,49,1883.55,92293.95
2024-05-16,Levi's 511 Slim Fit Jeans,Fashion,12,3066.48,36797.76
2024-05-16,Mi 10000mAh Power Bank,Electronics,5,954.24,4771.2
2024-05-16,Pigeon Aluminium Non-Stick Pan,Home & Living,35,924.8,32368.0
2024-05-16,Portronics Table Lamp LED,Office & Computing,31,1237.43,38360.33
2024-05-16,Prestige Induction Cooktop 1200W,Home & Living,1,3034.23,3034.23
2024-05-16,Puma Classic Track Pants,Fashion,14,2037.78,28528.92
2024-05-16,Royalford Bamboo Chopping Board,Home & Living,42,490.72,20610.24
2024-05-16,Samsung Galaxy Buds3 Pro,Electronics,36,13755.54,495199.44
2024-05-16,Syska USB Hub 4-Port,Office & Computing,8,567.31,4538.48
2024-05-16,Woodland Casual Sneakers,Fashion,12,2535.42,30425.04
2024-05-16,Wow Skin Science Hair Oil,Beauty,22,587.74,12930.28
2024-05-17,Anker 65W GaN Fast Charger,Electronics,2,2632.7,5265.4
2024-05-17,FabIndia Cotton Kurta,Fashion,26,1409.06,36635.56
2024-05-17,H&M Relaxed Fit Shirt,Fashion,21,845.98,17765.58
2024-05-17,JBL Flip 6 Bluetooth Speaker,Electronics,33,10069.99,332309.67
2024-05-17,Levi's 511 Slim Fit Jeans,Fashion,23,3116.86,71687.78
2024-05-17,Mi 10000mAh Power Bank,Electronics,32,960.84,30746.88
2024-05-17,Portronics Table Lamp LED,Office & Computing,33,1363.04,44980.32
2024-05-17,Samsung Galaxy Buds3 Pro,Electronics,42,12794.92,537386.64
2024-05-17,Story@Home Blackout Curtains,Home & Living,12,1333.81,16005.72
2024-05-17,Zebronics ZEB-Crystal Pro Webcam,Electronics,16,1467.07,23473.12
2024-05-17,boAt Airdopes 141 TWS Earbuds,Electronics,8,1334.2,10673.6
2024-05-18,Allen Solly Polo T-Shirt,Fashion,11,945.35,10398.85
2024-05-18,Anker 65W GaN Fast Charger,Electronics,34,2563.47,87157.98
2024-05-18,FabIndia Cotton Kurta,Fashion,36,1444.89,52016.04
2024-05-18,H&M Relaxed Fit Shirt,Fashion,14,819.61,11474.54
2024-05-18,Kuber Industries Storage Box,Home & Living,46,332.14,15278.44
2024-05-18,Mamaearth Vitamin C Face Wash,Beauty,36,288.18,10374.48
2024-05-18,Mi 10000mAh Power Bank,Electronics,26,1054.64,27420.64
2024-05-18,Plum Green Tea Toner 200ml,Beauty,20,382.99,7659.8
2024-05-18,Portronics Table Lamp LED,Office & Computing,18,1273.54,22923.72
2024-05-18,Puma Classic Track Pants,Fashion,27,1956.62,52828.74
2024-05-18,Samsung Galaxy Buds3 Pro,Electronics,13,12393.25,161112.25
2024-05-18,Sony WH-1000XM5 Headphones,Electronics,32,25772.75,824728.0
2024-05-18,Story@Home Blackout Curtains,Home & Living,4,1369.41,5477.64
2024-05-18,Wow Skin Science Hair Oil,Beauty,10,563.6,5636.0
2024-05-18,boAt Airdopes 141 TWS Earbuds,Electronics,34,1249.12,42470.08
2024-05-19,Allen Solly Polo T-Shirt,Fashion,19,995.3,18910.7
2024-05-19,Biotique Bio Morning Nector SPF,Beauty,39,234.73,9154.47
2024-05-19,H&M Relaxed Fit Shirt,Fashion,34,844.22,28703.48
2024-05-19,Kuber Industries Storage Box,Home & Living,17,360.97,6136.49
2024-05-19,Lakme Absolute Foundation,Beauty,22,770.43,16949.46
2024-05-19,Levi's 511 Slim Fit Jeans,Fashion,3,2830.46,8491.38
2024-05-19,Mamaearth Vitamin C Face Wash,Beauty,49,294.04,14407.96
2024-05-19,Minimalist 10% Niacinamide Serum,Beauty,15,412.89,6193.35
2024-05-19,Royalford Bamboo Chopping Board,Home & Living,8,481.29,3850.32
2024-05-19,Sony WH-1000XM5 Headphones,Electronics,31,27497.41,852419.71
2024-05-19,Story@Home Blackout Curtains,Home & Living,20,1221.06,24421.2
2024-05-19,Syska USB Hub 4-Port,Office & Computing,35,608.58,21300.3
2024-05-19,Woodland Casual Sneakers,Fashion,2,2463.06,4926.12
2024-05-19,boAt Airdopes 141 TWS Earbuds,Electronics,41,1272.89,52188.49
2024-05-20,Allen Solly Polo T-Shirt,Fashion,17,1027.07,17460.19
2024-05-20,AmazonBasics Adjustable Laptop Stand,Office & Computing,19,1855.49,35254.31
2024-05-20,Anker 65W GaN Fast Charger,Electronics,6,2459.52,14757.12
2024-05-20,Biotique Bio Morning Nector SPF,Beauty,20,244.92,4898.4
2024-05-20,FabIndia Cotton Kurta,Fashion,27,1549.82,41845.14
2024-05-20,H&M Relaxed Fit Shirt,Fashion,14,821.05,11494.7
2024-05-20,HP 65W Laptop Power Adapter,Office & Computing,28,1965.42,55031.76
2024-05-20,JBL Flip 6 Bluetooth Speaker,Electronics,16,10328.97,165263.52
2024-05-20,Kuber Industries Storage Box,Home & Living,9,350.78,3157.02
2024-05-20,Lakme Absolute Foundation,Beauty,12,773.06,9276.72
2024-05-20,Levi's 511 Slim Fit Jeans,Fashion,28,2966.01,83048.28
2024-05-20,Logitech MX Keys Keyboard,Electronics,22,8225.71,180965.62
2024-05-20,Mamaearth Vitamin C Face Wash,Beauty,6,304.53,1827.18
2024-05-20,Mi 10000mAh Power Bank,Electronics,15,992.11,14881.65
2024-05-20,Milton Thermosteel Flask 1L,Home & Living,16,696.48,11143.68
2024-05-20,Minimalist 10% Niacinamide Serum,Beauty,19,401.47,7627.93
2024-05-20,Pigeon Aluminium Non-Stick Pan,Home & Living,5,897.38,4486.9
2024-05-20,Plum Green Tea Toner 200ml,Beauty,17,376.72,6404.24
2024-05-20,Portronics Table Lamp LED,Office & Computing,4,1317.84,5271.36
2024-05-20,Prestige Induction Cooktop 1200W,Home & Living,24,2980.92,71542.08
2024-05-20,Puma Classic Track Pants,Fashion,11,2024.79,22272.69
2024-05-20,Royalford Bamboo Chopping Board,Home & Living,3,493.96,1481.88
2024-05-20,Samsung Galaxy Buds3 Pro,Electronics,2,13238.18,26476.36
2024-05-20,Sony WH-1000XM5 Headphones,Electronics,18,27710.63,498791.34
2024-05-20,Story@Home Blackout Curtains,Home & Living,27,1350.05,36451.35
2024-05-20,Syska USB Hub 4-Port,Office & Computing,16,581.75,9308.0
2024-05-20,Woodland Casual Sneakers,Fashion,2,2465.56,4931.12
2024-05-20,Wow Skin Science Hair Oil,Beauty,25,614.39,15359.75
2024-05-20,Zebronics ZEB-Crystal Pro Webcam,Electronics,25,1553.11,38827.75
2024-05-20,boAt Airdopes 141 TWS Earbuds,Electronics,21,1285.88,27003.48
2024-05-21,AmazonBasics Adjustable Laptop Stand,Office & Computing,49,1845.59,90433.91
2024-05-21,Anker 65W GaN Fast Charger,Electronics,49,2385.05,116867.45
2024-05-21,Biotique Bio Morning Nector SPF,Beauty,30,237.65,7129.5
2024-05-21,FabIndia Cotton Kurta,Fashion,21,1477.11,31019.31
2024-05-21,Kuber Industries Storage Box,Home & Living,5,346.45,1732.25
2024-05-21,Logitech MX Keys Keyboard,Electronics,9,8572.3,77150.7
2024-05-21,Mamaearth Vitamin C Face Wash,Beauty,13,282.64,3674.32
2024-05-21,Mi 10000mAh Power Bank,Electronics,21,976.12,20498.52
2024-05-21,Portronics Table Lamp LED,Office & Computing,38,1224.7,46538.6
2024-05-21,Prestige Induction Cooktop 1200W,Home & Living,15,2999.79,44996.85
2024-05-21,Sony WH-1000XM5 Headphones,Electronics,13,26792.97,348308.61
2024-05-21,Syska USB Hub 4-Port,Office & Computing,44,620.62,27307.28
2024-05-21,Woodland Casual Sneakers,Fashion,16,2506.98,40111.68
2024-05-21,Wow Skin Science Hair Oil,Beauty,4,586.84,2347.36
2024-05-21,Zebronics ZEB-Crystal Pro Webcam,Electronics,8,1533.93,12271.44
2024-05-22,Biotique Bio Morning Nector SPF,Beauty,9,243.2,2188.8
2024-05-22,H&M Relaxed Fit Shirt,Fashion,30,764.88,22946.4
2024-05-22,Kuber Industries Storage Box,Home & Living,50,356.89,17844.5
2024-05-22,Lakme Absolute Foundation,Beauty,25,768.92,19223.0
2024-05-22,Logitech MX Keys Keyboard,Electronics,30,8353.13,250593.9
2024-05-22,Mamaearth Vitamin C Face Wash,Beauty,49,301.24,14760.76
2024-05-22,Mi 10000mAh Power Bank,Electronics,48,1050.15,50407.2
2024-05-22,Pigeon Aluminium Non-Stick Pan,Home & Living,50,866.55,43327.5
2024-05-22,Portronics Table Lamp LED,Office & Computing,9,1225.22,11026.98
2024-05-22,Samsung Galaxy Buds3 Pro,Electronics,14,12948.3,181276.2
2024-05-22,Sony WH-1000XM5 Headphones,Electronics,38,27443.43,1042850.34
2024-05-22,boAt Airdopes 141 TWS Earbuds,Electronics,8,1315.5,10524.0
2024-05-23,Allen Solly Polo T-Shirt,Fashion,40,974.32,38972.8
2024-05-23,AmazonBasics Adjustable Laptop Stand,Office & Computing,34,1783.17,60627.78
2024-05-23,Anker 65W GaN Fast Charger,Electronics,8,2476.01,19808.08
2024-05-23,Biotique Bio Morning Nector SPF,Beauty,21,246.44,5175.24
2024-05-23,HP 65W Laptop Power Adapter,Office & Computing,35,1926.24,67418.4
2024-05-23,JBL Flip 6 Bluetooth Speaker,Electronics,8,10083.99,80671.92
2024-05-23,Kuber Industries Storage Box,Home & Living,35,334.31,11700.85
2024-05-23,Levi's 511 Slim Fit Jeans,Fashion,49,3055.98,149743.02
2024-05-23,Logitech MX Keys Keyboard,Electronics,49,8184.08,401019.92
2024-05-23,Mi 10000mAh Power Bank,Electronics,10,1051.15,10511.5
2024-05-23,Milton Thermosteel Flask 1L,Home & Living,25,700.68,17517.0
2024-05-23,Minimalist 10% Niacinamide Serum,Beauty,50,388.19,19409.5
2024-05-23,Plum Green Tea Toner 200ml,Beauty,28,370.16,10364.48
2024-05-23,Prestige Induction Cooktop 1200W,Home & Living,20,2957.86,59157.2
2024-05-23,Royalford Bamboo Chopping Board,Home & Living,50,473.15,23657.5
2024-05-23,Samsung Galaxy Buds3 Pro,Electronics,27,12551.83,338899.41
2024-05-23,Story@Home Blackout Curtains,Home & Living,34,1329.92,45217.28
2024-05-23,Woodland Casual Sneakers,Fashion,9,2552.88,22975.92
2024-05-23,Zebronics ZEB-Crystal Pro Webcam,Electronics,7,1503.05,10521.35
2024-05-24,Allen Solly Polo T-Shirt,Fashion,33,983.92,32469.36
2024-05-24,AmazonBasics Adjustable Laptop Stand,Office & Computing,26,1754.56,45618.56
2024-05-24,Biotique Bio Morning Nector SPF,Beauty,13,234.61,3049.93
2024-05-24,FabIndia Cotton Kurta,Fashion,6,1478.16,8868.96
2024-05-24,H&M Relaxed Fit Shirt,Fashion,29,834.88,24211.52
2024-05-24,HP 65W Laptop Power Adapter,Office & Computing,17,1920.84,32654.28
2024-05-24,Kuber Industries Storage Box,Home & Living,7,331.83,2322.81
2024-05-24,Logitech MX Keys Keyboard,Electronics,49,8805.07,431448.43
2024-05-24,Mamaearth Vitamin C Face Wash,Beauty,7,300.52,2103.64
2024-05-24,Mi 10000mAh Power Bank,Electronics,9,950.05,8550.45
2024-05-24,Minimalist 10% Niacinamide Serum,Beauty,24,391.98,9407.52
2024-05-24,Pigeon Aluminium Non-Stick Pan,Home & Living,24,904.39,21705.36
2024-05-24,Puma Classic Track Pants,Fashion,35,2053.17,71860.95
2024-05-24,Royalford Bamboo Chopping Board,Home & Living,46,478.69,22019.74
2024-05-24,Samsung Galaxy Buds3 Pro,Electronics,35,12828.71,449004.85
2024-05-24,Sony WH-1000XM5 Headphones,Electronics,3,25386.79,76160.37
2024-05-24,Syska USB Hub 4-Port,Office & Computing,9,577.8,5200.2
2024-05-24,boAt Airdopes 141 TWS Earbuds,Electronics,23,1231.19,28317.37
2024-05-25,Allen Solly Polo T-Shirt,Fashion,35,1057.14,36999.9
2024-05-25,AmazonBasics Adjustable Laptop Stand,Office & Computing,38,1759.06,66844.28
2024-05-25,Anker 65W GaN Fast Charger,Electronics,8,2356.56,18852.48
2024-05-25,Biotique Bio Morning Nector SPF,Beauty,26,247.93,6446.18
2024-05-25,FabIndia Cotton Kurta,Fashion,37,1412.21,52251.77
2024-05-25,H&M Relaxed Fit Shirt,Fashion,17,836.87,14226.79
2024-05-25,HP 65W Laptop Power Adapter,Office & Computing,45,2014.99,90674.55
2024-05-25,JBL Flip 6 Bluetooth Speaker,Electronics,41,10566.94,433244.54
2024-05-25,Lakme Absolute Foundation,Beauty,21,834.43,17523.03
2024-05-25,Logitech MX Keys Keyboard,Electronics,21,8041.37,168868.77
2024-05-25,Milton Thermosteel Flask 1L,Home & Living,2,731.71,1463.42
2024-05-25,Plum Green Tea Toner 200ml,Beauty,16,380.47,6087.52
2024-05-25,Royalford Bamboo Chopping Board,Home & Living,13,474.65,6170.45
2024-05-25,Samsung Galaxy Buds3 Pro,Electronics,43,12960.0,557280.0
2024-05-25,Sony WH-1000XM5 Headphones,Electronics,46,27734.92,1275806.32
2024-05-25,boAt Airdopes 141 TWS Earbuds,Electronics,16,1329.92,21278.72
2024-05-26,Allen Solly Polo T-Shirt,Fashion,50,946.15,47307.5
2024-05-26,H&M Relaxed Fit Shirt,Fashion,11,814.1,8955.1
2024-05-26,HP 65W Laptop Power Adapter,Office & Computing,7,2043.18,14302.26
2024-05-26,JBL Flip 6 Bluetooth Speaker,Electronics,1,9742.03,9742.03
2024-05-26,Kuber Industries Storage Box,Home & Living,38,362.44,13772.72
2024-05-26,Levi's 511 Slim Fit Jeans,Fashion,28,2942.92,82401.76
2024-05-26,Mi 10000mAh Power Bank,Electronics,40,1009.69,40387.6
2024-05-26,Minimalist 10% Niacinamide Serum,Beauty,39,411.89,16063.71
2024-05-26,Plum Green Tea Toner 200ml,Beauty,14,396.79,5555.06
2024-05-26,Portronics Table Lamp LED,Office & Computing,28,1308.48,36637.44
2024-05-26,Prestige Induction Cooktop 1200W,Home & Living,39,2820.09,109983.51
2024-05-26,Puma Classic Track Pants,Fashion,26,2045.78,53190.28
2024-05-26,Syska USB Hub 4-Port,Office & Computing,9,628.77,5658.93
2024-05-26,Woodland Casual Sneakers,Fashion,24,2517.7,60424.8
2024-05-26,Wow Skin Science Hair Oil,Beauty,14,568.15,7954.1
2024-05-26,Zebronics ZEB-Crystal Pro Webcam,Electronics,38,1484.91,56426.58
2024-05-26,boAt Airdopes 141 TWS Earbuds,Electronics,48,1358.62,65213.76
2024-05-27,Allen Solly Polo T-Shirt,Fashion,10,965.73,9657.3
2024-05-27,AmazonBasics Adjustable Laptop Stand,Office & Computing,15,1747.73,26215.95
2024-05-27,Anker 65W GaN Fast Charger,Electronics,23,2505.75,57632.25
2024-05-27,Biotique Bio Morning Nector SPF,Beauty,8,253.23,2025.84
2024-05-27,FabIndia Cotton Kurta,Fashion,2,1537.97,3075.94
2024-05-27,H&M Relaxed Fit Shirt,Fashion,25,819.37,20484.25
2024-05-27,HP 65W Laptop Power Adapter,Office & Computing,26,2027.19,52706.94
2024-05-27,JBL Flip 6 Bluetooth Speaker,Electronics,5,9785.02,48925.1
2024-05-27,Kuber Industries Storage Box,Home & Living,5,356.05,1780.25
2024-05-27,Lakme Absolute Foundation,Beauty,7,822.82,5759.74
2024-05-27,Levi's 511 Slim Fit Jeans,Fashion,22,2967.21,65278.62
2024-05-27,Logitech MX Keys Keyboard,Electronics,29,8246.1,239136.9
2024-05-27,Mamaearth Vitamin C Face Wash,Beauty,21,293.2,6157.2
2024-05-27,Mi 10000mAh Power Bank,Electronics,7,1000.5,7003.5
2024-05-27,Milton Thermosteel Flask 1L,Home & Living,12,674.12,8089.44
2024-05-27,Minimalist 10% Niacinamide Serum,Beauty,24,384.68,9232.32
2024-05-27,Pigeon Aluminium Non-Stick Pan,Home & Living,8,890.55,7124.4
2024-05-27,Plum Green Tea Toner 200ml,Beauty,23,377.25,8676.75
2024-05-27,Portronics Table Lamp LED,Office & Computing,8,1285.75,10286.0
2024-05-27,Prestige Induction Cooktop 1200W,Home & Living,7,3112.4,21786.8
2024-05-27,Puma Classic Track Pants,Fashion,10,1990.4,19904.0
2024-05-27,Royalford Bamboo Chopping Board,Home & Living,22,494.81,10885.82
2024-05-27,Samsung Galaxy Buds3 Pro,Electronics,18,12609.03,226962.54
2024-05-27,Sony WH-1000XM5 Headphones,Electronics,10,26531.17,265311.7
2024-05-27,Story@Home Blackout Curtains,Home & Living,1,1346.02,1346.02
2024-05-27,Syska USB Hub 4-Port,Office & Computing,23,610.62,14044.26
2024-05-27,Woodland Casual Sneakers,Fashion,3,2457.08,7371.24
2024-05-27,Wow Skin Science Hair Oil,Beauty,24,605.77,14538.48
2024-05-27,Zebronics ZEB-Crystal Pro Webcam,Electronics,14,1469.32,20570.48
2024-05-27,boAt Airdopes 141 TWS Earbuds,Electronics,29,1300.82,37723.78
2024-05-28,Allen Solly Polo T-Shirt,Fashion,31,1024.87,31770.97
2024-05-28,AmazonBasics Adjustable Laptop Stand,Office & Computing,11,1829.4,20123.4
2024-05-28,Anker 65W GaN Fast Charger,Electronics,17,2557.23,43472.91
2024-05-28,Biotique Bio Morning Nector SPF,Beauty,7,236.5,1655.5
2024-05-28,Levi's 511 Slim Fit Jeans,Fashion,40,3140.85,125634.0
2024-05-28,Mamaearth Vitamin C Face Wash,Beauty,13,301.78,3923.14
2024-05-28,Mi 10000mAh Power Bank,Electronics,14,1056.84,14795.76
2024-05-28,Minimalist 10% Niacinamide Serum,Beauty,48,403.35,19360.8
2024-05-28,Plum Green Tea Toner 200ml,Beauty,22,376.8,8289.6
2024-05-28,Prestige Induction Cooktop 1200W,Home & Living,37,3145.05,116366.85
2024-05-28,Puma Classic Track Pants,Fashion,5,1880.06,9400.3
2024-05-28,Sony WH-1000XM5 Headphones,Electronics,18,27705.24,498694.32
2024-05-28,Woodland Casual Sneakers,Fashion,43,2640.71,113550.53
2024-05-28,Wow Skin Science Hair Oil,Beauty,12,619.55,7434.6
2024-05-28,boAt Airdopes 141 TWS Earbuds,Electronics,11,1239.9,13638.9
2024-05-29,AmazonBasics Adjustable Laptop Stand,Office & Computing,13,1873.66,24357.58
2024-05-29,JBL Flip 6 Bluetooth Speaker,Electronics,28,10048.99,281371.72
2024-05-29,Levi's 511 Slim Fit Jeans,Fashion,47,2981.61,140135.67
2024-05-29,Logitech MX Keys Keyboard,Electronics,4,8828.85,35315.4
2024-05-29,Prestige Induction Cooktop 1200W,Home & Living,2,2881.79,5763.58
2024-05-29,Royalford Bamboo Chopping Board,Home & Living,42,471.46,19801.32
2024-05-29,Samsung Galaxy Buds3 Pro,Electronics,3,13716.54,41149.62
2024-05-29,Sony WH-1000XM5 Headphones,Electronics,3,28012.92,84038.76
2024-05-29,Story@Home Blackout Curtains,Home & Living,47,1296.4,60930.8
2024-05-29,Woodland Casual Sneakers,Fashion,48,2536.67,121760.16
2024-05-29,Zebronics ZEB-Crystal Pro Webcam,Electronics,31,1464.52,45400.12
2024-05-29,boAt Airdopes 141 TWS Earbuds,Electronics,18,1342.0,24156.0
2024-05-30,Allen Solly Polo T-Shirt,Fashion,10,948.55,9485.5
2024-05-30,AmazonBasics Adjustable Laptop Stand,Office & Computing,40,1832.64,73305.6
2024-05-30,FabIndia Cotton Kurta,Fashion,43,1456.88,62645.84
2024-05-30,H&M Relaxed Fit Shirt,Fashion,37,796.12,29456.44
2024-05-30,HP 65W Laptop Power Adapter,Office & Computing,8,1899.05,15192.4
2024-05-30,Kuber Industries Storage Box,Home & Living,37,358.56,13266.72
2024-05-30,Levi's 511 Slim Fit Jeans,Fashion,16,3035.89,48574.24
2024-05-30,Milton Thermosteel Flask 1L,Home & Living,26,694.46,18055.96
2024-05-30,Minimalist 10% Niacinamide Serum,Beauty,7,410.73,2875.11
2024-05-30,Pigeon Aluminium Non-Stick Pan,Home & Living,10,893.97,8939.7
2024-05-30,Portronics Table Lamp LED,Office & Computing,22,1347.32,29641.04
2024-05-30,Puma Classic Track Pants,Fashion,38,2062.17,78362.46
2024-05-30,Samsung Galaxy Buds3 Pro,Electronics,47,12269.76,576678.72
2024-05-30,Sony WH-1000XM5 Headphones,Electronics,24,28323.31,679759.44
2024-05-30,Syska USB Hub 4-Port,Office & Computing,41,631.17,25877.97
2024-05-30,Wow Skin Science Hair Oil,Beauty,30,632.06,18961.8
2024-05-30,Zebronics ZEB-Crystal Pro Webcam,Electronics,11,1494.65,16441.15
2024-05-30,boAt Airdopes 141 TWS Earbuds,Electronics,19,1306.14,24816.66
2024-05-31,Allen Solly Polo T-Shirt,Fashion,19,993.71,18880.49
2024-05-31,AmazonBasics Adjustable Laptop Stand,Office & Computing,19,1693.94,32184.86
2024-05-31,Anker 65W GaN Fast Charger,Electronics,12,2515.74,30188.88
2024-05-31,HP 65W Laptop Power Adapter,Office & Computing,18,2101.55,37827.9
2024-05-31,JBL Flip 6 Bluetooth Speaker,Electronics,10,10294.97,102949.7
2024-05-31,Levi's 511 Slim Fit Jeans,Fashion,39,2983.11,116341.29
2024-05-31,Mamaearth Vitamin C Face Wash,Beauty,28,281.84,7891.52
2024-05-31,Mi 10000mAh Power Bank,Electronics,12,975.22,11702.64
2024-05-31,Milton Thermosteel Flask 1L,Home & Living,28,688.1,19266.8
2024-05-31,Minimalist 10% Niacinamide Serum,Beauty,41,393.33,16126.53
2024-05-31,Plum Green Tea Toner 200ml,Beauty,21,356.18,7479.78
2024-05-31,Prestige Induction Cooktop 1200W,Home & Living,16,3075.57,49209.12
2024-05-31,Puma Classic Track Pants,Fashion,29,2052.17,59512.93
2024-05-31,Samsung Galaxy Buds3 Pro,Electronics,19,12931.41,245696.79
2024-05-31,Sony WH-1000XM5 Headphones,Electronics,23,25672.89,590476.47
2024-06-01,Allen Solly Polo T-Shirt,Fashion,26,965.83,25111.58
2024-06-01,AmazonBasics Adjustable Laptop Stand,Office & Computing,47,1761.22,82777.34
2024-06-01,Biotique Bio Morning Nector SPF,Beauty,11,245.04,2695.44
2024-06-01,H&M Relaxed Fit Shirt,Fashion,1,787.33,787.33
2024-06-01,HP 65W Laptop Power Adapter,Office & Computing,26,1912.84,49733.84
2024-06-01,JBL Flip 6 Bluetooth Speaker,Electronics,8,9558.04,76464.32
2024-06-01,Levi's 511 Slim Fit Jeans,Fashion,2,2941.12,5882.24
2024-06-01,Logitech MX Keys Keyboard,Electronics,23,8581.65,197377.95
2024-06-01,Pigeon Aluminium Non-Stick Pan,Home & Living,31,898.73,27860.63
2024-06-01,Prestige Induction Cooktop 1200W,Home & Living,47,2960.56,139146.32
2024-06-01,Royalford Bamboo Chopping Board,Home & Living,42,477.84,20069.28
2024-06-01,Story@Home Blackout Curtains,Home & Living,38,1257.43,47782.34
2024-06-01,Syska USB Hub 4-Port,Office & Computing,37,627.63,23222.31
2024-06-01,Woodland Casual Sneakers,Fashion,16,2361.27,37780.32
2024-06-01,boAt Airdopes 141 TWS Earbuds,Electronics,3,1285.1,3855.3
2024-06-02,Anker 65W GaN Fast Charger,Electronics,10,2402.79,24027.9
2024-06-02,JBL Flip 6 Bluetooth Speaker,Electronics,15,9768.02,146520.3
2024-06-02,Lakme Absolute Foundation,Beauty,19,806.85,15330.15
2024-06-02,Levi's 511 Slim Fit Jeans,Fashion,22,2890.14,63583.08
2024-06-02,Mamaearth Vitamin C Face Wash,Beauty,5,316.7,1583.5
2024-06-02,Plum Green Tea Toner 200ml,Beauty,7,360.49,2523.43
2024-06-02,Puma Classic Track Pants,Fashion,49,2118.34,103798.66
2024-06-02,Royalford Bamboo Chopping Board,Home & Living,19,479.59,9112.21
2024-06-02,Samsung Galaxy Buds3 Pro,Electronics,38,13460.46,511497.48
2024-06-02,Sony WH-1000XM5 Headphones,Electronics,43,26010.26,1118441.18
2024-06-02,Story@Home Blackout Curtains,Home & Living,25,1353.69,33842.25
2024-06-02,Syska USB Hub 4-Port,Office & Computing,38,564.92,21466.96
2024-06-02,Woodland Casual Sneakers,Fashion,33,2554.13,84286.29
2024-06-02,Wow Skin Science Hair Oil,Beauty,24,580.79,13938.96
2024-06-03,Allen Solly Polo T-Shirt,Fashion,6,980.82,5884.92
2024-06-03,AmazonBasics Adjustable Laptop Stand,Office & Computing,28,1830.12,51243.36
2024-06-03,Anker 65W GaN Fast Charger,Electronics,9,2408.04,21672.36
2024-06-03,Biotique Bio Morning Nector SPF,Beauty,3,244.37,733.11
2024-06-03,FabIndia Cotton Kurta,Fashion,1,1448.78,1448.78
2024-06-03,H&M Relaxed Fit Shirt,Fashion,20,810.19,16203.8
2024-06-03,HP 65W Laptop Power Adapter,Office & Computing,14,2037.18,28520.52
2024-06-03,JBL Flip 6 Bluetooth Speaker,Electronics,21,9802.02,205842.42
2024-06-03,Kuber Industries Storage Box,Home & Living,22,337.73,7430.06
2024-06-03,Lakme Absolute Foundation,Beauty,24,811.85,19484.4
2024-06-03,Levi's 511 Slim Fit Jeans,Fashion,29,3113.56,90293.24
2024-06-03,Logitech MX Keys Keyboard,Electronics,4,8760.04,35040.16
2024-06-03,Mamaearth Vitamin C Face Wash,Beauty,6,287.37,1724.22
2024-06-03,Mi 10000mAh Power Bank,Electronics,20,1019.48,20389.6
2024-06-03,Milton Thermosteel Flask 1L,Home & Living,28,702.77,19677.56
2024-06-03,Minimalist 10% Niacinamide Serum,Beauty,16,388.47,6215.52
2024-06-03,Pigeon Aluminium Non-Stick Pan,Home & Living,24,921.03,22104.72
2024-06-03,Plum Green Tea Toner 200ml,Beauty,15,371.21,5568.15
2024-06-03,Portronics Table Lamp LED,Office & Computing,20,1293.41,25868.2
2024-06-03,Prestige Induction Cooktop 1200W,Home & Living,4,3051.61,12206.44
2024-06-03,Puma Classic Track Pants,Fashion,23,1987.21,45705.83
2024-06-03,Royalford Bamboo Chopping Board,Home & Living,4,492.46,1969.84
2024-06-03,Samsung Galaxy Buds3 Pro,Electronics,30,12872.91,386187.3
2024-06-03,Sony WH-1000XM5 Headphones,Electronics,14,27608.07,386512.98
2024-06-03,Story@Home Blackout Curtains,Home & Living,28,1294.06,36233.68
2024-06-03,Syska USB Hub 4-Port,Office & Computing,14,580.19,8122.66
2024-06-03,Woodland Casual Sneakers,Fashion,15,2402.68,36040.2
2024-06-03,Wow Skin Science Hair Oil,Beauty,16,597.14,9554.24
2024-06-03,Zebronics ZEB-Crystal Pro Webcam,Electronics,3,1495.4,4486.2
2024-06-03,boAt Airdopes 141 TWS Earbuds,Electronics,4,1272.76,5091.04
2024-06-04,Allen Solly Polo T-Shirt,Fashion,42,1025.27,43061.34
2024-06-04,AmazonBasics Adjustable Laptop Stand,Office & Computing,10,1818.43,18184.3
2024-06-04,FabIndia Cotton Kurta,Fashion,41,1471.57,60334.37
2024-06-04,H&M Relaxed Fit Shirt,Fashion,12,843.42,10121.04
2024-06-04,HP 65W Laptop Power Adapter,Office & Computing,8,1900.25,15202.0
2024-06-04,Kuber Industries Storage Box,Home & Living,33,342.33,11296.89
2024-06-04,Mi 10000mAh Power Bank,Electronics,29,956.14,27728.06
2024-06-04,Pigeon Aluminium Non-Stick Pan,Home & Living,30,853.6,25608.0
2024-06-04,Portronics Table Lamp LED,Office & Computing,16,1242.75,19884.0
2024-06-04,Prestige Induction Cooktop 1200W,Home & Living,22,2841.66,62516.52
2024-06-04,Sony WH-1000XM5 Headphones,Electronics,48,27276.09,1309252.32
2024-06-04,Wow Skin Science Hair Oil,Beauty,40,593.55,23742.0
2024-06-04,Zebronics ZEB-Crystal Pro Webcam,Electronics,42,1556.11,65356.62
2024-06-04,boAt Airdopes 141 TWS Earbuds,Electronics,1,1294.45,1294.45
2024-06-05,H&M Relaxed Fit Shirt,Fashion,40,810.83,32433.2
2024-06-05,Lakme Absolute Foundation,Beauty,39,823.7,32124.3
2024-06-05,Logitech MX Keys Keyboard,Electronics,37,8507.74,314786.38
2024-06-05,Mi 10000mAh Power Bank,Electronics,50,956.84,47842.0
2024-06-05,Milton Thermosteel Flask 1L,Home & Living,48,671.88,32250.24
2024-06-05,Minimalist 10% Niacinamide Serum,Beauty,35,417.15,14600.25
2024-06-05,Portronics Table Lamp LED,Office & Computing,18,1352.26,24340.68
2024-06-05,Samsung Galaxy Buds3 Pro,Electronics,40,13322.68,532907.2
2024-06-05,Sony WH-1000XM5 Headphones,Electronics,44,27122.25,1193379.0
2024-06-05,Story@Home Blackout Curtains,Home & Living,33,1250.16,41255.28
2024-06-05,Woodland Casual Sneakers,Fashion,17,2621.25,44561.25
2024-06-05,Wow Skin Science Hair Oil,Beauty,47,575.7,27057.9
2024-06-05,Zebronics ZEB-Crystal Pro Webcam,Electronics,11,1574.55,17320.05
2024-06-05,boAt Airdopes 141 TWS Earbuds,Electronics,44,1335.11,58744.84
2024-06-06,Allen Solly Polo T-Shirt,Fashion,50,1006.39,50319.5
2024-06-06,AmazonBasics Adjustable Laptop Stand,Office & Computing,33,1713.91,56559.03
2024-06-06,Anker 65W GaN Fast Charger,Electronics,16,2384.05,38144.8
2024-06-06,Biotique Bio Morning Nector SPF,Beauty,15,240.26,3603.9
2024-06-06,FabIndia Cotton Kurta,Fashion,8,1573.35,12586.8
2024-06-06,JBL Flip 6 Bluetooth Speaker,Electronics,9,9881.01,88929.09
2024-06-06,Kuber Industries Storage Box,Home & Living,33,343.31,11329.23
2024-06-06,Lakme Absolute Foundation,Beauty,50,784.59,39229.5
2024-06-06,Milton Thermosteel Flask 1L,Home & Living,43,740.17,31827.31
2024-06-06,Pigeon Aluminium Non-Stick Pan,Home & Living,30,852.88,25586.4
2024-06-06,Plum Green Tea Toner 200ml,Beauty,19,367.01,6973.19
2024-06-06,Portronics Table Lamp LED,Office & Computing,32,1338.36,42827.52
2024-06-06,Prestige Induction Cooktop 1200W,Home & Living,27,2877.3,77687.1
2024-06-06,Puma Classic Track Pants,Fashion,2,2002.2,4004.4
2024-06-06,Samsung Galaxy Buds3 Pro,Electronics,30,13336.97,400109.1
2024-06-06,Sony WH-1000XM5 Headphones,Electronics,20,26960.31,539206.2
2024-06-06,Story@Home Blackout Curtains,Home & Living,42,1303.55,54749.1
2024-06-06,Syska USB Hub 4-Port,Office & Computing,25,586.78,14669.5
2024-06-06,Woodland Casual Sneakers,Fashion,20,2467.06,49341.2
2024-06-06,boAt Airdopes 141 TWS Earbuds,Electronics,9,1250.94,11258.46
2024-06-07,Allen Solly Polo T-Shirt,Fashion,50,949.75,47487.5
2024-06-07,Anker 65W GaN Fast Charger,Electronics,50,2576.47,128823.5
2024-06-07,Biotique Bio Morning Nector SPF,Beauty,48,252.09,12100.32
2024-06-07,H&M Relaxed Fit Shirt,Fashion,41,780.86,32015.26
2024-06-07,HP 65W Laptop Power Adapter,Office & Computing,49,2044.78,100194.22
2024-06-07,Lakme Absolute Foundation,Beauty,38,793.09,30137.42
2024-06-07,Milton Thermosteel Flask 1L,Home & Living,29,678.45,19675.05
2024-06-07,Minimalist 10% Niacinamide Serum,Beauty,50,390.74,19537.0
2024-06-07,Pigeon Aluminium Non-Stick Pan,Home & Living,18,847.94,15262.92
2024-06-07,Plum Green Tea Toner 200ml,Beauty,22,394.69,8683.18
2024-06-07,Sony WH-1000XM5 Headphones,Electronics,3,26860.45,80581.35
2024-06-07,Syska USB Hub 4-Port,Office & Computing,32,600.98,19231.36
2024-06-07,Woodland Casual Sneakers,Fashion,11,2402.68,26429.48
2024-06-07,Zebronics ZEB-Crystal Pro Webcam,Electronics,13,1530.78,19900.14
2024-06-07,boAt Airdopes 141 TWS Earbuds,Electronics,10,1365.77,13657.7
2024-06-08,Allen Solly Polo T-Shirt,Fashion,33,940.66,31041.78
2024-06-08,AmazonBasics Adjustable Laptop Stand,Office & Computing,8,1875.28,15002.24
2024-06-08,Anker 65W GaN Fast Charger,Electronics,7,2526.99,17688.93
2024-06-08,JBL Flip 6 Bluetooth Speaker,Electronics,30,9836.02,295080.6
2024-06-08,Logitech MX Keys Keyboard,Electronics,9,8370.97,75338.73
2024-06-08,Mamaearth Vitamin C Face Wash,Beauty,10,304.02,3040.2
2024-06-08,Milton Thermosteel Flask 1L,Home & Living,4,734.79,2939.16
2024-06-08,Pigeon Aluminium Non-Stick Pan,Home & Living,44,935.14,41146.16
2024-06-08,Prestige Induction Cooktop 1200W,Home & Living,26,3021.95,78570.7
2024-06-08,Puma Classic Track Pants,Fashion,7,1964.02,13748.14
2024-06-08,Royalford Bamboo Chopping Board,Home & Living,23,509.98,11729.54
2024-06-08,Samsung Galaxy Buds3 Pro,Electronics,10,13763.34,137633.4
2024-06-08,Sony WH-1000XM5 Headphones,Electronics,48,27956.24,1341899.52
2024-06-08,Zebronics ZEB-Crystal Pro Webcam,Electronics,17,1475.02,25075.34
2024-06-08,boAt Airdopes 141 TWS Earbuds,Electronics,17,1234.83,20992.11
2024-06-09,Allen Solly Polo T-Shirt,Fashion,24,1041.66,24999.84
2024-06-09,H&M Relaxed Fit Shirt,Fashion,14,818.42,11457.88
2024-06-09,Levi's 511 Slim Fit Jeans,Fashion,6,3006.8,18040.8
2024-06-09,Logitech MX Keys Keyboard,Electronics,42,8070.25,338950.5
2024-06-09,Mi 10000mAh Power Bank,Electronics,24,1036.86,24884.64
2024-06-09,Milton Thermosteel Flask 1L,Home & Living,36,706.2,25423.2
2024-06-09,Pigeon Aluminium Non-Stick Pan,Home & Living,25,946.2,23655.0
2024-06-09,Plum Green Tea Toner 200ml,Beauty,29,386.62,11211.98
2024-06-09,Sony WH-1000XM5 Headphones,Electronics,9,27108.76,243978.84
2024-06-09,Woodland Casual Sneakers,Fashion,34,2638.96,89724.64
2024-06-09,Wow Skin Science Hair Oil,Beauty,15,572.88,8593.2
2024-06-10,Allen Solly Polo T-Shirt,Fashion,29,1000.1,29002.9
2024-06-10,AmazonBasics Adjustable Laptop Stand,Office & Computing,25,1738.73,43468.25
2024-06-10,Anker 65W GaN Fast Charger,Electronics,2,2509.75,5019.5
2024-06-10,Biotique Bio Morning Nector SPF,Beauty,13,253.21,3291.73
2024-06-10,FabIndia Cotton Kurta,Fashion,21,1531.53,32162.13
2024-06-10,H&M Relaxed Fit Shirt,Fashion,18,768.72,13836.96
2024-06-10,HP 65W Laptop Power Adapter,Office & Computing,4,2055.17,8220.68
2024-06-10,JBL Flip 6 Bluetooth Speaker,Electronics,9,10131.99,91187.91
2024-06-10,Kuber Industries Storage Box,Home & Living,22,344.64,7582.08
2024-06-10,Lakme Absolute Foundation,Beauty,2,814.72,1629.44
2024-06-10,Levi's 511 Slim Fit Jeans,Fashion,12,2893.44,34721.28
2024-06-10,Logitech MX Keys Keyboard,Electronics,24,8531.53,204756.72
2024-06-10,Mamaearth Vitamin C Face Wash,Beauty,11,305.97,3365.67
2024-06-10,Mi 10000mAh Power Bank,Electronics,21,994.4,20882.4
2024-06-10,Milton Thermosteel Flask 1L,Home & Living,12,679.85,8158.2
2024-06-10,Minimalist 10% Niacinamide Serum,Beauty,21,406.06,8527.26
2024-06-10,Pigeon Aluminium Non-Stick Pan,Home & Living,4,885.6,3542.4
2024-06-10,Plum Green Tea Toner 200ml,Beauty,15,383.18,5747.7
2024-06-10,Portronics Table Lamp LED,Office & Computing,28,1296.4,36299.2
2024-06-10,Prestige Induction Cooktop 1200W,Home & Living,21,3055.2,64159.2
2024-06-10,Puma Classic Track Pants,Fashion,23,1990.0,45770.0
2024-06-10,Royalford Bamboo Chopping Board,Home & Living,11,484.48,5329.28
2024-06-10,Samsung Galaxy Buds3 Pro,Electronics,18,12784.52,230121.36
2024-06-10,Sony WH-1000XM5 Headphones,Electronics,20,27324.68,546493.6
2024-06-10,Story@Home Blackout Curtains,Home & Living,24,1304.2,31300.8
2024-06-10,Syska USB Hub 4-Port,Office & Computing,20,584.44,11688.8
2024-06-10,Woodland Casual Sneakers,Fashion,12,2561.12,30733.44
2024-06-10,Wow Skin Science Hair Oil,Beauty,24,613.14,14715.36
2024-06-10,Zebronics ZEB-Crystal Pro Webcam,Electronics,24,1503.8,36091.2
2024-06-10,boAt Airdopes 141 TWS Earbuds,Electronics,3,1282.11,3846.33
2024-06-11,Biotique Bio Morning Nector SPF,Beauty,26,259.58,6749.08
2024-06-11,JBL Flip 6 Bluetooth Speaker,Electronics,7,10196.98,71378.86
2024-06-11,Kuber Industries Storage Box,Home & Living,33,363.52,11996.16
2024-06-11,Lakme Absolute Foundation,Beauty,48,771.55,37034.4
2024-06-11,Mamaearth Vitamin C Face Wash,Beauty,25,283.42,7085.5
2024-06-11,Minimalist 10% Niacinamide Serum,Beauty,16,390.06,6240.96
2024-06-11,Pigeon Aluminium Non-Stick Pan,Home & Living,43,916.17,39395.31
2024-06-11,Puma Classic Track Pants,Fashion,12,1979.01,23748.12
2024-06-11,Royalford Bamboo Chopping Board,Home & Living,42,493.51,20727.42
2024-06-11,Samsung Galaxy Buds3 Pro,Electronics,49,13603.45,666569.05
2024-06-11,Sony WH-1000XM5 Headphones,Electronics,44,25907.7,1139938.8
2024-06-11,Syska USB Hub 4-Port,Office & Computing,33,613.38,20241.54
2024-06-11,Woodland Casual Sneakers,Fashion,14,2373.24,33225.36
2024-06-11,Wow Skin Science Hair Oil,Beauty,39,593.37,23141.43
2024-06-11,Zebronics ZEB-Crystal Pro Webcam,Electronics,3,1562.11,4686.33
2024-06-12,AmazonBasics Adjustable Laptop Stand,Office & Computing,37,1721.1,63680.7
2024-06-12,Anker 65W GaN Fast Charger,Electronics,18,2593.21,46677.78
2024-06-12,Biotique Bio Morning Nector SPF,Beauty,4,253.16,1012.64
2024-06-12,H&M Relaxed Fit Shirt,Fashion,29,825.61,23942.69
2024-06-12,HP 65W Laptop Power Adapter,Office & Computing,10,1918.24,19182.4
2024-06-12,JBL Flip 6 Bluetooth Speaker,Electronics,30,10264.97,307949.1
2024-06-12,Logitech MX Keys Keyboard,Electronics,26,8676.79,225596.54
2024-06-12,Mamaearth Vitamin C Face Wash,Beauty,8,301.21,2409.68
2024-06-12,Mi 10000mAh Power Bank,Electronics,37,960.94,35554.78
2024-06-12,Pigeon Aluminium Non-Stick Pan,Home & Living,3,850.9,2552.7
2024-06-12,Plum Green Tea Toner 200ml,Beauty,21,379.2,7963.2
2024-06-12,Prestige Induction Cooktop 1200W,Home & Living,27,2955.77,79805.79
2024-06-12,Samsung Galaxy Buds3 Pro,Electronics,36,12831.31,461927.16
2024-06-12,Sony WH-1000XM5 Headphones,Electronics,4,26563.56,106254.24
2024-06-12,Story@Home Blackout Curtains,Home & Living,43,1367.59,58806.37
2024-06-12,Syska USB Hub 4-Port,Office & Computing,23,603.85,13888.55
2024-06-12,Wow Skin Science Hair Oil,Beauty,6,622.12,3732.72
2024-06-13,AmazonBasics Adjustable Laptop Stand,Office & Computing,33,1859.63,61367.79
2024-06-13,Biotique Bio Morning Nector SPF,Beauty,45,261.92,11786.4
2024-06-13,H&M Relaxed Fit Shirt,Fashion,30,760.01,22800.3
2024-06-13,Lakme Absolute Foundation,Beauty,45,798.34,35925.3
2024-06-13,Logitech MX Keys Keyboard,Electronics,34,8143.31,276872.54
2024-06-13,Mamaearth Vitamin C Face Wash,Beauty,40,306.12,12244.8
2024-06-13,Mi 10000mAh Power Bank,Electronics,14,942.76,13198.64
2024-06-13,Milton Thermosteel Flask 1L,Home & Living,28,686.84,19231.52
2024-06-13,Prestige Induction Cooktop 1200W,Home & Living,40,3120.49,124819.6
2024-06-13,Puma Classic Track Pants,Fashion,31,1921.24,59558.44
2024-06-13,Royalford Bamboo Chopping Board,Home & Living,16,492.46,7879.36
2024-06-13,Samsung Galaxy Buds3 Pro,Electronics,26,13517.66,351459.16
2024-06-13,Syska USB Hub 4-Port,Office & Computing,29,608.46,17645.34
2024-06-13,Zebronics ZEB-Crystal Pro Webcam,Electronics,36,1582.49,56969.64
2024-06-14,Biotique Bio Morning Nector SPF,Beauty,12,244.0,2928.0
2024-06-14,H&M Relaxed Fit Shirt,Fashion,47,769.52,36167.44
2024-06-14,HP 65W Laptop Power Adapter,Office & Computing,3,1915.24,5745.72
2024-06-14,JBL Flip 6 Bluetooth Speaker,Electronics,37,10581.94,391531.78
2024-06-14,Kuber Industries Storage Box,Home & Living,26,340.21,8845.46
2024-06-14,Lakme Absolute Foundation,Beauty,48,758.91,36427.68
2024-06-14,Logitech MX Keys Keyboard,Electronics,36,8246.95,296890.2
2024-06-14,Mamaearth Vitamin C Face Wash,Beauty,15,301.06,4515.9
2024-06-14,Milton Thermosteel Flask 1L,Home & Living,30,729.06,21871.8
2024-06-14,Minimalist 10% Niacinamide Serum,Beauty,24,409.69,9832.56
2024-06-14,Plum Green Tea Toner 200ml,Beauty,14,365.21,5112.94
2024-06-14,Prestige Induction Cooktop 1200W,Home & Living,6,3130.97,18785.82
2024-06-14,Puma Classic Track Pants,Fashion,20,2035.98,40719.6
2024-06-14,Samsung Galaxy Buds3 Pro,Electronics,8,13421.47,107371.76
2024-06-14,Sony WH-1000XM5 Headphones,Electronics,14,27016.99,378237.86
2024-06-14,Story@Home Blackout Curtains,Home & Living,13,1259.9,16378.7
2024-06-14,Syska USB Hub 4-Port,Office & Computing,24,586.9,14085.6
2024-06-14,Zebronics ZEB-Crystal Pro Webcam,Electronics,15,1434.69,21520.35
2024-06-15,Biotique Bio Morning Nector SPF,Beauty,44,260.85,11477.4
2024-06-15,FabIndia Cotton Kurta,Fashion,18,1572.6,28306.8
2024-06-15,H&M Relaxed Fit Shirt,Fashion,32,778.71,24918.72
2024-06-15,HP 65W Laptop Power Adapter,Office & Computing,12,2075.16,24901.92
2024-06-15,Mi 10000mAh Power Bank,Electronics,47,1007.49,47352.03
2024-06-15,Milton Thermosteel Flask 1L,Home & Living,31,725.0,22475.0
2024-06-15,Minimalist 10% Niacinamide Serum,Beauty,35,383.96,13438.6
2024-06-15,Plum Green Tea Toner 200ml,Beauty,34,395.29,13439.86
2024-06-15,Portronics Table Lamp LED,Office & Computing,8,1281.98,10255.84
2024-06-15,Puma Classic Track Pants,Fashion,50,1975.61,98780.5
2024-06-15,Sony WH-1000XM5 Headphones,Electronics,14,25869.92,362178.88
2024-06-15,Woodland Casual Sneakers,Fashion,21,2412.17,50655.57
2024-06-15,Wow Skin Science Hair Oil,Beauty,20,571.81,11436.2
2024-06-15,Zebronics ZEB-Crystal Pro Webcam,Electronics,39,1578.75,61571.25
2024-06-15,boAt Airdopes 141 TWS Earbuds,Electronics,19,1314.72,24979.68
2024-06-16,Allen Solly Polo T-Shirt,Fashion,17,1007.99,17135.83
2024-06-16,AmazonBasics Adjustable Laptop Stand,Office & Computing,42,1892.73,79494.66
2024-06-16,Anker 65W GaN Fast Charger,Electronics,36,2531.74,91142.64
2024-06-16,Biotique Bio Morning Nector SPF,Beauty,28,238.02,6664.56
2024-06-16,FabIndia Cotton Kurta,Fashion,10,1466.02,14660.2
2024-06-16,Lakme Absolute Foundation,Beauty,11,835.31,9188.41
2024-06-16,Milton Thermosteel Flask 1L,Home & Living,47,667.41,31368.27
2024-06-16,Pigeon Aluminium Non-Stick Pan,Home & Living,9,876.61,7889.49
2024-06-16,Plum Green Tea Toner 200ml,Beauty,23,386.25,8883.75
2024-06-16,Portronics Table Lamp LED,Office & Computing,14,1332.51,18655.14
2024-06-16,Puma Classic Track Pants,Fashion,30,1899.05,56971.5
2024-06-16,Sony WH-1000XM5 Headphones,Electronics,46,25645.9,1179711.4
2024-06-16,Story@Home Blackout Curtains,Home & Living,20,1293.54,25870.8
2024-06-16,Syska USB Hub 4-Port,Office & Computing,8,590.55,4724.4
2024-06-16,Woodland Casual Sneakers,Fashion,15,2633.97,39509.55
2024-06-16,Zebronics ZEB-Crystal Pro Webcam,Electronics,13,1555.96,20227.48
2024-06-17,Allen Solly Polo T-Shirt,Fashion,27,994.0,26838.0
2024-06-17,AmazonBasics Adjustable Laptop Stand,Office & Computing,11,1817.89,19996.79
2024-06-17,Anker 65W GaN Fast Charger,Electronics,23,2587.71,59517.33
2024-06-17,Biotique Bio Morning Nector SPF,Beauty,21,242.1,5084.1
2024-06-17,FabIndia Cotton Kurta,Fashion,9,1517.14,13654.26
2024-06-17,H&M Relaxed Fit Shirt,Fashion,30,809.07,24272.1
2024-06-17,HP 65W Laptop Power Adapter,Office & Computing,29,1926.44,55866.76
2024-06-17,JBL Flip 6 Bluetooth Speaker,Electronics,29,10242.98,297046.42
2024-06-17,Kuber Industries Storage Box,Home & Living,18,346.59,6238.62
2024-06-17,Lakme Absolute Foundation,Beauty,14,802.31,11232.34
2024-06-17,Levi's 511 Slim Fit Jeans,Fashion,9,2924.62,26321.58
2024-06-17,Logitech MX Keys Keyboard,Electronics,9,8346.34,75117.06
2024-06-17,Mamaearth Vitamin C Face Wash,Beauty,19,303.19,5760.61
2024-06-17,Mi 10000mAh Power Bank,Electronics,2,975.32,1950.64
2024-06-17,Milton Thermosteel Flask 1L,Home & Living,25,676.77,16919.25
2024-06-17,Minimalist 10% Niacinamide Serum,Beauty,25,409.89,10247.25
2024-06-17,Pigeon Aluminium Non-Stick Pan,Home & Living,29,884.53,25651.37
2024-06-17,Plum Green Tea Toner 200ml,Beauty,19,380.7,7233.3
2024-06-17,Portronics Table Lamp LED,Office & Computing,18,1283.41,23101.38
2024-06-17,Prestige Induction Cooktop 1200W,Home & Living,10,3084.85,30848.5
2024-06-17,Puma Classic Track Pants,Fashion,15,1925.84,28887.6
2024-06-17,Royalford Bamboo Chopping Board,Home & Living,6,508.28,3049.68
2024-06-17,Samsung Galaxy Buds3 Pro,Electronics,21,13122.49,275572.29
2024-06-17,Sony WH-1000XM5 Headphones,Electronics,15,26863.15,402947.25
2024-06-17,Story@Home Blackout Curtains,Home & Living,4,1295.1,5180.4
2024-06-17,Syska USB Hub 4-Port,Office & Computing,4,619.61,2478.44
2024-06-17,Woodland Casual Sneakers,Fashion,3,2523.94,7571.82
2024-06-17,Wow Skin Science Hair Oil,Beauty,6,581.75,3490.5
2024-06-17,Zebronics ZEB-Crystal Pro Webcam,Electronics,12,1465.87,17590.44
2024-06-17,boAt Airdopes 141 TWS Earbuds,Electronics,19,1304.59,24787.21
2024-06-18,Biotique Bio Morning Nector SPF,Beauty,4,236.6,946.4
2024-06-18,FabIndia Cotton Kurta,Fashion,37,1520.59,56261.83
2024-06-18,HP 65W Laptop Power Adapter,Office & Computing,12,2099.15,25189.8
2024-06-18,Lakme Absolute Foundation,Beauty,50,791.26,39563.0
2024-06-18,Levi's 511 Slim Fit Jeans,Fashion,15,2926.42,43896.3
2024-06-18,Milton Thermosteel Flask 1L,Home & Living,2,705.01,1410.02
2024-06-18,Minimalist 10% Niacinamide Serum,Beauty,49,399.44,19572.56
2024-06-18,Plum Green Tea Toner 200ml,Beauty,43,371.55,15976.65
2024-06-18,Portronics Table Lamp LED,Office & Computing,28,1260.42,35291.76
2024-06-18,Prestige Induction Cooktop 1200W,Home & Living,36,3059.99,110159.64
2024-06-18,Story@Home Blackout Curtains,Home & Living,1,1228.98,1228.98
2024-06-18,Syska USB Hub 4-Port,Office & Computing,44,598.52,26334.88
2024-06-18,Woodland Casual Sneakers,Fashion,15,2463.81,36957.15
2024-06-18,Zebronics ZEB-Crystal Pro Webcam,Electronics,19,1503.2,28560.8
2024-06-18,boAt Airdopes 141 TWS Earbuds,Electronics,19,1234.05,23446.95
2024-06-19,Anker 65W GaN Fast Charger,Electronics,22,2618.95,57616.9
2024-06-19,Biotique Bio Morning Nector SPF,Beauty,8,234.38,1875.04
2024-06-19,HP 65W Laptop Power Adapter,Office & Computing,10,2056.37,20563.7
2024-06-19,Lakme Absolute Foundation,Beauty,5,769.4,3847.0
2024-06-19,Levi's 511 Slim Fit Jeans,Fashion,12,3005.0,36060.0
2024-06-19,Logitech MX Keys Keyboard,Electronics,9,8510.29,76592.61
2024-06-19,Mamaearth Vitamin C Face Wash,Beauty,11,282.17,3103.87
2024-06-19,Milton Thermosteel Flask 1L,Home & Living,4,666.64,2666.56
2024-06-19,Pigeon Aluminium Non-Stick Pan,Home & Living,41,900.62,36925.42
2024-06-19,Plum Green Tea Toner 200ml,Beauty,11,384.53,4229.83
2024-06-19,Portronics Table Lamp LED,Office & Computing,7,1290.43,9033.01
2024-06-19,Prestige Induction Cooktop 1200W,Home & Living,17,3172.6,53934.2
2024-06-19,Puma Classic Track Pants,Fashion,23,1923.44,44239.12
2024-06-19,Royalford Bamboo Chopping Board,Home & Living,28,484.48,13565.44
2024-06-19,Samsung Galaxy Buds3 Pro,Electronics,24,13177.09,316250.16
2024-06-19,Sony WH-1000XM5 Headphones,Electronics,27,26223.48,708033.96
2024-06-19,Story@Home Blackout Curtains,Home & Living,32,1325.5,42416.0
2024-06-19,Syska USB Hub 4-Port,Office & Computing,47,579.29,27226.63
2024-06-19,Woodland Casual Sneakers,Fashion,11,2586.32,28449.52
2024-06-19,Wow Skin Science Hair Oil,Beauty,14,619.07,8666.98
2024-06-19,boAt Airdopes 141 TWS Earbuds,Electronics,42,1258.34,52850.28
2024-06-20,Anker 65W GaN Fast Charger,Electronics,8,2581.97,20655.76
2024-06-20,FabIndia Cotton Kurta,Fashion,30,1484.61,44538.3
2024-06-20,H&M Relaxed Fit Shirt,Fashion,13,766.8,9968.4
2024-06-20,HP 65W Laptop Power Adapter,Office & Computing,22,2071.36,45569.92
2024-06-20,JBL Flip 6 Bluetooth Speaker,Electronics,14,10288.97,144045.58
2024-06-20,Lakme Absolute Foundation,Beauty,25,819.01,20475.25
2024-06-20,Mamaearth Vitamin C Face Wash,Beauty,4,294.81,1179.24
2024-06-20,Mi 10000mAh Power Bank,Electronics,48,958.14,45990.72
2024-06-20,Pigeon Aluminium Non-Stick Pan,Home & Living,49,920.13,45086.37
2024-06-20,Plum Green Tea Toner 200ml,Beauty,44,369.19,16244.36
2024-06-20,Portronics Table Lamp LED,Office & Computing,40,1305.24,52209.6
2024-06-20,Royalford Bamboo Chopping Board,Home & Living,10,515.47,5154.7
2024-06-20,Samsung Galaxy Buds3 Pro,Electronics,4,13674.95,54699.8
2024-06-20,Story@Home Blackout Curtains,Home & Living,44,1274.45,56075.8
2024-06-20,Syska USB Hub 4-Port,Office & Computing,24,583.73,14009.52
2024-06-20,Wow Skin Science Hair Oil,Beauty,21,625.78,13141.38
2024-06-20,Zebronics ZEB-Crystal Pro Webcam,Electronics,32,1536.03,49152.96
2024-06-20,boAt Airdopes 141 TWS Earbuds,Electronics,27,1300.95,35125.65
2024-06-21,Allen Solly Polo T-Shirt,Fashion,20,1049.85,20997.0
2024-06-21,AmazonBasics Adjustable Laptop Stand,Office & Computing,38,1760.86,66912.68
2024-06-21,Anker 65W GaN Fast Charger,Electronics,28,2579.72,72232.16
2024-06-21,Biotique Bio Morning Nector SPF,Beauty,29,248.43,7204.47
2024-06-21,H&M Relaxed Fit Shirt,Fashion,10,768.56,7685.6
2024-06-21,HP 65W Laptop Power Adapter,Office & Computing,46,2044.98,94069.08
2024-06-21,Kuber Industries Storage Box,Home & Living,26,336.75,8755.5
2024-06-21,Logitech MX Keys Keyboard,Electronics,11,8188.33,90071.63
2024-06-21,Milton Thermosteel Flask 1L,Home & Living,24,703.47,16883.28
2024-06-21,Portronics Table Lamp LED,Office & Computing,32,1221.32,39082.24
2024-06-21,Prestige Induction Cooktop 1200W,Home & Living,2,2961.16,5922.32
2024-06-21,Samsung Galaxy Buds3 Pro,Electronics,21,12602.53,264653.13
2024-06-21,Sony WH-1000XM5 Headphones,Electronics,42,27945.45,1173708.9
2024-06-21,Story@Home Blackout Curtains,Home & Living,19,1357.97,25801.43
2024-06-21,boAt Airdopes 141 TWS Earbuds,Electronics,26,1317.45,34253.7
2024-06-22,Allen Solly Polo T-Shirt,Fashion,16,959.94,15359.04
2024-06-22,Anker 65W GaN Fast Charger,Electronics,21,2575.97,54095.37
2024-06-22,H&M Relaxed Fit Shirt,Fashion,17,845.9,14380.3
2024-06-22,Kuber Industries Storage Box,Home & Living,1,337.17,337.17
2024-06-22,Mi 10000mAh Power Bank,Electronics,32,1010.19,32326.08
2024-06-22,Milton Thermosteel Flask 1L,Home & Living,33,715.22,23602.26
2024-06-22,Pigeon Aluminium Non-Stick Pan,Home & Living,3,883.9,2651.7
2024-06-22,Story@Home Blackout Curtains,Home & Living,21,1278.74,26853.54
2024-06-22,Syska USB Hub 4-Port,Office & Computing,19,574.68,10918.92
2024-06-22,boAt Airdopes 141 TWS Earbuds,Electronics,10,1342.52,13425.2
2024-06-23,Allen Solly Polo T-Shirt,Fashion,42,957.74,40225.08
2024-06-23,Anker 65W GaN Fast Charger,Electronics,24,2405.04,57720.96
2024-06-23,Biotique Bio Morning Nector SPF,Beauty,36,259.61,9345.96
2024-06-23,H&M Relaxed Fit Shirt,Fashion,50,784.46,39223.0
2024-06-23,HP 65W Laptop Power Adapter,Office & Computing,26,2076.76,53995.76
2024-06-23,Pigeon Aluminium Non-Stick Pan,Home & Living,25,872.66,21816.5
2024-06-23,Portronics Table Lamp LED,Office & Computing,45,1290.17,58057.65
2024-06-23,Prestige Induction Cooktop 1200W,Home & Living,34,2990.51,101677.34
2024-06-23,Story@Home Blackout Curtains,Home & Living,28,1242.23,34782.44
2024-06-23,Syska USB Hub 4-Port,Office & Computing,12,568.45,6821.4
2024-06-23,Wow Skin Science Hair Oil,Beauty,42,564.86,23724.12
2024-06-23,boAt Airdopes 141 TWS Earbuds,Electronics,38,1281.2,48685.6
2024-06-24,Allen Solly Polo T-Shirt,Fashion,30,976.82,29304.6
2024-06-24,AmazonBasics Adjustable Laptop Stand,Office & Computing,6,1772.19,10633.14
2024-06-24,Anker 65W GaN Fast Charger,Electronics,21,2572.72,54027.12
2024-06-24,Biotique Bio Morning Nector SPF,Beauty,13,245.34,3189.42
2024-06-24,FabIndia Cotton Kurta,Fashion,25,1507.69,37692.25
2024-06-24,H&M Relaxed Fit Shirt,Fashion,23,784.14,18035.22
2024-06-24,HP 65W Laptop Power Adapter,Office & Computing,28,1941.23,54354.44
2024-06-24,JBL Flip 6 Bluetooth Speaker,Electronics,29,9829.02,285041.58
2024-06-24,Kuber Industries Storage Box,Home & Living,25,351.51,8787.75
2024-06-24,Lakme Absolute Foundation,Beauty,30,819.41,24582.3
2024-06-24,Levi's 511 Slim Fit Jeans,Fashion,4,3106.66,12426.64
2024-06-24,Logitech MX Keys Keyboard,Electronics,7,8642.81,60499.67
2024-06-24,Mamaearth Vitamin C Face Wash,Beauty,7,291.23,2038.61
2024-06-24,Mi 10000mAh Power Bank,Electronics,18,969.53,17451.54
2024-06-24,Milton Thermosteel Flask 1L,Home & Living,19,708.72,13465.68
2024-06-24,Minimalist 10% Niacinamide Serum,Beauty,5,409.25,2046.25
2024-06-24,Pigeon Aluminium Non-Stick Pan,Home & Living,13,918.69,11942.97
2024-06-24,Plum Green Tea Toner 200ml,Beauty,5,370.35,1851.75
2024-06-24,Portronics Table Lamp LED,Office & Computing,6,1334.07,8004.42
2024-06-24,Prestige Induction Cooktop 1200W,Home & Living,2,2983.02,5966.04
2024-06-24,Puma Classic Track Pants,Fashion,28,2064.77,57813.56
2024-06-24,Royalford Bamboo Chopping Board,Home & Living,14,510.63,7148.82
2024-06-24,Samsung Galaxy Buds3 Pro,Electronics,28,12854.71,359931.88
2024-06-24,Sony WH-1000XM5 Headphones,Electronics,22,26371.93,580182.46
2024-06-24,Story@Home Blackout Curtains,Home & Living,26,1329.53,34567.78
2024-06-24,Syska USB Hub 4-Port,Office & Computing,13,585.34,7609.42
2024-06-24,Woodland Casual Sneakers,Fashion,28,2413.16,67568.48
2024-06-24,Wow Skin Science Hair Oil,Beauty,18,598.46,10772.28
2024-06-24,Zebronics ZEB-Crystal Pro Webcam,Electronics,3,1532.73,4598.19
2024-06-24,boAt Airdopes 141 TWS Earbuds,Electronics,19,1269.9,24128.1
2024-06-25,AmazonBasics Adjustable Laptop Stand,Office & Computing,32,1876.0,60032.0
2024-06-25,Anker 65W GaN Fast Charger,Electronics,34,2638.44,89706.96
2024-06-25,H&M Relaxed Fit Shirt,Fashion,45,768.56,34585.2
2024-06-25,Kuber Industries Storage Box,Home & Living,33,339.61,11207.13
2024-06-25,Minimalist 10% Niacinamide Serum,Beauty,3,388.27,1164.81
2024-06-25,Portronics Table Lamp LED,Office & Computing,11,1257.56,13833.16
2024-06-25,Prestige Induction Cooktop 1200W,Home & Living,4,3140.56,12562.24
2024-06-25,Samsung Galaxy Buds3 Pro,Electronics,26,13248.58,344463.08
2024-06-25,Woodland Casual Sneakers,Fashion,7,2392.21,16745.47
2024-06-25,Zebronics ZEB-Crystal Pro Webcam,Electronics,38,1579.2,60009.6
2024-06-25,boAt Airdopes 141 TWS Earbuds,Electronics,17,1316.28,22376.76
2024-06-26,Allen Solly Polo T-Shirt,Fashion,40,1045.25,41810.0
2024-06-26,H&M Relaxed Fit Shirt,Fashion,11,760.89,8369.79
2024-06-26,JBL Flip 6 Bluetooth Speaker,Electronics,4,9716.03,38864.12
2024-06-26,Kuber Industries Storage Box,Home & Living,5,343.66,1718.3
2024-06-26,Lakme Absolute Foundation,Beauty,42,841.03,35323.26
2024-06-26,Mamaearth Vitamin C Face Wash,Beauty,48,312.45,14997.6
2024-06-26,Mi 10000mAh Power Bank,Electronics,45,944.75,42513.75
2024-06-26,Milton Thermosteel Flask 1L,Home & Living,35,724.79,25367.65
2024-06-26,Pigeon Aluminium Non-Stick Pan,Home & Living,27,941.07,25408.89
2024-06-26,Prestige Induction Cooktop 1200W,Home & Living,21,3080.96,64700.16
2024-06-26,Puma Classic Track Pants,Fashion,21,2003.2,42067.2
2024-06-26,Sony WH-1000XM5 Headphones,Electronics,47,27710.63,1302399.61
2024-06-26,Story@Home Blackout Curtains,Home & Living,33,1239.64,40908.12
2024-06-26,Syska USB Hub 4-Port,Office & Computing,15,615.89,9238.35
2024-06-27,Biotique Bio Morning Nector SPF,Beauty,16,262.02,4192.32
2024-06-27,Logitech MX Keys Keyboard,Electronics,37,8126.32,300673.84
2024-06-27,Mamaearth Vitamin C Face Wash,Beauty,35,298.1,10433.5
2024-06-27,Minimalist 10% Niacinamide Serum,Beauty,5,382.84,1914.2
2024-06-27,Plum Green Tea Toner 200ml,Beauty,45,354.19,15938.55
2024-06-27,Prestige Induction Cooktop 1200W,Home & Living,50,2921.62,146081.0
2024-06-27,Puma Classic Track Pants,Fashion,17,2090.55,35539.35
2024-06-27,Royalford Bamboo Chopping Board,Home & Living,19,490.32,9316.08
2024-06-27,Samsung Galaxy Buds3 Pro,Electronics,19,12785.82,242930.58
2024-06-27,Story@Home Blackout Curtains,Home & Living,4,1334.85,5339.4
2024-06-27,Syska USB Hub 4-Port,Office & Computing,38,616.19,23415.22
2024-06-27,Wow Skin Science Hair Oil,Beauty,23,587.92,13522.16
2024-06-27,Zebronics ZEB-Crystal Pro Webcam,Electronics,47,1409.51,66246.97
2024-06-28,FabIndia Cotton Kurta,Fashion,16,1441.29,23060.64
2024-06-28,H&M Relaxed Fit Shirt,Fashion,20,760.81,15216.2
2024-06-28,Kuber Industries Storage Box,Home & Living,36,330.92,11913.12
2024-06-28,Lakme Absolute Foundation,Beauty,38,816.39,31022.82
2024-06-28,Logitech MX Keys Keyboard,Electronics,38,8116.12,308412.56
2024-06-28,Mi 10000mAh Power Bank,Electronics,9,1007.09,9063.81
2024-06-28,Plum Green Tea Toner 200ml,Beauty,1,387.97,387.97
2024-06-28,Prestige Induction Cooktop 1200W,Home & Living,10,2988.71,29887.1
2024-06-28,Royalford Bamboo Chopping Board,Home & Living,14,484.28,6779.92
2024-06-28,Samsung Galaxy Buds3 Pro,Electronics,37,13619.05,503904.85
2024-06-28,Story@Home Blackout Curtains,Home & Living,26,1299.13,33777.38
2024-06-28,Syska USB Hub 4-Port,Office & Computing,27,577.08,15581.16
2024-06-28,Wow Skin Science Hair Oil,Beauty,18,591.87,10653.66
2024-06-28,boAt Airdopes 141 TWS Earbuds,Electronics,41,1370.19,56177.79
2024-06-29,Anker 65W GaN Fast Charger,Electronics,2,2494.5,4989.0
2024-06-29,H&M Relaxed Fit Shirt,Fashion,26,757.77,19702.02
2024-06-29,HP 65W Laptop Power Adapter,Office & Computing,26,1970.81,51241.06
2024-06-29,Kuber Industries Storage Box,Home & Living,42,358.04,15037.68
2024-06-29,Mi 10000mAh Power Bank,Electronics,37,997.9,36922.3
2024-06-29,Milton Thermosteel Flask 1L,Home & Living,7,695.71,4869.97
2024-06-29,Minimalist 10% Niacinamide Serum,Beauty,28,392.94,11002.32
2024-06-29,Plum Green Tea Toner 200ml,Beauty,18,376.31,6773.58
2024-06-29,Prestige Induction Cooktop 1200W,Home & Living,3,3161.82,9485.46
2024-06-29,Puma Classic Track Pants,Fashion,13,2009.79,26127.27
2024-06-29,Royalford Bamboo Chopping Board,Home & Living,25,471.7,11792.5
2024-06-29,Samsung Galaxy Buds3 Pro,Electronics,24,12294.45,295066.8
2024-06-29,Woodland Casual Sneakers,Fashion,9,2368.0,21312.0
2024-06-29,boAt Airdopes 141 TWS Earbuds,Electronics,45,1273.28,57297.6
2024-06-30,Biotique Bio Morning Nector SPF,Beauty,39,247.71,9660.69
2024-06-30,HP 65W Laptop Power Adapter,Office & Computing,8,1965.22,15721.76
2024-06-30,Lakme Absolute Foundation,Beauty,10,824.97,8249.7
2024-06-30,Levi's 511 Slim Fit Jeans,Fashion,46,3172.94,145955.24
2024-06-30,Mi 10000mAh Power Bank,Electronics,23,984.21,22636.83
2024-06-30,Minimalist 10% Niacinamide Serum,Beauty,48,402.79,19333.92
2024-06-30,Pigeon Aluminium Non-Stick Pan,Home & Living,5,865.2,4326.0
2024-06-30,Puma Classic Track Pants,Fashion,19,1879.86,35717.34
2024-06-30,Royalford Bamboo Chopping Board,Home & Living,33,519.31,17137.23
2024-06-30,Sony WH-1000XM5 Headphones,Electronics,22,25513.65,561300.3
2024-06-30,Woodland Casual Sneakers,Fashion,15,2459.82,36897.3
2024-06-30,Wow Skin Science Hair Oil,Beauty,44,634.64,27924.16
2024-06-30,boAt Airdopes 141 TWS Earbuds,Electronics,45,1315.11,59179.95
2024-07-01,Allen Solly Polo T-Shirt,Fashion,15,1029.77,15446.55
2024-07-01,AmazonBasics Adjustable Laptop Stand,Office & Computing,2,1727.76,3455.52
2024-07-01,Anker 65W GaN Fast Charger,Electronics,16,2419.53,38712.48
2024-07-01,Biotique Bio Morning Nector SPF,Beauty,4,240.86,963.44
2024-07-01,FabIndia Cotton Kurta,Fashion,20,1515.64,30312.8
2024-07-01,H&M Relaxed Fit Shirt,Fashion,6,784.54,4707.24
2024-07-01,HP 65W Laptop Power Adapter,Office & Computing,21,1946.23,40870.83
2024-07-01,JBL Flip 6 Bluetooth Speaker,Electronics,18,9725.03,175050.54
2024-07-01,Kuber Industries Storage Box,Home & Living,18,336.75,6061.5
2024-07-01,Lakme Absolute Foundation,Beauty,1,778.54,778.54
2024-07-01,Levi's 511 Slim Fit Jeans,Fashion,27,2988.2,80681.4
2024-07-01,Logitech MX Keys Keyboard,Electronics,7,8622.42,60356.94
2024-07-01,Mamaearth Vitamin C Face Wash,Beauty,28,302.32,8464.96
2024-07-01,Mi 10000mAh Power Bank,Electronics,10,994.0,9940.0
2024-07-01,Milton Thermosteel Flask 1L,Home & Living,4,683.83,2735.32
2024-07-01,Minimalist 10% Niacinamide Serum,Beauty,8,384.04,3072.32
2024-07-01,Pigeon Aluminium Non-Stick Pan,Home & Living,25,925.97,23149.25
2024-07-01,Plum Green Tea Toner 200ml,Beauty,1,374.48,374.48
2024-07-01,Portronics Table Lamp LED,Office & Computing,9,1324.85,11923.65
2024-07-01,Prestige Induction Cooktop 1200W,Home & Living,12,3081.85,36982.2
2024-07-01,Puma Classic Track Pants,Fashion,20,2078.76,41575.2
2024-07-01,Royalford Bamboo Chopping Board,Home & Living,16,504.94,8079.04
2024-07-01,Samsung Galaxy Buds3 Pro,Electronics,7,13212.18,92485.26
2024-07-01,Sony WH-1000XM5 Headphones,Electronics,16,27624.27,441988.32
2024-07-01,Story@Home Blackout Curtains,Home & Living,4,1248.34,4993.36
2024-07-01,Syska USB Hub 4-Port,Office & Computing,27,612.48,16536.96
2024-07-01,Woodland Casual Sneakers,Fashion,20,2496.5,49930.0
2024-07-01,Wow Skin Science Hair Oil,Beauty,30,617.63,18528.9
2024-07-01,Zebronics ZEB-Crystal Pro Webcam,Electronics,21,1443.84,30320.64
2024-07-01,boAt Airdopes 141 TWS Earbuds,Electronics,3,1320.56,3961.68
2024-07-02,Allen Solly Polo T-Shirt,Fashion,23,952.25,21901.75
2024-07-02,AmazonBasics Adjustable Laptop Stand,Office & Computing,32,1848.11,59139.52
2024-07-02,Anker 65W GaN Fast Charger,Electronics,2,2618.45,5236.9
2024-07-02,H&M Relaxed Fit Shirt,Fashion,5,761.53,3807.65
2024-07-02,HP 65W Laptop Power Adapter,Office & Computing,7,2075.56,14528.92
2024-07-02,Kuber Industries Storage Box,Home & Living,12,363.34,4360.08
2024-07-02,Levi's 511 Slim Fit Jeans,Fashion,11,3000.2,33002.2
2024-07-02,Logitech MX Keys Keyboard,Electronics,40,8331.9,333276.0
2024-07-02,Mamaearth Vitamin C Face Wash,Beauty,45,304.2,13689.0
2024-07-02,Minimalist 10% Niacinamide Serum,Beauty,42,417.03,17515.26
2024-07-02,Portronics Table Lamp LED,Office & Computing,12,1225.61,14707.32
2024-07-02,Puma Classic Track Pants,Fashion,39,2041.98,79637.22
2024-07-02,Woodland Casual Sneakers,Fashion,46,2457.33,113037.18
2024-07-02,Wow Skin Science Hair Oil,Beauty,48,603.19,28953.12
2024-07-02,Zebronics ZEB-Crystal Pro Webcam,Electronics,35,1576.8,55188.0
2024-07-02,boAt Airdopes 141 TWS Earbuds,Electronics,10,1329.4,13294.0
2024-07-03,Biotique Bio Morning Nector SPF,Beauty,9,263.32,2369.88
2024-07-03,FabIndia Cotton Kurta,Fashion,10,1414.31,14143.1
2024-07-03,H&M Relaxed Fit Shirt,Fashion,1,837.67,837.67
2024-07-03,HP 65W Laptop Power Adapter,Office & Computing,40,1934.83,77393.2
2024-07-03,JBL Flip 6 Bluetooth Speaker,Electronics,21,10242.98,215102.58
2024-07-03,Kuber Industries Storage Box,Home & Living,21,346.03,7266.63
2024-07-03,Levi's 511 Slim Fit Jeans,Fashion,50,3102.17,155108.5
2024-07-03,Logitech MX Keys Keyboard,Electronics,17,8423.64,143201.88
2024-07-03,Mi 10000mAh Power Bank,Electronics,30,939.86,28195.8
2024-07-03,Milton Thermosteel Flask 1L,Home & Living,32,708.37,22667.84
2024-07-03,Plum Green Tea Toner 200ml,Beauty,3,389.36,1168.08
2024-07-03,Portronics Table Lamp LED,Office & Computing,13,1280.29,16643.77
2024-07-03,Prestige Induction Cooktop 1200W,Home & Living,19,2822.79,53633.01
2024-07-03,Puma Classic Track Pants,Fashion,40,1884.46,75378.4
2024-07-03,Sony WH-1000XM5 Headphones,Electronics,40,25826.73,1033069.2
2024-07-03,Story@Home Blackout Curtains,Home & Living,1,1268.21,1268.21
2024-07-03,Woodland Casual Sneakers,Fashion,36,2348.54,84547.44
2024-07-03,Wow Skin Science Hair Oil,Beauty,26,599.36,15583.36
2024-07-03,boAt Airdopes 141 TWS Earbuds,Electronics,44,1342.78,59082.32
2024-07-04,Allen Solly Polo T-Shirt,Fashion,8,1033.37,8266.96
2024-07-04,AmazonBasics Adjustable Laptop Stand,Office & Computing,22,1735.68,38184.96
2024-07-04,FabIndia Cotton Kurta,Fashion,29,1564.51,45370.79
2024-07-04,HP 65W Laptop Power Adapter,Office & Computing,27,2068.37,55845.99
2024-07-04,Lakme Absolute Foundation,Beauty,29,800.8,23223.2
2024-07-04,Mamaearth Vitamin C Face Wash,Beauty,14,311.92,4366.88
2024-07-04,Mi 10000mAh Power Bank,Electronics,38,971.43,36914.34
2024-07-04,Minimalist 10% Niacinamide Serum,Beauty,18,408.46,7352.28
2024-07-04,Plum Green Tea Toner 200ml,Beauty,23,363.98,8371.54
2024-07-04,Puma Classic Track Pants,Fashion,31,2118.94,65687.14
2024-07-04,Samsung Galaxy Buds3 Pro,Electronics,41,13694.45,561472.45
2024-07-04,Sony WH-1000XM5 Headphones,Electronics,39,25394.89,990400.71
2024-07-04,Story@Home Blackout Curtains,Home & Living,10,1342.52,13425.2
2024-07-04,Syska USB Hub 4-Port,Office & Computing,15,624.04,9360.6
2024-07-04,boAt Airdopes 141 TWS Earbuds,Electronics,8,1317.32,10538.56
2024-07-05,Anker 65W GaN Fast Charger,Electronics,2,2457.27,4914.54
2024-07-05,FabIndia Cotton Kurta,Fashion,3,1501.4,4504.2
2024-07-05,Levi's 511 Slim Fit Jeans,Fashion,1,2969.61,2969.61
2024-07-05,Milton Thermosteel Flask 1L,Home & Living,29,737.58,21389.82
2024-07-05,Pigeon Aluminium Non-Stick Pan,Home & Living,29,892.17,25872.93
2024-07-05,Plum Green Tea Toner 200ml,Beauty,43,375.49,16146.07
2024-07-05,Samsung Galaxy Buds3 Pro,Electronics,10,13209.58,132095.8
2024-07-05,Sony WH-1000XM5 Headphones,Electronics,41,25996.77,1065867.57
2024-07-05,Syska USB Hub 4-Port,Office & Computing,2,614.45,1228.9
2024-07-05,Zebronics ZEB-Crystal Pro Webcam,Electronics,19,1428.85,27148.15
2024-07-06,AmazonBasics Adjustable Laptop Stand,Office & Computing,23,1692.86,38935.78
2024-07-06,FabIndia Cotton Kurta,Fashion,42,1521.63,63908.46
2024-07-06,JBL Flip 6 Bluetooth Speaker,Electronics,22,10437.96,229635.12
2024-07-06,Kuber Industries Storage Box,Home & Living,45,342.58,15416.1
2024-07-06,Levi's 511 Slim Fit Jeans,Fashion,18,2954.61,53182.98
2024-07-06,Mamaearth Vitamin C Face Wash,Beauty,44,296.79,13058.76
2024-07-06,Mi 10000mAh Power Bank,Electronics,50,952.05,47602.5
2024-07-06,Milton Thermosteel Flask 1L,Home & Living,37,665.1,24608.7
2024-07-06,Minimalist 10% Niacinamide Serum,Beauty,41,375.34,15388.94
2024-07-06,Prestige Induction Cooktop 1200W,Home & Living,32,3166.61,101331.52
2024-07-06,Puma Classic Track Pants,Fashion,29,2115.74,61356.46
2024-07-06,Royalford Bamboo Chopping Board,Home & Living,7,504.94,3534.58
2024-07-06,Syska USB Hub 4-Port,Office & Computing,23,632.54,14548.42
2024-07-07,AmazonBasics Adjustable Laptop Stand,Office & Computing,19,1866.1,35455.9
2024-07-07,Anker 65W GaN Fast Charger,Electronics,47,2636.44,123912.68
2024-07-07,H&M Relaxed Fit Shirt,Fashion,7,795.08,5565.56
2024-07-07,Kuber Industries Storage Box,Home & Living,19,363.73,6910.87
2024-07-07,Mamaearth Vitamin C Face Wash,Beauty,28,288.62,8081.36
2024-07-07,Minimalist 10% Niacinamide Serum,Beauty,41,409.73,16798.93
2024-07-07,Plum Green Tea Toner 200ml,Beauty,38,356.93,13563.34
2024-07-07,Portronics Table Lamp LED,Office & Computing,22,1279.77,28154.94
2024-07-07,Prestige Induction Cooktop 1200W,Home & Living,17,2935.4,49901.8
2024-07-07,Royalford Bamboo Chopping Board,Home & Living,27,489.22,13208.94
2024-07-07,Samsung Galaxy Buds3 Pro,Electronics,11,13707.45,150781.95
2024-07-07,Woodland Casual Sneakers,Fashion,42,2428.63,102002.46
2024-07-07,Zebronics ZEB-Crystal Pro Webcam,Electronics,4,1510.54,6042.16
2024-07-07,boAt Airdopes 141 TWS Earbuds,Electronics,8,1282.76,10262.08
2024-07-08,Allen Solly Polo T-Shirt,Fashion,30,961.14,28834.2
2024-07-08,AmazonBasics Adjustable Laptop Stand,Office & Computing,9,1757.26,15815.34
2024-07-08,Anker 65W GaN Fast Charger,Electronics,1,2513.74,2513.74
2024-07-08,Biotique Bio Morning Nector SPF,Beauty,10,247.9,2479.0
2024-07-08,FabIndia Cotton Kurta,Fashion,16,1545.62,24729.92
2024-07-08,H&M Relaxed Fit Shirt,Fashion,25,786.78,19669.5
2024-07-08,HP 65W Laptop Power Adapter,Office & Computing,12,2062.17,24746.04
2024-07-08,JBL Flip 6 Bluetooth Speaker,Electronics,15,10354.96,155324.4
2024-07-08,Kuber Industries Storage Box,Home & Living,13,357.9,4652.7
2024-07-08,Lakme Absolute Foundation,Beauty,3,769.64,2308.92
2024-07-08,Levi's 511 Slim Fit Jeans,Fashion,22,2930.02,64460.44
2024-07-08,Logitech MX Keys Keyboard,Electronics,28,8334.44,233364.32
2024-07-08,Mamaearth Vitamin C Face Wash,Beauty,13,306.83,3988.79
2024-07-08,Mi 10000mAh Power Bank,Electronics,23,997.8,22949.4
2024-07-08,Milton Thermosteel Flask 1L,Home & Living,17,671.18,11410.06
2024-07-08,Minimalist 10% Niacinamide Serum,Beauty,23,386.55,8890.65
2024-07-08,Pigeon Aluminium Non-Stick Pan,Home & Living,21,934.42,19622.82
2024-07-08,Plum Green Tea Toner 200ml,Beauty,10,372.49,3724.9
2024-07-08,Portronics Table Lamp LED,Office & Computing,23,1256.39,28896.97
2024-07-08,Prestige Induction Cooktop 1200W,Home & Living,3,2980.32,8940.96
2024-07-08,Puma Classic Track Pants,Fashion,9,2021.39,18192.51
2024-07-08,Royalford Bamboo Chopping Board,Home & Living,6,507.28,3043.68
2024-07-08,Samsung Galaxy Buds3 Pro,Electronics,2,13166.69,26333.38
2024-07-08,Sony WH-1000XM5 Headphones,Electronics,26,27500.11,715002.86
2024-07-08,Story@Home Blackout Curtains,Home & Living,27,1328.23,35862.21
2024-07-08,Syska USB Hub 4-Port,Office & Computing,23,591.21,13597.83
2024-07-08,Woodland Casual Sneakers,Fashion,15,2510.97,37664.55
2024-07-08,Wow Skin Science Hair Oil,Beauty,21,620.92,13039.32
2024-07-08,Zebronics ZEB-Crystal Pro Webcam,Electronics,1,1552.96,1552.96
2024-07-08,boAt Airdopes 141 TWS Earbuds,Electronics,2,1270.81,2541.62
2024-07-09,Allen Solly Polo T-Shirt,Fashion,16,947.75,15164.0
2024-07-09,AmazonBasics Adjustable Laptop Stand,Office & Computing,34,1816.45,61759.3
2024-07-09,Anker 65W GaN Fast Charger,Electronics,2,2529.99,5059.98
2024-07-09,FabIndia Cotton Kurta,Fashion,6,1543.52,9261.12
2024-07-09,HP 65W Laptop Power Adapter,Office & Computing,15,2049.97,30749.55
2024-07-09,JBL Flip 6 Bluetooth Speaker,Electronics,9,10354.96,93194.64
2024-07-09,Levi's 511 Slim Fit Jeans,Fashion,33,3060.78,101005.74
2024-07-09,Logitech MX Keys Keyboard,Electronics,46,8955.43,411949.78
2024-07-09,Mamaearth Vitamin C Face Wash,Beauty,28,313.65,8782.2
2024-07-09,Minimalist 10% Niacinamide Serum,Beauty,29,378.85,10986.65
2024-07-09,Plum Green Tea Toner 200ml,Beauty,34,369.9,12576.6
2024-07-09,Portronics Table Lamp LED,Office & Computing,25,1266.14,31653.5
2024-07-09,Puma Classic Track Pants,Fashion,23,1881.26,43268.98
2024-07-09,Royalford Bamboo Chopping Board,Home & Living,25,481.19,12029.75
2024-07-09,Sony WH-1000XM5 Headphones,Electronics,9,25643.2,230788.8
2024-07-09,Woodland Casual Sneakers,Fashion,12,2616.76,31401.12
2024-07-09,Wow Skin Science Hair Oil,Beauty,32,601.88,19260.16
2024-07-10,Allen Solly Polo T-Shirt,Fashion,50,991.11,49555.5
2024-07-10,AmazonBasics Adjustable Laptop Stand,Office & Computing,21,1854.41,38942.61
2024-07-10,Biotique Bio Morning Nector SPF,Beauty,32,240.43,7693.76
2024-07-10,H&M Relaxed Fit Shirt,Fashion,13,843.02,10959.26
2024-07-10,JBL Flip 6 Bluetooth Speaker,Electronics,6,10316.97,61901.82
2024-07-10,Levi's 511 Slim Fit Jeans,Fashion,11,2977.11,32748.21
2024-07-10,Logitech MX Keys Keyboard,Electronics,17,8455.92,143750.64
2024-07-10,Mi 10000mAh Power Bank,Electronics,12,948.45,11381.4
2024-07-10,Pigeon Aluminium Non-Stick Pan,Home & Living,37,920.85,34071.45
2024-07-10,Puma Classic Track Pants,Fashion,1,1951.62,1951.62
2024-07-10,Samsung Galaxy Buds3 Pro,Electronics,40,12923.61,516944.4
2024-07-10,Sony WH-1000XM5 Headphones,Electronics,36,28255.83,1017209.88
2024-07-10,Story@Home Blackout Curtains,Home & Living,32,1265.1,40483.2
2024-07-10,Zebronics ZEB-Crystal Pro Webcam,Electronics,46,1563.01,71898.46
2024-07-11,Biotique Bio Morning Nector SPF,Beauty,5,262.55,1312.75
2024-07-11,FabIndia Cotton Kurta,Fashion,45,1507.24,67825.8
2024-07-11,Kuber Industries Storage Box,Home & Living,29,369.49,10715.21
2024-07-11,Levi's 511 Slim Fit Jeans,Fashion,13,2882.94,37478.22
2024-07-11,Logitech MX Keys Keyboard,Electronics,10,8058.36,80583.6
2024-07-11,Mamaearth Vitamin C Face Wash,Beauty,36,289.58,10424.88
2024-07-11,Mi 10000mAh Power Bank,Electronics,30,939.46,28183.8
2024-07-11,Milton Thermosteel Flask 1L,Home & Living,1,731.99,731.99
2024-07-11,Prestige Induction Cooktop 1200W,Home & Living,39,3141.46,122516.94
2024-07-11,Puma Classic Track Pants,Fashion,3,1908.25,5724.75
2024-07-11,Royalford Bamboo Chopping Board,Home & Living,40,522.4,20896.0
2024-07-11,Samsung Galaxy Buds3 Pro,Electronics,37,12774.12,472642.44
2024-07-11,Sony WH-1000XM5 Headphones,Electronics,9,25969.78,233728.02
2024-07-11,Syska USB Hub 4-Port,Office & Computing,36,589.6,21225.6
2024-07-11,Woodland Casual Sneakers,Fashion,42,2628.48,110396.16
2024-07-11,Zebronics ZEB-Crystal Pro Webcam,Electronics,20,1563.01,31260.2
2024-07-12,AmazonBasics Adjustable Laptop Stand,Office & Computing,35,1754.56,61409.6
2024-07-12,Biotique Bio Morning Nector SPF,Beauty,49,241.58,11837.42
2024-07-12,FabIndia Cotton Kurta,Fashion,39,1446.98,56432.22
2024-07-12,Kuber Industries Storage Box,Home & Living,44,357.2,15716.8
2024-07-12,Levi's 511 Slim Fit Jeans,Fashion,9,3072.18,27649.62
2024-07-12,Logitech MX Keys Keyboard,Electronics,2,8873.88,17747.76
2024-07-12,Mi 10000mAh Power Bank,Electronics,1,1007.69,1007.69
2024-07-12,Milton Thermosteel Flask 1L,Home & Living,8,715.99,5727.92
2024-07-12,Pigeon Aluminium Non-Stick Pan,Home & Living,31,896.66,27796.46
2024-07-12,Woodland Casual Sneakers,Fashion,41,2527.68,103634.88
2024-07-13,AmazonBasics Adjustable Laptop Stand,Office & Computing,43,1864.66,80180.38
2024-07-13,H&M Relaxed Fit Shirt,Fashion,29,789.25,22888.25
2024-07-13,HP 65W Laptop Power Adapter,Office & Computing,34,2023.79,68808.86
2024-07-13,JBL Flip 6 Bluetooth Speaker,Electronics,38,9604.04,364953.52
2024-07-13,Kuber Industries Storage Box,Home & Living,34,341.18,11600.12
2024-07-13,Lakme Absolute Foundation,Beauty,44,794.76,34969.44
2024-07-13,Mamaearth Vitamin C Face Wash,Beauty,48,288.24,13835.52
2024-07-13,Mi 10000mAh Power Bank,Electronics,35,984.41,34454.35
2024-07-13,Pigeon Aluminium Non-Stick Pan,Home & Living,44,884.08,38899.52
2024-07-13,Portronics Table Lamp LED,Office & Computing,50,1297.18,64859.0
2024-07-13,Samsung Galaxy Buds3 Pro,Electronics,1,13563.16,13563.16
2024-07-13,Story@Home Blackout Curtains,Home & Living,5,1362.26,6811.3
2024-07-13,Syska USB Hub 4-Port,Office & Computing,48,563.6,27052.8
2024-07-13,Zebronics ZEB-Crystal Pro Webcam,Electronics,3,1443.84,4331.52
2024-07-14,Allen Solly Polo T-Shirt,Fashion,20,962.04,19240.8
2024-07-14,AmazonBasics Adjustable Laptop Stand,Office & Computing,20,1724.16,34483.2
2024-07-14,Anker 65W GaN Fast Charger,Electronics,46,2380.8,109516.8
2024-07-14,FabIndia Cotton Kurta,Fashion,48,1566.75,75204.0
2024-07-14,JBL Flip 6 Bluetooth Speaker,Electronics,49,9635.04,472116.96
2024-07-14,Logitech MX Keys Keyboard,Electronics,20,8770.24,175404.8
2024-07-14,Mi 10000mAh Power Bank,Electronics,46,992.51,45655.46
2024-07-14,Milton Thermosteel Flask 1L,Home & Living,30,670.27,20108.1
2024-07-14,Pigeon Aluminium Non-Stick Pan,Home & Living,37,948.09,35079.33
2024-07-14,Plum Green Tea Toner 200ml,Beauty,7,373.2,2612.4
2024-07-14,Prestige Induction Cooktop 1200W,Home & Living,20,2886.28,57725.6
2024-07-14,Puma Classic Track Pants,Fashion,24,1922.04,46128.96
2024-07-14,Royalford Bamboo Chopping Board,Home & Living,5,515.02,2575.1
2024-07-14,Samsung Galaxy Buds3 Pro,Electronics,2,12267.16,24534.32
2024-07-14,Story@Home Blackout Curtains,Home & Living,49,1336.15,65471.35
2024-07-14,Syska USB Hub 4-Port,Office & Computing,1,601.52,601.52
2024-07-14,Woodland Casual Sneakers,Fashion,23,2552.14,58699.22
2024-07-15,Allen Solly Polo T-Shirt,Fashion,2,990.71,1981.42
2024-07-15,AmazonBasics Adjustable Laptop Stand,Office & Computing,25,1751.33,43783.25
2024-07-15,Anker 65W GaN Fast Charger,Electronics,16,2494.75,39916.0
2024-07-15,Biotique Bio Morning Nector SPF,Beauty,25,244.42,6110.5
2024-07-15,FabIndia Cotton Kurta,Fashion,18,1473.82,26528.76
2024-07-15,H&M Relaxed Fit Shirt,Fashion,11,789.49,8684.39
2024-07-15,HP 65W Laptop Power Adapter,Office & Computing,20,1962.02,39240.4
2024-07-15,JBL Flip 6 Bluetooth Speaker,Electronics,19,9838.02,186922.38
2024-07-15,Kuber Industries Storage Box,Home & Living,14,362.02,5068.28
2024-07-15,Lakme Absolute Foundation,Beauty,2,791.58,1583.16
2024-07-15,Levi's 511 Slim Fit Jeans,Fashion,21,3022.39,63470.19
2024-07-15,Logitech MX Keys Keyboard,Electronics,16,8325.95,133215.2
2024-07-15,Mamaearth Vitamin C Face Wash,Beauty,17,294.87,5012.79
2024-07-15,Mi 10000mAh Power Bank,Electronics,1,1036.86,1036.86
2024-07-15,Milton Thermosteel Flask 1L,Home & Living,28,719.27,20139.56
2024-07-15,Minimalist 10% Niacinamide Serum,Beauty,1,397.12,397.12
2024-07-15,Pigeon Aluminium Non-Stick Pan,Home & Living,5,867.98,4339.9
2024-07-15,Plum Green Tea Toner 200ml,Beauty,3,363.49,1090.47
2024-07-15,Portronics Table Lamp LED,Office & Computing,1,1287.18,1287.18
2024-07-15,Prestige Induction Cooktop 1200W,Home & Living,4,3061.19,12244.76
2024-07-15,Puma Classic Track Pants,Fashion,26,2070.56,53834.56
2024-07-15,Royalford Bamboo Chopping Board,Home & Living,18,506.73,9121.14
2024-07-15,Samsung Galaxy Buds3 Pro,Electronics,25,12780.62,319515.5
2024-07-15,Sony WH-1000XM5 Headphones,Electronics,22,26093.93,574066.46
2024-07-15,Story@Home Blackout Curtains,Home & Living,8,1260.68,10085.44
2024-07-15,Syska USB Hub 4-Port,Office & Computing,25,594.93,14873.25
2024-07-15,Woodland Casual Sneakers,Fashion,26,2542.65,66108.9
2024-07-15,Wow Skin Science Hair Oil,Beauty,17,576.66,9803.22
2024-07-15,Zebronics ZEB-Crystal Pro Webcam,Electronics,7,1539.62,10777.34
2024-07-15,boAt Airdopes 141 TWS Earbuds,Electronics,29,1250.29,36258.41
2024-07-16,Anker 65W GaN Fast Charger,Electronics,2,2440.77,4881.54
2024-07-16,FabIndia Cotton Kurta,Fashion,20,1437.84,28756.8
2024-07-16,JBL Flip 6 Bluetooth Speaker,Electronics,3,9889.01,29667.03
2024-07-16,Kuber Industries Storage Box,Home & Living,50,339.61,16980.5
2024-07-16,Lakme Absolute Foundation,Beauty,20,810.82,16216.4
2024-07-16,Levi's 511 Slim Fit Jeans,Fashion,12,2890.14,34681.68
2024-07-16,Minimalist 10% Niacinamide Serum,Beauty,1,385.67,385.67
2024-07-16,Pigeon Aluminium Non-Stick Pan,Home & Living,50,871.13,43556.5
2024-07-16,Plum Green Tea Toner 200ml,Beauty,42,370.2,15548.4
2024-07-16,Portronics Table Lamp LED,Office & Computing,50,1277.44,63872.0
2024-07-16,Prestige Induction Cooktop 1200W,Home & Living,9,3124.08,28116.72
2024-07-16,Samsung Galaxy Buds3 Pro,Electronics,6,13056.2,78337.2
2024-07-16,Woodland Casual Sneakers,Fashion,43,2353.03,101180.29
2024-07-16,Zebronics ZEB-Crystal Pro Webcam,Electronics,16,1504.7,24075.2
2024-07-16,boAt Airdopes 141 TWS Earbuds,Electronics,2,1317.58,2635.16
2024-07-17,Anker 65W GaN Fast Charger,Electronics,5,2492.25,12461.25
2024-07-17,Biotique Bio Morning Nector SPF,Beauty,36,240.61,8661.96
2024-07-17,FabIndia Cotton Kurta,Fashion,10,1485.81,14858.1
2024-07-17,HP 65W Laptop Power Adapter,Office & Computing,6,2004.2,12025.2
2024-07-17,JBL Flip 6 Bluetooth Speaker,Electronics,23,9484.05,218133.15
2024-07-17,Levi's 511 Slim Fit Jeans,Fashion,2,3100.07,6200.14
2024-07-17,Mamaearth Vitamin C Face Wash,Beauty,43,303.25,13039.75
2024-07-17,Milton Thermosteel Flask 1L,Home & Living,24,740.45,17770.8
2024-07-17,Portronics Table Lamp LED,Office & Computing,34,1261.2,42880.8
2024-07-17,Prestige Induction Cooktop 1200W,Home & Living,40,3080.36,123214.4
2024-07-17,Woodland Casual Sneakers,Fashion,32,2480.28,79368.96
2024-07-17,Wow Skin Science Hair Oil,Beauty,26,576.6,14991.6
2024-07-18,Allen Solly Polo T-Shirt,Fashion,7,1001.6,7011.2
2024-07-18,AmazonBasics Adjustable Laptop Stand,Office & Computing,47,1833.36,86167.92
2024-07-18,Anker 65W GaN Fast Charger,Electronics,13,2381.55,30960.15
2024-07-18,Biotique Bio Morning Nector SPF,Beauty,34,240.71,8184.14
2024-07-18,FabIndia Cotton Kurta,Fashion,27,1507.69,40707.63
2024-07-18,Lakme Absolute Foundation,Beauty,22,811.93,17862.46
2024-07-18,Mi 10000mAh Power Bank,Electronics,13,993.51,12915.63
2024-07-18,Milton Thermosteel Flask 1L,Home & Living,10,730.04,7300.4
2024-07-18,Minimalist 10% Niacinamide Serum,Beauty,26,402.59,10467.34
2024-07-18,Portronics Table Lamp LED,Office & Computing,37,1266.78,46870.86
2024-07-18,Puma Classic Track Pants,Fashion,3,1881.66,5644.98
2024-07-18,Royalford Bamboo Chopping Board,Home & Living,12,501.49,6017.88
2024-07-18,Samsung Galaxy Buds3 Pro,Electronics,32,13517.66,432565.12
2024-07-18,Sony WH-1000XM5 Headphones,Electronics,28,25456.97,712795.16
2024-07-18,Woodland Casual Sneakers,Fashion,43,2561.12,110128.16
2024-07-18,boAt Airdopes 141 TWS Earbuds,Electronics,25,1316.02,32900.5
2024-07-19,AmazonBasics Adjustable Laptop Stand,Office & Computing,4,1896.69,7586.76
2024-07-19,Biotique Bio Morning Nector SPF,Beauty,3,254.88,764.64
2024-07-19,H&M Relaxed Fit Shirt,Fashion,32,795.32,25450.24
2024-07-19,HP 65W Laptop Power Adapter,Office & Computing,16,1957.02,31312.32
2024-07-19,JBL Flip 6 Bluetooth Speaker,Electronics,11,10527.95,115807.45
2024-07-19,Kuber Industries Storage Box,Home & Living,48,362.05,17378.4
2024-07-19,Levi's 511 Slim Fit Jeans,Fashion,31,2873.64,89082.84
2024-07-19,Mi 10000mAh Power Bank,Electronics,44,1044.25,45947.0
2024-07-19,Plum Green Tea Toner 200ml,Beauty,46,355.95,16373.7
2024-07-19,Samsung Galaxy Buds3 Pro,Electronics,33,12970.4,428023.2
2024-07-19,Story@Home Blackout Curtains,Home & Living,42,1222.49,51344.58
2024-07-19,Wow Skin Science Hair Oil,Beauty,39,624.88,24370.32
2024-07-19,Zebronics ZEB-Crystal Pro Webcam,Electronics,48,1435.89,68922.72
2024-07-20,FabIndia Cotton Kurta,Fashion,38,1574.25,59821.5
2024-07-20,Levi's 511 Slim Fit Jeans,Fashion,12,3149.25,37791.0
2024-07-20,Logitech MX Keys Keyboard,Electronics,29,8750.7,253770.3
2024-07-20,Milton Thermosteel Flask 1L,Home & Living,30,664.47,19934.1
2024-07-20,Minimalist 10% Niacinamide Serum,Beauty,43,422.78,18179.54
2024-07-20,Pigeon Aluminium Non-Stick Pan,Home & Living,20,910.33,18206.6
2024-07-20,Royalford Bamboo Chopping Board,Home & Living,47,526.79,24759.13
2024-07-20,Sony WH-1000XM5 Headphones,Electronics,3,27940.05,83820.15
2024-07-20,Story@Home Blackout Curtains,Home & Living,11,1305.11,14356.21
2024-07-20,Syska USB Hub 4-Port,Office & Computing,1,604.51,604.51
2024-07-21,H&M Relaxed Fit Shirt,Fashion,41,791.97,32470.77
2024-07-21,HP 65W Laptop Power Adapter,Office & Computing,20,1899.25,37985.0
2024-07-21,JBL Flip 6 Bluetooth Speaker,Electronics,47,9486.05,445844.35
2024-07-21,Kuber Industries Storage Box,Home & Living,27,332.88,8987.76
2024-07-21,Lakme Absolute Foundation,Beauty,28,817.34,22885.52
2024-07-21,Logitech MX Keys Keyboard,Electronics,34,8509.44,289320.96
2024-07-21,Milton Thermosteel Flask 1L,Home & Living,49,713.33,34953.17
2024-07-21,Minimalist 10% Niacinamide Serum,Beauty,8,376.94,3015.52
2024-07-21,Pigeon Aluminium Non-Stick Pan,Home & Living,31,900.53,27916.43
2024-07-21,Royalford Bamboo Chopping Board,Home & Living,31,504.14,15628.34
2024-07-21,Syska USB Hub 4-Port,Office & Computing,40,616.73,24669.2
2024-07-21,Woodland Casual Sneakers,Fashion,26,2482.53,64545.78
2024-07-21,Zebronics ZEB-Crystal Pro Webcam,Electronics,27,1466.02,39582.54
2024-07-22,Allen Solly Polo T-Shirt,Fashion,12,977.92,11735.04
2024-07-22,AmazonBasics Adjustable Laptop Stand,Office & Computing,25,1749.89,43747.25
2024-07-22,Anker 65W GaN Fast Charger,Electronics,11,2435.78,26793.58
2024-07-22,Biotique Bio Morning Nector SPF,Beauty,5,240.78,1203.9
2024-07-22,FabIndia Cotton Kurta,Fashion,10,1496.9,14969.0
2024-07-22,H&M Relaxed Fit Shirt,Fashion,6,822.65,4935.9
2024-07-22,HP 65W Laptop Power Adapter,Office & Computing,24,1933.83,46411.92
2024-07-22,JBL Flip 6 Bluetooth Speaker,Electronics,14,10150.98,142113.72
2024-07-22,Kuber Industries Storage Box,Home & Living,22,359.26,7903.72
2024-07-22,Lakme Absolute Foundation,Beauty,22,807.96,17775.12
2024-07-22,Levi's 511 Slim Fit Jeans,Fashion,1,2891.04,2891.04
2024-07-22,Logitech MX Keys Keyboard,Electronics,30,8730.31,261909.3
2024-07-22,Mamaearth Vitamin C Face Wash,Beauty,13,303.04,3939.52
2024-07-22,Mi 10000mAh Power Bank,Electronics,20,1022.88,20457.6
2024-07-22,Milton Thermosteel Flask 1L,Home & Living,8,673.63,5389.04
2024-07-22,Minimalist 10% Niacinamide Serum,Beauty,14,387.87,5430.18
2024-07-22,Pigeon Aluminium Non-Stick Pan,Home & Living,19,863.67,16409.73
2024-07-22,Plum Green Tea Toner 200ml,Beauty,24,364.24,8741.76
2024-07-22,Portronics Table Lamp LED,Office & Computing,6,1335.76,8014.56
2024-07-22,Prestige Induction Cooktop 1200W,Home & Living,8,2925.52,23404.16
2024-07-22,Puma Classic Track Pants,Fashion,3,2026.39,6079.17
2024-07-22,Royalford Bamboo Chopping Board,Home & Living,30,503.54,15106.2
2024-07-22,Samsung Galaxy Buds3 Pro,Electronics,3,13368.17,40104.51
2024-07-22,Sony WH-1000XM5 Headphones,Electronics,17,27343.57,464840.69
2024-07-22,Story@Home Blackout Curtains,Home & Living,27,1288.61,34792.47
2024-07-22,Syska USB Hub 4-Port,Office & Computing,30,605.41,18162.3
2024-07-22,Woodland Casual Sneakers,Fashion,2,2485.02,4970.04
2024-07-22,Wow Skin Science Hair Oil,Beauty,28,578.57,16199.96
2024-07-22,Zebronics ZEB-Crystal Pro Webcam,Electronics,20,1457.33,29146.6
2024-07-22,boAt Airdopes 141 TWS Earbuds,Electronics,11,1254.44,13798.84
2024-07-23,Anker 65W GaN Fast Charger,Electronics,43,2454.52,105544.36
2024-07-23,Biotique Bio Morning Nector SPF,Beauty,23,245.24,5640.52
2024-07-23,FabIndia Cotton Kurta,Fashion,26,1454.33,37812.58
2024-07-23,H&M Relaxed Fit Shirt,Fashion,6,758.33,4549.98
2024-07-23,Kuber Industries Storage Box,Home & Living,14,353.92,4954.88
2024-07-23,Mamaearth Vitamin C Face Wash,Beauty,49,303.75,14883.75
2024-07-23,Mi 10000mAh Power Bank,Electronics,17,997.9,16964.3
2024-07-23,Milton Thermosteel Flask 1L,Home & Living,47,678.52,31890.44
2024-07-23,Pigeon Aluminium Non-Stick Pan,Home & Living,10,932.53,9325.3
2024-07-23,Portronics Table Lamp LED,Office & Computing,42,1250.42,52517.64
2024-07-23,Puma Classic Track Pants,Fashion,15,1896.65,28449.75
2024-07-23,Sony WH-1000XM5 Headphones,Electronics,25,26973.81,674345.25
2024-07-23,Woodland Casual Sneakers,Fashion,9,2433.12,21898.08
2024-07-23,Wow Skin Science Hair Oil,Beauty,6,594.57,3567.42
2024-07-23,boAt Airdopes 141 TWS Earbuds,Electronics,13,1315.37,17099.81
2024-07-24,H&M Relaxed Fit Shirt,Fashion,21,764.08,16045.68
2024-07-24,JBL Flip 6 Bluetooth Speaker,Electronics,42,10024.0,421008.0
2024-07-24,Kuber Industries Storage Box,Home & Living,1,331.79,331.79
2024-07-24,Levi's 511 Slim Fit Jeans,Fashion,33,3141.15,103657.95
2024-07-24,Logitech MX Keys Keyboard,Electronics,31,8314.06,257735.86
2024-07-24,Mamaearth Vitamin C Face Wash,Beauty,31,291.47,9035.57
2024-07-24,Milton Thermosteel Flask 1L,Home & Living,12,667.75,8013.0
2024-07-24,Plum Green Tea Toner 200ml,Beauty,26,360.53,9373.78
2024-07-24,Prestige Induction Cooktop 1200W,Home & Living,13,3097.43,40266.59
2024-07-24,Royalford Bamboo Chopping Board,Home & Living,28,483.03,13524.84
2024-07-24,Samsung Galaxy Buds3 Pro,Electronics,44,12888.51,567094.44
2024-07-24,Sony WH-1000XM5 Headphones,Electronics,5,25370.6,126853.0
2024-07-24,Wow Skin Science Hair Oil,Beauty,40,575.82,23032.8
2024-07-24,Zebronics ZEB-Crystal Pro Webcam,Electronics,34,1588.19,53998.46
2024-07-24,boAt Airdopes 141 TWS Earbuds,Electronics,48,1249.51,59976.48
2024-07-25,AmazonBasics Adjustable Laptop Stand,Office & Computing,41,1722.54,70624.14
2024-07-25,Anker 65W GaN Fast Charger,Electronics,18,2390.04,43020.72
2024-07-25,H&M Relaxed Fit Shirt,Fashion,37,830.56,30730.72
2024-07-25,HP 65W Laptop Power Adapter,Office & Computing,30,1900.65,57019.5
2024-07-25,Kuber Industries Storage Box,Home & Living,44,348.86,15349.84
2024-07-25,Levi's 511 Slim Fit Jeans,Fashion,31,2847.85,88283.35
2024-07-25,Logitech MX Keys Keyboard,Electronics,36,8848.39,318542.04
2024-07-25,Mi 10000mAh Power Bank,Electronics,34,987.81,33585.54
2024-07-25,Milton Thermosteel Flask 1L,Home & Living,19,678.38,12889.22
2024-07-25,Portronics Table Lamp LED,Office & Computing,3,1290.3,3870.9
2024-07-25,Prestige Induction Cooktop 1200W,Home & Living,14,2989.01,41846.14
2024-07-25,Puma Classic Track Pants,Fashion,23,1981.41,45572.43
2024-07-25,Samsung Galaxy Buds3 Pro,Electronics,10,12914.51,129145.1
2024-07-25,Sony WH-1000XM5 Headphones,Electronics,39,26817.26,1045873.14
2024-07-26,AmazonBasics Adjustable Laptop Stand,Office & Computing,9,1757.8,15820.2
2024-07-26,Anker 65W GaN Fast Charger,Electronics,4,2648.69,10594.76
2024-07-26,H&M Relaxed Fit Shirt,Fashion,19,779.98,14819.62
2024-07-26,Kuber Industries Storage Box,Home & Living,20,362.02,7240.4
2024-07-26,Lakme Absolute Foundation,Beauty,33,812.57,26814.81
2024-07-26,Levi's 511 Slim Fit Jeans,Fashion,4,3164.24,12656.96
2024-07-26,Logitech MX Keys Keyboard,Electronics,38,8140.76,309348.88
2024-07-26,Mi 10000mAh Power Bank,Electronics,43,1024.97,44073.71
2024-07-26,Portronics Table Lamp LED,Office & Computing,16,1351.48,21623.68
2024-07-26,Prestige Induction Cooktop 1200W,Home & Living,20,2904.55,58091.0
2024-07-26,Story@Home Blackout Curtains,Home & Living,4,1358.1,5432.4
2024-07-26,Zebronics ZEB-Crystal Pro Webcam,Electronics,20,1433.04,28660.8
2024-07-27,Allen Solly Polo T-Shirt,Fashion,41,973.63,39918.83
2024-07-27,Biotique Bio Morning Nector SPF,Beauty,1,252.26,252.26
2024-07-27,FabIndia Cotton Kurta,Fashion,36,1550.12,55804.32
2024-07-27,H&M Relaxed Fit Shirt,Fashion,37,791.97,29302.89
2024-07-27,JBL Flip 6 Bluetooth Speaker,Electronics,21,9746.03,204666.63
2024-07-27,Lakme Absolute Foundation,Beauty,17,769.16,13075.72
2024-07-27,Mi 10000mAh Power Bank,Electronics,49,964.53,47261.97
2024-07-27,Milton Thermosteel Flask 1L,Home & Living,11,720.04,7920.44
2024-07-27,Portronics Table Lamp LED,Office & Computing,36,1322.12,47596.32
2024-07-27,Samsung Galaxy Buds3 Pro,Electronics,23,12823.51,294940.73
2024-07-27,Story@Home Blackout Curtains,Home & Living,11,1277.44,14051.84
2024-07-27,Woodland Casual Sneakers,Fashion,37,2456.58,90893.46
2024-07-27,Wow Skin Science Hair Oil,Beauty,34,616.97,20976.98
2024-07-27,boAt Airdopes 141 TWS Earbuds,Electronics,22,1257.17,27657.74
2024-07-28,Allen Solly Polo T-Shirt,Fashion,41,1029.77,42220.57
2024-07-28,Biotique Bio Morning Nector SPF,Beauty,8,263.37,2106.96
2024-07-28,H&M Relaxed Fit Shirt,Fashion,12,769.36,9232.32
2024-07-28,JBL Flip 6 Bluetooth Speaker,Electronics,33,9493.05,313270.65
2024-07-28,Kuber Industries Storage Box,Home & Living,40,367.92,14716.8
2024-07-28,Lakme Absolute Foundation,Beauty,41,749.45,30727.45
2024-07-28,Levi's 511 Slim Fit Jeans,Fashion,47,3165.14,148761.58
2024-07-28,Logitech MX Keys Keyboard,Electronics,12,8930.79,107169.48
2024-07-28,Mamaearth Vitamin C Face Wash,Beauty,45,284.74,12813.3
2024-07-28,Minimalist 10% Niacinamide Serum,Beauty,9,394.97,3554.73
2024-07-28,Sony WH-1000XM5 Headphones,Electronics,41,27780.81,1139013.21
2024-07-28,Story@Home Blackout Curtains,Home & Living,20,1297.7,25954.0
2024-07-28,Woodland Casual Sneakers,Fashion,35,2606.53,91228.55
2024-07-28,Zebronics ZEB-Crystal Pro Webcam,Electronics,19,1413.56,26857.64
2024-07-29,Allen Solly Polo T-Shirt,Fashion,3,989.01,2967.03
2024-07-29,AmazonBasics Adjustable Laptop Stand,Office & Computing,26,1836.96,47760.96
2024-07-29,Anker 65W GaN Fast Charger,Electronics,2,2449.52,4899.04
2024-07-29,Biotique Bio Morning Nector SPF,Beauty,14,247.98,3471.72
2024-07-29,FabIndia Cotton Kurta,Fashion,26,1535.88,39932.88
2024-07-29,H&M Relaxed Fit Shirt,Fashion,19,809.07,15372.33
2024-07-29,HP 65W Laptop Power Adapter,Office & Computing,27,1973.81,53292.87
2024-07-29,JBL Flip 6 Bluetooth Speaker,Electronics,15,10274.97,154124.55
2024-07-29,Kuber Industries Storage Box,Home & Living,16,351.02,5616.32
2024-07-29,Lakme Absolute Foundation,Beauty,2,778.78,1557.56
2024-07-29,Levi's 511 Slim Fit Jeans,Fashion,11,2937.52,32312.72
2024-07-29,Logitech MX Keys Keyboard,Electronics,3,8585.9,25757.7
2024-07-29,Mamaearth Vitamin C Face Wash,Beauty,6,310.51,1863.06
2024-07-29,Mi 10000mAh Power Bank,Electronics,23,971.73,22349.79
2024-07-29,Milton Thermosteel Flask 1L,Home & Living,12,692.43,8309.16
2024-07-29,Minimalist 10% Niacinamide Serum,Beauty,23,389.54,8959.42
2024-07-29,Pigeon Aluminium Non-Stick Pan,Home & Living,21,874.82,18371.22
2024-07-29,Plum Green Tea Toner 200ml,Beauty,10,370.28,3702.8
2024-07-29,Portronics Table Lamp LED,Office & Computing,25,1347.32,33683.0
2024-07-29,Prestige Induction Cooktop 1200W,Home & Living,24,3015.96,72383.04
2024-07-29,Puma Classic Track Pants,Fashion,13,1977.21,25703.73
2024-07-29,Royalford Bamboo Chopping Board,Home & Living,12,487.97,5855.64
2024-07-29,Samsung Galaxy Buds3 Pro,Electronics,28,12584.33,352361.24
2024-07-29,Sony WH-1000XM5 Headphones,Electronics,20,26633.73,532674.6
2024-07-29,Story@Home Blackout Curtains,Home & Living,22,1312.51,28875.22
2024-07-29,Syska USB Hub 4-Port,Office & Computing,22,603.25,13271.5
2024-07-29,Woodland Casual Sneakers,Fashion,26,2509.22,65239.72
2024-07-29,Wow Skin Science Hair Oil,Beauty,27,607.09,16391.43
2024-07-29,Zebronics ZEB-Crystal Pro Webcam,Electronics,5,1495.85,7479.25
2024-07-29,boAt Airdopes 141 TWS Earbuds,Electronics,8,1276.01,10208.08
2024-07-30,Anker 65W GaN Fast Charger,Electronics,4,2560.73,10242.92
2024-07-30,Biotique Bio Morning Nector SPF,Beauty,6,243.75,1462.5
2024-07-30,FabIndia Cotton Kurta,Fashion,20,1451.33,29026.6
2024-07-30,HP 65W Laptop Power Adapter,Office & Computing,33,2025.19,66831.27
2024-07-30,Mi 10000mAh Power Bank,Electronics,40,995.5,39820.0
2024-07-30,Milton Thermosteel Flask 1L,Home & Living,45,706.69,31801.05
2024-07-30,Minimalist 10% Niacinamide Serum,Beauty,10,382.08,3820.8
2024-07-30,Plum Green Tea Toner 200ml,Beauty,14,397.27,5561.78
2024-07-30,Portronics Table Lamp LED,Office & Computing,29,1255.48,36408.92
2024-07-30,Puma Classic Track Pants,Fashion,37,2038.98,75442.26
2024-07-30,Sony WH-1000XM5 Headphones,Electronics,29,28477.15,825837.35
2024-07-30,Story@Home Blackout Curtains,Home & Living,6,1251.33,7507.98
2024-07-30,Wow Skin Science Hair Oil,Beauty,33,617.33,20371.89
2024-07-30,Zebronics ZEB-Crystal Pro Webcam,Electronics,14,1464.82,20507.48
2024-07-31,Allen Solly Polo T-Shirt,Fashion,13,969.73,12606.49
2024-07-31,Anker 65W GaN Fast Charger,Electronics,8,2608.96,20871.68
2024-07-31,Biotique Bio Morning Nector SPF,Beauty,14,241.6,3382.4
2024-07-31,H&M Relaxed Fit Shirt,Fashion,19,827.28,15718.32
2024-07-31,JBL Flip 6 Bluetooth Speaker,Electronics,13,9941.01,129233.13
2024-07-31,Kuber Industries Storage Box,Home & Living,44,331.45,14583.8
2024-07-31,Levi's 511 Slim Fit Jeans,Fashion,35,2929.42,102529.7
2024-07-31,Minimalist 10% Niacinamide Serum,Beauty,11,380.57,4186.27
2024-07-31,Prestige Induction Cooktop 1200W,Home & Living,7,2821.89,19753.23
2024-07-31,Puma Classic Track Pants,Fashion,7,1996.8,13977.6
2024-07-31,Sony WH-1000XM5 Headphones,Electronics,3,26126.32,78378.96
2024-07-31,Syska USB Hub 4-Port,Office & Computing,35,591.45,20700.75
2024-07-31,Zebronics ZEB-Crystal Pro Webcam,Electronics,27,1548.47,41808.69
2024-07-31,boAt Airdopes 141 TWS Earbuds,Electronics,12,1244.18,14930.16
2024-08-01,Allen Solly Polo T-Shirt,Fashion,42,975.52,40971.84
2024-08-01,AmazonBasics Adjustable Laptop Stand,Office & Computing,8,1767.7,14141.6
2024-08-01,Anker 65W GaN Fast Charger,Electronics,27,2599.46,70185.42
2024-08-01,Biotique Bio Morning Nector SPF,Beauty,50,251.29,12564.5
2024-08-01,FabIndia Cotton Kurta,Fashion,9,1576.95,14192.55
2024-08-01,HP 65W Laptop Power Adapter,Office & Computing,16,2060.77,32972.32
2024-08-01,Kuber Industries Storage Box,Home & Living,17,353.36,6007.12
2024-08-01,Levi's 511 Slim Fit Jeans,Fashion,4,2888.64,11554.56
2024-08-01,Mi 10000mAh Power Bank,Electronics,9,998.1,8982.9
2024-08-01,Milton Thermosteel Flask 1L,Home & Living,12,660.35,7924.2
2024-08-01,Pigeon Aluminium Non-Stick Pan,Home & Living,17,936.22,15915.74
2024-08-01,Portronics Table Lamp LED,Office & Computing,45,1313.16,59092.2
2024-08-01,Puma Classic Track Pants,Fashion,4,1986.21,7944.84
2024-08-01,Royalford Bamboo Chopping Board,Home & Living,14,469.16,6568.24
2024-08-01,Samsung Galaxy Buds3 Pro,Electronics,50,12534.94,626747.0
2024-08-01,Sony WH-1000XM5 Headphones,Electronics,34,28366.49,964460.66
2024-08-01,Syska USB Hub 4-Port,Office & Computing,47,607.15,28536.05
2024-08-01,Wow Skin Science Hair Oil,Beauty,38,613.26,23303.88
2024-08-01,Zebronics ZEB-Crystal Pro Webcam,Electronics,31,1544.87,47890.97
2024-08-01,boAt Airdopes 141 TWS Earbuds,Electronics,12,1374.73,16496.76
2024-08-02,Allen Solly Polo T-Shirt,Fashion,25,1012.09,25302.25
2024-08-02,Anker 65W GaN Fast Charger,Electronics,39,2571.22,100277.58
2024-08-02,Biotique Bio Morning Nector SPF,Beauty,25,245.81,6145.25
2024-08-02,FabIndia Cotton Kurta,Fashion,1,1588.19,1588.19
2024-08-02,JBL Flip 6 Bluetooth Speaker,Electronics,38,9791.02,372058.76
2024-08-02,Logitech MX Keys Keyboard,Electronics,22,8926.55,196384.1
2024-08-02,Mamaearth Vitamin C Face Wash,Beauty,42,286.26,12022.92
2024-08-02,Mi 10000mAh Power Bank,Electronics,9,974.42,8769.78
2024-08-02,Milton Thermosteel Flask 1L,Home & Living,14,708.37,9917.18
2024-08-02,Prestige Induction Cooktop 1200W,Home & Living,26,2932.4,76242.4
2024-08-02,Royalford Bamboo Chopping Board,Home & Living,48,514.62,24701.76
2024-08-02,Samsung Galaxy Buds3 Pro,Electronics,13,13754.24,178805.12
2024-08-02,Sony WH-1000XM5 Headphones,Electronics,5,26380.03,131900.15
2024-08-02,Syska USB Hub 4-Port,Office & Computing,48,591.69,28401.12
2024-08-02,Woodland Casual Sneakers,Fashion,13,2402.93,31238.09
2024-08-02,Wow Skin Science Hair Oil,Beauty,41,570.01,23370.41
2024-08-03,AmazonBasics Adjustable Laptop Stand,Office & Computing,47,1892.73,88958.31
2024-08-03,Anker 65W GaN Fast Charger,Electronics,26,2380.05,61881.3
2024-08-03,Biotique Bio Morning Nector SPF,Beauty,11,253.41,2787.51
2024-08-03,FabIndia Cotton Kurta,Fashion,34,1459.13,49610.42
2024-08-03,H&M Relaxed Fit Shirt,Fashion,33,783.42,25852.86
2024-08-03,Levi's 511 Slim Fit Jeans,Fashion,7,2937.82,20564.74
2024-08-03,Milton Thermosteel Flask 1L,Home & Living,28,686.14,19211.92
2024-08-03,Prestige Induction Cooktop 1200W,Home & Living,20,2895.27,57905.4
2024-08-03,Puma Classic Track Pants,Fashion,38,1903.25,72323.5
2024-08-03,Sony WH-1000XM5 Headphones,Electronics,24,27718.73,665249.52
2024-08-03,boAt Airdopes 141 TWS Earbuds,Electronics,6,1367.85,8207.1
2024-08-04,Allen Solly Polo T-Shirt,Fashion,40,966.13,38645.2
2024-08-04,Anker 65W GaN Fast Charger,Electronics,49,2632.2,128977.8
2024-08-04,Biotique Bio Morning Nector SPF,Beauty,20,238.49,4769.8
2024-08-04,H&M Relaxed Fit Shirt,Fashion,5,843.98,4219.9
2024-08-04,Kuber Industries Storage Box,Home & Living,21,349.45,7338.45
2024-08-04,Lakme Absolute Foundation,Beauty,1,783.15,783.15
2024-08-04,Logitech MX Keys Keyboard,Electronics,10,8408.35,84083.5
2024-08-04,Minimalist 10% Niacinamide Serum,Beauty,19,376.94,7161.86
2024-08-04,Portronics Table Lamp LED,Office & Computing,9,1264.45,11380.05
2024-08-04,Samsung Galaxy Buds3 Pro,Electronics,26,12973.0,337298.0
2024-08-04,Story@Home Blackout Curtains,Home & Living,9,1365.12,12286.08
2024-08-04,Syska USB Hub 4-Port,Office & Computing,2,604.39,1208.78
2024-08-04,Zebronics ZEB-Crystal Pro Webcam,Electronics,12,1437.39,17248.68
2024-08-05,Allen Solly Polo T-Shirt,Fashion,1,984.51,984.51
2024-08-05,AmazonBasics Adjustable Laptop Stand,Office & Computing,3,1745.75,5237.25
2024-08-05,Anker 65W GaN Fast Charger,Electronics,28,2494.5,69846.0
2024-08-05,Biotique Bio Morning Nector SPF,Beauty,18,249.25,4486.5
2024-08-05,FabIndia Cotton Kurta,Fashion,13,1474.72,19171.36
2024-08-05,H&M Relaxed Fit Shirt,Fashion,3,776.07,2328.21
2024-08-05,HP 65W Laptop Power Adapter,Office & Computing,4,1983.21,7932.84
2024-08-05,JBL Flip 6 Bluetooth Speaker,Electronics,7,10397.96,72785.72
2024-08-05,Kuber Industries Storage Box,Home & Living,8,348.34,2786.72
2024-08-05,Lakme Absolute Foundation,Beauty,2,788.8,1577.6
2024-08-05,Levi's 511 Slim Fit Jeans,Fashion,5,3067.98,15339.9
2024-08-05,Logitech MX Keys Keyboard,Electronics,27,8342.94,225259.38
2024-08-05,Mamaearth Vitamin C Face Wash,Beauty,16,294.78,4716.48
2024-08-05,Mi 10000mAh Power Bank,Electronics,18,960.14,17282.52
2024-08-05,Milton Thermosteel Flask 1L,Home & Living,5,681.04,3405.2
2024-08-05,Minimalist 10% Niacinamide Serum,Beauty,17,407.78,6932.26
2024-08-05,Pigeon Aluminium Non-Stick Pan,Home & Living,12,915.0,10980.0
2024-08-05,Plum Green Tea Toner 200ml,Beauty,26,366.19,9520.94
2024-08-05,Portronics Table Lamp LED,Office & Computing,28,1270.03,35560.84
2024-08-05,Prestige Induction Cooktop 1200W,Home & Living,12,3081.56,36978.72
2024-08-05,Puma Classic Track Pants,Fashion,26,2038.98,53013.48
2024-08-05,Royalford Bamboo Chopping Board,Home & Living,19,511.57,9719.83
2024-08-05,Samsung Galaxy Buds3 Pro,Electronics,9,12950.9,116558.1
2024-08-05,Sony WH-1000XM5 Headphones,Electronics,27,27967.04,755110.08
2024-08-05,Story@Home Blackout Curtains,Home & Living,21,1255.74,26370.54
2024-08-05,Syska USB Hub 4-Port,Office & Computing,25,617.75,15443.75
2024-08-05,Woodland Casual Sneakers,Fashion,7,2459.32,17215.24
2024-08-05,Wow Skin Science Hair Oil,Beauty,25,575.34,14383.5
2024-08-05,Zebronics ZEB-Crystal Pro Webcam,Electronics,4,1506.64,6026.56
2024-08-05,boAt Airdopes 141 TWS Earbuds,Electronics,16,1269.25,20308.0
2024-08-06,AmazonBasics Adjustable Laptop Stand,Office & Computing,44,1782.63,78435.72
2024-08-06,FabIndia Cotton Kurta,Fashion,1,1533.48,1533.48
2024-08-06,Mamaearth Vitamin C Face Wash,Beauty,44,283.69,12482.36
2024-08-06,Pigeon Aluminium Non-Stick Pan,Home & Living,22,880.75,19376.5
2024-08-06,Portronics Table Lamp LED,Office & Computing,22,1250.81,27517.82
2024-08-06,Prestige Induction Cooktop 1200W,Home & Living,37,2829.08,104675.96
2024-08-06,Puma Classic Track Pants,Fashion,24,2025.39,48609.36
2024-08-06,Royalford Bamboo Chopping Board,Home & Living,3,504.59,1513.77
2024-08-06,Sony WH-1000XM5 Headphones,Electronics,44,27999.43,1231974.92
2024-08-06,Story@Home Blackout Curtains,Home & Living,20,1320.56,26411.2
2024-08-06,Syska USB Hub 4-Port,Office & Computing,16,573.72,9179.52
2024-08-06,boAt Airdopes 141 TWS Earbuds,Electronics,14,1356.42,18989.88
2024-08-07,AmazonBasics Adjustable Laptop Stand,Office & Computing,21,1695.74,35610.54
2024-08-07,Anker 65W GaN Fast Charger,Electronics,41,2598.96,106557.36
2024-08-07,FabIndia Cotton Kurta,Fashion,22,1478.91,32536.02
2024-08-07,H&M Relaxed Fit Shirt,Fashion,17,755.61,12845.37
2024-08-07,JBL Flip 6 Bluetooth Speaker,Electronics,50,9963.0,498150.0
2024-08-07,Levi's 511 Slim Fit Jeans,Fashion,29,2966.01,86014.29
2024-08-07,Mi 10000mAh Power Bank,Electronics,24,950.65,22815.6
2024-08-07,Milton Thermosteel Flask 1L,Home & Living,25,731.85,18296.25
2024-08-07,Minimalist 10% Niacinamide Serum,Beauty,5,392.74,1963.7
2024-08-07,Pigeon Aluminium Non-Stick Pan,Home & Living,17,864.93,14703.81
2024-08-07,Plum Green Tea Toner 200ml,Beauty,43,366.64,15765.52
2024-08-07,Sony WH-1000XM5 Headphones,Electronics,12,26625.64,319507.68
2024-08-07,Story@Home Blackout Curtains,Home & Living,27,1358.49,36679.23
2024-08-07,boAt Airdopes 141 TWS Earbuds,Electronics,19,1310.17,24893.23
2024-08-08,Allen Solly Polo T-Shirt,Fashion,4,1037.96,4151.84
2024-08-08,H&M Relaxed Fit Shirt,Fashion,50,814.58,40729.0
2024-08-08,Kuber Industries Storage Box,Home & Living,34,338.98,11525.32
2024-08-08,Levi's 511 Slim Fit Jeans,Fashion,44,3134.85,137933.4
2024-08-08,Logitech MX Keys Keyboard,Electronics,26,8676.79,225596.54
2024-08-08,Mi 10000mAh Power Bank,Electronics,29,1033.47,29970.63
2024-08-08,Minimalist 10% Niacinamide Serum,Beauty,28,383.32,10732.96
2024-08-08,Plum Green Tea Toner 200ml,Beauty,32,366.0,11712.0
2024-08-08,Portronics Table Lamp LED,Office & Computing,37,1321.86,48908.82
2024-08-08,Puma Classic Track Pants,Fashion,38,1886.86,71700.68
2024-08-08,Sony WH-1000XM5 Headphones,Electronics,15,27270.7,409060.5
2024-08-08,Story@Home Blackout Curtains,Home & Living,29,1343.82,38970.78
2024-08-08,Wow Skin Science Hair Oil,Beauty,47,580.91,27302.77
2024-08-08,Zebronics ZEB-Crystal Pro Webcam,Electronics,39,1508.29,58823.31
2024-08-08,boAt Airdopes 141 TWS Earbuds,Electronics,31,1222.88,37909.28
2024-08-09,AmazonBasics Adjustable Laptop Stand,Office & Computing,24,1715.89,41181.36
2024-08-09,Biotique Bio Morning Nector SPF,Beauty,31,259.06,8030.86
2024-08-09,FabIndia Cotton Kurta,Fashion,16,1486.86,23789.76
2024-08-09,H&M Relaxed Fit Shirt,Fashion,36,841.51,30294.36
2024-08-09,Kuber Industries Storage Box,Home & Living,27,365.23,9861.21
2024-08-09,Levi's 511 Slim Fit Jeans,Fashion,12,2913.83,34965.96
2024-08-09,Logitech MX Keys Keyboard,Electronics,36,8983.46,323404.56
2024-08-09,Mamaearth Vitamin C Face Wash,Beauty,19,315.24,5989.56
2024-08-09,Mi 10000mAh Power Bank,Electronics,49,1037.86,50855.14
2024-08-09,Minimalist 10% Niacinamide Serum,Beauty,47,395.61,18593.67
2024-08-09,Puma Classic Track Pants,Fashion,36,2012.99,72467.64
2024-08-09,Royalford Bamboo Chopping Board,Home & Living,2,489.47,978.94
2024-08-09,Syska USB Hub 4-Port,Office & Computing,25,600.2,15005.0
2024-08-09,Zebronics ZEB-Crystal Pro Webcam,Electronics,1,1462.42,1462.42
2024-08-09,boAt Airdopes 141 TWS Earbuds,Electronics,5,1376.03,6880.15
2024-08-10,FabIndia Cotton Kurta,Fashion,39,1459.28,56911.92
2024-08-10,Kuber Industries Storage Box,Home & Living,8,339.86,2718.88
2024-08-10,Mamaearth Vitamin C Face Wash,Beauty,20,297.5,5950.0
2024-08-10,Mi 10000mAh Power Bank,Electronics,21,986.11,20708.31
2024-08-10,Milton Thermosteel Flask 1L,Home & Living,13,737.93,9593.09
2024-08-10,Pigeon Aluminium Non-Stick Pan,Home & Living,14,853.69,11951.66
2024-08-10,Plum Green Tea Toner 200ml,Beauty,41,357.98,14677.18
2024-08-10,Portronics Table Lamp LED,Office & Computing,8,1305.49,10443.92
2024-08-10,Prestige Induction Cooktop 1200W,Home & Living,2,2890.77,5781.54
2024-08-10,Puma Classic Track Pants,Fashion,39,2049.97,79948.83
2024-08-10,Royalford Bamboo Chopping Board,Home & Living,26,500.75,13019.5
2024-08-10,Samsung Galaxy Buds3 Pro,Electronics,21,12434.84,261131.64
2024-08-10,Sony WH-1000XM5 Headphones,Electronics,2,26639.13,53278.26
2024-08-10,Story@Home Blackout Curtains,Home & Living,5,1333.81,6669.05
2024-08-10,Syska USB Hub 4-Port,Office & Computing,32,592.65,18964.8
2024-08-10,Wow Skin Science Hair Oil,Beauty,16,624.94,9999.04
2024-08-10,boAt Airdopes 141 TWS Earbuds,Electronics,4,1244.44,4977.76
2024-08-11,Biotique Bio Morning Nector SPF,Beauty,45,234.33,10544.85
2024-08-11,FabIndia Cotton Kurta,Fashion,4,1513.24,6052.96
2024-08-11,H&M Relaxed Fit Shirt,Fashion,44,754.82,33212.08
2024-08-11,Levi's 511 Slim Fit Jeans,Fashion,8,3025.69,24205.52
2024-08-11,Logitech MX Keys Keyboard,Electronics,4,8253.74,33014.96
2024-08-11,Mamaearth Vitamin C Face Wash,Beauty,36,299.27,10773.72
2024-08-11,Mi 10000mAh Power Bank,Electronics,5,988.71,4943.55
2024-08-11,Minimalist 10% Niacinamide Serum,Beauty,17,376.58,6401.86
2024-08-11,Pigeon Aluminium Non-Stick Pan,Home & Living,42,872.21,36632.82
2024-08-11,Plum Green Tea Toner 200ml,Beauty,41,359.44,14737.04
2024-08-11,Samsung Galaxy Buds3 Pro,Electronics,19,13703.55,260367.45
2024-08-11,Sony WH-1000XM5 Headphones,Electronics,16,27419.14,438706.24
2024-08-11,Zebronics ZEB-Crystal Pro Webcam,Electronics,23,1462.27,33632.21
2024-08-12,Allen Solly Polo T-Shirt,Fashion,4,1026.07,4104.28
2024-08-12,AmazonBasics Adjustable Laptop Stand,Office & Computing,14,1818.25,25455.5
2024-08-12,Anker 65W GaN Fast Charger,Electronics,27,2412.03,65124.81
2024-08-12,Biotique Bio Morning Nector SPF,Beauty,4,239.56,958.24
2024-08-12,FabIndia Cotton Kurta,Fashion,3,1521.63,4564.89
2024-08-12,H&M Relaxed Fit Shirt,Fashion,21,829.12,17411.52
2024-08-12,HP 65W Laptop Power Adapter,Office & Computing,15,1962.42,29436.3
2024-08-12,JBL Flip 6 Bluetooth Speaker,Electronics,28,9986.0,279608.0
2024-08-12,Kuber Industries Storage Box,Home & Living,3,346.07,1038.21
2024-08-12,Lakme Absolute Foundation,Beauty,8,797.54,6380.32
2024-08-12,Levi's 511 Slim Fit Jeans,Fashion,7,2895.53,20268.71
2024-08-12,Logitech MX Keys Keyboard,Electronics,1,8382.02,8382.02
2024-08-12,Mamaearth Vitamin C Face Wash,Beauty,8,287.19,2297.52
2024-08-12,Mi 10000mAh Power Bank,Electronics,14,966.53,13531.42
2024-08-12,Milton Thermosteel Flask 1L,Home & Living,28,673.0,18844.0
2024-08-12,Minimalist 10% Niacinamide Serum,Beauty,30,398.08,11942.4
2024-08-12,Pigeon Aluminium Non-Stick Pan,Home & Living,21,916.89,19254.69
2024-08-12,Plum Green Tea Toner 200ml,Beauty,16,370.46,5927.36
2024-08-12,Portronics Table Lamp LED,Office & Computing,8,1317.45,10539.6
2024-08-12,Prestige Induction Cooktop 1200W,Home & Living,20,3026.75,60535.0
2024-08-12,Puma Classic Track Pants,Fashion,6,2071.36,12428.16
2024-08-12,Royalford Bamboo Chopping Board,Home & Living,13,491.27,6386.51
2024-08-12,Samsung Galaxy Buds3 Pro,Electronics,27,12858.61,347182.47
2024-08-12,Sony WH-1000XM5 Headphones,Electronics,8,27362.46,218899.68
2024-08-12,Story@Home Blackout Curtains,Home & Living,19,1273.93,24204.67
2024-08-12,Syska USB Hub 4-Port,Office & Computing,15,606.61,9099.15
2024-08-12,Woodland Casual Sneakers,Fashion,16,2495.25,39924.0
2024-08-12,Wow Skin Science Hair Oil,Beauty,5,615.41,3077.05
2024-08-12,Zebronics ZEB-Crystal Pro Webcam,Electronics,7,1494.8,10463.6
2024-08-12,boAt Airdopes 141 TWS Earbuds,Electronics,5,1322.25,6611.25
2024-08-13,Allen Solly Polo T-Shirt,Fashion,45,978.42,44028.9
2024-08-13,AmazonBasics Adjustable Laptop Stand,Office & Computing,24,1704.73,40913.52
2024-08-13,Anker 65W GaN Fast Charger,Electronics,34,2369.55,80564.7
2024-08-13,Kuber Industries Storage Box,Home & Living,9,353.89,3185.01
2024-08-13,Levi's 511 Slim Fit Jeans,Fashion,40,3030.79,121231.6
2024-08-13,Logitech MX Keys Keyboard,Electronics,13,8419.39,109452.07
2024-08-13,Mamaearth Vitamin C Face Wash,Beauty,13,282.41,3671.33
2024-08-13,Mi 10000mAh Power Bank,Electronics,34,1020.18,34686.12
2024-08-13,Milton Thermosteel Flask 1L,Home & Living,41,664.54,27246.14
2024-08-13,Pigeon Aluminium Non-Stick Pan,Home & Living,45,869.87,39144.15
2024-08-13,Plum Green Tea Toner 200ml,Beauty,39,378.19,14749.41
2024-08-13,Portronics Table Lamp LED,Office & Computing,8,1359.14,10873.12
2024-08-13,Woodland Casual Sneakers,Fashion,49,2603.53,127572.97
2024-08-14,AmazonBasics Adjustable Laptop Stand,Office & Computing,45,1739.09,78259.05
2024-08-14,JBL Flip 6 Bluetooth Speaker,Electronics,2,10249.97,20499.94
2024-08-14,Logitech MX Keys Keyboard,Electronics,40,8278.38,331135.2
2024-08-14,Mi 10000mAh Power Bank,Electronics,33,1035.56,34173.48
2024-08-14,Milton Thermosteel Flask 1L,Home & Living,48,710.81,34118.88
2024-08-14,Pigeon Aluminium Non-Stick Pan,Home & Living,48,950.06,45602.88
2024-08-14,Portronics Table Lamp LED,Office & Computing,13,1344.98,17484.74
2024-08-14,Samsung Galaxy Buds3 Pro,Electronics,36,13587.85,489162.6
2024-08-14,Sony WH-1000XM5 Headphones,Electronics,28,28091.19,786553.32
2024-08-14,Zebronics ZEB-Crystal Pro Webcam,Electronics,23,1544.27,35518.21
2024-08-14,boAt Airdopes 141 TWS Earbuds,Electronics,2,1278.61,2557.22
2024-08-15,Allen Solly Polo T-Shirt,Fashion,30,941.16,28234.8
2024-08-15,AmazonBasics Adjustable Laptop Stand,Office & Computing,13,1808.89,23515.57
2024-08-15,Biotique Bio Morning Nector SPF,Beauty,3,256.22,768.66
2024-08-15,FabIndia Cotton Kurta,Fashion,29,1570.8,45553.2
2024-08-15,H&M Relaxed Fit Shirt,Fashion,13,802.44,10431.72
2024-08-15,HP 65W Laptop Power Adapter,Office & Computing,36,2041.58,73496.88
2024-08-15,JBL Flip 6 Bluetooth Speaker,Electronics,3,9910.01,29730.03
2024-08-15,Kuber Industries Storage Box,Home & Living,23,337.52,7762.96
2024-08-15,Lakme Absolute Foundation,Beauty,18,815.11,14671.98
2024-08-15,Levi's 511 Slim Fit Jeans,Fashion,35,2963.01,103705.35
2024-08-15,Mi 10000mAh Power Bank,Electronics,29,970.93,28156.97
2024-08-15,Minimalist 10% Niacinamide Serum,Beauty,40,407.06,16282.4
2024-08-15,Plum Green Tea Toner 200ml,Beauty,25,375.97,9399.25
2024-08-15,Portronics Table Lamp LED,Office & Computing,11,1233.01,13563.11
2024-08-15,Prestige Induction Cooktop 1200W,Home & Living,31,2927.91,90765.21
2024-08-15,Puma Classic Track Pants,Fashion,7,2066.77,14467.39
2024-08-15,Royalford Bamboo Chopping Board,Home & Living,2,480.94,961.88
2024-08-15,Sony WH-1000XM5 Headphones,Electronics,26,25400.29,660407.54
2024-08-15,Story@Home Blackout Curtains,Home & Living,43,1375.12,59130.16
2024-08-15,Woodland Casual Sneakers,Fashion,30,2404.68,72140.4
2024-08-15,Zebronics ZEB-Crystal Pro Webcam,Electronics,45,1434.69,64561.05
2024-08-15,boAt Airdopes 141 TWS Earbuds,Electronics,15,1359.14,20387.1
2024-08-16,AmazonBasics Adjustable Laptop Stand,Office & Computing,33,1713.91,56559.03
2024-08-16,Biotique Bio Morning Nector SPF,Beauty,44,256.99,11307.56
2024-08-16,H&M Relaxed Fit Shirt,Fashion,50,764.64,38232.0
2024-08-16,Lakme Absolute Foundation,Beauty,26,780.93,20304.18
2024-08-16,Levi's 511 Slim Fit Jeans,Fashion,5,2834.65,14173.25
2024-08-16,Logitech MX Keys Keyboard,Electronics,27,8992.81,242805.87
2024-08-16,Mi 10000mAh Power Bank,Electronics,22,1012.29,22270.38
2024-08-16,Minimalist 10% Niacinamide Serum,Beauty,17,389.42,6620.14
2024-08-16,Pigeon Aluminium Non-Stick Pan,Home & Living,8,867.27,6938.16
2024-08-16,Plum Green Tea Toner 200ml,Beauty,28,367.2,10281.6
2024-08-16,Portronics Table Lamp LED,Office & Computing,2,1245.35,2490.7
2024-08-16,Puma Classic Track Pants,Fashion,30,2039.58,61187.4
2024-08-16,Samsung Galaxy Buds3 Pro,Electronics,39,13430.57,523792.23
2024-08-16,Story@Home Blackout Curtains,Home & Living,45,1269.38,57122.1
2024-08-16,Syska USB Hub 4-Port,Office & Computing,44,598.76,26345.44
2024-08-16,Woodland Casual Sneakers,Fashion,14,2360.02,33040.28
2024-08-17,Allen Solly Polo T-Shirt,Fashion,12,994.3,11931.6
2024-08-17,AmazonBasics Adjustable Laptop Stand,Office & Computing,8,1877.44,15019.52
2024-08-17,Anker 65W GaN Fast Charger,Electronics,28,2576.72,72148.16
2024-08-17,Biotique Bio Morning Nector SPF,Beauty,34,246.31,8374.54
2024-08-17,Mamaearth Vitamin C Face Wash,Beauty,17,316.7,5383.9
2024-08-17,Mi 10000mAh Power Bank,Electronics,26,955.44,24841.44
2024-08-17,Milton Thermosteel Flask 1L,Home & Living,14,673.07,9422.98
2024-08-17,Minimalist 10% Niacinamide Serum,Beauty,18,402.55,7245.9
2024-08-17,Pigeon Aluminium Non-Stick Pan,Home & Living,33,854.05,28183.65
2024-08-17,Portronics Table Lamp LED,Office & Computing,45,1374.34,61845.3
2024-08-17,Prestige Induction Cooktop 1200W,Home & Living,23,2933.0,67459.0
2024-08-17,Royalford Bamboo Chopping Board,Home & Living,41,471.16,19317.56
2024-08-17,Samsung Galaxy Buds3 Pro,Electronics,1,12459.54,12459.54
2024-08-17,Sony WH-1000XM5 Headphones,Electronics,19,26528.47,504040.93
2024-08-17,Story@Home Blackout Curtains,Home & Living,42,1308.61,54961.62
2024-08-17,Woodland Casual Sneakers,Fashion,47,2458.32,115541.04
2024-08-17,Wow Skin Science Hair Oil,Beauty,46,623.8,28694.8
2024-08-17,Zebronics ZEB-Crystal Pro Webcam,Electronics,40,1520.59,60823.6
2024-08-17,boAt Airdopes 141 TWS Earbuds,Electronics,1,1242.62,1242.62
2024-08-18,AmazonBasics Adjustable Laptop Stand,Office & Computing,26,1797.92,46745.92
2024-08-18,Anker 65W GaN Fast Charger,Electronics,11,2453.52,26988.72
2024-08-18,Biotique Bio Morning Nector SPF,Beauty,27,244.34,6597.18
2024-08-18,FabIndia Cotton Kurta,Fashion,36,1513.24,54476.64
2024-08-18,Lakme Absolute Foundation,Beauty,6,759.15,4554.9
2024-08-18,Mamaearth Vitamin C Face Wash,Beauty,3,282.58,847.74
2024-08-18,Milton Thermosteel Flask 1L,Home & Living,48,661.46,31750.08
2024-08-18,Plum Green Tea Toner 200ml,Beauty,13,366.26,4761.38
2024-08-18,Portronics Table Lamp LED,Office & Computing,17,1284.45,21835.65
2024-08-18,Puma Classic Track Pants,Fashion,49,1911.84,93680.16
2024-08-18,Samsung Galaxy Buds3 Pro,Electronics,38,13113.39,498308.82
2024-08-18,Story@Home Blackout Curtains,Home & Living,9,1295.75,11661.75
2024-08-18,Woodland Casual Sneakers,Fashion,5,2621.75,13108.75
2024-08-18,Zebronics ZEB-Crystal Pro Webcam,Electronics,30,1535.13,46053.9
2024-08-19,Allen Solly Polo T-Shirt,Fashion,21,985.81,20702.01
2024-08-19,AmazonBasics Adjustable Laptop Stand,Office & Computing,13,1788.75,23253.75
2024-08-19,Anker 65W GaN Fast Charger,Electronics,16,2413.78,38620.48
2024-08-19,Biotique Bio Morning Nector SPF,Beauty,12,250.07,3000.84
2024-08-19,FabIndia Cotton Kurta,Fashion,6,1491.8,8950.8
2024-08-19,H&M Relaxed Fit Shirt,Fashion,3,814.74,2444.22
2024-08-19,HP 65W Laptop Power Adapter,Office & Computing,13,2029.38,26381.94
2024-08-19,JBL Flip 6 Bluetooth Speaker,Electronics,8,9904.01,79232.08
2024-08-19,Kuber Industries Storage Box,Home & Living,28,354.97,9939.16
2024-08-19,Lakme Absolute Foundation,Beauty,25,818.13,20453.25
2024-08-19,Levi's 511 Slim Fit Jeans,Fashion,25,3011.9,75297.5
2024-08-19,Logitech MX Keys Keyboard,Electronics,5,8588.44,42942.2
2024-08-19,Mamaearth Vitamin C Face Wash,Beauty,13,292.66,3804.58
2024-08-19,Mi 10000mAh Power Bank,Electronics,27,1031.97,27863.19
2024-08-19,Milton Thermosteel Flask 1L,Home & Living,26,722.14,18775.64
2024-08-19,Minimalist 10% Niacinamide Serum,Beauty,28,406.54,11383.12
2024-08-19,Pigeon Aluminium Non-Stick Pan,Home & Living,30,892.62,26778.6
2024-08-19,Plum Green Tea Toner 200ml,Beauty,4,373.16,1492.64
2024-08-19,Portronics Table Lamp LED,Office & Computing,9,1314.72,11832.48
2024-08-19,Prestige Induction Cooktop 1200W,Home & Living,6,3022.85,18137.1
2024-08-19,Puma Classic Track Pants,Fashion,5,2054.77,10273.85
2024-08-19,Royalford Bamboo Chopping Board,Home & Living,23,490.82,11288.86
2024-08-19,Samsung Galaxy Buds3 Pro,Electronics,12,12848.21,154178.52
2024-08-19,Sony WH-1000XM5 Headphones,Electronics,8,27651.25,221210.0
2024-08-19,Story@Home Blackout Curtains,Home & Living,27,1254.83,33880.41
2024-08-19,Syska USB Hub 4-Port,Office & Computing,17,581.51,9885.67
2024-08-19,Woodland Casual Sneakers,Fashion,2,2485.02,4970.04
2024-08-19,Wow Skin Science Hair Oil,Beauty,8,578.27,4626.16
2024-08-19,Zebronics ZEB-Crystal Pro Webcam,Electronics,9,1531.08,13779.72
2024-08-19,boAt Airdopes 141 TWS Earbuds,Electronics,29,1306.4,37885.6
2024-08-20,Anker 65W GaN Fast Charger,Electronics,36,2646.94,95289.84
2024-08-20,FabIndia Cotton Kurta,Fashion,16,1512.04,24192.64
2024-08-20,H&M Relaxed Fit Shirt,Fashion,9,771.19,6940.71
2024-08-20,HP 65W Laptop Power Adapter,Office & Computing,29,1939.83,56255.07
2024-08-20,JBL Flip 6 Bluetooth Speaker,Electronics,12,9759.02,117108.24
2024-08-20,Kuber Industries Storage Box,Home & Living,6,346.56,2079.36
2024-08-20,Pigeon Aluminium Non-Stick Pan,Home & Living,46,930.02,42780.92
2024-08-20,Puma Classic Track Pants,Fashion,9,2080.56,18725.04
2024-08-20,Sony WH-1000XM5 Headphones,Electronics,37,27780.81,1027889.97
2024-08-20,Story@Home Blackout Curtains,Home & Living,30,1372.26,41167.8
2024-08-20,Wow Skin Science Hair Oil,Beauty,29,574.14,16650.06
2024-08-20,boAt Airdopes 141 TWS Earbuds,Electronics,29,1357.97,39381.13
2024-08-21,Anker 65W GaN Fast Charger,Electronics,26,2539.48,66026.48
2024-08-21,Biotique Bio Morning Nector SPF,Beauty,2,249.95,499.9
2024-08-21,FabIndia Cotton Kurta,Fashion,23,1534.38,35290.74
2024-08-21,HP 65W Laptop Power Adapter,Office & Computing,34,2053.97,69834.98
2024-08-21,JBL Flip 6 Bluetooth Speaker,Electronics,38,10312.97,391892.86
2024-08-21,Kuber Industries Storage Box,Home & Living,24,360.48,8651.52
2024-08-21,Lakme Absolute Foundation,Beauty,39,768.29,29963.31
2024-08-21,Mi 10000mAh Power Bank,Electronics,12,1024.37,12292.44
2024-08-21,Pigeon Aluminium Non-Stick Pan,Home & Living,7,947.28,6630.96
2024-08-21,Portronics Table Lamp LED,Office & Computing,15,1262.5,18937.5
2024-08-21,Puma Classic Track Pants,Fashion,47,1933.43,90871.21
2024-08-21,Samsung Galaxy Buds3 Pro,Electronics,4,12260.66,49042.64
2024-08-21,Sony WH-1000XM5 Headphones,Electronics,16,27759.22,444147.52
2024-08-21,Story@Home Blackout Curtains,Home & Living,13,1277.7,16610.1
2024-08-21,Syska USB Hub 4-Port,Office & Computing,17,592.35,10069.95
2024-08-21,Woodland Casual Sneakers,Fashion,20,2375.74,47514.8
2024-08-21,Wow Skin Science Hair Oil,Beauty,24,631.17,15148.08
2024-08-21,Zebronics ZEB-Crystal Pro Webcam,Electronics,9,1563.76,14073.84
2024-08-21,boAt Airdopes 141 TWS Earbuds,Electronics,46,1375.64,63279.44
2024-08-22,AmazonBasics Adjustable Laptop Stand,Office & Computing,47,1762.66,82845.02
2024-08-22,Biotique Bio Morning Nector SPF,Beauty,1,243.05,243.05
2024-08-22,H&M Relaxed Fit Shirt,Fashion,41,833.36,34167.76
2024-08-22,Logitech MX Keys Keyboard,Electronics,46,8918.9,410269.4
2024-08-22,Mamaearth Vitamin C Face Wash,Beauty,22,292.21,6428.62
2024-08-22,Milton Thermosteel Flask 1L,Home & Living,38,708.16,26910.08
2024-08-22,Minimalist 10% Niacinamide Serum,Beauty,8,381.84,3054.72
2024-08-22,Pigeon Aluminium Non-Stick Pan,Home & Living,23,915.72,21061.56
2024-08-22,Portronics Table Lamp LED,Office & Computing,7,1333.42,9333.94
2024-08-22,Samsung Galaxy Buds3 Pro,Electronics,1,13109.49,13109.49
2024-08-22,Sony WH-1000XM5 Headphones,Electronics,31,26577.05,823888.55
2024-08-22,Story@Home Blackout Curtains,Home & Living,38,1369.28,52032.64
2024-08-22,Syska USB Hub 4-Port,Office & Computing,6,633.08,3798.48
2024-08-22,Woodland Casual Sneakers,Fashion,6,2635.47,15812.82
2024-08-22,boAt Airdopes 141 TWS Earbuds,Electronics,15,1369.41,20541.15
2024-08-23,AmazonBasics Adjustable Laptop Stand,Office & Computing,22,1767.7,38889.4
2024-08-23,Anker 65W GaN Fast Charger,Electronics,3,2490.0,7470.0
2024-08-23,Biotique Bio Morning Nector SPF,Beauty,3,247.95,743.85
2024-08-23,JBL Flip 6 Bluetooth Speaker,Electronics,17,9649.03,164033.51
2024-08-23,Kuber Industries Storage Box,Home & Living,4,345.3,1381.2
2024-08-23,Levi's 511 Slim Fit Jeans,Fashion,35,2915.93,102057.55
2024-08-23,Logitech MX Keys Keyboard,Electronics,33,8641.11,285156.63
2024-08-23,Milton Thermosteel Flask 1L,Home & Living,34,671.04,22815.36
2024-08-23,Minimalist 10% Niacinamide Serum,Beauty,27,386.07,10423.89
2024-08-23,Pigeon Aluminium Non-Stick Pan,Home & Living,14,866.82,12135.48
2024-08-23,Royalford Bamboo Chopping Board,Home & Living,24,507.28,12174.72
2024-08-23,Sony WH-1000XM5 Headphones,Electronics,29,26660.72,773160.88
2024-08-23,Woodland Casual Sneakers,Fashion,47,2508.47,117898.09
2024-08-23,Zebronics ZEB-Crystal Pro Webcam,Electronics,43,1552.96,66777.28
2024-08-24,FabIndia Cotton Kurta,Fashion,3,1445.94,4337.82
2024-08-24,JBL Flip 6 Bluetooth Speaker,Electronics,22,9910.01,218020.22
2024-08-24,Kuber Industries Storage Box,Home & Living,20,333.36,6667.2
2024-08-24,Levi's 511 Slim Fit Jeans,Fashion,19,2928.22,55636.18
2024-08-24,Mi 10000mAh Power Bank,Electronics,17,954.54,16227.18
2024-08-24,Minimalist 10% Niacinamide Serum,Beauty,43,401.75,17275.25
2024-08-24,Pigeon Aluminium Non-Stick Pan,Home & Living,37,888.21,32863.77
2024-08-24,Plum Green Tea Toner 200ml,Beauty,15,362.89,5443.35
2024-08-24,Portronics Table Lamp LED,Office & Computing,16,1286.4,20582.4
2024-08-24,Puma Classic Track Pants,Fashion,39,2089.55,81492.45
2024-08-24,Samsung Galaxy Buds3 Pro,Electronics,2,12653.23,25306.46
2024-08-24,Sony WH-1000XM5 Headphones,Electronics,9,28064.2,252577.8
2024-08-24,Story@Home Blackout Curtains,Home & Living,21,1330.57,27941.97
2024-08-24,Syska USB Hub 4-Port,Office & Computing,21,623.08,13084.68
2024-08-24,Woodland Casual Sneakers,Fashion,45,2630.23,118360.35
2024-08-24,Wow Skin Science Hair Oil,Beauty,25,576.66,14416.5
2024-08-24,boAt Airdopes 141 TWS Earbuds,Electronics,39,1305.37,50909.43
2024-08-25,Allen Solly Polo T-Shirt,Fashion,26,1039.16,27018.16
2024-08-25,Anker 65W GaN Fast Charger,Electronics,21,2539.73,53334.33
2024-08-25,H&M Relaxed Fit Shirt,Fashion,50,794.37,39718.5
2024-08-25,HP 65W Laptop Power Adapter,Office & Computing,19,2039.38,38748.22
2024-08-25,JBL Flip 6 Bluetooth Speaker,Electronics,10,10431.96,104319.6
2024-08-25,Kuber Industries Storage Box,Home & Living,9,338.15,3043.35
2024-08-25,Logitech MX Keys Keyboard,Electronics,17,8361.63,142147.71
2024-08-25,Mamaearth Vitamin C Face Wash,Beauty,29,284.26,8243.54
2024-08-25,Mi 10000mAh Power Bank,Electronics,6,1050.45,6302.7
2024-08-25,Minimalist 10% Niacinamide Serum,Beauty,24,397.88,9549.12
2024-08-25,Pigeon Aluminium Non-Stick Pan,Home & Living,18,860.25,15484.5
2024-08-25,Plum Green Tea Toner 200ml,Beauty,5,354.75,1773.75
2024-08-25,Portronics Table Lamp LED,Office & Computing,34,1321.6,44934.4
2024-08-25,Royalford Bamboo Chopping Board,Home & Living,41,506.83,20780.03
2024-08-25,Samsung Galaxy Buds3 Pro,Electronics,37,13673.65,505925.05
2024-08-25,Sony WH-1000XM5 Headphones,Electronics,25,25483.96,637099.0
2024-08-25,Woodland Casual Sneakers,Fashion,7,2368.75,16581.25
2024-08-25,Wow Skin Science Hair Oil,Beauty,15,585.52,8782.8
2024-08-26,Allen Solly Polo T-Shirt,Fashion,5,970.03,4850.15
2024-08-26,AmazonBasics Adjustable Laptop Stand,Office & Computing,16,1782.27,28516.32
2024-08-26,Anker 65W GaN Fast Charger,Electronics,21,2536.24,53261.04
2024-08-26,Biotique Bio Morning Nector SPF,Beauty,20,250.94,5018.8
2024-08-26,FabIndia Cotton Kurta,Fashion,16,1494.8,23916.8
2024-08-26,H&M Relaxed Fit Shirt,Fashion,7,791.09,5537.63
2024-08-26,HP 65W Laptop Power Adapter,Office & Computing,16,2046.98,32751.68
2024-08-26,JBL Flip 6 Bluetooth Speaker,Electronics,12,10058.99,120707.88
2024-08-26,Kuber Industries Storage Box,Home & Living,17,350.99,5966.83
2024-08-26,Lakme Absolute Foundation,Beauty,2,772.1,1544.2
2024-08-26,Levi's 511 Slim Fit Jeans,Fashion,19,2930.92,55687.48
2024-08-26,Logitech MX Keys Keyboard,Electronics,9,8264.79,74383.11
2024-08-26,Mamaearth Vitamin C Face Wash,Beauty,25,293.44,7336.0
2024-08-26,Mi 10000mAh Power Bank,Electronics,15,1034.76,15521.4
2024-08-26,Milton Thermosteel Flask 1L,Home & Living,24,707.74,16985.76
2024-08-26,Minimalist 10% Niacinamide Serum,Beauty,2,405.58,811.16
2024-08-26,Pigeon Aluminium Non-Stick Pan,Home & Living,22,894.86,19686.92
2024-08-26,Plum Green Tea Toner 200ml,Beauty,23,373.57,8592.11
2024-08-26,Portronics Table Lamp LED,Office & Computing,17,1249.12,21235.04
2024-08-26,Prestige Induction Cooktop 1200W,Home & Living,26,2924.62,76040.12
2024-08-26,Puma Classic Track Pants,Fashion,22,2043.98,44967.56
2024-08-26,Royalford Bamboo Chopping Board,Home & Living,6,508.13,3048.78
2024-08-26,Samsung Galaxy Buds3 Pro,Electronics,22,12757.22,280658.84
2024-08-26,Sony WH-1000XM5 Headphones,Electronics,5,25964.38,129821.9
2024-08-26,Story@Home Blackout Curtains,Home & Living,3,1267.56,3802.68
2024-08-26,Syska USB Hub 4-Port,Office & Computing,16,575.22,9203.52
2024-08-26,Woodland Casual Sneakers,Fashion,26,2574.59,66939.34
2024-08-26,Wow Skin Science Hair Oil,Beauty,5,575.46,2877.3
2024-08-26,Zebronics ZEB-Crystal Pro Webcam,Electronics,6,1511.74,9070.44
2024-08-26,boAt Airdopes 141 TWS Earbuds,Electronics,16,1272.24,20355.84
2024-08-27,Allen Solly Polo T-Shirt,Fashion,20,973.13,19462.6
2024-08-27,Biotique Bio Morning Nector SPF,Beauty,24,256.92,6166.08
2024-08-27,Lakme Absolute Foundation,Beauty,38,822.27,31246.26
2024-08-27,Logitech MX Keys Keyboard,Electronics,25,8648.76,216219.0
2024-08-27,Mi 10000mAh Power Bank,Electronics,44,983.92,43292.48
2024-08-27,Portronics Table Lamp LED,Office & Computing,44,1331.6,58590.4
2024-08-27,Prestige Induction Cooktop 1200W,Home & Living,24,3036.03,72864.72
2024-08-27,Royalford Bamboo Chopping Board,Home & Living,28,521.8,14610.4
2024-08-27,Samsung Galaxy Buds3 Pro,Electronics,9,12243.76,110193.84
2024-08-27,Wow Skin Science Hair Oil,Beauty,29,618.29,17930.41
2024-08-28,Allen Solly Polo T-Shirt,Fashion,7,948.35,6638.45
2024-08-28,Biotique Bio Morning Nector SPF,Beauty,30,245.89,7376.7
2024-08-28,FabIndia Cotton Kurta,Fashion,45,1515.19,68183.55
2024-08-28,HP 65W Laptop Power Adapter,Office & Computing,35,1975.41,69139.35
2024-08-28,Logitech MX Keys Keyboard,Electronics,49,8352.28,409261.72
2024-08-28,Mamaearth Vitamin C Face Wash,Beauty,23,316.82,7286.86
2024-08-28,Mi 10000mAh Power Bank,Electronics,21,1024.57,21515.97
2024-08-28,Pigeon Aluminium Non-Stick Pan,Home & Living,39,943.95,36814.05
2024-08-28,Portronics Table Lamp LED,Office & Computing,35,1261.59,44155.65
2024-08-28,Puma Classic Track Pants,Fashion,14,1952.42,27333.88
2024-08-28,Sony WH-1000XM5 Headphones,Electronics,19,27375.96,520143.24
2024-08-28,Woodland Casual Sneakers,Fashion,18,2588.31,46589.58
2024-08-29,Anker 65W GaN Fast Charger,Electronics,43,2549.98,109649.14
2024-08-29,FabIndia Cotton Kurta,Fashion,17,1488.06,25297.02
2024-08-29,H&M Relaxed Fit Shirt,Fashion,14,833.44,11668.16
2024-08-29,HP 65W Laptop Power Adapter,Office & Computing,13,1977.21,25703.73
2024-08-29,Levi's 511 Slim Fit Jeans,Fashion,1,2860.75,2860.75
2024-08-29,Mamaearth Vitamin C Face Wash,Beauty,12,309.73,3716.76
2024-08-29,Mi 10000mAh Power Bank,Electronics,41,1016.68,41683.88
2024-08-29,Milton Thermosteel Flask 1L,Home & Living,23,739.47,17007.81
2024-08-29,Minimalist 10% Niacinamide Serum,Beauty,11,380.61,4186.71
2024-08-29,Puma Classic Track Pants,Fashion,16,1906.25,30500.0
2024-08-29,Syska USB Hub 4-Port,Office & Computing,28,578.75,16205.0
2024-08-29,Woodland Casual Sneakers,Fashion,30,2557.62,76728.6
2024-08-29,Wow Skin Science Hair Oil,Beauty,28,624.64,17489.92
2024-08-30,HP 65W Laptop Power Adapter,Office & Computing,11,1957.02,21527.22
2024-08-30,Mamaearth Vitamin C Face Wash,Beauty,33,308.06,10165.98
2024-08-30,Pigeon Aluminium Non-Stick Pan,Home & Living,36,928.22,33415.92
2024-08-30,Plum Green Tea Toner 200ml,Beauty,39,385.65,15040.35
2024-08-30,Portronics Table Lamp LED,Office & Computing,41,1366.94,56044.54
2024-08-30,Prestige Induction Cooktop 1200W,Home & Living,46,3042.62,139960.52
2024-08-30,Puma Classic Track Pants,Fashion,27,2052.17,55408.59
2024-08-30,Royalford Bamboo Chopping Board,Home & Living,6,520.76,3124.56
2024-08-30,Samsung Galaxy Buds3 Pro,Electronics,24,12997.7,311944.8
2024-08-30,Sony WH-1000XM5 Headphones,Electronics,12,27729.53,332754.36
2024-08-30,Syska USB Hub 4-Port,Office & Computing,50,609.06,30453.0
2024-08-30,Woodland Casual Sneakers,Fashion,47,2470.3,116104.1
2024-08-30,Zebronics ZEB-Crystal Pro Webcam,Electronics,42,1566.9,65809.8
2024-08-30,boAt Airdopes 141 TWS Earbuds,Electronics,44,1350.44,59419.36
2024-08-31,Allen Solly Polo T-Shirt,Fashion,29,1038.46,30115.34
2024-08-31,AmazonBasics Adjustable Laptop Stand,Office & Computing,10,1806.92,18069.2
2024-08-31,Anker 65W GaN Fast Charger,Electronics,26,2445.77,63590.02
2024-08-31,Biotique Bio Morning Nector SPF,Beauty,26,254.43,6615.18
2024-08-31,Lakme Absolute Foundation,Beauty,45,774.73,34862.85
2024-08-31,Levi's 511 Slim Fit Jeans,Fashion,43,2866.74,123269.82
2024-08-31,Logitech MX Keys Keyboard,Electronics,22,8207.02,180554.44
2024-08-31,Milton Thermosteel Flask 1L,Home & Living,36,675.16,24305.76
2024-08-31,Pigeon Aluminium Non-Stick Pan,Home & Living,32,911.14,29156.48
2024-08-31,Plum Green Tea Toner 200ml,Beauty,8,387.3,3098.4
2024-08-31,Portronics Table Lamp LED,Office & Computing,33,1373.69,45331.77
2024-08-31,Prestige Induction Cooktop 1200W,Home & Living,50,2832.37,141618.5
2024-08-31,Puma Classic Track Pants,Fashion,3,1959.42,5878.26
2024-08-31,Royalford Bamboo Chopping Board,Home & Living,44,518.01,22792.44
2024-08-31,Sony WH-1000XM5 Headphones,Electronics,16,26196.49,419143.84
2024-08-31,Story@Home Blackout Curtains,Home & Living,37,1348.23,49884.51
2024-09-01,Allen Solly Polo T-Shirt,Fashion,38,1019.68,38747.84
2024-09-01,AmazonBasics Adjustable Laptop Stand,Office & Computing,40,1838.76,73550.4
2024-09-01,Anker 65W GaN Fast Charger,Electronics,21,2553.48,53623.08
2024-09-01,H&M Relaxed Fit Shirt,Fashion,9,762.17,6859.53
2024-09-01,Levi's 511 Slim Fit Jeans,Fashion,27,2966.91,80106.57
2024-09-01,Logitech MX Keys Keyboard,Electronics,35,8088.09,283083.15
2024-09-01,Mamaearth Vitamin C Face Wash,Beauty,25,283.33,7083.25
2024-09-01,Milton Thermosteel Flask 1L,Home & Living,31,693.55,21500.05
2024-09-01,Minimalist 10% Niacinamide Serum,Beauty,25,401.79,10044.75
2024-09-01,Pigeon Aluminium Non-Stick Pan,Home & Living,11,938.29,10321.19
2024-09-01,Samsung Galaxy Buds3 Pro,Electronics,35,12948.3,453190.5
2024-09-02,Allen Solly Polo T-Shirt,Fashion,10,1032.37,10323.7
2024-09-02,AmazonBasics Adjustable Laptop Stand,Office & Computing,2,1803.86,3607.72
2024-09-02,Anker 65W GaN Fast Charger,Electronics,5,2428.78,12143.9
2024-09-02,Biotique Bio Morning Nector SPF,Beauty,11,256.25,2818.75
2024-09-02,FabIndia Cotton Kurta,Fashion,11,1511.74,16629.14
2024-09-02,H&M Relaxed Fit Shirt,Fashion,15,788.85,11832.75
2024-09-02,HP 65W Laptop Power Adapter,Office & Computing,21,2060.77,43276.17
2024-09-02,JBL Flip 6 Bluetooth Speaker,Electronics,23,9835.02,226205.46
2024-09-02,Kuber Industries Storage Box,Home & Living,17,357.38,6075.46
2024-09-02,Lakme Absolute Foundation,Beauty,10,778.07,7780.7
2024-09-02,Levi's 511 Slim Fit Jeans,Fashion,28,2934.82,82174.96
2024-09-02,Logitech MX Keys Keyboard,Electronics,15,8529.83,127947.45
2024-09-02,Mamaearth Vitamin C Face Wash,Beauty,11,294.28,3237.08
2024-09-02,Mi 10000mAh Power Bank,Electronics,21,1025.57,21536.97
2024-09-02,Milton Thermosteel Flask 1L,Home & Living,8,689.0,5512.0
2024-09-02,Minimalist 10% Niacinamide Serum,Beauty,17,389.66,6624.22
2024-09-02,Pigeon Aluminium Non-Stick Pan,Home & Living,7,869.24,6084.68
2024-09-02,Plum Green Tea Toner 200ml,Beauty,3,369.0,1107.0
2024-09-02,Portronics Table Lamp LED,Office & Computing,25,1347.58,33689.5
2024-09-02,Prestige Induction Cooktop 1200W,Home & Living,7,3068.08,21476.56
2024-09-02,Puma Classic Track Pants,Fashion,2,1939.23,3878.46
2024-09-02,Royalford Bamboo Chopping Board,Home & Living,23,516.91,11888.93
2024-09-02,Samsung Galaxy Buds3 Pro,Electronics,30,13190.09,395702.7
2024-09-02,Sony WH-1000XM5 Headphones,Electronics,8,28034.51,224276.08
2024-09-02,Story@Home Blackout Curtains,Home & Living,21,1293.15,27156.15
2024-09-02,Syska USB Hub 4-Port,Office & Computing,24,577.38,13857.12
2024-09-02,Woodland Casual Sneakers,Fashion,11,2591.31,28504.41
2024-09-02,Wow Skin Science Hair Oil,Beauty,17,596.9,10147.3
2024-09-02,Zebronics ZEB-Crystal Pro Webcam,Electronics,24,1525.23,36605.52
2024-09-02,boAt Airdopes 141 TWS Earbuds,Electronics,16,1330.96,21295.36
2024-09-03,Anker 65W GaN Fast Charger,Electronics,33,2571.47,84858.51
2024-09-03,Biotique Bio Morning Nector SPF,Beauty,35,240.46,8416.1
2024-09-03,H&M Relaxed Fit Shirt,Fashion,8,784.22,6273.76
2024-09-03,HP 65W Laptop Power Adapter,Office & Computing,42,2026.19,85099.98
2024-09-03,JBL Flip 6 Bluetooth Speaker,Electronics,5,9702.03,48510.15
2024-09-03,Kuber Industries Storage Box,Home & Living,38,331.41,12593.58
2024-09-03,Levi's 511 Slim Fit Jeans,Fashion,12,3111.16,37333.92
2024-09-03,Logitech MX Keys Keyboard,Electronics,6,8705.68,52234.08
2024-09-03,Minimalist 10% Niacinamide Serum,Beauty,38,387.51,14725.38
2024-09-03,Samsung Galaxy Buds3 Pro,Electronics,30,12510.24,375307.2
2024-09-03,Story@Home Blackout Curtains,Home & Living,7,1282.24,8975.68
2024-09-03,boAt Airdopes 141 TWS Earbuds,Electronics,31,1328.49,41183.19
2024-09-04,Allen Solly Polo T-Shirt,Fashion,34,986.91,33554.94
2024-09-04,AmazonBasics Adjustable Laptop Stand,Office & Computing,17,1735.68,29506.56
2024-09-04,Anker 65W GaN Fast Charger,Electronics,47,2630.2,123619.4
2024-09-04,FabIndia Cotton Kurta,Fashion,41,1563.46,64101.86
2024-09-04,JBL Flip 6 Bluetooth Speaker,Electronics,23,9453.05,217420.15
2024-09-04,Kuber Industries Storage Box,Home & Living,12,368.79,4425.48
2024-09-04,Lakme Absolute Foundation,Beauty,37,753.82,27891.34
2024-09-04,Levi's 511 Slim Fit Jeans,Fashion,37,2891.34,106979.58
2024-09-04,Logitech MX Keys Keyboard,Electronics,31,8611.38,266952.78
2024-09-04,Mamaearth Vitamin C Face Wash,Beauty,33,290.63,9590.79
2024-09-04,Mi 10000mAh Power Bank,Electronics,13,1040.96,13532.48
2024-09-04,Milton Thermosteel Flask 1L,Home & Living,19,667.06,12674.14
2024-09-04,Plum Green Tea Toner 200ml,Beauty,31,354.04,10975.24
2024-09-04,Portronics Table Lamp LED,Office & Computing,34,1261.59,42894.06
2024-09-04,Royalford Bamboo Chopping Board,Home & Living,4,519.36,2077.44
2024-09-04,Sony WH-1000XM5 Headphones,Electronics,46,25737.66,1183932.36
2024-09-04,Story@Home Blackout Curtains,Home & Living,19,1333.68,25339.92
2024-09-04,Syska USB Hub 4-Port,Office & Computing,44,594.81,26171.64
2024-09-04,Woodland Casual Sneakers,Fashion,10,2471.3,24713.0
2024-09-05,Anker 65W GaN Fast Charger,Electronics,21,2565.72,53880.12
2024-09-05,FabIndia Cotton Kurta,Fashion,47,1550.87,72890.89
2024-09-05,HP 65W Laptop Power Adapter,Office & Computing,8,2082.56,16660.48
2024-09-05,Levi's 511 Slim Fit Jeans,Fashion,43,3025.09,130078.87
2024-09-05,Mamaearth Vitamin C Face Wash,Beauty,32,315.12,10083.84
2024-09-05,Mi 10000mAh Power Bank,Electronics,35,945.55,33094.25
2024-09-05,Milton Thermosteel Flask 1L,Home & Living,29,668.8,19395.2
2024-09-05,Pigeon Aluminium Non-Stick Pan,Home & Living,42,924.35,38822.7
2024-09-05,Portronics Table Lamp LED,Office & Computing,41,1284.45,52662.45
2024-09-05,Puma Classic Track Pants,Fashion,20,1967.02,39340.4
2024-09-05,Samsung Galaxy Buds3 Pro,Electronics,50,13468.26,673413.0
2024-09-05,Wow Skin Science Hair Oil,Beauty,34,571.27,19423.18
2024-09-05,boAt Airdopes 141 TWS Earbuds,Electronics,46,1362.78,62687.88
2024-09-06,AmazonBasics Adjustable Laptop Stand,Office & Computing,31,1863.94,57782.14
2024-09-06,JBL Flip 6 Bluetooth Speaker,Electronics,18,9849.01,177282.18
2024-09-06,Levi's 511 Slim Fit Jeans,Fashion,47,2953.42,138810.74
2024-09-06,Milton Thermosteel Flask 1L,Home & Living,4,688.45,2753.8
2024-09-06,Plum Green Tea Toner 200ml,Beauty,6,355.2,2131.2
2024-09-06,Portronics Table Lamp LED,Office & Computing,36,1324.72,47689.92
2024-09-06,Story@Home Blackout Curtains,Home & Living,39,1260.68,49166.52
2024-09-06,Syska USB Hub 4-Port,Office & Computing,47,622.06,29236.82
2024-09-06,Woodland Casual Sneakers,Fashion,16,2584.57,41353.12
2024-09-06,Zebronics ZEB-Crystal Pro Webcam,Electronics,22,1580.85,34778.7
2024-09-06,boAt Airdopes 141 TWS Earbuds,Electronics,44,1359.14,59802.16
2024-09-07,Allen Solly Polo T-Shirt,Fashion,5,943.96,4719.8
2024-09-07,FabIndia Cotton Kurta,Fashion,12,1518.04,18216.48
2024-09-07,H&M Relaxed Fit Shirt,Fashion,9,809.15,7282.35
2024-09-07,JBL Flip 6 Bluetooth Speaker,Electronics,45,10259.97,461698.65
2024-09-07,Lakme Absolute Foundation,Beauty,18,777.75,13999.5
2024-09-07,Logitech MX Keys Keyboard,Electronics,42,8102.53,340306.26
2024-09-07,Mi 10000mAh Power Bank,Electronics,6,1007.59,6045.54
2024-09-07,Minimalist 10% Niacinamide Serum,Beauty,6,419.55,2517.3
2024-09-07,Pigeon Aluminium Non-Stick Pan,Home & Living,39,892.89,34822.71
2024-09-07,Puma Classic Track Pants,Fashion,2,2117.34,4234.68
2024-09-07,Royalford Bamboo Chopping Board,Home & Living,17,489.57,8322.69
2024-09-07,Samsung Galaxy Buds3 Pro,Electronics,32,13477.36,431275.52
2024-09-07,Story@Home Blackout Curtains,Home & Living,43,1369.28,58879.04
2024-09-07,Syska USB Hub 4-Port,Office & Computing,3,617.93,1853.79
2024-09-08,AmazonBasics Adjustable Laptop Stand,Office & Computing,48,1719.3,82526.4
2024-09-08,Anker 65W GaN Fast Charger,Electronics,13,2355.56,30622.28
2024-09-08,H&M Relaxed Fit Shirt,Fashion,8,804.35,6434.8
2024-09-08,HP 65W Laptop Power Adapter,Office & Computing,15,1984.61,29769.15
2024-09-08,JBL Flip 6 Bluetooth Speaker,Electronics,2,9920.01,19840.02
2024-09-08,Kuber Industries Storage Box,Home & Living,20,347.5,6950.0
2024-09-08,Levi's 511 Slim Fit Jeans,Fashion,13,3160.65,41088.45
2024-09-08,Logitech MX Keys Keyboard,Electronics,44,8101.68,356473.92
2024-09-08,Mamaearth Vitamin C Face Wash,Beauty,2,284.62,569.24
2024-09-08,Mi 10000mAh Power Bank,Electronics,46,961.94,44249.24
2024-09-08,Minimalist 10% Niacinamide Serum,Beauty,42,421.5,17703.0
2024-09-08,Pigeon Aluminium Non-Stick Pan,Home & Living,21,881.92,18520.32
2024-09-08,Plum Green Tea Toner 200ml,Beauty,34,365.44,12424.96
2024-09-08,Puma Classic Track Pants,Fashion,27,2010.79,54291.33
2024-09-08,Royalford Bamboo Chopping Board,Home & Living,23,472.8,10874.4
2024-09-08,Sony WH-1000XM5 Headphones,Electronics,8,28485.25,227882.0
2024-09-08,Story@Home Blackout Curtains,Home & Living,50,1346.93,67346.5
2024-09-08,Syska USB Hub 4-Port,Office & Computing,18,569.35,10248.3
2024-09-08,Woodland Casual Sneakers,Fashion,12,2619.0,31428.0
2024-09-08,Wow Skin Science Hair Oil,Beauty,28,632.18,17701.04
2024-09-08,Zebronics ZEB-Crystal Pro Webcam,Electronics,49,1544.57,75683.93
2024-09-09,Allen Solly Polo T-Shirt,Fashion,16,1014.68,16234.88
2024-09-09,AmazonBasics Adjustable Laptop Stand,Office & Computing,24,1780.65,42735.6
2024-09-09,Anker 65W GaN Fast Charger,Electronics,19,2588.71,49185.49
2024-09-09,Biotique Bio Morning Nector SPF,Beauty,1,244.84,244.84
2024-09-09,FabIndia Cotton Kurta,Fashion,11,1542.32,16965.52
2024-09-09,H&M Relaxed Fit Shirt,Fashion,12,786.94,9443.28
2024-09-09,HP 65W Laptop Power Adapter,Office & Computing,6,1937.03,11622.18
2024-09-09,JBL Flip 6 Bluetooth Speaker,Electronics,27,10125.99,273401.73
2024-09-09,Kuber Industries Storage Box,Home & Living,22,362.47,7974.34
2024-09-09,Lakme Absolute Foundation,Beauty,30,809.71,24291.3
2024-09-09,Levi's 511 Slim Fit Jeans,Fashion,25,2914.43,72860.75
2024-09-09,Logitech MX Keys Keyboard,Electronics,14,8536.63,119512.82
2024-09-09,Mamaearth Vitamin C Face Wash,Beauty,24,300.73,7217.52
2024-09-09,Mi 10000mAh Power Bank,Electronics,16,1033.57,16537.12
2024-09-09,Milton Thermosteel Flask 1L,Home & Living,14,722.28,10111.92
2024-09-09,Minimalist 10% Niacinamide Serum,Beauty,11,414.88,4563.68
2024-09-09,Pigeon Aluminium Non-Stick Pan,Home & Living,4,873.11,3492.44
2024-09-09,Plum Green Tea Toner 200ml,Beauty,26,381.34,9914.84
2024-09-09,Portronics Table Lamp LED,Office & Computing,22,1247.95,27454.9
2024-09-09,Prestige Induction Cooktop 1200W,Home & Living,19,2959.36,56227.84
2024-09-09,Puma Classic Track Pants,Fashion,8,2043.58,16348.64
2024-09-09,Royalford Bamboo Chopping Board,Home & Living,13,513.02,6669.26
2024-09-09,Samsung Galaxy Buds3 Pro,Electronics,3,13112.09,39336.27
2024-09-09,Sony WH-1000XM5 Headphones,Electronics,20,27745.72,554914.4
2024-09-09,Story@Home Blackout Curtains,Home & Living,5,1256.65,6283.25
2024-09-09,Syska USB Hub 4-Port,Office & Computing,30,595.77,17873.1
2024-09-09,Woodland Casual Sneakers,Fashion,3,2496.0,7488.0
2024-09-09,Wow Skin Science Hair Oil,Beauty,2,604.63,1209.26
2024-09-09,Zebronics ZEB-Crystal Pro Webcam,Electronics,25,1537.22,38430.5
2024-09-09,boAt Airdopes 141 TWS Earbuds,Electronics,7,1256.78,8797.46
2024-09-10,Biotique Bio Morning Nector SPF,Beauty,28,257.89,7220.92
2024-09-10,JBL Flip 6 Bluetooth Speaker,Electronics,42,9774.02,410508.84
2024-09-10,Logitech MX Keys Keyboard,Electronics,18,8112.72,146028.96
2024-09-10,Mamaearth Vitamin C Face Wash,Beauty,16,303.57,4857.12
2024-09-10,Mi 10000mAh Power Bank,Electronics,21,1029.17,21612.57
2024-09-10,Minimalist 10% Niacinamide Serum,Beauty,18,418.87,7539.66
2024-09-10,Pigeon Aluminium Non-Stick Pan,Home & Living,28,866.46,24260.88
2024-09-10,Sony WH-1000XM5 Headphones,Electronics,21,27043.98,567923.58
2024-09-10,Story@Home Blackout Curtains,Home & Living,19,1290.17,24513.23
2024-09-10,Syska USB Hub 4-Port,Office & Computing,34,584.98,19889.32
2024-09-10,boAt Airdopes 141 TWS Earbuds,Electronics,18,1337.97,24083.46
2024-09-11,Allen Solly Polo T-Shirt,Fashion,38,1021.08,38801.04
2024-09-11,AmazonBasics Adjustable Laptop Stand,Office & Computing,35,1718.22,60137.7
2024-09-11,Anker 65W GaN Fast Charger,Electronics,37,2351.81,87016.97
2024-09-11,Kuber Industries Storage Box,Home & Living,44,357.24,15718.56
2024-09-11,Levi's 511 Slim Fit Jeans,Fashion,17,3032.29,51548.93
2024-09-11,Logitech MX Keys Keyboard,Electronics,40,8094.89,323795.6
2024-09-11,Mamaearth Vitamin C Face Wash,Beauty,24,305.19,7324.56
2024-09-11,Milton Thermosteel Flask 1L,Home & Living,38,690.26,26229.88
2024-09-11,Minimalist 10% Niacinamide Serum,Beauty,10,419.39,4193.9
2024-09-11,Pigeon Aluminium Non-Stick Pan,Home & Living,37,889.2,32900.4
2024-09-11,Plum Green Tea Toner 200ml,Beauty,46,377.06,17344.76
2024-09-11,Portronics Table Lamp LED,Office & Computing,14,1304.46,18262.44
2024-09-11,Prestige Induction Cooktop 1200W,Home & Living,26,3077.06,80003.56
2024-09-11,Sony WH-1000XM5 Headphones,Electronics,26,27375.96,711774.96
2024-09-11,Story@Home Blackout Curtains,Home & Living,17,1366.94,23237.98
2024-09-11,Zebronics ZEB-Crystal Pro Webcam,Electronics,22,1510.69,33235.18
2024-09-11,boAt Airdopes 141 TWS Earbuds,Electronics,17,1271.07,21608.19
2024-09-12,Allen Solly Polo T-Shirt,Fashion,13,1033.87,13440.31
2024-09-12,AmazonBasics Adjustable Laptop Stand,Office & Computing,39,1695.38,66119.82
2024-09-12,Anker 65W GaN Fast Charger,Electronics,37,2536.73,93859.01
2024-09-12,H&M Relaxed Fit Shirt,Fashion,12,801.0,9612.0
2024-09-12,HP 65W Laptop Power Adapter,Office & Computing,5,2098.95,10494.75
2024-09-12,JBL Flip 6 Bluetooth Speaker,Electronics,17,10371.96,176323.32
2024-09-12,Lakme Absolute Foundation,Beauty,39,749.92,29246.88
2024-09-12,Mamaearth Vitamin C Face Wash,Beauty,37,297.92,11023.04
2024-09-12,Mi 10000mAh Power Bank,Electronics,11,978.52,10763.72
2024-09-12,Plum Green Tea Toner 200ml,Beauty,8,384.3,3074.4
2024-09-12,Portronics Table Lamp LED,Office & Computing,35,1353.69,47379.15
2024-09-12,Puma Classic Track Pants,Fashion,38,2046.58,77770.04
2024-09-12,Samsung Galaxy Buds3 Pro,Electronics,43,12888.51,554205.93
2024-09-12,Sony WH-1000XM5 Headphones,Electronics,43,28431.27,1222544.61
2024-09-12,Syska USB Hub 4-Port,Office & Computing,43,605.95,26055.85
2024-09-12,Zebronics ZEB-Crystal Pro Webcam,Electronics,19,1445.49,27464.31
2024-09-13,Anker 65W GaN Fast Charger,Electronics,4,2437.02,9748.08
2024-09-13,JBL Flip 6 Bluetooth Speaker,Electronics,31,9873.01,306063.31
2024-09-13,Kuber Industries Storage Box,Home & Living,37,329.46,12190.02
2024-09-13,Lakme Absolute Foundation,Beauty,19,809.15,15373.85
2024-09-13,Levi's 511 Slim Fit Jeans,Fashion,10,3053.28,30532.8
2024-09-13,Logitech MX Keys Keyboard,Electronics,34,8935.04,303791.36
2024-09-13,Mamaearth Vitamin C Face Wash,Beauty,32,300.7,9622.4
2024-09-13,Milton Thermosteel Flask 1L,Home & Living,29,738.07,21404.03
2024-09-13,Portronics Table Lamp LED,Office & Computing,25,1350.18,33754.5
2024-09-13,Sony WH-1000XM5 Headphones,Electronics,3,28112.78,84338.34
2024-09-13,Story@Home Blackout Curtains,Home & Living,2,1363.04,2726.08
2024-09-13,Zebronics ZEB-Crystal Pro Webcam,Electronics,48,1431.25,68700.0
2024-09-14,Allen Solly Polo T-Shirt,Fashion,6,940.66,5643.96
2024-09-14,Anker 65W GaN Fast Charger,Electronics,34,2467.01,83878.34
2024-09-14,H&M Relaxed Fit Shirt,Fashion,49,766.56,37561.44
2024-09-14,HP 65W Laptop Power Adapter,Office & Computing,20,2102.35,42047.0
2024-09-14,Lakme Absolute Foundation,Beauty,27,763.2,20606.4
2024-09-14,Logitech MX Keys Keyboard,Electronics,30,8875.58,266267.4
2024-09-14,Mamaearth Vitamin C Face Wash,Beauty,7,285.96,2001.72
2024-09-14,Mi 10000mAh Power Bank,Electronics,40,1043.26,41730.4
2024-09-14,Milton Thermosteel Flask 1L,Home & Living,36,713.12,25672.32
2024-09-14,Minimalist 10% Niacinamide Serum,Beauty,28,375.18,10505.04
2024-09-14,Pigeon Aluminium Non-Stick Pan,Home & Living,2,940.89,1881.78
2024-09-14,Prestige Induction Cooktop 1200W,Home & Living,33,2933.6,96808.8
2024-09-14,Puma Classic Track Pants,Fashion,46,1964.82,90381.72
2024-09-14,Samsung Galaxy Buds3 Pro,Electronics,1,13310.98,13310.98
2024-09-14,Sony WH-1000XM5 Headphones,Electronics,15,27694.44,415416.6
2024-09-14,Story@Home Blackout Curtains,Home & Living,45,1337.97,60208.65
2024-09-14,Woodland Casual Sneakers,Fashion,15,2373.49,35602.35
2024-09-14,Wow Skin Science Hair Oil,Beauty,5,604.39,3021.95
2024-09-14,Zebronics ZEB-Crystal Pro Webcam,Electronics,23,1567.05,36042.15
2024-09-15,Allen Solly Polo T-Shirt,Fashion,34,951.55,32352.7
2024-09-15,AmazonBasics Adjustable Laptop Stand,Office & Computing,20,1750.97,35019.4
2024-09-15,FabIndia Cotton Kurta,Fashion,22,1530.48,33670.56
2024-09-15,HP 65W Laptop Power Adapter,Office & Computing,49,2083.76,102104.24
2024-09-15,Lakme Absolute Foundation,Beauty,2,829.98,1659.96
2024-09-15,Logitech MX Keys Keyboard,Electronics,2,8382.02,16764.04
2024-09-15,Mamaearth Vitamin C Face Wash,Beauty,6,287.67,1726.02
2024-09-15,Mi 10000mAh Power Bank,Electronics,8,960.84,7686.72
2024-09-15,Minimalist 10% Niacinamide Serum,Beauty,30,416.2,12486.0
2024-09-15,Pigeon Aluminium Non-Stick Pan,Home & Living,36,940.35,33852.6
2024-09-15,Plum Green Tea Toner 200ml,Beauty,48,386.29,18541.92
2024-09-15,Portronics Table Lamp LED,Office & Computing,37,1295.36,47928.32
2024-09-15,Prestige Induction Cooktop 1200W,Home & Living,12,2845.25,34143.0
2024-09-15,Royalford Bamboo Chopping Board,Home & Living,48,506.39,24306.72
2024-09-15,Samsung Galaxy Buds3 Pro,Electronics,28,12941.8,362370.4
2024-09-15,Sony WH-1000XM5 Headphones,Electronics,25,28004.82,700120.5
2024-09-15,Zebronics ZEB-Crystal Pro Webcam,Electronics,39,1516.09,59127.51
2024-09-16,Allen Solly Polo T-Shirt,Fashion,5,1019.68,5098.4
2024-09-16,AmazonBasics Adjustable Laptop Stand,Office & Computing,1,1855.49,1855.49
2024-09-16,Anker 65W GaN Fast Charger,Electronics,3,2597.71,7793.13
2024-09-16,Biotique Bio Morning Nector SPF,Beauty,13,254.55,3309.15
2024-09-16,FabIndia Cotton Kurta,Fashion,11,1527.03,16797.33
2024-09-16,H&M Relaxed Fit Shirt,Fashion,11,816.66,8983.26
2024-09-16,HP 65W Laptop Power Adapter,Office & Computing,23,2035.18,46809.14
2024-09-16,JBL Flip 6 Bluetooth Speaker,Electronics,9,9605.04,86445.36
2024-09-16,Kuber Industries Storage Box,Home & Living,5,338.39,1691.95
2024-09-16,Lakme Absolute Foundation,Beauty,11,799.93,8799.23
2024-09-16,Levi's 511 Slim Fit Jeans,Fashion,29,3022.09,87640.61
2024-09-16,Logitech MX Keys Keyboard,Electronics,4,8206.17,32824.68
2024-09-16,Mamaearth Vitamin C Face Wash,Beauty,9,302.68,2724.12
2024-09-16,Mi 10000mAh Power Bank,Electronics,10,999.7,9997.0
2024-09-16,Milton Thermosteel Flask 1L,Home & Living,11,686.21,7548.31
2024-09-16,Minimalist 10% Niacinamide Serum,Beauty,16,399.8,6396.8
2024-09-16,Pigeon Aluminium Non-Stick Pan,Home & Living,4,905.47,3621.88
2024-09-16,Plum Green Tea Toner 200ml,Beauty,1,385.46,385.46
2024-09-16,Portronics Table Lamp LED,Office & Computing,30,1260.81,37824.3
2024-09-16,Prestige Induction Cooktop 1200W,Home & Living,9,3018.06,27162.54
2024-09-16,Puma Classic Track Pants,Fashion,12,1977.01,23724.12
2024-09-16,Royalford Bamboo Chopping Board,Home & Living,25,517.56,12939.0
2024-09-16,Samsung Galaxy Buds3 Pro,Electronics,6,13034.1,78204.6
2024-09-16,Sony WH-1000XM5 Headphones,Electronics,3,26892.84,80678.52
2024-09-16,Story@Home Blackout Curtains,Home & Living,28,1333.16,37328.48
2024-09-16,Syska USB Hub 4-Port,Office & Computing,19,598.16,11365.04
2024-09-16,Woodland Casual Sneakers,Fashion,6,2402.93,14417.58
2024-09-16,Wow Skin Science Hair Oil,Beauty,22,619.79,13635.38
2024-09-16,Zebronics ZEB-Crystal Pro Webcam,Electronics,10,1451.93,14519.3
2024-09-16,boAt Airdopes 141 TWS Earbuds,Electronics,22,1291.86,28420.92
2024-09-17,Allen Solly Polo T-Shirt,Fashion,29,992.71,28788.59
2024-09-17,Anker 65W GaN Fast Charger,Electronics,38,2367.3,89957.4
2024-09-17,Biotique Bio Morning Nector SPF,Beauty,6,257.02,1542.12
2024-09-17,FabIndia Cotton Kurta,Fashion,42,1533.93,64425.06
2024-09-17,H&M Relaxed Fit Shirt,Fashion,42,754.5,31689.0
2024-09-17,JBL Flip 6 Bluetooth Speaker,Electronics,15,10067.99,151019.85
2024-09-17,Pigeon Aluminium Non-Stick Pan,Home & Living,28,946.47,26501.16
2024-09-17,Portronics Table Lamp LED,Office & Computing,32,1356.29,43401.28
2024-09-17,Prestige Induction Cooktop 1200W,Home & Living,44,2930.91,128960.04
2024-09-17,Puma Classic Track Pants,Fashion,17,1880.06,31961.02
2024-09-17,Syska USB Hub 4-Port,Office & Computing,32,595.77,19064.64
2024-09-17,Wow Skin Science Hair Oil,Beauty,35,609.18,21321.3
2024-09-17,boAt Airdopes 141 TWS Earbuds,Electronics,49,1334.33,65382.17
2024-09-18,Allen Solly Polo T-Shirt,Fashion,15,971.33,14569.95
2024-09-18,AmazonBasics Adjustable Laptop Stand,Office & Computing,33,1854.95,61213.35
2024-09-18,Anker 65W GaN Fast Charger,Electronics,4,2434.28,9737.12
2024-09-18,H&M Relaxed Fit Shirt,Fashion,6,840.87,5045.22
2024-09-18,Lakme Absolute Foundation,Beauty,8,837.45,6699.6
2024-09-18,Mi 10000mAh Power Bank,Electronics,27,1018.88,27509.76
2024-09-18,Plum Green Tea Toner 200ml,Beauty,47,376.8,17709.6
2024-09-18,Portronics Table Lamp LED,Office & Computing,36,1252.76,45099.36
2024-09-18,Prestige Induction Cooktop 1200W,Home & Living,39,2994.1,116769.9
2024-09-18,Samsung Galaxy Buds3 Pro,Electronics,22,12947.0,284834.0
2024-09-18,Sony WH-1000XM5 Headphones,Electronics,41,26882.04,1102163.64
2024-09-18,Syska USB Hub 4-Port,Office & Computing,14,563.12,7883.68
2024-09-19,Allen Solly Polo T-Shirt,Fashion,24,977.92,23470.08
2024-09-19,AmazonBasics Adjustable Laptop Stand,Office & Computing,20,1747.19,34943.8
2024-09-19,Milton Thermosteel Flask 1L,Home & Living,9,667.89,6011.01
2024-09-19,Pigeon Aluminium Non-Stick Pan,Home & Living,46,945.48,43492.08
2024-09-19,Royalford Bamboo Chopping Board,Home & Living,30,519.76,15592.8
2024-09-19,Samsung Galaxy Buds3 Pro,Electronics,38,12857.31,488577.78
2024-09-19,Woodland Casual Sneakers,Fashion,13,2443.1,31760.3
2024-09-19,boAt Airdopes 141 TWS Earbuds,Electronics,24,1255.48,30131.52
2024-09-20,Allen Solly Polo T-Shirt,Fashion,2,988.41,1976.82
2024-09-20,AmazonBasics Adjustable Laptop Stand,Office & Computing,41,1827.96,74946.36
2024-09-20,FabIndia Cotton Kurta,Fashion,11,1572.0,17292.0
2024-09-20,HP 65W Laptop Power Adapter,Office & Computing,25,2092.55,52313.75
2024-09-20,Logitech MX Keys Keyboard,Electronics,8,8984.31,71874.48
2024-09-20,Pigeon Aluminium Non-Stick Pan,Home & Living,31,947.73,29379.63
2024-09-20,Plum Green Tea Toner 200ml,Beauty,45,393.19,17693.55
2024-09-20,Samsung Galaxy Buds3 Pro,Electronics,48,12393.25,594876.0
2024-09-20,Sony WH-1000XM5 Headphones,Electronics,10,27168.13,271681.3
2024-09-20,Syska USB Hub 4-Port,Office & Computing,22,575.76,12666.72
2024-09-21,AmazonBasics Adjustable Laptop Stand,Office & Computing,42,1729.38,72633.96
2024-09-21,Anker 65W GaN Fast Charger,Electronics,43,2436.77,104781.11
2024-09-21,Biotique Bio Morning Nector SPF,Beauty,36,250.44,9015.84
2024-09-21,H&M Relaxed Fit Shirt,Fashion,25,820.57,20514.25
2024-09-21,HP 65W Laptop Power Adapter,Office & Computing,28,2042.18,57181.04
2024-09-21,JBL Flip 6 Bluetooth Speaker,Electronics,50,9764.02,488201.0
2024-09-21,Kuber Industries Storage Box,Home & Living,18,355.63,6401.34
2024-09-21,Levi's 511 Slim Fit Jeans,Fashion,38,2981.31,113289.78
2024-09-21,Mamaearth Vitamin C Face Wash,Beauty,17,308.45,5243.65
2024-09-21,Mi 10000mAh Power Bank,Electronics,33,1036.46,34203.18
2024-09-21,Milton Thermosteel Flask 1L,Home & Living,15,714.1,10711.5
2024-09-21,Minimalist 10% Niacinamide Serum,Beauty,2,394.61,789.22
2024-09-21,Pigeon Aluminium Non-Stick Pan,Home & Living,25,902.06,22551.5
2024-09-21,Portronics Table Lamp LED,Office & Computing,25,1376.81,34420.25
2024-09-21,Royalford Bamboo Chopping Board,Home & Living,26,497.7,12940.2
2024-09-21,Sony WH-1000XM5 Headphones,Electronics,32,27505.51,880176.32
2024-09-21,Syska USB Hub 4-Port,Office & Computing,24,591.21,14189.04
2024-09-22,AmazonBasics Adjustable Laptop Stand,Office & Computing,44,1714.09,75419.96
2024-09-22,H&M Relaxed Fit Shirt,Fashion,46,760.01,34960.46
2024-09-22,Levi's 511 Slim Fit Jeans,Fashion,39,3088.07,120434.73
2024-09-22,Logitech MX Keys Keyboard,Electronics,41,8791.48,360450.68
2024-09-22,Mi 10000mAh Power Bank,Electronics,3,950.35,2851.05
2024-09-22,Minimalist 10% Niacinamide Serum,Beauty,41,417.71,17126.11
2024-09-22,Pigeon Aluminium Non-Stick Pan,Home & Living,35,894.95,31323.25
2024-09-22,Plum Green Tea Toner 200ml,Beauty,33,353.7,11672.1
2024-09-22,Puma Classic Track Pants,Fashion,43,1992.4,85673.2
2024-09-22,Sony WH-1000XM5 Headphones,Electronics,35,28425.87,994905.45
2024-09-22,Syska USB Hub 4-Port,Office & Computing,24,593.25,14238.0
2024-09-22,Woodland Casual Sneakers,Fashion,33,2387.71,78794.43
2024-09-22,boAt Airdopes 141 TWS Earbuds,Electronics,12,1356.42,16277.04
2024-09-23,Allen Solly Polo T-Shirt,Fashion,16,994.9,15918.4
2024-09-23,AmazonBasics Adjustable Laptop Stand,Office & Computing,25,1847.03,46175.75
2024-09-23,Anker 65W GaN Fast Charger,Electronics,4,2510.5,10042.0
2024-09-23,Biotique Bio Morning Nector SPF,Beauty,24,256.99,6167.76
2024-09-23,FabIndia Cotton Kurta,Fashion,28,1480.41,41451.48
2024-09-23,H&M Relaxed Fit Shirt,Fashion,19,805.15,15297.85
2024-09-23,HP 65W Laptop Power Adapter,Office & Computing,28,1944.63,54449.64
2024-09-23,JBL Flip 6 Bluetooth Speaker,Electronics,28,10147.99,284143.72
2024-09-23,Kuber Industries Storage Box,Home & Living,25,347.57,8689.25
2024-09-23,Lakme Absolute Foundation,Beauty,25,805.97,20149.25
2024-09-23,Levi's 511 Slim Fit Jeans,Fashion,9,3085.07,27765.63
2024-09-23,Logitech MX Keys Keyboard,Electronics,29,8624.97,250124.13
2024-09-23,Mamaearth Vitamin C Face Wash,Beauty,23,292.69,6731.87
2024-09-23,Mi 10000mAh Power Bank,Electronics,9,992.21,8929.89
2024-09-23,Milton Thermosteel Flask 1L,Home & Living,3,702.98,2108.94
2024-09-23,Minimalist 10% Niacinamide Serum,Beauty,11,413.56,4549.16
2024-09-23,Pigeon Aluminium Non-Stick Pan,Home & Living,13,888.3,11547.9
2024-09-23,Plum Green Tea Toner 200ml,Beauty,21,363.26,7628.46
2024-09-23,Portronics Table Lamp LED,Office & Computing,6,1309.52,7857.12
2024-09-23,Prestige Induction Cooktop 1200W,Home & Living,6,2952.77,17716.62
2024-09-23,Puma Classic Track Pants,Fashion,19,1924.24,36560.56
2024-09-23,Royalford Bamboo Chopping Board,Home & Living,2,486.33,972.66
2024-09-23,Samsung Galaxy Buds3 Pro,Electronics,8,12649.33,101194.64
2024-09-23,Sony WH-1000XM5 Headphones,Electronics,29,27270.7,790850.3
2024-09-23,Story@Home Blackout Curtains,Home & Living,11,1259.77,13857.47
2024-09-23,Syska USB Hub 4-Port,Office & Computing,17,612.48,10412.16
2024-09-23,Woodland Casual Sneakers,Fashion,23,2482.53,57098.19
2024-09-23,Wow Skin Science Hair Oil,Beauty,30,598.22,17946.6
2024-09-23,Zebronics ZEB-Crystal Pro Webcam,Electronics,1,1550.42,1550.42
2024-09-23,boAt Airdopes 141 TWS Earbuds,Electronics,14,1289.78,18056.92
2024-09-24,AmazonBasics Adjustable Laptop Stand,Office & Computing,11,1869.7,20566.7
2024-09-24,Anker 65W GaN Fast Charger,Electronics,27,2500.75,67520.25
2024-09-24,H&M Relaxed Fit Shirt,Fashion,40,800.36,32014.4
2024-09-24,JBL Flip 6 Bluetooth Speaker,Electronics,16,9467.05,151472.8
2024-09-24,Milton Thermosteel Flask 1L,Home & Living,6,740.17,4441.02
2024-09-24,Pigeon Aluminium Non-Stick Pan,Home & Living,21,889.38,18676.98
2024-09-24,Plum Green Tea Toner 200ml,Beauty,24,386.85,9284.4
2024-09-24,Royalford Bamboo Chopping Board,Home & Living,46,496.16,22823.36
2024-09-24,Samsung Galaxy Buds3 Pro,Electronics,50,12685.72,634286.0
2024-09-24,Sony WH-1000XM5 Headphones,Electronics,49,25756.56,1262071.44
2024-09-24,Woodland Casual Sneakers,Fashion,36,2385.97,85894.92
2024-09-24,Wow Skin Science Hair Oil,Beauty,2,600.62,1201.24
2024-09-25,AmazonBasics Adjustable Laptop Stand,Office & Computing,19,1851.89,35185.91
2024-09-25,Anker 65W GaN Fast Charger,Electronics,26,2525.24,65656.24
2024-09-25,Biotique Bio Morning Nector SPF,Beauty,16,250.32,4005.12
2024-09-25,FabIndia Cotton Kurta,Fashion,47,1421.8,66824.6
2024-09-25,JBL Flip 6 Bluetooth Speaker,Electronics,40,9940.01,397600.4
2024-09-25,Lakme Absolute Foundation,Beauty,43,754.93,32461.99
2024-09-25,Levi's 511 Slim Fit Jeans,Fashion,39,3072.48,119826.72
2024-09-25,Logitech MX Keys Keyboard,Electronics,42,8849.24,371668.08
2024-09-25,Milton Thermosteel Flask 1L,Home & Living,15,710.18,10652.7
2024-09-25,Pigeon Aluminium Non-Stick Pan,Home & Living,28,850.45,23812.6
2024-09-25,Plum Green Tea Toner 200ml,Beauty,45,354.9,15970.5
2024-09-25,Portronics Table Lamp LED,Office & Computing,48,1376.16,66055.68
2024-09-25,Prestige Induction Cooktop 1200W,Home & Living,41,2857.53,117158.73
2024-09-25,Sony WH-1000XM5 Headphones,Electronics,40,25686.38,1027455.2
2024-09-25,Story@Home Blackout Curtains,Home & Living,12,1274.06,15288.72
2024-09-25,Syska USB Hub 4-Port,Office & Computing,7,564.56,3951.92
2024-09-25,Woodland Casual Sneakers,Fashion,11,2551.39,28065.29
2024-09-25,Zebronics ZEB-Crystal Pro Webcam,Electronics,34,1565.56,53229.04
2024-09-26,Anker 65W GaN Fast Charger,Electronics,46,2571.97,118310.62
2024-09-26,Biotique Bio Morning Nector SPF,Beauty,35,251.09,8788.15
2024-09-26,HP 65W Laptop Power Adapter,Office & Computing,44,1889.25,83127.0
2024-09-26,JBL Flip 6 Bluetooth Speaker,Electronics,19,9511.05,180709.95
2024-09-26,Kuber Industries Storage Box,Home & Living,6,340.55,2043.3
2024-09-26,Mamaearth Vitamin C Face Wash,Beauty,20,294.37,5887.4
2024-09-26,Plum Green Tea Toner 200ml,Beauty,49,394.2,19315.8
2024-09-26,Prestige Induction Cooktop 1200W,Home & Living,2,2826.98,5653.96
2024-09-26,Puma Classic Track Pants,Fashion,20,1975.21,39504.2
2024-09-26,Royalford Bamboo Chopping Board,Home & Living,11,481.58,5297.38
2024-09-26,Wow Skin Science Hair Oil,Beauty,29,571.51,16573.79
2024-09-26,Zebronics ZEB-Crystal Pro Webcam,Electronics,46,1470.22,67630.12
2024-09-27,Allen Solly Polo T-Shirt,Fashion,3,1011.69,3035.07
2024-09-27,AmazonBasics Adjustable Laptop Stand,Office & Computing,22,1716.25,37757.5
2024-09-27,Anker 65W GaN Fast Charger,Electronics,28,2603.46,72896.88
2024-09-27,Biotique Bio Morning Nector SPF,Beauty,30,234.18,7025.4
2024-09-27,H&M Relaxed Fit Shirt,Fashion,27,815.62,22021.74
2024-09-27,HP 65W Laptop Power Adapter,Office & Computing,12,2069.76,24837.12
2024-09-27,Levi's 511 Slim Fit Jeans,Fashion,18,2897.63,52157.34
2024-09-27,Milton Thermosteel Flask 1L,Home & Living,50,724.16,36208.0
2024-09-27,Prestige Induction Cooktop 1200W,Home & Living,37,2984.82,110438.34
2024-09-27,Story@Home Blackout Curtains,Home & Living,9,1284.71,11562.39
2024-09-27,Woodland Casual Sneakers,Fashion,45,2528.68,113790.6
2024-09-27,Wow Skin Science Hair Oil,Beauty,46,589.96,27138.16
2024-09-27,boAt Airdopes 141 TWS Earbuds,Electronics,25,1277.18,31929.5
2024-09-28,Anker 65W GaN Fast Charger,Electronics,29,2369.8,68724.2
2024-09-28,Kuber Industries Storage Box,Home & Living,42,340.8,14313.6
2024-09-28,Lakme Absolute Foundation,Beauty,12,776.87,9322.44
2024-09-28,Levi's 511 Slim Fit Jeans,Fashion,34,3137.85,106686.9
2024-09-28,Logitech MX Keys Keyboard,Electronics,47,8048.16,378263.52
2024-09-28,Mi 10000mAh Power Bank,Electronics,1,1027.57,1027.57
2024-09-28,Plum Green Tea Toner 200ml,Beauty,48,380.7,18273.6
2024-09-28,Prestige Induction Cooktop 1200W,Home & Living,5,2944.38,14721.9
2024-09-28,Syska USB Hub 4-Port,Office & Computing,24,603.55,14485.2
2024-09-28,Woodland Casual Sneakers,Fashion,2,2514.46,5028.92
2024-09-28,boAt Airdopes 141 TWS Earbuds,Electronics,24,1371.22,32909.28
2024-09-29,AmazonBasics Adjustable Laptop Stand,Office & Computing,10,1841.64,18416.4
2024-09-29,Anker 65W GaN Fast Charger,Electronics,44,2468.26,108603.44
2024-09-29,Biotique Bio Morning Nector SPF,Beauty,29,246.16,7138.64
2024-09-29,H&M Relaxed Fit Shirt,Fashion,48,798.44,38325.12
2024-09-29,JBL Flip 6 Bluetooth Speaker,Electronics,50,9489.05,474452.5
2024-09-29,Logitech MX Keys Keyboard,Electronics,29,8382.02,243078.58
2024-09-29,Mamaearth Vitamin C Face Wash,Beauty,9,294.66,2651.94
2024-09-29,Milton Thermosteel Flask 1L,Home & Living,34,716.89,24374.26
2024-09-29,Pigeon Aluminium Non-Stick Pan,Home & Living,10,856.03,8560.3
2024-09-29,Puma Classic Track Pants,Fashion,27,1981.21,53492.67
2024-09-29,Royalford Bamboo Chopping Board,Home & Living,40,520.46,20818.4
2024-09-29,Samsung Galaxy Buds3 Pro,Electronics,2,13178.39,26356.78
2024-09-29,Sony WH-1000XM5 Headphones,Electronics,27,26954.91,727782.57
2024-09-29,Syska USB Hub 4-Port,Office & Computing,32,597.08,19106.56
2024-09-29,Wow Skin Science Hair Oil,Beauty,18,569.65,10253.7
2024-09-29,boAt Airdopes 141 TWS Earbuds,Electronics,28,1319.0,36932.0
2024-09-30,Allen Solly Polo T-Shirt,Fashion,1,1031.47,1031.47
2024-09-30,AmazonBasics Adjustable Laptop Stand,Office & Computing,7,1729.56,12106.92
2024-09-30,Anker 65W GaN Fast Charger,Electronics,14,2520.24,35283.36
2024-09-30,Biotique Bio Morning Nector SPF,Beauty,29,258.81,7505.49
2024-09-30,FabIndia Cotton Kurta,Fashion,13,1454.78,18912.14
2024-09-30,H&M Relaxed Fit Shirt,Fashion,29,770.4,22341.6
2024-09-30,HP 65W Laptop Power Adapter,Office & Computing,14,2064.77,28906.78
2024-09-30,JBL Flip 6 Bluetooth Speaker,Electronics,24,10377.96,249071.04
2024-09-30,Kuber Industries Storage Box,Home & Living,6,362.19,2173.14
2024-09-30,Lakme Absolute Foundation,Beauty,11,778.3,8561.3
2024-09-30,Levi's 511 Slim Fit Jeans,Fashion,5,3115.96,15579.8
2024-09-30,Logitech MX Keys Keyboard,Electronics,5,8525.58,42627.9
2024-09-30,Mamaearth Vitamin C Face Wash,Beauty,22,289.88,6377.36
2024-09-30,Mi 10000mAh Power Bank,Electronics,16,1037.36,16597.76
2024-09-30,Milton Thermosteel Flask 1L,Home & Living,4,699.14,2796.56
2024-09-30,Minimalist 10% Niacinamide Serum,Beauty,15,412.17,6182.55
2024-09-30,Pigeon Aluminium Non-Stick Pan,Home & Living,14,885.69,12399.66
2024-09-30,Plum Green Tea Toner 200ml,Beauty,26,364.91,9487.66
2024-09-30,Portronics Table Lamp LED,Office & Computing,1,1270.29,1270.29
2024-09-30,Prestige Induction Cooktop 1200W,Home & Living,23,2945.28,67741.44
2024-09-30,Puma Classic Track Pants,Fashion,5,2027.59,10137.95
2024-09-30,Royalford Bamboo Chopping Board,Home & Living,11,515.82,5674.02
2024-09-30,Samsung Galaxy Buds3 Pro,Electronics,13,12759.82,165877.66
2024-09-30,Sony WH-1000XM5 Headphones,Electronics,7,27462.33,192236.31
2024-09-30,Story@Home Blackout Curtains,Home & Living,15,1252.37,18785.55
2024-09-30,Syska USB Hub 4-Port,Office & Computing,30,583.55,17506.5
2024-09-30,Woodland Casual Sneakers,Fashion,15,2499.74,37496.1
2024-09-30,Wow Skin Science Hair Oil,Beauty,16,575.82,9213.12
2024-09-30,Zebronics ZEB-Crystal Pro Webcam,Electronics,19,1520.29,28885.51
2024-09-30,boAt Airdopes 141 TWS Earbuds,Electronics,28,1322.77,37037.56
2024-10-01,Anker 65W GaN Fast Charger,Electronics,6,2466.26,14797.56
2024-10-01,Biotique Bio Morning Nector SPF,Beauty,3,256.59,769.77
2024-10-01,JBL Flip 6 Bluetooth Speaker,Electronics,28,10146.99,284115.72
2024-10-01,Kuber Industries Storage Box,Home & Living,4,366.94,1467.76
2024-10-01,Lakme Absolute Foundation,Beauty,13,822.35,10690.55
2024-10-01,Levi's 511 Slim Fit Jeans,Fashion,31,2890.74,89612.94
2024-10-01,Logitech MX Keys Keyboard,Electronics,5,8562.11,42810.55
2024-10-01,Mamaearth Vitamin C Face Wash,Beauty,14,287.19,4020.66
2024-10-01,Milton Thermosteel Flask 1L,Home & Living,6,714.31,4285.86
2024-10-01,Prestige Induction Cooktop 1200W,Home & Living,31,2866.51,88861.81
2024-10-01,Story@Home Blackout Curtains,Home & Living,50,1367.98,68399.0
2024-10-01,Syska USB Hub 4-Port,Office & Computing,18,625.95,11267.1
2024-10-01,Wow Skin Science Hair Oil,Beauty,8,575.34,4602.72
2024-10-01,Zebronics ZEB-Crystal Pro Webcam,Electronics,7,1575.6,11029.2
2024-10-01,boAt Airdopes 141 TWS Earbuds,Electronics,3,1326.41,3979.23
2024-10-02,Anker 65W GaN Fast Charger,Electronics,48,2553.98,122591.04
2024-10-02,Biotique Bio Morning Nector SPF,Beauty,26,251.79,6546.54
2024-10-02,FabIndia Cotton Kurta,Fashion,13,1562.56,20313.28
2024-10-02,H&M Relaxed Fit Shirt,Fashion,30,775.91,23277.3
2024-10-02,Kuber Industries Storage Box,Home & Living,26,362.82,9433.32
2024-10-02,Lakme Absolute Foundation,Beauty,15,841.83,12627.45
2024-10-02,Levi's 511 Slim Fit Jeans,Fashion,6,2952.22,17713.32
2024-10-02,Logitech MX Keys Keyboard,Electronics,5,7998.89,39994.45
2024-10-02,Mamaearth Vitamin C Face Wash,Beauty,40,293.38,11735.2
2024-10-02,Mi 10000mAh Power Bank,Electronics,38,1014.58,38554.04
2024-10-02,Milton Thermosteel Flask 1L,Home & Living,22,667.68,14688.96
2024-10-02,Minimalist 10% Niacinamide Serum,Beauty,6,420.87,2525.22
2024-10-02,Pigeon Aluminium Non-Stick Pan,Home & Living,17,929.48,15801.16
2024-10-02,Prestige Induction Cooktop 1200W,Home & Living,45,3047.41,137133.45
2024-10-02,Puma Classic Track Pants,Fashion,27,1910.64,51587.28
2024-10-02,Royalford Bamboo Chopping Board,Home & Living,40,497.15,19886.0
2024-10-02,Sony WH-1000XM5 Headphones,Electronics,29,27497.41,797424.89
2024-10-02,Story@Home Blackout Curtains,Home & Living,18,1310.56,23590.08
2024-10-02,Woodland Casual Sneakers,Fashion,9,2426.39,21837.51
2024-10-02,Wow Skin Science Hair Oil,Beauty,24,625.72,15017.28
2024-10-03,AmazonBasics Adjustable Laptop Stand,Office & Computing,4,1829.76,7319.04
2024-10-03,Anker 65W GaN Fast Charger,Electronics,8,2578.47,20627.76
2024-10-03,Biotique Bio Morning Nector SPF,Beauty,1,243.47,243.47
2024-10-03,HP 65W Laptop Power Adapter,Office & Computing,27,1942.43,52445.61
2024-10-03,Kuber Industries Storage Box,Home & Living,32,333.26,10664.32
2024-10-03,Logitech MX Keys Keyboard,Electronics,11,8882.37,97706.07
2024-10-03,Mi 10000mAh Power Bank,Electronics,22,954.34,20995.48
2024-10-03,Milton Thermosteel Flask 1L,Home & Living,40,702.56,28102.4
2024-10-03,Portronics Table Lamp LED,Office & Computing,42,1237.69,51982.98
2024-10-03,Prestige Induction Cooktop 1200W,Home & Living,47,3043.22,143031.34
2024-10-03,Puma Classic Track Pants,Fashion,23,2097.35,48239.05
2024-10-03,Sony WH-1000XM5 Headphones,Electronics,7,25621.61,179351.27
2024-10-03,Woodland Casual Sneakers,Fashion,5,2560.12,12800.6
2024-10-03,boAt Airdopes 141 TWS Earbuds,Electronics,2,1300.43,2600.86
2024-10-04,Allen Solly Polo T-Shirt,Fashion,50,967.83,48391.5
2024-10-04,AmazonBasics Adjustable Laptop Stand,Office & Computing,50,1895.43,94771.5
2024-10-04,JBL Flip 6 Bluetooth Speaker,Electronics,14,10325.97,144563.58
2024-10-04,Lakme Absolute Foundation,Beauty,29,786.57,22810.53
2024-10-04,Mamaearth Vitamin C Face Wash,Beauty,41,287.4,11783.4
2024-10-04,Mi 10000mAh Power Bank,Electronics,43,973.43,41857.49
2024-10-04,Milton Thermosteel Flask 1L,Home & Living,9,660.97,5948.73
2024-10-04,Minimalist 10% Niacinamide Serum,Beauty,8,400.4,3203.2
2024-10-04,Pigeon Aluminium Non-Stick Pan,Home & Living,15,918.15,13772.25
2024-10-04,Puma Classic Track Pants,Fashion,25,2102.35,52558.75
2024-10-04,Royalford Bamboo Chopping Board,Home & Living,47,514.92,24201.24
2024-10-04,Syska USB Hub 4-Port,Office & Computing,37,596.06,22054.22
2024-10-04,Wow Skin Science Hair Oil,Beauty,42,602.29,25296.18
2024-10-04,Zebronics ZEB-Crystal Pro Webcam,Electronics,43,1586.24,68208.32
2024-10-04,boAt Airdopes 141 TWS Earbuds,Electronics,30,1323.16,39694.8
2024-10-05,AmazonBasics Adjustable Laptop Stand,Office & Computing,13,1741.79,22643.27
2024-10-05,Biotique Bio Morning Nector SPF,Beauty,13,252.86,3287.18
2024-10-05,H&M Relaxed Fit Shirt,Fashion,42,822.33,34537.86
2024-10-05,HP 65W Laptop Power Adapter,Office & Computing,31,2081.36,64522.16
2024-10-05,Logitech MX Keys Keyboard,Electronics,29,8261.39,239580.31
2024-10-05,Mi 10000mAh Power Bank,Electronics,12,939.46,11273.52
2024-10-05,Minimalist 10% Niacinamide Serum,Beauty,26,410.73,10678.98
2024-10-05,Portronics Table Lamp LED,Office & Computing,21,1318.1,27680.1
2024-10-05,Sony WH-1000XM5 Headphones,Electronics,37,26066.94,964476.78
2024-10-05,Story@Home Blackout Curtains,Home & Living,38,1226.39,46602.82
2024-10-05,Woodland Casual Sneakers,Fashion,33,2435.37,80367.21
2024-10-05,Wow Skin Science Hair Oil,Beauty,29,572.76,16610.04
2024-10-05,boAt Airdopes 141 TWS Earbuds,Electronics,25,1351.74,33793.5
2024-10-06,AmazonBasics Adjustable Laptop Stand,Office & Computing,26,1784.25,46390.5
2024-10-06,Biotique Bio Morning Nector SPF,Beauty,43,251.56,10817.08
2024-10-06,FabIndia Cotton Kurta,Fashion,12,1509.04,18108.48
2024-10-06,Levi's 511 Slim Fit Jeans,Fashion,2,3071.88,6143.76
2024-10-06,Minimalist 10% Niacinamide Serum,Beauty,9,422.66,3803.94
2024-10-06,Pigeon Aluminium Non-Stick Pan,Home & Living,28,912.84,25559.52
2024-10-06,Prestige Induction Cooktop 1200W,Home & Living,38,3157.33,119978.54
2024-10-06,Puma Classic Track Pants,Fashion,24,2046.98,49127.52
2024-10-06,Royalford Bamboo Chopping Board,Home & Living,42,525.55,22073.1
2024-10-06,Samsung Galaxy Buds3 Pro,Electronics,27,12542.74,338653.98
2024-10-06,Story@Home Blackout Curtains,Home & Living,44,1308.87,57590.28
2024-10-07,Allen Solly Polo T-Shirt,Fashion,1,979.52,979.52
2024-10-07,AmazonBasics Adjustable Laptop Stand,Office & Computing,1,1817.17,1817.17
2024-10-07,Anker 65W GaN Fast Charger,Electronics,26,2522.74,65591.24
2024-10-07,Biotique Bio Morning Nector SPF,Beauty,8,250.44,2003.52
2024-10-07,FabIndia Cotton Kurta,Fashion,12,1500.8,18009.6
2024-10-07,H&M Relaxed Fit Shirt,Fashion,6,815.3,4891.8
2024-10-07,HP 65W Laptop Power Adapter,Office & Computing,16,2047.38,32758.08
2024-10-07,JBL Flip 6 Bluetooth Speaker,Electronics,30,10083.99,302519.7
2024-10-07,Kuber Industries Storage Box,Home & Living,26,340.41,8850.66
2024-10-07,Lakme Absolute Foundation,Beauty,29,772.34,22397.86
2024-10-07,Levi's 511 Slim Fit Jeans,Fashion,18,2939.32,52907.76
2024-10-07,Logitech MX Keys Keyboard,Electronics,27,8405.8,226956.6
2024-10-07,Mamaearth Vitamin C Face Wash,Beauty,10,290.87,2908.7
2024-10-07,Mi 10000mAh Power Bank,Electronics,8,995.5,7964.0
2024-10-07,Milton Thermosteel Flask 1L,Home & Living,29,673.98,19545.42
2024-10-07,Minimalist 10% Niacinamide Serum,Beauty,11,400.48,4405.28
2024-10-07,Pigeon Aluminium Non-Stick Pan,Home & Living,5,880.84,4404.2
2024-10-07,Plum Green Tea Toner 200ml,Beauty,24,367.31,8815.44
2024-10-07,Portronics Table Lamp LED,Office & Computing,20,1330.7,26614.0
2024-10-07,Prestige Induction Cooktop 1200W,Home & Living,19,2939.29,55846.51
2024-10-07,Puma Classic Track Pants,Fashion,12,1978.61,23743.32
2024-10-07,Royalford Bamboo Chopping Board,Home & Living,20,487.87,9757.4
2024-10-07,Samsung Galaxy Buds3 Pro,Electronics,30,13144.59,394337.7
2024-10-07,Sony WH-1000XM5 Headphones,Electronics,13,26979.2,350729.6
2024-10-07,Story@Home Blackout Curtains,Home & Living,30,1306.66,39199.8
2024-10-07,Syska USB Hub 4-Port,Office & Computing,19,583.37,11084.03
2024-10-07,Woodland Casual Sneakers,Fashion,20,2426.89,48537.8
2024-10-07,Wow Skin Science Hair Oil,Beauty,18,601.46,10826.28
2024-10-07,Zebronics ZEB-Crystal Pro Webcam,Electronics,13,1486.56,19325.28
2024-10-07,boAt Airdopes 141 TWS Earbuds,Electronics,22,1314.98,28929.56
2024-10-08,Anker 65W GaN Fast Charger,Electronics,37,2575.22,95283.14
2024-10-08,Biotique Bio Morning Nector SPF,Beauty,14,237.57,3325.98
2024-10-08,FabIndia Cotton Kurta,Fashion,8,1431.4,11451.2
2024-10-08,HP 65W Laptop Power Adapter,Office & Computing,46,2001.8,92082.8
2024-10-08,Kuber Industries Storage Box,Home & Living,4,361.84,1447.36
2024-10-08,Lakme Absolute Foundation,Beauty,10,785.94,7859.4
2024-10-08,Levi's 511 Slim Fit Jeans,Fashion,38,3039.49,115500.62
2024-10-08,Logitech MX Keys Keyboard,Electronics,10,8624.97,86249.7
2024-10-08,Mamaearth Vitamin C Face Wash,Beauty,12,316.37,3796.44
2024-10-08,Mi 10000mAh Power Bank,Electronics,46,1011.49,46528.54
2024-10-08,Milton Thermosteel Flask 1L,Home & Living,35,657.76,23021.6
2024-10-08,Pigeon Aluminium Non-Stick Pan,Home & Living,36,899.36,32376.96
2024-10-08,Portronics Table Lamp LED,Office & Computing,34,1319.0,44846.0
2024-10-08,Prestige Induction Cooktop 1200W,Home & Living,31,2958.46,91712.26
2024-10-08,Puma Classic Track Pants,Fashion,25,2046.38,51159.5
2024-10-08,Samsung Galaxy Buds3 Pro,Electronics,1,12300.95,12300.95
2024-10-08,Sony WH-1000XM5 Headphones,Electronics,15,25386.79,380801.85
2024-10-08,Story@Home Blackout Curtains,Home & Living,42,1360.96,57160.32
2024-10-08,Woodland Casual Sneakers,Fashion,34,2469.3,83956.2
2024-10-09,AmazonBasics Adjustable Laptop Stand,Office & Computing,22,1697.54,37345.88
2024-10-09,Anker 65W GaN Fast Charger,Electronics,4,2418.03,9672.12
2024-10-09,FabIndia Cotton Kurta,Fashion,34,1578.45,53667.3
2024-10-09,H&M Relaxed Fit Shirt,Fashion,13,754.98,9814.74
2024-10-09,Lakme Absolute Foundation,Beauty,34,834.59,28376.06
2024-10-09,Logitech MX Keys Keyboard,Electronics,40,8380.32,335212.8
2024-10-09,Mamaearth Vitamin C Face Wash,Beauty,41,303.1,12427.1
2024-10-09,Mi 10000mAh Power Bank,Electronics,38,985.11,37434.18
2024-10-09,Portronics Table Lamp LED,Office & Computing,31,1371.22,42507.82
2024-10-09,Royalford Bamboo Chopping Board,Home & Living,21,469.71,9863.91
2024-10-09,Sony WH-1000XM5 Headphones,Electronics,45,25851.02,1163295.9
2024-10-09,Syska USB Hub 4-Port,Office & Computing,36,599.84,21594.24
2024-10-09,Woodland Casual Sneakers,Fashion,47,2636.47,123914.09
2024-10-09,Wow Skin Science Hair Oil,Beauty,22,603.37,13274.14
2024-10-09,Zebronics ZEB-Crystal Pro Webcam,Electronics,26,1431.25,37212.5
2024-10-10,Biotique Bio Morning Nector SPF,Beauty,27,250.1,6752.7
2024-10-10,H&M Relaxed Fit Shirt,Fashion,28,774.15,21676.2
2024-10-10,Kuber Industries Storage Box,Home & Living,48,364.57,17499.36
2024-10-10,Lakme Absolute Foundation,Beauty,37,787.45,29135.65
2024-10-10,Logitech MX Keys Keyboard,Electronics,44,8050.71,354231.24
2024-10-10,Minimalist 10% Niacinamide Serum,Beauty,29,417.63,12111.27
2024-10-10,Portronics Table Lamp LED,Office & Computing,24,1241.97,29807.28
2024-10-10,Prestige Induction Cooktop 1200W,Home & Living,48,2999.19,143961.12
2024-10-10,Puma Classic Track Pants,Fashion,28,1897.45,53128.6
2024-10-10,Royalford Bamboo Chopping Board,Home & Living,28,510.53,14294.84
2024-10-10,Story@Home Blackout Curtains,Home & Living,33,1342.13,44290.29
2024-10-10,Syska USB Hub 4-Port,Office & Computing,15,570.13,8551.95
2024-10-10,Woodland Casual Sneakers,Fashion,30,2550.14,76504.2
2024-10-10,Wow Skin Science Hair Oil,Beauty,21,618.59,12990.39
2024-10-11,Anker 65W GaN Fast Charger,Electronics,37,2617.45,96845.65
2024-10-11,Biotique Bio Morning Nector SPF,Beauty,45,249.8,11241.0
2024-10-11,JBL Flip 6 Bluetooth Speaker,Electronics,13,9983.0,129779.0
2024-10-11,Kuber Industries Storage Box,Home & Living,6,343.0,2058.0
2024-10-11,Logitech MX Keys Keyboard,Electronics,47,8939.29,420146.63
2024-10-11,Mi 10000mAh Power Bank,Electronics,2,949.05,1898.1
2024-10-11,Milton Thermosteel Flask 1L,Home & Living,39,736.47,28722.33
2024-10-11,Plum Green Tea Toner 200ml,Beauty,50,385.31,19265.5
2024-10-11,Portronics Table Lamp LED,Office & Computing,39,1344.21,52424.19
2024-10-11,Puma Classic Track Pants,Fashion,18,1990.4,35827.2
2024-10-11,Samsung Galaxy Buds3 Pro,Electronics,28,13305.78,372561.84
2024-10-11,Story@Home Blackout Curtains,Home & Living,5,1254.18,6270.9
2024-10-11,Syska USB Hub 4-Port,Office & Computing,27,601.34,16236.18
2024-10-11,Woodland Casual Sneakers,Fashion,32,2544.65,81428.8
2024-10-11,boAt Airdopes 141 TWS Earbuds,Electronics,11,1314.46,14459.06
2024-10-12,Anker 65W GaN Fast Charger,Electronics,27,2431.53,65651.31
2024-10-12,H&M Relaxed Fit Shirt,Fashion,9,771.43,6942.87
2024-10-12,JBL Flip 6 Bluetooth Speaker,Electronics,21,10334.97,217034.37
2024-10-12,Kuber Industries Storage Box,Home & Living,39,360.66,14065.74
2024-10-12,Lakme Absolute Foundation,Beauty,43,835.78,35938.54
2024-10-12,Logitech MX Keys Keyboard,Electronics,47,8175.59,384252.73
2024-10-12,Mamaearth Vitamin C Face Wash,Beauty,50,285.22,14261.0
2024-10-12,Pigeon Aluminium Non-Stick Pan,Home & Living,2,949.79,1899.58
2024-10-12,Portronics Table Lamp LED,Office & Computing,11,1247.69,13724.59
2024-10-12,Prestige Induction Cooktop 1200W,Home & Living,40,2947.98,117919.2
2024-10-12,Royalford Bamboo Chopping Board,Home & Living,20,498.75,9975.0
2024-10-12,Samsung Galaxy Buds3 Pro,Electronics,47,12887.21,605698.87
2024-10-12,Syska USB Hub 4-Port,Office & Computing,4,609.48,2437.92
2024-10-12,Woodland Casual Sneakers,Fashion,48,2521.45,121029.6
2024-10-12,Wow Skin Science Hair Oil,Beauty,27,619.91,16737.57
2024-10-12,Zebronics ZEB-Crystal Pro Webcam,Electronics,13,1462.12,19007.56
2024-10-13,AmazonBasics Adjustable Laptop Stand,Office & Computing,9,1874.92,16874.28
2024-10-13,Anker 65W GaN Fast Charger,Electronics,17,2640.44,44887.48
2024-10-13,Biotique Bio Morning Nector SPF,Beauty,24,244.62,5870.88
2024-10-13,FabIndia Cotton Kurta,Fashion,50,1492.25,74612.5
2024-10-13,HP 65W Laptop Power Adapter,Office & Computing,28,1929.63,54029.64
2024-10-13,JBL Flip 6 Bluetooth Speaker,Electronics,49,9840.02,482160.98
2024-10-13,Lakme Absolute Foundation,Beauty,2,794.05,1588.1
2024-10-13,Levi's 511 Slim Fit Jeans,Fashion,3,2930.92,8792.76
2024-10-13,Logitech MX Keys Keyboard,Electronics,2,8043.07,16086.14
2024-10-13,Mamaearth Vitamin C Face Wash,Beauty,38,291.02,11058.76
2024-10-13,Minimalist 10% Niacinamide Serum,Beauty,34,378.81,12879.54
2024-10-13,Portronics Table Lamp LED,Office & Computing,47,1335.24,62756.28
2024-10-13,Prestige Induction Cooktop 1200W,Home & Living,50,3000.09,150004.5
2024-10-13,Puma Classic Track Pants,Fashion,2,2067.97,4135.94
2024-10-13,Samsung Galaxy Buds3 Pro,Electronics,4,12358.15,49432.6
2024-10-13,Sony WH-1000XM5 Headphones,Electronics,1,26145.21,26145.21
2024-10-13,Story@Home Blackout Curtains,Home & Living,12,1288.61,15463.32
2024-10-13,Wow Skin Science Hair Oil,Beauty,41,587.44,24085.04
2024-10-14,Allen Solly Polo T-Shirt,Fashion,27,971.03,26217.81
2024-10-14,AmazonBasics Adjustable Laptop Stand,Office & Computing,8,1759.6,14076.8
2024-10-14,Anker 65W GaN Fast Charger,Electronics,25,2503.5,62587.5
2024-10-14,Biotique Bio Morning Nector SPF,Beauty,6,252.69,1516.14
2024-10-14,FabIndia Cotton Kurta,Fashion,4,1477.26,5909.04
2024-10-14,H&M Relaxed Fit Shirt,Fashion,2,810.11,1620.22
2024-10-14,HP 65W Laptop Power Adapter,Office & Computing,22,1989.2,43762.4
2024-10-14,JBL Flip 6 Bluetooth Speaker,Electronics,16,10264.97,164239.52
2024-10-14,Kuber Industries Storage Box,Home & Living,2,346.87,693.74
2024-10-14,Lakme Absolute Foundation,Beauty,22,796.35,17519.7
2024-10-14,Levi's 511 Slim Fit Jeans,Fashion,6,2905.43,17432.58
2024-10-14,Logitech MX Keys Keyboard,Electronics,18,8255.44,148597.92
2024-10-14,Mamaearth Vitamin C Face Wash,Beauty,22,299.06,6579.32
2024-10-14,Mi 10000mAh Power Bank,Electronics,5,989.71,4948.55
2024-10-14,Milton Thermosteel Flask 1L,Home & Living,8,715.99,5727.92
2024-10-14,Minimalist 10% Niacinamide Serum,Beauty,22,407.7,8969.4
2024-10-14,Pigeon Aluminium Non-Stick Pan,Home & Living,21,869.06,18250.26
2024-10-14,Plum Green Tea Toner 200ml,Beauty,6,376.57,2259.42
2024-10-14,Portronics Table Lamp LED,Office & Computing,10,1321.08,13210.8
2024-10-14,Prestige Induction Cooktop 1200W,Home & Living,28,2998.59,83960.52
2024-10-14,Puma Classic Track Pants,Fashion,25,1931.43,48285.75
2024-10-14,Royalford Bamboo Chopping Board,Home & Living,19,483.18,9180.42
2024-10-14,Samsung Galaxy Buds3 Pro,Electronics,18,12707.82,228740.76
2024-10-14,Sony WH-1000XM5 Headphones,Electronics,8,26228.88,209831.04
2024-10-14,Story@Home Blackout Curtains,Home & Living,27,1322.38,35704.26
2024-10-14,Syska USB Hub 4-Port,Office & Computing,27,581.21,15692.67
2024-10-14,Woodland Casual Sneakers,Fashion,12,2578.33,30939.96
2024-10-14,Wow Skin Science Hair Oil,Beauty,1,575.82,575.82
2024-10-14,Zebronics ZEB-Crystal Pro Webcam,Electronics,23,1462.87,33646.01
2024-10-14,boAt Airdopes 141 TWS Earbuds,Electronics,21,1257.3,26403.3
2024-10-15,AmazonBasics Adjustable Laptop Stand,Office & Computing,15,1708.15,25622.25
2024-10-15,FabIndia Cotton Kurta,Fashion,43,1487.31,63954.33
2024-10-15,H&M Relaxed Fit Shirt,Fashion,20,765.92,15318.4
2024-10-15,Levi's 511 Slim Fit Jeans,Fashion,36,2953.72,106333.92
2024-10-15,Logitech MX Keys Keyboard,Electronics,45,8924.0,401580.0
2024-10-15,Mi 10000mAh Power Bank,Electronics,41,1010.39,41425.99
2024-10-15,Milton Thermosteel Flask 1L,Home & Living,19,734.72,13959.68
2024-10-15,Minimalist 10% Niacinamide Serum,Beauty,12,417.63,5011.56
2024-10-15,Puma Classic Track Pants,Fashion,11,1893.05,20823.55
2024-10-15,Samsung Galaxy Buds3 Pro,Electronics,17,13580.06,230861.02
2024-10-15,Sony WH-1000XM5 Headphones,Electronics,2,28382.68,56765.36
2024-10-15,Wow Skin Science Hair Oil,Beauty,18,606.73,10921.14
2024-10-15,Zebronics ZEB-Crystal Pro Webcam,Electronics,44,1477.41,65006.04
2024-10-16,Biotique Bio Morning Nector SPF,Beauty,42,255.27,10721.34
2024-10-16,H&M Relaxed Fit Shirt,Fashion,2,773.11,1546.22
2024-10-16,Pigeon Aluminium Non-Stick Pan,Home & Living,40,886.77,35470.8
2024-10-16,Plum Green Tea Toner 200ml,Beauty,11,396.3,4359.3
2024-10-16,Prestige Induction Cooktop 1200W,Home & Living,6,3090.84,18545.04
2024-10-16,Royalford Bamboo Chopping Board,Home & Living,22,492.91,10844.02
2024-10-16,Samsung Galaxy Buds3 Pro,Electronics,34,13502.06,459070.04
2024-10-16,Story@Home Blackout Curtains,Home & Living,44,1250.55,55024.2
2024-10-16,Woodland Casual Sneakers,Fashion,4,2568.1,10272.4
2024-10-16,Zebronics ZEB-Crystal Pro Webcam,Electronics,2,1467.82,2935.64
2024-10-17,Allen Solly Polo T-Shirt,Fashion,46,1030.97,47424.62
2024-10-17,Anker 65W GaN Fast Charger,Electronics,11,2573.97,28313.67
2024-10-17,Biotique Bio Morning Nector SPF,Beauty,16,239.19,3827.04
2024-10-17,FabIndia Cotton Kurta,Fashion,45,1554.31,69943.95
2024-10-17,Logitech MX Keys Keyboard,Electronics,14,8443.18,118204.52
2024-10-17,Milton Thermosteel Flask 1L,Home & Living,14,738.42,10337.88
2024-10-17,Pigeon Aluminium Non-Stick Pan,Home & Living,16,932.71,14923.36
2024-10-17,Plum Green Tea Toner 200ml,Beauty,36,361.69,13020.84
2024-10-17,Prestige Induction Cooktop 1200W,Home & Living,6,3146.55,18879.3
2024-10-17,Samsung Galaxy Buds3 Pro,Electronics,35,12651.93,442817.55
2024-10-17,Woodland Casual Sneakers,Fashion,46,2549.89,117294.94
2024-10-17,boAt Airdopes 141 TWS Earbuds,Electronics,26,1353.95,35202.7
2024-10-18,AmazonBasics Adjustable Laptop Stand,Office & Computing,43,1839.66,79105.38
2024-10-18,Biotique Bio Morning Nector SPF,Beauty,40,247.48,9899.2
2024-10-18,FabIndia Cotton Kurta,Fashion,12,1579.2,18950.4
2024-10-18,JBL Flip 6 Bluetooth Speaker,Electronics,47,10072.99,473430.53
2024-10-18,Logitech MX Keys Keyboard,Electronics,5,8538.32,42691.6
2024-10-18,Mamaearth Vitamin C Face Wash,Beauty,43,289.79,12460.97
2024-10-18,Milton Thermosteel Flask 1L,Home & Living,14,709.42,9931.88
2024-10-18,Plum Green Tea Toner 200ml,Beauty,38,396.6,15070.8
2024-10-18,Portronics Table Lamp LED,Office & Computing,28,1312.12,36739.36
2024-10-18,Prestige Induction Cooktop 1200W,Home & Living,3,2822.19,8466.57
2024-10-18,Puma Classic Track Pants,Fashion,18,1897.05,34146.9
2024-10-18,Royalford Bamboo Chopping Board,Home & Living,49,494.06,24208.94
2024-10-18,Sony WH-1000XM5 Headphones,Electronics,31,25805.14,799959.34
2024-10-18,Story@Home Blackout Curtains,Home & Living,37,1232.1,45587.7
2024-10-18,Woodland Casual Sneakers,Fashion,4,2353.78,9415.12
2024-10-18,boAt Airdopes 141 TWS Earbuds,Electronics,16,1291.47,20663.52
2024-10-19,Anker 65W GaN Fast Charger,Electronics,12,2600.71,31208.52
2024-10-19,FabIndia Cotton Kurta,Fashion,24,1487.46,35699.04
2024-10-19,HP 65W Laptop Power Adapter,Office & Computing,28,2089.35,58501.8
2024-10-19,JBL Flip 6 Bluetooth Speaker,Electronics,13,10289.97,133769.61
2024-10-19,Logitech MX Keys Keyboard,Electronics,30,8253.74,247612.2
2024-10-19,Mamaearth Vitamin C Face Wash,Beauty,18,313.65,5645.7
2024-10-19,Mi 10000mAh Power Bank,Electronics,28,969.13,27135.64
2024-10-19,Minimalist 10% Niacinamide Serum,Beauty,2,396.41,792.82
2024-10-19,Prestige Induction Cooktop 1200W,Home & Living,30,2936.9,88107.0
2024-10-19,Samsung Galaxy Buds3 Pro,Electronics,48,13314.88,639114.24
2024-10-19,Sony WH-1000XM5 Headphones,Electronics,5,26415.11,132075.55
2024-10-19,Story@Home Blackout Curtains,Home & Living,39,1346.15,52499.85
2024-10-19,Wow Skin Science Hair Oil,Beauty,32,621.16,19877.12
2024-10-19,boAt Airdopes 141 TWS Earbuds,Electronics,16,1230.15,19682.4
2024-10-20,Allen Solly Polo T-Shirt,Fashion,7,971.53,6800.71
2024-10-20,Anker 65W GaN Fast Charger,Electronics,16,2541.48,40663.68
2024-10-20,HP 65W Laptop Power Adapter,Office & Computing,5,2013.19,10065.95
2024-10-20,Mamaearth Vitamin C Face Wash,Beauty,6,285.6,1713.6
2024-10-20,Pigeon Aluminium Non-Stick Pan,Home & Living,26,869.78,22614.28
2024-10-20,Portronics Table Lamp LED,Office & Computing,3,1246.91,3740.73
2024-10-20,Prestige Induction Cooktop 1200W,Home & Living,11,2907.55,31983.05
2024-10-20,Puma Classic Track Pants,Fashion,9,1883.26,16949.34
2024-10-20,Samsung Galaxy Buds3 Pro,Electronics,39,12321.75,480548.25
2024-10-20,Sony WH-1000XM5 Headphones,Electronics,35,26317.95,921128.25
2024-10-20,Syska USB Hub 4-Port,Office & Computing,5,570.91,2854.55
2024-10-20,Woodland Casual Sneakers,Fashion,21,2380.73,49995.33
2024-10-20,Wow Skin Science Hair Oil,Beauty,1,611.46,611.46
2024-10-21,Allen Solly Polo T-Shirt,Fashion,24,1007.69,24184.56
2024-10-21,AmazonBasics Adjustable Laptop Stand,Office & Computing,29,1776.51,51518.79
2024-10-21,Anker 65W GaN Fast Charger,Electronics,15,2580.72,38710.8
2024-10-21,Biotique Bio Morning Nector SPF,Beauty,6,241.8,1450.8
2024-10-21,FabIndia Cotton Kurta,Fashion,15,1453.73,21805.95
2024-10-21,H&M Relaxed Fit Shirt,Fashion,9,795.32,7157.88
2024-10-21,HP 65W Laptop Power Adapter,Office & Computing,20,1979.81,39596.2
2024-10-21,JBL Flip 6 Bluetooth Speaker,Electronics,29,9828.02,285012.58
2024-10-21,Kuber Industries Storage Box,Home & Living,22,347.19,7638.18
2024-10-21,Lakme Absolute Foundation,Beauty,14,782.28,10951.92
2024-10-21,Levi's 511 Slim Fit Jeans,Fashion,28,2885.34,80789.52
2024-10-21,Logitech MX Keys Keyboard,Electronics,5,8183.23,40916.15
2024-10-21,Mamaearth Vitamin C Face Wash,Beauty,29,308.27,8939.83
2024-10-21,Mi 10000mAh Power Bank,Electronics,30,1006.99,30209.7
2024-10-21,Milton Thermosteel Flask 1L,Home & Living,2,724.37,1448.74
2024-10-21,Minimalist 10% Niacinamide Serum,Beauty,24,404.79,9714.96
2024-10-21,Pigeon Aluminium Non-Stick Pan,Home & Living,18,906.28,16313.04
2024-10-21,Plum Green Tea Toner 200ml,Beauty,11,376.8,4144.8
2024-10-21,Portronics Table Lamp LED,Office & Computing,23,1313.81,30217.63
2024-10-21,Prestige Induction Cooktop 1200W,Home & Living,29,3037.83,88097.07
2024-10-21,Puma Classic Track Pants,Fashion,5,2003.8,10019.0
2024-10-21,Royalford Bamboo Chopping Board,Home & Living,16,484.68,7754.88
2024-10-21,Samsung Galaxy Buds3 Pro,Electronics,11,13355.17,146906.87
2024-10-21,Sony WH-1000XM5 Headphones,Electronics,23,25921.2,596187.6
2024-10-21,Story@Home Blackout Curtains,Home & Living,16,1250.16,20002.56
2024-10-21,Syska USB Hub 4-Port,Office & Computing,13,606.55,7885.15
2024-10-21,Woodland Casual Sneakers,Fashion,13,2476.79,32198.27
2024-10-21,Wow Skin Science Hair Oil,Beauty,24,588.22,14117.28
2024-10-21,Zebronics ZEB-Crystal Pro Webcam,Electronics,19,1521.78,28913.82
2024-10-21,boAt Airdopes 141 TWS Earbuds,Electronics,13,1322.77,17196.01
2024-10-22,Anker 65W GaN Fast Charger,Electronics,41,2560.73,104989.93
2024-10-22,Biotique Bio Morning Nector SPF,Beauty,31,238.94,7407.14
2024-10-22,H&M Relaxed Fit Shirt,Fashion,35,817.38,28608.3
2024-10-22,Kuber Industries Storage Box,Home & Living,35,364.43,12755.05
2024-10-22,Lakme Absolute Foundation,Beauty,40,822.51,32900.4
2024-10-22,Logitech MX Keys Keyboard,Electronics,12,8816.96,105803.52
2024-10-22,Mi 10000mAh Power Bank,Electronics,22,1022.98,22505.56
2024-10-22,Pigeon Aluminium Non-Stick Pan,Home & Living,21,885.25,18590.25
2024-10-22,Portronics Table Lamp LED,Office & Computing,30,1301.99,39059.7
2024-10-22,Samsung Galaxy Buds3 Pro,Electronics,15,13591.75,203876.25
2024-10-22,Story@Home Blackout Curtains,Home & Living,7,1236.0,8652.0
2024-10-22,Syska USB Hub 4-Port,Office & Computing,44,581.45,25583.8
2024-10-22,Wow Skin Science Hair Oil,Beauty,47,566.0,26602.0
2024-10-23,AmazonBasics Adjustable Laptop Stand,Office & Computing,27,1736.75,46892.25
2024-10-23,Anker 65W GaN Fast Charger,Electronics,11,2578.97,28368.67
2024-10-23,Biotique Bio Morning Nector SPF,Beauty,20,250.82,5016.4
2024-10-23,FabIndia Cotton Kurta,Fashion,18,1419.4,25549.2
2024-10-23,H&M Relaxed Fit Shirt,Fashion,34,812.34,27619.56
2024-10-23,Minimalist 10% Niacinamide Serum,Beauty,47,388.87,18276.89
2024-10-23,Prestige Induction Cooktop 1200W,Home & Living,13,2878.79,37424.27
2024-10-23,Puma Classic Track Pants,Fashion,48,1896.65,91039.2
2024-10-23,Syska USB Hub 4-Port,Office & Computing,21,609.78,12805.38
2024-10-23,Woodland Casual Sneakers,Fashion,1,2582.57,2582.57
2024-10-23,Wow Skin Science Hair Oil,Beauty,39,627.87,24486.93
2024-10-23,Zebronics ZEB-Crystal Pro Webcam,Electronics,10,1429.45,14294.5
2024-10-23,boAt Airdopes 141 TWS Earbuds,Electronics,34,1244.96,42328.64
2024-10-24,AmazonBasics Adjustable Laptop Stand,Office & Computing,1,1757.98,1757.98
2024-10-24,HP 65W Laptop Power Adapter,Office & Computing,44,1944.43,85554.92
2024-10-24,JBL Flip 6 Bluetooth Speaker,Electronics,3,9967.0,29901.0
2024-10-24,Lakme Absolute Foundation,Beauty,37,838.88,31038.56
2024-10-24,Logitech MX Keys Keyboard,Electronics,25,8517.94,212948.5
2024-10-24,Mamaearth Vitamin C Face Wash,Beauty,14,312.93,4381.02
2024-10-24,Mi 10000mAh Power Bank,Electronics,1,953.25,953.25
2024-10-24,Minimalist 10% Niacinamide Serum,Beauty,10,405.34,4053.4
2024-10-24,Portronics Table Lamp LED,Office & Computing,15,1302.9,19543.5
2024-10-24,Samsung Galaxy Buds3 Pro,Electronics,16,13248.58,211977.28
2024-10-24,Sony WH-1000XM5 Headphones,Electronics,50,26798.37,1339918.5
2024-10-24,Syska USB Hub 4-Port,Office & Computing,27,600.5,16213.5
2024-10-24,Woodland Casual Sneakers,Fashion,21,2352.54,49403.34
2024-10-24,Wow Skin Science Hair Oil,Beauty,49,595.89,29198.61
2024-10-24,Zebronics ZEB-Crystal Pro Webcam,Electronics,30,1499.15,44974.5
2024-10-24,boAt Airdopes 141 TWS Earbuds,Electronics,32,1283.41,41069.12
2024-10-25,Biotique Bio Morning Nector SPF,Beauty,38,241.28,9168.64
2024-10-25,FabIndia Cotton Kurta,Fashion,6,1449.08,8694.48
2024-10-25,H&M Relaxed Fit Shirt,Fashion,46,766.24,35247.04
2024-10-25,Kuber Industries Storage Box,Home & Living,48,354.2,17001.6
2024-10-25,Lakme Absolute Foundation,Beauty,5,768.76,3843.8
2024-10-25,Levi's 511 Slim Fit Jeans,Fashion,27,3170.54,85604.58
2024-10-25,Milton Thermosteel Flask 1L,Home & Living,18,707.81,12740.58
2024-10-25,Minimalist 10% Niacinamide Serum,Beauty,43,386.87,16635.41
2024-10-25,Pigeon Aluminium Non-Stick Pan,Home & Living,5,920.4,4602.0
2024-10-25,Prestige Induction Cooktop 1200W,Home & Living,16,2889.28,46228.48
2024-10-25,Puma Classic Track Pants,Fashion,40,2017.79,80711.6
2024-10-25,Zebronics ZEB-Crystal Pro Webcam,Electronics,8,1580.85,12646.8
2024-10-26,Anker 65W GaN Fast Charger,Electronics,28,2482.51,69510.28
2024-10-26,Lakme Absolute Foundation,Beauty,5,768.29,3841.45
2024-10-26,Levi's 511 Slim Fit Jeans,Fashion,11,2849.65,31346.15
2024-10-26,Plum Green Tea Toner 200ml,Beauty,15,388.35,5825.25
2024-10-26,Sony WH-1000XM5 Headphones,Electronics,27,28312.51,764437.77
2024-10-27,Allen Solly Polo T-Shirt,Fashion,40,988.81,39552.4
2024-10-27,FabIndia Cotton Kurta,Fashion,6,1529.58,9177.48
2024-10-27,JBL Flip 6 Bluetooth Speaker,Electronics,42,9568.04,401857.68
2024-10-27,Logitech MX Keys Keyboard,Electronics,25,8112.72,202818.0
2024-10-27,Mamaearth Vitamin C Face Wash,Beauty,30,310.84,9325.2
2024-10-27,Mi 10000mAh Power Bank,Electronics,49,1013.19,49646.31
2024-10-27,Pigeon Aluminium Non-Stick Pan,Home & Living,35,893.07,31257.45
2024-10-27,Plum Green Tea Toner 200ml,Beauty,37,396.19,14659.03
2024-10-27,Prestige Induction Cooktop 1200W,Home & Living,39,2841.66,110824.74
2024-10-27,Royalford Bamboo Chopping Board,Home & Living,31,524.95,16273.45
2024-10-27,Samsung Galaxy Buds3 Pro,Electronics,40,13511.16,540446.4
2024-10-27,Zebronics ZEB-Crystal Pro Webcam,Electronics,29,1576.2,45709.8
2024-10-27,boAt Airdopes 141 TWS Earbuds,Electronics,49,1352.78,66286.22
2024-10-28,Allen Solly Polo T-Shirt,Fashion,14,967.93,13551.02
2024-10-28,AmazonBasics Adjustable Laptop Stand,Office & Computing,5,1741.79,8708.95
2024-10-28,Anker 65W GaN Fast Charger,Electronics,10,2570.97,25709.7
2024-10-28,Biotique Bio Morning Nector SPF,Beauty,10,244.39,2443.9
2024-10-28,FabIndia Cotton Kurta,Fashion,15,1468.72,22030.8
2024-10-28,H&M Relaxed Fit Shirt,Fashion,14,798.12,11173.68
2024-10-28,HP 65W Laptop Power Adapter,Office & Computing,12,2016.79,24201.48
2024-10-28,JBL Flip 6 Bluetooth Speaker,Electronics,26,9783.02,254358.52
2024-10-28,Kuber Industries Storage Box,Home & Living,27,352.56,9519.12
2024-10-28,Lakme Absolute Foundation,Beauty,2,798.58,1597.16
2024-10-28,Levi's 511 Slim Fit Jeans,Fashion,1,2965.11,2965.11
2024-10-28,Logitech MX Keys Keyboard,Electronics,12,8765.99,105191.88
2024-10-28,Mamaearth Vitamin C Face Wash,Beauty,25,294.49,7362.25
2024-10-28,Mi 10000mAh Power Bank,Electronics,24,1029.27,24702.48
2024-10-28,Milton Thermosteel Flask 1L,Home & Living,3,720.11,2160.33
2024-10-28,Minimalist 10% Niacinamide Serum,Beauty,26,405.18,10534.68
2024-10-28,Pigeon Aluminium Non-Stick Pan,Home & Living,24,906.73,21761.52
2024-10-28,Plum Green Tea Toner 200ml,Beauty,15,366.94,5504.1
2024-10-28,Portronics Table Lamp LED,Office & Computing,14,1340.05,18760.7
2024-10-28,Prestige Induction Cooktop 1200W,Home & Living,4,2907.55,11630.2
2024-10-28,Puma Classic Track Pants,Fashion,13,1969.41,25602.33
2024-10-28,Royalford Bamboo Chopping Board,Home & Living,24,482.13,11571.12
2024-10-28,Samsung Galaxy Buds3 Pro,Electronics,25,12537.54,313438.5
2024-10-28,Sony WH-1000XM5 Headphones,Electronics,25,27767.31,694182.75
2024-10-28,Story@Home Blackout Curtains,Home & Living,22,1291.34,28409.48
2024-10-28,Syska USB Hub 4-Port,Office & Computing,20,617.33,12346.6
2024-10-28,Woodland Casual Sneakers,Fashion,11,2530.68,27837.48
2024-10-28,Wow Skin Science Hair Oil,Beauty,10,575.88,5758.8
2024-10-28,Zebronics ZEB-Crystal Pro Webcam,Electronics,21,1468.12,30830.52
2024-10-28,boAt Airdopes 141 TWS Earbuds,Electronics,26,1336.54,34750.04
2024-10-29,Allen Solly Polo T-Shirt,Fashion,32,979.92,31357.44
2024-10-29,Biotique Bio Morning Nector SPF,Beauty,3,249.22,747.66
2024-10-29,Kuber Industries Storage Box,Home & Living,19,346.28,6579.32
2024-10-29,Lakme Absolute Foundation,Beauty,15,758.03,11370.45
2024-10-29,Levi's 511 Slim Fit Jeans,Fashion,45,2977.41,133983.45
2024-10-29,Logitech MX Keys Keyboard,Electronics,6,8286.87,49721.22
2024-10-29,Milton Thermosteel Flask 1L,Home & Living,19,683.9,12994.1
2024-10-29,Pigeon Aluminium Non-Stick Pan,Home & Living,21,872.84,18329.64
2024-10-29,Plum Green Tea Toner 200ml,Beauty,11,388.01,4268.11
2024-10-29,Portronics Table Lamp LED,Office & Computing,17,1305.49,22193.33
2024-10-29,Royalford Bamboo Chopping Board,Home & Living,23,480.79,11058.17
2024-10-29,Sony WH-1000XM5 Headphones,Electronics,30,25756.56,772696.8
2024-10-29,Story@Home Blackout Curtains,Home & Living,11,1302.38,14326.18
2024-10-29,Woodland Casual Sneakers,Fashion,12,2615.01,31380.12
2024-10-29,Zebronics ZEB-Crystal Pro Webcam,Electronics,23,1464.22,33677.06
2024-10-30,Allen Solly Polo T-Shirt,Fashion,49,987.71,48397.79
2024-10-30,H&M Relaxed Fit Shirt,Fashion,27,804.51,21721.77
2024-10-30,Lakme Absolute Foundation,Beauty,43,834.27,35873.61
2024-10-30,Logitech MX Keys Keyboard,Electronics,34,8933.34,303733.56
2024-10-30,Mamaearth Vitamin C Face Wash,Beauty,47,306.12,14387.64
2024-10-30,Milton Thermosteel Flask 1L,Home & Living,6,686.7,4120.2
2024-10-30,Minimalist 10% Niacinamide Serum,Beauty,5,420.39,2101.95
2024-10-30,Pigeon Aluminium Non-Stick Pan,Home & Living,49,948.0,46452.0
2024-10-30,Plum Green Tea Toner 200ml,Beauty,27,375.3,10133.1
2024-10-30,Portronics Table Lamp LED,Office & Computing,15,1299.0,19485.0
2024-10-30,Puma Classic Track Pants,Fashion,39,1923.44,75014.16
2024-10-30,Royalford Bamboo Chopping Board,Home & Living,36,501.3,18046.8
2024-10-30,Samsung Galaxy Buds3 Pro,Electronics,10,13469.56,134695.6
2024-10-30,Zebronics ZEB-Crystal Pro Webcam,Electronics,19,1493.75,28381.25
2024-10-30,boAt Airdopes 141 TWS Earbuds,Electronics,39,1316.02,51324.78
2024-10-31,Anker 65W GaN Fast Charger,Electronics,13,2453.77,31899.01
2024-10-31,HP 65W Laptop Power Adapter,Office & Computing,45,1900.05,85502.25
2024-10-31,Kuber Industries Storage Box,Home & Living,50,346.56,17328.0
2024-10-31,Mamaearth Vitamin C Face Wash,Beauty,43,283.6,12194.8
2024-10-31,Plum Green Tea Toner 200ml,Beauty,49,394.76,19343.24
2024-10-31,Prestige Induction Cooktop 1200W,Home & Living,3,3029.44,9088.32
2024-10-31,Puma Classic Track Pants,Fashion,40,2076.56,83062.4
2024-10-31,Story@Home Blackout Curtains,Home & Living,4,1241.71,4966.84
2024-10-31,Syska USB Hub 4-Port,Office & Computing,36,610.32,21971.52
2024-10-31,Woodland Casual Sneakers,Fashion,38,2562.12,97360.56
2024-10-31,boAt Airdopes 141 TWS Earbuds,Electronics,1,1263.67,1263.67
2024-11-01,Allen Solly Polo T-Shirt,Fashion,7,939.66,6577.62
2024-11-01,AmazonBasics Adjustable Laptop Stand,Office & Computing,5,1885.53,9427.65
2024-11-01,Anker 65W GaN Fast Charger,Electronics,41,2550.23,104559.43
2024-11-01,HP 65W Laptop Power Adapter,Office & Computing,39,1960.02,76440.78
2024-11-01,JBL Flip 6 Bluetooth Speaker,Electronics,31,10433.96,323452.76
2024-11-01,Kuber Industries Storage Box,Home & Living,18,334.52,6021.36
2024-11-01,Mi 10000mAh Power Bank,Electronics,24,1045.45,25090.8
2024-11-01,Milton Thermosteel Flask 1L,Home & Living,30,698.44,20953.2
2024-11-01,Minimalist 10% Niacinamide Serum,Beauty,23,395.09,9087.07
2024-11-01,Pigeon Aluminium Non-Stick Pan,Home & Living,28,897.38,25126.64
2024-11-01,Portronics Table Lamp LED,Office & Computing,45,1326.15,59676.75
2024-11-01,Puma Classic Track Pants,Fashion,7,1955.82,13690.74
2024-11-01,Sony WH-1000XM5 Headphones,Electronics,38,27354.37,1039466.06
2024-11-01,Woodland Casual Sneakers,Fashion,6,2360.02,14160.12
2024-11-02,Allen Solly Polo T-Shirt,Fashion,28,1046.05,29289.4
2024-11-02,AmazonBasics Adjustable Laptop Stand,Office & Computing,20,1869.7,37394.0
2024-11-02,Biotique Bio Morning Nector SPF,Beauty,44,243.15,10698.6
2024-11-02,FabIndia Cotton Kurta,Fashion,22,1438.29,31642.38
2024-11-02,JBL Flip 6 Bluetooth Speaker,Electronics,43,10408.96,447585.28
2024-11-02,Kuber Industries Storage Box,Home & Living,31,345.37,10706.47
2024-11-02,Lakme Absolute Foundation,Beauty,21,770.2,16174.2
2024-11-02,Levi's 511 Slim Fit Jeans,Fashion,35,2908.73,101805.55
2024-11-02,Mamaearth Vitamin C Face Wash,Beauty,27,306.98,8288.46
2024-11-02,Plum Green Tea Toner 200ml,Beauty,37,355.35,13147.95
2024-11-02,Portronics Table Lamp LED,Office & Computing,43,1363.3,58621.9
2024-11-02,Sony WH-1000XM5 Headphones,Electronics,33,26633.73,878913.09
2024-11-02,Woodland Casual Sneakers,Fashion,38,2352.29,89387.02
2024-11-02,Wow Skin Science Hair Oil,Beauty,30,622.48,18674.4
2024-11-03,AmazonBasics Adjustable Laptop Stand,Office & Computing,28,1779.57,49827.96
2024-11-03,Anker 65W GaN Fast Charger,Electronics,41,2397.54,98299.14
2024-11-03,FabIndia Cotton Kurta,Fashion,43,1506.2,64766.6
2024-11-03,HP 65W Laptop Power Adapter,Office & Computing,31,1942.23,60209.13
2024-11-03,JBL Flip 6 Bluetooth Speaker,Electronics,45,9500.05,427502.25
2024-11-03,Levi's 511 Slim Fit Jeans,Fashion,32,3104.26,99336.32
2024-11-03,Milton Thermosteel Flask 1L,Home & Living,37,695.57,25736.09
2024-11-03,Minimalist 10% Niacinamide Serum,Beauty,12,401.51,4818.12
2024-11-03,Portronics Table Lamp LED,Office & Computing,6,1230.41,7382.46
2024-11-03,Prestige Induction Cooktop 1200W,Home & Living,41,2985.12,122389.92
2024-11-03,Puma Classic Track Pants,Fashion,31,2114.74,65556.94
2024-11-03,Samsung Galaxy Buds3 Pro,Electronics,14,12835.21,179692.94
2024-11-03,Sony WH-1000XM5 Headphones,Electronics,2,26031.85,52063.7
2024-11-03,Story@Home Blackout Curtains,Home & Living,36,1224.83,44093.88
2024-11-03,Syska USB Hub 4-Port,Office & Computing,40,578.15,23126.0
2024-11-03,Woodland Casual Sneakers,Fashion,2,2542.4,5084.8
2024-11-03,Wow Skin Science Hair Oil,Beauty,1,568.21,568.21
2024-11-03,Zebronics ZEB-Crystal Pro Webcam,Electronics,3,1491.8,4475.4
2024-11-03,boAt Airdopes 141 TWS Earbuds,Electronics,34,1362.13,46312.42
2024-11-04,Allen Solly Polo T-Shirt,Fashion,10,978.02,9780.2
2024-11-04,AmazonBasics Adjustable Laptop Stand,Office & Computing,17,1811.77,30800.09
2024-11-04,Anker 65W GaN Fast Charger,Electronics,14,2460.02,34440.28
2024-11-04,Biotique Bio Morning Nector SPF,Beauty,5,240.31,1201.55
2024-11-04,FabIndia Cotton Kurta,Fashion,4,1445.04,5780.16
2024-11-04,H&M Relaxed Fit Shirt,Fashion,15,793.49,11902.35
2024-11-04,HP 65W Laptop Power Adapter,Office & Computing,28,2028.59,56800.52
2024-11-04,JBL Flip 6 Bluetooth Speaker,Electronics,26,9881.01,256906.26
2024-11-04,Kuber Industries Storage Box,Home & Living,27,351.65,9494.55
2024-11-04,Lakme Absolute Foundation,Beauty,19,819.17,15564.23
2024-11-04,Levi's 511 Slim Fit Jeans,Fashion,26,2936.02,76336.52
2024-11-04,Logitech MX Keys Keyboard,Electronics,26,8816.11,229218.86
2024-11-04,Mamaearth Vitamin C Face Wash,Beauty,4,302.32,1209.28
2024-11-04,Mi 10000mAh Power Bank,Electronics,28,964.63,27009.64
2024-11-04,Milton Thermosteel Flask 1L,Home & Living,28,686.84,19231.52
2024-11-04,Minimalist 10% Niacinamide Serum,Beauty,20,398.48,7969.6
2024-11-04,Pigeon Aluminium Non-Stick Pan,Home & Living,25,930.73,23268.25
2024-11-04,Plum Green Tea Toner 200ml,Beauty,13,378.9,4925.7
2024-11-04,Portronics Table Lamp LED,Office & Computing,28,1283.28,35931.84
2024-11-04,Prestige Induction Cooktop 1200W,Home & Living,25,3063.59,76589.75
2024-11-04,Puma Classic Track Pants,Fashion,9,1959.02,17631.18
2024-11-04,Royalford Bamboo Chopping Board,Home & Living,12,518.26,6219.12
2024-11-04,Samsung Galaxy Buds3 Pro,Electronics,27,12512.84,337846.68
2024-11-04,Sony WH-1000XM5 Headphones,Electronics,29,26139.82,758054.78
2024-11-04,Story@Home Blackout Curtains,Home & Living,12,1269.38,15232.56
2024-11-04,Syska USB Hub 4-Port,Office & Computing,17,617.27,10493.59
2024-11-04,Woodland Casual Sneakers,Fashion,2,2552.63,5105.26
2024-11-04,Wow Skin Science Hair Oil,Beauty,27,608.46,16428.42
2024-11-04,Zebronics ZEB-Crystal Pro Webcam,Electronics,23,1531.68,35228.64
2024-11-04,boAt Airdopes 141 TWS Earbuds,Electronics,8,1266.91,10135.28
2024-11-05,Allen Solly Polo T-Shirt,Fashion,50,1005.19,50259.5
2024-11-05,AmazonBasics Adjustable Laptop Stand,Office & Computing,32,1736.93,55581.76
2024-11-05,FabIndia Cotton Kurta,Fashion,6,1470.22,8821.32
2024-11-05,JBL Flip 6 Bluetooth Speaker,Electronics,33,9730.03,321090.99
2024-11-05,Kuber Industries Storage Box,Home & Living,16,352.35,5637.6
2024-11-05,Lakme Absolute Foundation,Beauty,35,810.1,28353.5
2024-11-05,Levi's 511 Slim Fit Jeans,Fashion,30,2891.94,86758.2
2024-11-05,Mi 10000mAh Power Bank,Electronics,34,975.32,33160.88
2024-11-05,Milton Thermosteel Flask 1L,Home & Living,39,737.1,28746.9
2024-11-05,Minimalist 10% Niacinamide Serum,Beauty,1,389.46,389.46
2024-11-05,Plum Green Tea Toner 200ml,Beauty,20,360.3,7206.0
2024-11-05,Prestige Induction Cooktop 1200W,Home & Living,39,2950.67,115076.13
2024-11-05,Samsung Galaxy Buds3 Pro,Electronics,20,13754.24,275084.8
2024-11-05,Sony WH-1000XM5 Headphones,Electronics,27,26865.85,725377.95
2024-11-05,Story@Home Blackout Curtains,Home & Living,50,1327.58,66379.0
2024-11-05,Syska USB Hub 4-Port,Office & Computing,46,578.15,26594.9
2024-11-05,Wow Skin Science Hair Oil,Beauty,30,591.87,17756.1
2024-11-05,Zebronics ZEB-Crystal Pro Webcam,Electronics,24,1469.02,35256.48
2024-11-06,Allen Solly Polo T-Shirt,Fashion,30,945.55,28366.5
2024-11-06,AmazonBasics Adjustable Laptop Stand,Office & Computing,15,1755.1,26326.5
2024-11-06,H&M Relaxed Fit Shirt,Fashion,37,794.05,29379.85
2024-11-06,HP 65W Laptop Power Adapter,Office & Computing,46,1918.44,88248.24
2024-11-06,JBL Flip 6 Bluetooth Speaker,Electronics,36,10059.99,362159.64
2024-11-06,Kuber Industries Storage Box,Home & Living,46,337.31,15516.26
2024-11-06,Mamaearth Vitamin C Face Wash,Beauty,34,316.46,10759.64
2024-11-06,Milton Thermosteel Flask 1L,Home & Living,29,717.87,20818.23
2024-11-06,Minimalist 10% Niacinamide Serum,Beauty,48,419.79,20149.92
2024-11-06,Pigeon Aluminium Non-Stick Pan,Home & Living,50,878.77,43938.5
2024-11-06,Prestige Induction Cooktop 1200W,Home & Living,15,2976.73,44650.95
2024-11-06,Puma Classic Track Pants,Fashion,13,1963.42,25524.46
2024-11-06,Royalford Bamboo Chopping Board,Home & Living,30,522.6,15678.0
2024-11-06,Story@Home Blackout Curtains,Home & Living,40,1262.11,50484.4
2024-11-07,Allen Solly Polo T-Shirt,Fashion,14,1009.59,14134.26
2024-11-07,AmazonBasics Adjustable Laptop Stand,Office & Computing,26,1887.15,49065.9
2024-11-07,Biotique Bio Morning Nector SPF,Beauty,9,260.9,2348.1
2024-11-07,JBL Flip 6 Bluetooth Speaker,Electronics,23,10503.95,241590.85
2024-11-07,Logitech MX Keys Keyboard,Electronics,11,8091.49,89006.39
2024-11-07,Mamaearth Vitamin C Face Wash,Beauty,36,307.61,11073.96
2024-11-07,Minimalist 10% Niacinamide Serum,Beauty,42,382.88,16080.96
2024-11-07,Pigeon Aluminium Non-Stick Pan,Home & Living,48,885.69,42513.12
2024-11-07,Plum Green Tea Toner 200ml,Beauty,30,375.86,11275.8
2024-11-07,Prestige Induction Cooktop 1200W,Home & Living,11,3173.2,34905.2
2024-11-07,Royalford Bamboo Chopping Board,Home & Living,19,496.7,9437.3
2024-11-07,Samsung Galaxy Buds3 Pro,Electronics,48,13489.06,647474.88
2024-11-07,Sony WH-1000XM5 Headphones,Electronics,18,26547.36,477852.48
2024-11-07,Story@Home Blackout Curtains,Home & Living,48,1269.9,60955.2
2024-11-07,Wow Skin Science Hair Oil,Beauty,29,625.24,18131.96
2024-11-07,Zebronics ZEB-Crystal Pro Webcam,Electronics,41,1460.78,59891.98
2024-11-07,boAt Airdopes 141 TWS Earbuds,Electronics,49,1234.83,60506.67
2024-11-08,Anker 65W GaN Fast Charger,Electronics,23,2533.74,58276.02
2024-11-08,FabIndia Cotton Kurta,Fashion,50,1465.27,73263.5
2024-11-08,HP 65W Laptop Power Adapter,Office & Computing,19,1930.83,36685.77
2024-11-08,Logitech MX Keys Keyboard,Electronics,20,8562.96,171259.2
2024-11-08,Mamaearth Vitamin C Face Wash,Beauty,46,296.85,13655.1
2024-11-08,Mi 10000mAh Power Bank,Electronics,48,1027.97,49342.56
2024-11-08,Plum Green Tea Toner 200ml,Beauty,6,355.16,2130.96
2024-11-08,Prestige Induction Cooktop 1200W,Home & Living,12,3136.66,37639.92
2024-11-08,Puma Classic Track Pants,Fashion,43,2109.54,90710.22
2024-11-08,Royalford Bamboo Chopping Board,Home & Living,8,508.18,4065.44
2024-11-08,Samsung Galaxy Buds3 Pro,Electronics,16,12541.44,200663.04
2024-11-08,Sony WH-1000XM5 Headphones,Electronics,22,25921.2,570266.4
2024-11-08,Story@Home Blackout Curtains,Home & Living,42,1324.2,55616.4
2024-11-08,Woodland Casual Sneakers,Fashion,50,2503.98,125199.0
2024-11-09,Allen Solly Polo T-Shirt,Fashion,40,1030.97,41238.8
2024-11-09,Anker 65W GaN Fast Charger,Electronics,17,2417.03,41089.51
2024-11-09,Biotique Bio Morning Nector SPF,Beauty,32,236.92,7581.44
2024-11-09,FabIndia Cotton Kurta,Fashion,21,1558.66,32731.86
2024-11-09,JBL Flip 6 Bluetooth Speaker,Electronics,49,9886.01,484414.49
2024-11-09,Lakme Absolute Foundation,Beauty,6,825.05,4950.3
2024-11-09,Levi's 511 Slim Fit Jeans,Fashion,29,3177.44,92145.76
2024-11-09,Mamaearth Vitamin C Face Wash,Beauty,29,296.31,8592.99
2024-11-09,Milton Thermosteel Flask 1L,Home & Living,38,669.85,25454.3
2024-11-09,Minimalist 10% Niacinamide Serum,Beauty,48,421.94,20253.12
2024-11-09,Prestige Induction Cooktop 1200W,Home & Living,40,2858.43,114337.2
2024-11-09,Puma Classic Track Pants,Fashion,49,2061.17,100997.33
2024-11-09,Royalford Bamboo Chopping Board,Home & Living,39,508.78,19842.42
2024-11-09,Samsung Galaxy Buds3 Pro,Electronics,37,13097.79,484618.23
2024-11-09,Woodland Casual Sneakers,Fashion,47,2451.34,115212.98
2024-11-09,Zebronics ZEB-Crystal Pro Webcam,Electronics,26,1503.05,39079.3
2024-11-10,Allen Solly Polo T-Shirt,Fashion,41,966.53,39627.73
2024-11-10,AmazonBasics Adjustable Laptop Stand,Office & Computing,37,1831.02,67747.74
2024-11-10,FabIndia Cotton Kurta,Fashion,44,1439.49,63337.56
2024-11-10,HP 65W Laptop Power Adapter,Office & Computing,29,1965.82,57008.78
2024-11-10,JBL Flip 6 Bluetooth Speaker,Electronics,22,10211.98,224663.56
2024-11-10,Lakme Absolute Foundation,Beauty,8,814.0,6512.0
2024-11-10,Levi's 511 Slim Fit Jeans,Fashion,38,2836.75,107796.5
2024-11-10,Logitech MX Keys Keyboard,Electronics,13,8568.06,111384.78
2024-11-10,Mamaearth Vitamin C Face Wash,Beauty,17,285.4,4851.8
2024-11-10,Milton Thermosteel Flask 1L,Home & Living,17,722.98,12290.66
2024-11-10,Minimalist 10% Niacinamide Serum,Beauty,16,385.27,6164.32
2024-11-10,Plum Green Tea Toner 200ml,Beauty,50,359.93,17996.5
2024-11-10,Portronics Table Lamp LED,Office & Computing,5,1277.7,6388.5
2024-11-10,Zebronics ZEB-Crystal Pro Webcam,Electronics,25,1555.36,38884.0
2024-11-10,boAt Airdopes 141 TWS Earbuds,Electronics,20,1334.2,26684.0
2024-11-11,Allen Solly Polo T-Shirt,Fashion,4,962.84,3851.36
2024-11-11,AmazonBasics Adjustable Laptop Stand,Office & Computing,6,1736.39,10418.34
2024-11-11,Anker 65W GaN Fast Charger,Electronics,20,2411.04,48220.8
2024-11-11,Biotique Bio Morning Nector SPF,Beauty,14,244.54,3423.56
2024-11-11,FabIndia Cotton Kurta,Fashion,13,1542.62,20054.06
2024-11-11,H&M Relaxed Fit Shirt,Fashion,7,815.3,5707.1
2024-11-11,HP 65W Laptop Power Adapter,Office & Computing,27,2035.38,54955.26
2024-11-11,JBL Flip 6 Bluetooth Speaker,Electronics,21,9751.02,204771.42
2024-11-11,Kuber Industries Storage Box,Home & Living,11,360.48,3965.28
2024-11-11,Lakme Absolute Foundation,Beauty,30,774.33,23229.9
2024-11-11,Levi's 511 Slim Fit Jeans,Fashion,11,2882.94,31712.34
2024-11-11,Logitech MX Keys Keyboard,Electronics,2,8765.99,17531.98
2024-11-11,Mamaearth Vitamin C Face Wash,Beauty,10,295.83,2958.3
2024-11-11,Mi 10000mAh Power Bank,Electronics,25,1022.18,25554.5
2024-11-11,Milton Thermosteel Flask 1L,Home & Living,28,688.45,19276.6
2024-11-11,Minimalist 10% Niacinamide Serum,Beauty,8,391.94,3135.52
2024-11-11,Pigeon Aluminium Non-Stick Pan,Home & Living,1,923.99,923.99
2024-11-11,Plum Green Tea Toner 200ml,Beauty,6,379.2,2275.2
2024-11-11,Portronics Table Lamp LED,Office & Computing,9,1269.77,11427.93
2024-11-11,Prestige Induction Cooktop 1200W,Home & Living,30,2889.28,86678.4
2024-11-11,Puma Classic Track Pants,Fashion,4,1923.24,7692.96
2024-11-11,Royalford Bamboo Chopping Board,Home & Living,6,504.44,3026.64
2024-11-11,Samsung Galaxy Buds3 Pro,Electronics,11,12896.31,141859.41
2024-11-11,Sony WH-1000XM5 Headphones,Electronics,14,26382.73,369358.22
2024-11-11,Story@Home Blackout Curtains,Home & Living,6,1275.62,7653.72
2024-11-11,Syska USB Hub 4-Port,Office & Computing,14,622.0,8708.0
2024-11-11,Woodland Casual Sneakers,Fashion,21,2462.07,51703.47
2024-11-11,Wow Skin Science Hair Oil,Beauty,14,613.68,8591.52
2024-11-11,Zebronics ZEB-Crystal Pro Webcam,Electronics,28,1521.04,42589.12
2024-11-11,boAt Airdopes 141 TWS Earbuds,Electronics,18,1293.67,23286.06
2024-11-12,H&M Relaxed Fit Shirt,Fashion,49,793.97,38904.53
2024-11-12,Kuber Industries Storage Box,Home & Living,50,333.99,16699.5
2024-11-12,Levi's 511 Slim Fit Jeans,Fashion,49,2879.04,141072.96
2024-11-12,Mamaearth Vitamin C Face Wash,Beauty,23,287.97,6623.31
2024-11-12,Mi 10000mAh Power Bank,Electronics,36,963.24,34676.64
2024-11-12,Pigeon Aluminium Non-Stick Pan,Home & Living,21,867.8,18223.8
2024-11-12,Portronics Table Lamp LED,Office & Computing,9,1248.86,11239.74
2024-11-12,Samsung Galaxy Buds3 Pro,Electronics,23,13391.57,308006.11
2024-11-12,Sony WH-1000XM5 Headphones,Electronics,41,28361.09,1162804.69
2024-11-12,Story@Home Blackout Curtains,Home & Living,2,1324.85,2649.7
2024-11-12,Syska USB Hub 4-Port,Office & Computing,2,634.7,1269.4
2024-11-12,Wow Skin Science Hair Oil,Beauty,42,571.99,24023.58
2024-11-12,Zebronics ZEB-Crystal Pro Webcam,Electronics,2,1443.09,2886.18
2024-11-13,AmazonBasics Adjustable Laptop Stand,Office & Computing,35,1899.92,66497.2
2024-11-13,Anker 65W GaN Fast Charger,Electronics,35,2499.5,87482.5
2024-11-13,Biotique Bio Morning Nector SPF,Beauty,29,260.95,7567.55
2024-11-13,FabIndia Cotton Kurta,Fashion,40,1461.38,58455.2
2024-11-13,H&M Relaxed Fit Shirt,Fashion,18,767.2,13809.6
2024-11-13,Levi's 511 Slim Fit Jeans,Fashion,29,2922.23,84744.67
2024-11-13,Mi 10000mAh Power Bank,Electronics,42,1027.37,43149.54
2024-11-13,Plum Green Tea Toner 200ml,Beauty,15,371.96,5579.4
2024-11-13,Portronics Table Lamp LED,Office & Computing,5,1288.74,6443.7
2024-11-13,Puma Classic Track Pants,Fashion,7,1973.01,13811.07
2024-11-13,Story@Home Blackout Curtains,Home & Living,26,1224.18,31828.68
2024-11-13,Syska USB Hub 4-Port,Office & Computing,23,597.68,13746.64
2024-11-13,Woodland Casual Sneakers,Fashion,7,2618.0,18326.0
2024-11-13,Wow Skin Science Hair Oil,Beauty,45,611.58,27521.1
2024-11-13,boAt Airdopes 141 TWS Earbuds,Electronics,25,1331.09,33277.25
2024-11-14,Allen Solly Polo T-Shirt,Fashion,12,1023.88,12286.56
2024-11-14,AmazonBasics Adjustable Laptop Stand,Office & Computing,33,1749.71,57740.43
2024-11-14,HP 65W Laptop Power Adapter,Office & Computing,10,2006.0,20060.0
2024-11-14,Lakme Absolute Foundation,Beauty,11,821.55,9037.05
2024-11-14,Pigeon Aluminium Non-Stick Pan,Home & Living,40,891.36,35654.4
2024-11-14,Plum Green Tea Toner 200ml,Beauty,22,376.84,8290.48
2024-11-14,Puma Classic Track Pants,Fashion,44,2076.16,91351.04
2024-11-14,Syska USB Hub 4-Port,Office & Computing,3,612.42,1837.26
2024-11-14,Woodland Casual Sneakers,Fashion,41,2521.7,103389.7
2024-11-14,boAt Airdopes 141 TWS Earbuds,Electronics,38,1304.59,49574.42
2024-11-15,Anker 65W GaN Fast Charger,Electronics,14,2635.2,36892.8
2024-11-15,FabIndia Cotton Kurta,Fashion,40,1507.84,60313.6
2024-11-15,H&M Relaxed Fit Shirt,Fashion,10,794.37,7943.7
2024-11-15,HP 65W Laptop Power Adapter,Office & Computing,5,1879.46,9397.3
2024-11-15,Mi 10000mAh Power Bank,Electronics,2,943.86,1887.72
2024-11-15,Milton Thermosteel Flask 1L,Home & Living,24,668.73,16049.52
2024-11-15,Plum Green Tea Toner 200ml,Beauty,4,393.15,1572.6
2024-11-15,Samsung Galaxy Buds3 Pro,Electronics,37,13401.97,495872.89
2024-11-15,Sony WH-1000XM5 Headphones,Electronics,35,26266.67,919333.45
2024-11-15,Syska USB Hub 4-Port,Office & Computing,14,579.77,8116.78
2024-11-15,Wow Skin Science Hair Oil,Beauty,46,586.6,26983.6
2024-11-15,Zebronics ZEB-Crystal Pro Webcam,Electronics,5,1488.96,7444.8
2024-11-16,Anker 65W GaN Fast Charger,Electronics,8,2482.51,19860.08
2024-11-16,Biotique Bio Morning Nector SPF,Beauty,48,247.93,11900.64
2024-11-16,FabIndia Cotton Kurta,Fashion,16,1426.15,22818.4
2024-11-16,H&M Relaxed Fit Shirt,Fashion,1,760.09,760.09
2024-11-16,Lakme Absolute Foundation,Beauty,44,815.27,35871.88
2024-11-16,Levi's 511 Slim Fit Jeans,Fashion,9,3142.65,28283.85
2024-11-16,Mamaearth Vitamin C Face Wash,Beauty,40,282.73,11309.2
2024-11-16,Mi 10000mAh Power Bank,Electronics,44,992.81,43683.64
2024-11-16,Milton Thermosteel Flask 1L,Home & Living,3,699.77,2099.31
2024-11-16,Prestige Induction Cooktop 1200W,Home & Living,42,2960.86,124356.12
2024-11-16,Puma Classic Track Pants,Fashion,37,2055.77,76063.49
2024-11-16,Samsung Galaxy Buds3 Pro,Electronics,4,12368.55,49474.2
2024-11-16,Sony WH-1000XM5 Headphones,Electronics,26,25745.76,669389.76
2024-11-16,Story@Home Blackout Curtains,Home & Living,33,1304.98,43064.34
2024-11-16,Syska USB Hub 4-Port,Office & Computing,21,628.29,13194.09
2024-11-16,Woodland Casual Sneakers,Fashion,38,2566.11,97512.18
2024-11-16,Wow Skin Science Hair Oil,Beauty,4,564.02,2256.08
2024-11-16,Zebronics ZEB-Crystal Pro Webcam,Electronics,48,1562.56,75002.88
2024-11-16,boAt Airdopes 141 TWS Earbuds,Electronics,9,1298.87,11689.83
2024-11-17,Allen Solly Polo T-Shirt,Fashion,14,1046.25,14647.5
2024-11-17,AmazonBasics Adjustable Laptop Stand,Office & Computing,24,1886.43,45274.32
2024-11-17,Kuber Industries Storage Box,Home & Living,37,343.03,12692.11
2024-11-17,Logitech MX Keys Keyboard,Electronics,6,8543.42,51260.52
2024-11-17,Mi 10000mAh Power Bank,Electronics,44,1017.68,44777.92
2024-11-17,Milton Thermosteel Flask 1L,Home & Living,46,732.34,33687.64
2024-11-17,Prestige Induction Cooktop 1200W,Home & Living,29,3105.81,90068.49
2024-11-17,Puma Classic Track Pants,Fashion,31,1888.66,58548.46
2024-11-17,Samsung Galaxy Buds3 Pro,Electronics,19,13151.09,249870.71
2024-11-17,Sony WH-1000XM5 Headphones,Electronics,30,25726.87,771806.1
2024-11-17,Syska USB Hub 4-Port,Office & Computing,4,594.39,2377.56
2024-11-17,Zebronics ZEB-Crystal Pro Webcam,Electronics,31,1571.85,48727.35
2024-11-18,Allen Solly Polo T-Shirt,Fashion,14,1010.09,14141.26
2024-11-18,AmazonBasics Adjustable Laptop Stand,Office & Computing,2,1770.04,3540.08
2024-11-18,Anker 65W GaN Fast Charger,Electronics,24,2418.78,58050.72
2024-11-18,Biotique Bio Morning Nector SPF,Beauty,10,248.68,2486.8
2024-11-18,FabIndia Cotton Kurta,Fashion,14,1468.87,20564.18
2024-11-18,H&M Relaxed Fit Shirt,Fashion,4,789.09,3156.36
2024-11-18,HP 65W Laptop Power Adapter,Office & Computing,29,1940.03,56260.87
2024-11-18,JBL Flip 6 Bluetooth Speaker,Electronics,9,10140.99,91268.91
2024-11-18,Kuber Industries Storage Box,Home & Living,30,357.59,10727.7
2024-11-18,Lakme Absolute Foundation,Beauty,22,790.39,17388.58
2024-11-18,Levi's 511 Slim Fit Jeans,Fashion,9,2891.64,26024.76
2024-11-18,Logitech MX Keys Keyboard,Electronics,7,8619.03,60333.21
2024-11-18,Mamaearth Vitamin C Face Wash,Beauty,8,292.27,2338.16
2024-11-18,Mi 10000mAh Power Bank,Electronics,14,986.21,13806.94
2024-11-18,Milton Thermosteel Flask 1L,Home & Living,3,701.94,2105.82
2024-11-18,Minimalist 10% Niacinamide Serum,Beauty,10,390.22,3902.2
2024-11-18,Pigeon Aluminium Non-Stick Pan,Home & Living,22,926.06,20373.32
2024-11-18,Plum Green Tea Toner 200ml,Beauty,14,371.85,5205.9
2024-11-18,Portronics Table Lamp LED,Office & Computing,10,1317.45,13174.5
2024-11-18,Prestige Induction Cooktop 1200W,Home & Living,9,3083.05,27747.45
2024-11-18,Puma Classic Track Pants,Fashion,6,1998.8,11992.8
2024-11-18,Royalford Bamboo Chopping Board,Home & Living,3,511.82,1535.46
2024-11-18,Samsung Galaxy Buds3 Pro,Electronics,3,12698.72,38096.16
2024-11-18,Sony WH-1000XM5 Headphones,Electronics,26,27977.83,727423.58
2024-11-18,Story@Home Blackout Curtains,Home & Living,15,1338.88,20083.2
2024-11-18,Syska USB Hub 4-Port,Office & Computing,30,608.22,18246.6
2024-11-18,Woodland Casual Sneakers,Fashion,11,2414.16,26555.76
2024-11-18,Wow Skin Science Hair Oil,Beauty,30,583.61,17508.3
2024-11-18,Zebronics ZEB-Crystal Pro Webcam,Electronics,26,1453.58,37793.08
2024-11-18,boAt Airdopes 141 TWS Earbuds,Electronics,14,1266.14,17725.96
2024-11-19,Allen Solly Polo T-Shirt,Fashion,15,1054.44,15816.6
2024-11-19,Biotique Bio Morning Nector SPF,Beauty,29,248.25,7199.25
2024-11-19,FabIndia Cotton Kurta,Fashion,24,1428.25,34278.0
2024-11-19,Lakme Absolute Foundation,Beauty,44,838.49,36893.56
2024-11-19,Levi's 511 Slim Fit Jeans,Fashion,39,2896.13,112949.07
2024-11-19,Milton Thermosteel Flask 1L,Home & Living,1,658.04,658.04
2024-11-19,Plum Green Tea Toner 200ml,Beauty,5,370.05,1850.25
2024-11-19,Portronics Table Lamp LED,Office & Computing,44,1344.21,59145.24
2024-11-19,Samsung Galaxy Buds3 Pro,Electronics,26,12523.24,325604.24
2024-11-19,Sony WH-1000XM5 Headphones,Electronics,15,28361.09,425416.35
2024-11-19,Story@Home Blackout Curtains,Home & Living,32,1340.05,42881.6
2024-11-19,Wow Skin Science Hair Oil,Beauty,35,564.38,19753.3
2024-11-19,Zebronics ZEB-Crystal Pro Webcam,Electronics,1,1566.31,1566.31
2024-11-19,boAt Airdopes 141 TWS Earbuds,Electronics,27,1297.57,35034.39
2024-11-20,Allen Solly Polo T-Shirt,Fashion,10,983.72,9837.2
2024-11-20,Biotique Bio Morning Nector SPF,Beauty,9,247.23,2225.07
2024-11-20,FabIndia Cotton Kurta,Fashion,13,1446.83,18808.79
2024-11-20,HP 65W Laptop Power Adapter,Office & Computing,46,1919.64,88303.44
2024-11-20,JBL Flip 6 Bluetooth Speaker,Electronics,20,10043.0,200860.0
2024-11-20,Kuber Industries Storage Box,Home & Living,46,363.31,16712.26
2024-11-20,Levi's 511 Slim Fit Jeans,Fashion,34,3025.99,102883.66
2024-11-20,Logitech MX Keys Keyboard,Electronics,41,8363.33,342896.53
2024-11-20,Mi 10000mAh Power Bank,Electronics,5,955.14,4775.7
2024-11-20,Milton Thermosteel Flask 1L,Home & Living,34,693.41,23575.94
2024-11-20,Puma Classic Track Pants,Fashion,41,1914.84,78508.44
2024-11-20,Royalford Bamboo Chopping Board,Home & Living,15,479.34,7190.1
2024-11-20,Samsung Galaxy Buds3 Pro,Electronics,10,13617.75,136177.5
2024-11-20,Sony WH-1000XM5 Headphones,Electronics,44,26687.71,1174259.24
2024-11-20,Woodland Casual Sneakers,Fashion,39,2491.01,97149.39
2024-11-21,AmazonBasics Adjustable Laptop Stand,Office & Computing,43,1795.22,77194.46
2024-11-21,Biotique Bio Morning Nector SPF,Beauty,41,262.92,10779.72
2024-11-21,Lakme Absolute Foundation,Beauty,35,798.1,27933.5
2024-11-21,Levi's 511 Slim Fit Jeans,Fashion,43,3156.75,135740.25
2024-11-21,Logitech MX Keys Keyboard,Electronics,36,8528.98,307043.28
2024-11-21,Mamaearth Vitamin C Face Wash,Beauty,30,297.5,8925.0
2024-11-21,Milton Thermosteel Flask 1L,Home & Living,25,691.1,17277.5
2024-11-21,Minimalist 10% Niacinamide Serum,Beauty,44,418.39,18409.16
2024-11-21,Portronics Table Lamp LED,Office & Computing,31,1356.29,42044.99
2024-11-21,Prestige Induction Cooktop 1200W,Home & Living,49,2829.68,138654.32
2024-11-21,Royalford Bamboo Chopping Board,Home & Living,25,479.89,11997.25
2024-11-21,Sony WH-1000XM5 Headphones,Electronics,18,26050.75,468913.5
2024-11-21,Woodland Casual Sneakers,Fashion,11,2632.47,28957.17
2024-11-21,Zebronics ZEB-Crystal Pro Webcam,Electronics,30,1498.25,44947.5
2024-11-21,boAt Airdopes 141 TWS Earbuds,Electronics,37,1223.27,45260.99
2024-11-22,AmazonBasics Adjustable Laptop Stand,Office & Computing,10,1853.69,18536.9
2024-11-22,Biotique Bio Morning Nector SPF,Beauty,12,241.06,2892.72
2024-11-22,Levi's 511 Slim Fit Jeans,Fashion,10,3158.55,31585.5
2024-11-22,Mamaearth Vitamin C Face Wash,Beauty,14,308.27,4315.78
2024-11-22,Mi 10000mAh Power Bank,Electronics,9,1019.78,9178.02
2024-11-22,Milton Thermosteel Flask 1L,Home & Living,20,686.14,13722.8
2024-11-22,Minimalist 10% Niacinamide Serum,Beauty,23,410.61,9444.03
2024-11-22,Plum Green Tea Toner 200ml,Beauty,14,375.15,5252.1
2024-11-22,Royalford Bamboo Chopping Board,Home & Living,29,524.6,15213.4
2024-11-22,Story@Home Blackout Curtains,Home & Living,24,1233.53,29604.72
2024-11-22,Syska USB Hub 4-Port,Office & Computing,25,589.36,14734.0
2024-11-22,Zebronics ZEB-Crystal Pro Webcam,Electronics,43,1562.56,67190.08
2024-11-23,Allen Solly Polo T-Shirt,Fashion,43,1013.29,43571.47
2024-11-23,AmazonBasics Adjustable Laptop Stand,Office & Computing,14,1850.63,25908.82
2024-11-23,Biotique Bio Morning Nector SPF,Beauty,3,263.57,790.71
2024-11-23,H&M Relaxed Fit Shirt,Fashion,33,845.98,27917.34
2024-11-23,HP 65W Laptop Power Adapter,Office & Computing,27,2081.76,56207.52
2024-11-23,JBL Flip 6 Bluetooth Speaker,Electronics,38,9556.04,363129.52
2024-11-23,Mamaearth Vitamin C Face Wash,Beauty,21,302.77,6358.17
2024-11-23,Minimalist 10% Niacinamide Serum,Beauty,31,416.88,12923.28
2024-11-23,Royalford Bamboo Chopping Board,Home & Living,23,475.75,10942.25
2024-11-23,Woodland Casual Sneakers,Fashion,25,2571.6,64290.0
2024-11-23,Zebronics ZEB-Crystal Pro Webcam,Electronics,1,1583.54,1583.54
2024-11-24,Allen Solly Polo T-Shirt,Fashion,39,1017.58,39685.62
2024-11-24,AmazonBasics Adjustable Laptop Stand,Office & Computing,2,1762.84,3525.68
2024-11-24,H&M Relaxed Fit Shirt,Fashion,46,827.04,38043.84
2024-11-24,JBL Flip 6 Bluetooth Speaker,Electronics,42,10113.99,424787.58
2024-11-24,Mamaearth Vitamin C Face Wash,Beauty,36,283.03,10189.08
2024-11-24,Mi 10000mAh Power Bank,Electronics,30,1008.79,30263.7
2024-11-24,Milton Thermosteel Flask 1L,Home & Living,28,716.68,20067.04
2024-11-24,Minimalist 10% Niacinamide Serum,Beauty,36,398.84,14358.24
2024-11-24,Pigeon Aluminium Non-Stick Pan,Home & Living,17,908.8,15449.6
2024-11-24,Portronics Table Lamp LED,Office & Computing,17,1353.17,23003.89
2024-11-24,Royalford Bamboo Chopping Board,Home & Living,32,515.37,16491.84
2024-11-24,Sony WH-1000XM5 Headphones,Electronics,30,25586.52,767595.6
2024-11-24,Syska USB Hub 4-Port,Office & Computing,34,603.55,20520.7
2024-11-24,Wow Skin Science Hair Oil,Beauty,21,575.34,12082.14
2024-11-25,Allen Solly Polo T-Shirt,Fashion,20,995.6,19912.0
2024-11-25,AmazonBasics Adjustable Laptop Stand,Office & Computing,10,1792.7,17927.0
2024-11-25,Anker 65W GaN Fast Charger,Electronics,25,2440.52,61013.0
2024-11-25,Biotique Bio Morning Nector SPF,Beauty,3,246.24,738.72
2024-11-25,FabIndia Cotton Kurta,Fashion,28,1547.27,43323.56
2024-11-25,H&M Relaxed Fit Shirt,Fashion,4,785.18,3140.72
2024-11-25,HP 65W Laptop Power Adapter,Office & Computing,30,1997.0,59910.0
2024-11-25,JBL Flip 6 Bluetooth Speaker,Electronics,24,10212.98,245111.52
2024-11-25,Kuber Industries Storage Box,Home & Living,3,345.86,1037.58
2024-11-25,Lakme Absolute Foundation,Beauty,16,766.22,12259.52
2024-11-25,Levi's 511 Slim Fit Jeans,Fashion,24,2980.11,71522.64
2024-11-25,Logitech MX Keys Keyboard,Electronics,22,8224.86,180946.92
2024-11-25,Mamaearth Vitamin C Face Wash,Beauty,5,298.49,1492.45
2024-11-25,Mi 10000mAh Power Bank,Electronics,26,999.6,25989.6
2024-11-25,Milton Thermosteel Flask 1L,Home & Living,1,691.66,691.66
2024-11-25,Minimalist 10% Niacinamide Serum,Beauty,10,407.66,4076.6
2024-11-25,Pigeon Aluminium Non-Stick Pan,Home & Living,7,900.26,6301.82
2024-11-25,Plum Green Tea Toner 200ml,Beauty,24,378.41,9081.84
2024-11-25,Portronics Table Lamp LED,Office & Computing,27,1311.86,35420.22
2024-11-25,Prestige Induction Cooktop 1200W,Home & Living,5,3043.22,15216.1
2024-11-25,Puma Classic Track Pants,Fashion,13,2065.17,26847.21
2024-11-25,Royalford Bamboo Chopping Board,Home & Living,22,504.54,11099.88
2024-11-25,Samsung Galaxy Buds3 Pro,Electronics,19,13390.27,254415.13
2024-11-25,Sony WH-1000XM5 Headphones,Electronics,17,26914.43,457545.31
2024-11-25,Story@Home Blackout Curtains,Home & Living,2,1310.82,2621.64
2024-11-25,Syska USB Hub 4-Port,Office & Computing,8,588.16,4705.28
2024-11-25,Woodland Casual Sneakers,Fashion,22,2472.3,54390.6
2024-11-25,Wow Skin Science Hair Oil,Beauty,30,579.65,17389.5
2024-11-25,Zebronics ZEB-Crystal Pro Webcam,Electronics,19,1532.88,29124.72
2024-11-25,boAt Airdopes 141 TWS Earbuds,Electronics,15,1273.02,19095.3
2024-11-26,Allen Solly Polo T-Shirt,Fashion,32,1033.07,33058.24
2024-11-26,AmazonBasics Adjustable Laptop Stand,Office & Computing,45,1847.39,83132.55
2024-11-26,Anker 65W GaN Fast Charger,Electronics,41,2567.47,105266.27
2024-11-26,Biotique Bio Morning Nector SPF,Beauty,7,258.21,1807.47
2024-11-26,FabIndia Cotton Kurta,Fashion,12,1446.98,17363.76
2024-11-26,HP 65W Laptop Power Adapter,Office & Computing,50,1928.04,96402.0
2024-11-26,Kuber Industries Storage Box,Home & Living,8,331.31,2650.48
2024-11-26,Lakme Absolute Foundation,Beauty,23,768.37,17672.51
2024-11-26,Mi 10000mAh Power Bank,Electronics,4,949.25,3797.0
2024-11-26,Milton Thermosteel Flask 1L,Home & Living,7,709.83,4968.81
2024-11-26,Plum Green Tea Toner 200ml,Beauty,24,377.89,9069.36
2024-11-26,Puma Classic Track Pants,Fashion,21,2060.77,43276.17
2024-11-26,Royalford Bamboo Chopping Board,Home & Living,8,519.31,4154.48
2024-11-26,Samsung Galaxy Buds3 Pro,Electronics,8,12515.44,100123.52
2024-11-26,Woodland Casual Sneakers,Fashion,49,2572.34,126044.66
2024-11-26,Zebronics ZEB-Crystal Pro Webcam,Electronics,12,1547.12,18565.44
2024-11-27,AmazonBasics Adjustable Laptop Stand,Office & Computing,46,1906.76,87710.96
2024-11-27,FabIndia Cotton Kurta,Fashion,33,1542.77,50911.41
2024-11-27,JBL Flip 6 Bluetooth Speaker,Electronics,29,10389.96,301308.84
2024-11-27,Kuber Industries Storage Box,Home & Living,36,337.24,12140.64
2024-11-27,Levi's 511 Slim Fit Jeans,Fashion,11,3100.07,34100.77
2024-11-27,Mamaearth Vitamin C Face Wash,Beauty,48,300.49,14423.52
2024-11-27,Milton Thermosteel Flask 1L,Home & Living,42,733.18,30793.56
2024-11-27,Minimalist 10% Niacinamide Serum,Beauty,9,414.12,3727.08
2024-11-27,Royalford Bamboo Chopping Board,Home & Living,1,475.9,475.9
2024-11-27,Samsung Galaxy Buds3 Pro,Electronics,12,13378.57,160542.84
2024-11-27,Woodland Casual Sneakers,Fashion,40,2488.01,99520.4
2024-11-27,Zebronics ZEB-Crystal Pro Webcam,Electronics,1,1568.85,1568.85
2024-11-28,AmazonBasics Adjustable Laptop Stand,Office & Computing,24,1780.11,42722.64
2024-11-28,HP 65W Laptop Power Adapter,Office & Computing,17,1965.82,33418.94
2024-11-28,JBL Flip 6 Bluetooth Speaker,Electronics,50,10467.95,523397.5
2024-11-28,Levi's 511 Slim Fit Jeans,Fashion,4,2875.44,11501.76
2024-11-28,Milton Thermosteel Flask 1L,Home & Living,30,713.4,21402.0
2024-11-28,Minimalist 10% Niacinamide Serum,Beauty,49,387.63,18993.87
2024-11-28,Portronics Table Lamp LED,Office & Computing,44,1319.39,58053.16
2024-11-28,Prestige Induction Cooktop 1200W,Home & Living,45,2954.87,132969.15
2024-11-28,Royalford Bamboo Chopping Board,Home & Living,49,515.77,25272.73
2024-11-28,Samsung Galaxy Buds3 Pro,Electronics,11,13457.86,148036.46
2024-11-28,Sony WH-1000XM5 Headphones,Electronics,3,26968.41,80905.23
2024-11-28,Syska USB Hub 4-Port,Office & Computing,26,596.36,15505.36
2024-11-28,Woodland Casual Sneakers,Fashion,33,2550.64,84171.12
2024-11-29,Allen Solly Polo T-Shirt,Fashion,37,1030.07,38112.59
2024-11-29,AmazonBasics Adjustable Laptop Stand,Office & Computing,31,1791.98,55551.38
2024-11-29,Anker 65W GaN Fast Charger,Electronics,2,2562.97,5125.94
2024-11-29,FabIndia Cotton Kurta,Fashion,13,1543.52,20065.76
2024-11-29,H&M Relaxed Fit Shirt,Fashion,30,761.37,22841.1
2024-11-29,HP 65W Laptop Power Adapter,Office & Computing,20,1907.85,38157.0
2024-11-29,JBL Flip 6 Bluetooth Speaker,Electronics,50,9531.05,476552.5
2024-11-29,Logitech MX Keys Keyboard,Electronics,46,8912.1,409956.6
2024-11-29,Samsung Galaxy Buds3 Pro,Electronics,8,13593.05,108744.4
2024-11-29,Wow Skin Science Hair Oil,Beauty,7,622.12,4354.84
2024-11-29,Zebronics ZEB-Crystal Pro Webcam,Electronics,33,1578.75,52098.75
2024-11-29,boAt Airdopes 141 TWS Earbuds,Electronics,30,1323.55,39706.5
2024-11-30,AmazonBasics Adjustable Laptop Stand,Office & Computing,10,1804.58,18045.8
2024-11-30,Anker 65W GaN Fast Charger,Electronics,33,2449.52,80834.16
2024-11-30,Biotique Bio Morning Nector SPF,Beauty,25,241.13,6028.25
2024-11-30,FabIndia Cotton Kurta,Fashion,5,1483.71,7418.55
2024-11-30,H&M Relaxed Fit Shirt,Fashion,24,755.93,18142.32
2024-11-30,Kuber Industries Storage Box,Home & Living,35,348.65,12202.75
2024-11-30,Levi's 511 Slim Fit Jeans,Fashion,36,3012.5,108450.0
2024-11-30,Mamaearth Vitamin C Face Wash,Beauty,38,304.95,11588.1
2024-11-30,Mi 10000mAh Power Bank,Electronics,21,1011.09,21232.89
2024-11-30,Milton Thermosteel Flask 1L,Home & Living,15,733.39,11000.85
2024-11-30,Minimalist 10% Niacinamide Serum,Beauty,45,376.38,16937.1
2024-11-30,Plum Green Tea Toner 200ml,Beauty,12,393.86,4726.32
2024-11-30,Woodland Casual Sneakers,Fashion,36,2532.92,91185.12
2024-11-30,Wow Skin Science Hair Oil,Beauty,31,589.6,18277.6
2024-11-30,Zebronics ZEB-Crystal Pro Webcam,Electronics,38,1580.1,60043.8
2024-12-01,Allen Solly Polo T-Shirt,Fashion,39,945.75,36884.25
2024-12-01,AmazonBasics Adjustable Laptop Stand,Office & Computing,22,1712.65,37678.3
2024-12-01,Anker 65W GaN Fast Charger,Electronics,46,2377.05,109344.3
2024-12-01,Biotique Bio Morning Nector SPF,Beauty,35,256.84,8989.4
2024-12-01,FabIndia Cotton Kurta,Fashion,38,1449.08,55065.04
2024-12-01,HP 65W Laptop Power Adapter,Office & Computing,47,2091.55,98302.85
2024-12-01,Kuber Industries Storage Box,Home & Living,19,336.37,6391.03
2024-12-01,Logitech MX Keys Keyboard,Electronics,6,8020.98,48125.88
2024-12-01,Mamaearth Vitamin C Face Wash,Beauty,8,294.87,2358.96
2024-12-01,Mi 10000mAh Power Bank,Electronics,7,965.03,6755.21
2024-12-01,Portronics Table Lamp LED,Office & Computing,43,1280.81,55074.83
2024-12-01,Puma Classic Track Pants,Fashion,25,1932.23,48305.75
2024-12-01,Samsung Galaxy Buds3 Pro,Electronics,14,12469.94,174579.16
2024-12-01,Story@Home Blackout Curtains,Home & Living,15,1296.27,19444.05
2024-12-01,Woodland Casual Sneakers,Fashion,40,2586.82,103472.8
2024-12-01,Zebronics ZEB-Crystal Pro Webcam,Electronics,41,1463.77,60014.57
2024-12-02,Allen Solly Polo T-Shirt,Fashion,4,1025.87,4103.48
2024-12-02,AmazonBasics Adjustable Laptop Stand,Office & Computing,17,1812.85,30818.45
2024-12-02,Anker 65W GaN Fast Charger,Electronics,7,2452.02,17164.14
2024-12-02,Biotique Bio Morning Nector SPF,Beauty,8,253.41,2027.28
2024-12-02,FabIndia Cotton Kurta,Fashion,27,1478.31,39914.37
2024-12-02,H&M Relaxed Fit Shirt,Fashion,22,804.99,17709.78
2024-12-02,HP 65W Laptop Power Adapter,Office & Computing,29,1984.81,57559.49
2024-12-02,JBL Flip 6 Bluetooth Speaker,Electronics,22,10269.97,225939.34
2024-12-02,Kuber Industries Storage Box,Home & Living,13,350.47,4556.11
2024-12-02,Lakme Absolute Foundation,Beauty,12,823.06,9876.72
2024-12-02,Levi's 511 Slim Fit Jeans,Fashion,4,3058.08,12232.32
2024-12-02,Logitech MX Keys Keyboard,Electronics,25,8535.78,213394.5
2024-12-02,Mamaearth Vitamin C Face Wash,Beauty,15,304.92,4573.8
2024-12-02,Mi 10000mAh Power Bank,Electronics,27,959.24,25899.48
2024-12-02,Milton Thermosteel Flask 1L,Home & Living,10,702.56,7025.6
2024-12-02,Minimalist 10% Niacinamide Serum,Beauty,23,389.66,8962.18
2024-12-02,Pigeon Aluminium Non-Stick Pan,Home & Living,17,876.61,14902.37
2024-12-02,Plum Green Tea Toner 200ml,Beauty,7,373.5,2614.5
2024-12-02,Portronics Table Lamp LED,Office & Computing,19,1257.69,23896.11
2024-12-02,Prestige Induction Cooktop 1200W,Home & Living,5,2935.1,14675.5
2024-12-02,Puma Classic Track Pants,Fashion,4,1960.82,7843.28
2024-12-02,Royalford Bamboo Chopping Board,Home & Living,29,492.46,14281.34
2024-12-02,Samsung Galaxy Buds3 Pro,Electronics,11,12700.02,139700.22
2024-12-02,Sony WH-1000XM5 Headphones,Electronics,18,26447.5,476055.0
2024-12-02,Story@Home Blackout Curtains,Home & Living,20,1272.63,25452.6
2024-12-02,Syska USB Hub 4-Port,Office & Computing,11,621.52,6836.72
2024-12-02,Woodland Casual Sneakers,Fashion,9,2539.66,22856.94
2024-12-02,Wow Skin Science Hair Oil,Beauty,5,586.6,2933.0
2024-12-02,Zebronics ZEB-Crystal Pro Webcam,Electronics,12,1502.9,18034.8
2024-12-02,boAt Airdopes 141 TWS Earbuds,Electronics,30,1254.83,37644.9
2024-12-03,Anker 65W GaN Fast Charger,Electronics,8,2405.04,19240.32
2024-12-03,H&M Relaxed Fit Shirt,Fashion,36,776.07,27938.52
2024-12-03,HP 65W Laptop Power Adapter,Office & Computing,26,2016.99,52441.74
2024-12-03,JBL Flip 6 Bluetooth Speaker,Electronics,20,10058.99,201179.8
2024-12-03,Lakme Absolute Foundation,Beauty,5,773.22,3866.1
2024-12-03,Logitech MX Keys Keyboard,Electronics,26,8243.55,214332.3
2024-12-03,Mamaearth Vitamin C Face Wash,Beauty,20,304.98,6099.6
2024-12-03,Pigeon Aluminium Non-Stick Pan,Home & Living,39,932.26,36358.14
2024-12-03,Portronics Table Lamp LED,Office & Computing,11,1331.47,14646.17
2024-12-03,Sony WH-1000XM5 Headphones,Electronics,49,27705.24,1357556.76
2024-12-03,Story@Home Blackout Curtains,Home & Living,40,1349.14,53965.6
2024-12-03,Syska USB Hub 4-Port,Office & Computing,49,610.74,29926.26
2024-12-03,Zebronics ZEB-Crystal Pro Webcam,Electronics,39,1506.2,58741.8
2024-12-04,Allen Solly Polo T-Shirt,Fashion,35,994.8,34818.0
2024-12-04,AmazonBasics Adjustable Laptop Stand,Office & Computing,15,1881.21,28218.15
2024-12-04,Anker 65W GaN Fast Charger,Electronics,25,2596.96,64924.0
2024-12-04,Biotique Bio Morning Nector SPF,Beauty,41,257.94,10575.54
2024-12-04,JBL Flip 6 Bluetooth Speaker,Electronics,37,10356.96,383207.52
2024-12-04,Kuber Industries Storage Box,Home & Living,21,347.05,7288.05
2024-12-04,Prestige Induction Cooktop 1200W,Home & Living,43,2932.7,126106.1
2024-12-04,Puma Classic Track Pants,Fashion,37,2116.94,78326.78
2024-12-04,Royalford Bamboo Chopping Board,Home & Living,30,519.31,15579.3
2024-12-04,Samsung Galaxy Buds3 Pro,Electronics,18,12944.4,232999.2
2024-12-04,Sony WH-1000XM5 Headphones,Electronics,3,28598.6,85795.8
2024-12-04,Story@Home Blackout Curtains,Home & Living,8,1296.14,10369.12
2024-12-04,Woodland Casual Sneakers,Fashion,16,2627.48,42039.68
2024-12-04,Wow Skin Science Hair Oil,Beauty,50,593.85,29692.5
2024-12-04,boAt Airdopes 141 TWS Earbuds,Electronics,2,1284.45,2568.9
2024-12-05,AmazonBasics Adjustable Laptop Stand,Office & Computing,4,1717.33,6869.32
2024-12-05,FabIndia Cotton Kurta,Fashion,30,1452.38,43571.4
2024-12-05,H&M Relaxed Fit Shirt,Fashion,35,830.24,29058.4
2024-12-05,HP 65W Laptop Power Adapter,Office & Computing,31,1990.0,61690.0
2024-12-05,JBL Flip 6 Bluetooth Speaker,Electronics,43,10479.95,450637.85
2024-12-05,Kuber Industries Storage Box,Home & Living,23,330.82,7608.86
2024-12-05,Logitech MX Keys Keyboard,Electronics,44,8708.22,383161.68
2024-12-05,Mi 10000mAh Power Bank,Electronics,48,1003.6,48172.8
2024-12-05,Milton Thermosteel Flask 1L,Home & Living,13,732.69,9524.97
2024-12-05,Minimalist 10% Niacinamide Serum,Beauty,27,421.58,11382.66
2024-12-05,Pigeon Aluminium Non-Stick Pan,Home & Living,30,906.46,27193.8
2024-12-05,Puma Classic Track Pants,Fashion,38,1979.21,75209.98
2024-12-05,Sony WH-1000XM5 Headphones,Electronics,36,25745.76,926847.36
2024-12-05,Story@Home Blackout Curtains,Home & Living,15,1240.67,18610.05
2024-12-05,Wow Skin Science Hair Oil,Beauty,24,629.31,15103.44
2024-12-06,AmazonBasics Adjustable Laptop Stand,Office & Computing,15,1892.19,28382.85
2024-12-06,Biotique Bio Morning Nector SPF,Beauty,5,242.05,1210.25
2024-12-06,FabIndia Cotton Kurta,Fashion,1,1499.0,1499.0
2024-12-06,H&M Relaxed Fit Shirt,Fashion,27,826.49,22315.23
2024-12-06,HP 65W Laptop Power Adapter,Office & Computing,42,1964.62,82514.04
2024-12-06,Lakme Absolute Foundation,Beauty,3,775.6,2326.8
2024-12-06,Milton Thermosteel Flask 1L,Home & Living,28,730.59,20456.52
2024-12-06,Portronics Table Lamp LED,Office & Computing,44,1353.3,59545.2
2024-12-06,Story@Home Blackout Curtains,Home & Living,4,1305.37,5221.48
2024-12-06,Syska USB Hub 4-Port,Office & Computing,40,628.95,25158.0
2024-12-06,Wow Skin Science Hair Oil,Beauty,36,568.93,20481.48
2024-12-06,boAt Airdopes 141 TWS Earbuds,Electronics,9,1372.13,12349.17
2024-12-07,Allen Solly Polo T-Shirt,Fashion,40,1003.6,40144.0
2024-12-07,AmazonBasics Adjustable Laptop Stand,Office & Computing,8,1722.0,13776.0
2024-12-07,Biotique Bio Morning Nector SPF,Beauty,16,242.1,3873.6
2024-12-07,Kuber Industries Storage Box,Home & Living,4,368.68,1474.72
2024-12-07,Lakme Absolute Foundation,Beauty,16,837.29,13396.64
2024-12-07,Levi's 511 Slim Fit Jeans,Fashion,48,2837.65,136207.2
2024-12-07,Logitech MX Keys Keyboard,Electronics,40,8646.21,345848.4
2024-12-07,Mamaearth Vitamin C Face Wash,Beauty,10,308.24,3082.4
2024-12-07,Mi 10000mAh Power Bank,Electronics,44,978.52,43054.88
2024-12-07,Milton Thermosteel Flask 1L,Home & Living,32,729.06,23329.92
2024-12-07,Pigeon Aluminium Non-Stick Pan,Home & Living,50,849.73,42486.5
2024-12-07,Prestige Induction Cooktop 1200W,Home & Living,5,3079.16,15395.8
2024-12-07,Royalford Bamboo Chopping Board,Home & Living,18,477.84,8601.12
2024-12-07,Sony WH-1000XM5 Headphones,Electronics,24,28361.09,680666.16
2024-12-07,Story@Home Blackout Curtains,Home & Living,6,1306.4,7838.4
2024-12-07,Syska USB Hub 4-Port,Office & Computing,49,633.74,31053.26
2024-12-07,Woodland Casual Sneakers,Fashion,26,2562.12,66615.12
2024-12-07,Zebronics ZEB-Crystal Pro Webcam,Electronics,46,1493.45,68698.7
2024-12-07,boAt Airdopes 141 TWS Earbuds,Electronics,29,1263.54,36642.66
2024-12-08,Allen Solly Polo T-Shirt,Fashion,28,989.01,27692.28
2024-12-08,AmazonBasics Adjustable Laptop Stand,Office & Computing,25,1868.08,46702.0
2024-12-08,Anker 65W GaN Fast Charger,Electronics,12,2543.48,30521.76
2024-12-08,JBL Flip 6 Bluetooth Speaker,Electronics,18,10134.99,182429.82
2024-12-08,Kuber Industries Storage Box,Home & Living,40,347.32,13892.8
2024-12-08,Lakme Absolute Foundation,Beauty,38,754.38,28666.44
2024-12-08,Levi's 511 Slim Fit Jeans,Fashion,24,2948.62,70766.88
2024-12-08,Plum Green Tea Toner 200ml,Beauty,49,372.9,18272.1
2024-12-08,Portronics Table Lamp LED,Office & Computing,17,1259.64,21413.88
2024-12-08,Puma Classic Track Pants,Fashion,47,2051.57,96423.79
2024-12-08,Royalford Bamboo Chopping Board,Home & Living,30,508.33,15249.9
2024-12-08,Samsung Galaxy Buds3 Pro,Electronics,12,13738.64,164863.68
2024-12-08,Woodland Casual Sneakers,Fashion,5,2563.36,12816.8
2024-12-08,boAt Airdopes 141 TWS Earbuds,Electronics,45,1291.86,58133.7
2024-12-09,Allen Solly Polo T-Shirt,Fashion,16,1006.69,16107.04
2024-12-09,AmazonBasics Adjustable Laptop Stand,Office & Computing,11,1789.47,19684.17
2024-12-09,Anker 65W GaN Fast Charger,Electronics,3,2430.53,7291.59
2024-12-09,Biotique Bio Morning Nector SPF,Beauty,16,250.87,4013.92
2024-12-09,FabIndia Cotton Kurta,Fashion,19,1525.53,28985.07
2024-12-09,H&M Relaxed Fit Shirt,Fashion,17,809.71,13765.07
2024-12-09,HP 65W Laptop Power Adapter,Office & Computing,2,1929.23,3858.46
2024-12-09,JBL Flip 6 Bluetooth Speaker,Electronics,21,9677.03,203217.63
2024-12-09,Kuber Industries Storage Box,Home & Living,28,342.75,9597.0
2024-12-09,Lakme Absolute Foundation,Beauty,22,787.45,17323.9
2024-12-09,Levi's 511 Slim Fit Jeans,Fashion,16,2986.7,47787.2
2024-12-09,Logitech MX Keys Keyboard,Electronics,28,8431.29,236076.12
2024-12-09,Mamaearth Vitamin C Face Wash,Beauty,20,295.98,5919.6
2024-12-09,Mi 10000mAh Power Bank,Electronics,24,982.92,23590.08
2024-12-09,Milton Thermosteel Flask 1L,Home & Living,10,712.42,7124.2
2024-12-09,Minimalist 10% Niacinamide Serum,Beauty,23,398.64,9168.72
2024-12-09,Pigeon Aluminium Non-Stick Pan,Home & Living,13,884.26,11495.38
2024-12-09,Plum Green Tea Toner 200ml,Beauty,14,371.66,5203.24
2024-12-09,Portronics Table Lamp LED,Office & Computing,17,1350.96,22966.32
2024-12-09,Prestige Induction Cooktop 1200W,Home & Living,23,2952.47,67906.81
2024-12-09,Puma Classic Track Pants,Fashion,9,2031.58,18284.22
2024-12-09,Royalford Bamboo Chopping Board,Home & Living,1,489.62,489.62
2024-12-09,Samsung Galaxy Buds3 Pro,Electronics,16,12891.11,206257.76
2024-12-09,Sony WH-1000XM5 Headphones,Electronics,28,26172.2,732821.6
2024-12-09,Story@Home Blackout Curtains,Home & Living,10,1298.87,12988.7
2024-12-09,Syska USB Hub 4-Port,Office & Computing,15,613.62,9204.3
2024-12-09,Woodland Casual Sneakers,Fashion,22,2587.81,56931.82
2024-12-09,Wow Skin Science Hair Oil,Beauty,20,600.26,12005.2
2024-12-09,Zebronics ZEB-Crystal Pro Webcam,Electronics,22,1483.41,32635.02
2024-12-09,boAt Airdopes 141 TWS Earbuds,Electronics,26,1336.54,34750.04
2024-12-10,Allen Solly Polo T-Shirt,Fashion,31,1030.07,31932.17
2024-12-10,Biotique Bio Morning Nector SPF,Beauty,39,252.49,9847.11
2024-12-10,FabIndia Cotton Kurta,Fashion,29,1493.15,43301.35
2024-12-10,H&M Relaxed Fit Shirt,Fashion,35,845.9,29606.5
2024-12-10,Kuber Industries Storage Box,Home & Living,41,346.17,14192.97
2024-12-10,Levi's 511 Slim Fit Jeans,Fashion,5,3022.99,15114.95
2024-12-10,Logitech MX Keys Keyboard,Electronics,28,8744.75,244853.0
2024-12-10,Mamaearth Vitamin C Face Wash,Beauty,38,285.78,10859.64
2024-12-10,Milton Thermosteel Flask 1L,Home & Living,12,677.26,8127.12
2024-12-10,Pigeon Aluminium Non-Stick Pan,Home & Living,37,896.39,33166.43
2024-12-10,Plum Green Tea Toner 200ml,Beauty,30,391.35,11740.5
2024-12-10,Prestige Induction Cooktop 1200W,Home & Living,7,2882.69,20178.83
2024-12-10,Puma Classic Track Pants,Fashion,31,2077.96,64416.76
2024-12-10,Royalford Bamboo Chopping Board,Home & Living,16,503.19,8051.04
2024-12-10,Samsung Galaxy Buds3 Pro,Electronics,11,13619.05,149809.55
2024-12-10,Story@Home Blackout Curtains,Home & Living,49,1364.86,66878.14
2024-12-10,Syska USB Hub 4-Port,Office & Computing,17,621.28,10561.76
2024-12-11,Anker 65W GaN Fast Charger,Electronics,42,2591.71,108851.82
2024-12-11,Biotique Bio Morning Nector SPF,Beauty,26,235.21,6115.46
2024-12-11,FabIndia Cotton Kurta,Fashion,41,1519.24,62288.84
2024-12-11,HP 65W Laptop Power Adapter,Office & Computing,26,2059.57,53548.82
2024-12-11,JBL Flip 6 Bluetooth Speaker,Electronics,32,10521.95,336702.4
2024-12-11,Kuber Industries Storage Box,Home & Living,47,329.84,15502.48
2024-12-11,Lakme Absolute Foundation,Beauty,26,763.6,19853.6
2024-12-11,Logitech MX Keys Keyboard,Electronics,45,8484.81,381816.45
2024-12-11,Mamaearth Vitamin C Face Wash,Beauty,44,295.44,12999.36
2024-12-11,Mi 10000mAh Power Bank,Electronics,35,940.66,32923.1
2024-12-11,Minimalist 10% Niacinamide Serum,Beauty,26,420.63,10936.38
2024-12-11,Plum Green Tea Toner 200ml,Beauty,28,367.65,10294.2
2024-12-11,Portronics Table Lamp LED,Office & Computing,13,1327.06,17251.78
2024-12-11,Prestige Induction Cooktop 1200W,Home & Living,44,3116.9,137143.6
2024-12-11,Royalford Bamboo Chopping Board,Home & Living,40,471.8,18872.0
2024-12-11,Sony WH-1000XM5 Headphones,Electronics,33,27850.98,919082.34
2024-12-11,Story@Home Blackout Curtains,Home & Living,18,1276.53,22977.54
2024-12-11,Woodland Casual Sneakers,Fashion,12,2421.65,29059.8
2024-12-11,boAt Airdopes 141 TWS Earbuds,Electronics,18,1337.97,24083.46
2024-12-12,AmazonBasics Adjustable Laptop Stand,Office & Computing,46,1709.41,78632.86
2024-12-12,Anker 65W GaN Fast Charger,Electronics,31,2392.29,74160.99
2024-12-12,Kuber Industries Storage Box,Home & Living,36,353.78,12736.08
2024-12-12,Levi's 511 Slim Fit Jeans,Fashion,14,3115.66,43619.24
2024-12-12,Logitech MX Keys Keyboard,Electronics,25,8273.28,206832.0
2024-12-12,Mi 10000mAh Power Bank,Electronics,47,1004.79,47225.13
2024-12-12,Pigeon Aluminium Non-Stick Pan,Home & Living,39,876.44,34181.16
2024-12-12,Prestige Induction Cooktop 1200W,Home & Living,10,2832.07,28320.7
2024-12-12,Sony WH-1000XM5 Headphones,Electronics,25,25832.13,645803.25
2024-12-12,Syska USB Hub 4-Port,Office & Computing,44,597.5,26290.0
2024-12-12,Zebronics ZEB-Crystal Pro Webcam,Electronics,4,1446.09,5784.36
2024-12-13,Allen Solly Polo T-Shirt,Fashion,17,958.14,16288.38
2024-12-13,Anker 65W GaN Fast Charger,Electronics,40,2438.77,97550.8
2024-12-13,Biotique Bio Morning Nector SPF,Beauty,12,253.23,3038.76
2024-12-13,HP 65W Laptop Power Adapter,Office & Computing,30,1910.64,57319.2
2024-12-13,JBL Flip 6 Bluetooth Speaker,Electronics,27,9910.01,267570.27
2024-12-13,Kuber Industries Storage Box,Home & Living,5,366.17,1830.85
2024-12-13,Lakme Absolute Foundation,Beauty,35,756.2,26467.0
2024-12-13,Logitech MX Keys Keyboard,Electronics,24,8055.81,193339.44
2024-12-13,Milton Thermosteel Flask 1L,Home & Living,37,737.93,27303.41
2024-12-13,Minimalist 10% Niacinamide Serum,Beauty,46,416.16,19143.36
2024-12-13,Prestige Induction Cooktop 1200W,Home & Living,44,3096.83,136260.52
2024-12-13,Sony WH-1000XM5 Headphones,Electronics,13,26034.55,338449.15
2024-12-13,Story@Home Blackout Curtains,Home & Living,16,1310.95,20975.2
2024-12-13,Syska USB Hub 4-Port,Office & Computing,39,624.4,24351.6
2024-12-13,Wow Skin Science Hair Oil,Beauty,3,631.94,1895.82
2024-12-13,Zebronics ZEB-Crystal Pro Webcam,Electronics,16,1552.21,24835.36
2024-12-13,boAt Airdopes 141 TWS Earbuds,Electronics,29,1265.1,36687.9
2024-12-14,Allen Solly Polo T-Shirt,Fashion,4,1037.06,4148.24
2024-12-14,AmazonBasics Adjustable Laptop Stand,Office & Computing,21,1809.61,38001.81
2024-12-14,Biotique Bio Morning Nector SPF,Beauty,17,263.32,4476.44
2024-12-14,FabIndia Cotton Kurta,Fashion,29,1471.57,42675.53
2024-12-14,JBL Flip 6 Bluetooth Speaker,Electronics,41,10476.95,429554.95
2024-12-14,Levi's 511 Slim Fit Jeans,Fashion,9,3017.29,27155.61
2024-12-14,Logitech MX Keys Keyboard,Electronics,30,8760.89,262826.7
2024-12-14,Mamaearth Vitamin C Face Wash,Beauty,3,299.78,899.34
2024-12-14,Minimalist 10% Niacinamide Serum,Beauty,46,401.03,18447.38
2024-12-14,Prestige Induction Cooktop 1200W,Home & Living,3,3060.29,9180.87
2024-12-14,Puma Classic Track Pants,Fashion,21,1985.01,41685.21
2024-12-14,Royalford Bamboo Chopping Board,Home & Living,41,478.64,19624.24
2024-12-14,Sony WH-1000XM5 Headphones,Electronics,40,27996.73,1119869.2
2024-12-14,Story@Home Blackout Curtains,Home & Living,38,1367.2,51953.6
2024-12-14,Syska USB Hub 4-Port,Office & Computing,31,615.71,19087.01
2024-12-14,Zebronics ZEB-Crystal Pro Webcam,Electronics,3,1474.12,4422.36
2024-12-14,boAt Airdopes 141 TWS Earbuds,Electronics,19,1328.1,25233.9
2024-12-15,AmazonBasics Adjustable Laptop Stand,Office & Computing,40,1706.17,68246.8
2024-12-15,Anker 65W GaN Fast Charger,Electronics,26,2587.71,67280.46
2024-12-15,Biotique Bio Morning Nector SPF,Beauty,42,261.55,10985.1
2024-12-15,FabIndia Cotton Kurta,Fashion,7,1476.81,10337.67
2024-12-15,H&M Relaxed Fit Shirt,Fashion,35,809.07,28317.45
2024-12-15,HP 65W Laptop Power Adapter,Office & Computing,26,2036.58,52951.08
2024-12-15,Logitech MX Keys Keyboard,Electronics,24,8723.52,209364.48
2024-12-15,Mi 10000mAh Power Bank,Electronics,43,996.1,42832.3
2024-12-15,Minimalist 10% Niacinamide Serum,Beauty,35,417.19,14601.65
2024-12-15,Samsung Galaxy Buds3 Pro,Electronics,31,12520.64,388139.84
2024-12-15,Story@Home Blackout Curtains,Home & Living,24,1346.93,32326.32
2024-12-15,Zebronics ZEB-Crystal Pro Webcam,Electronics,17,1518.04,25806.68
2024-12-16,Allen Solly Polo T-Shirt,Fashion,1,1009.59,1009.59
2024-12-16,AmazonBasics Adjustable Laptop Stand,Office & Computing,22,1870.24,41145.28
2024-12-16,Anker 65W GaN Fast Charger,Electronics,6,2509.5,15057.0
2024-12-16,Biotique Bio Morning Nector SPF,Beauty,7,248.15,1737.05
2024-12-16,FabIndia Cotton Kurta,Fashion,7,1530.48,10713.36
2024-12-16,H&M Relaxed Fit Shirt,Fashion,2,781.1,1562.2
2024-12-16,HP 65W Laptop Power Adapter,Office & Computing,21,1969.21,41353.41
2024-12-16,JBL Flip 6 Bluetooth Speaker,Electronics,21,10115.99,212435.79
2024-12-16,Kuber Industries Storage Box,Home & Living,15,360.66,5409.9
2024-12-16,Lakme Absolute Foundation,Beauty,17,783.47,13318.99
2024-12-16,Levi's 511 Slim Fit Jeans,Fashion,12,3002.3,36027.6
2024-12-16,Logitech MX Keys Keyboard,Electronics,20,8664.9,173298.0
2024-12-16,Mamaearth Vitamin C Face Wash,Beauty,23,300.17,6903.91
2024-12-16,Mi 10000mAh Power Bank,Electronics,19,1005.39,19102.41
2024-12-16,Milton Thermosteel Flask 1L,Home & Living,8,696.97,5575.76
2024-12-16,Minimalist 10% Niacinamide Serum,Beauty,16,394.17,6306.72
2024-12-16,Pigeon Aluminium Non-Stick Pan,Home & Living,2,919.41,1838.82
2024-12-16,Plum Green Tea Toner 200ml,Beauty,23,366.45,8428.35
2024-12-16,Portronics Table Lamp LED,Office & Computing,27,1334.33,36026.91
2024-12-16,Prestige Induction Cooktop 1200W,Home & Living,8,3057.6,24460.8
2024-12-16,Puma Classic Track Pants,Fashion,7,2078.36,14548.52
2024-12-16,Royalford Bamboo Chopping Board,Home & Living,8,506.73,4053.84
2024-12-16,Samsung Galaxy Buds3 Pro,Electronics,30,13147.19,394415.7
2024-12-16,Sony WH-1000XM5 Headphones,Electronics,5,27640.46,138202.3
2024-12-16,Story@Home Blackout Curtains,Home & Living,29,1304.33,37825.57
2024-12-16,Syska USB Hub 4-Port,Office & Computing,5,594.81,2974.05
2024-12-16,Woodland Casual Sneakers,Fashion,20,2569.6,51392.0
2024-12-16,Wow Skin Science Hair Oil,Beauty,27,592.05,15985.35
2024-12-16,Zebronics ZEB-Crystal Pro Webcam,Electronics,17,1516.69,25783.73
2024-12-16,boAt Airdopes 141 TWS Earbuds,Electronics,18,1257.17,22629.06
2024-12-17,Anker 65W GaN Fast Charger,Electronics,26,2421.28,62953.28
2024-12-17,FabIndia Cotton Kurta,Fashion,36,1571.4,56570.4
2024-12-17,H&M Relaxed Fit Shirt,Fashion,24,844.06,20257.44
2024-12-17,HP 65W Laptop Power Adapter,Office & Computing,42,2005.6,84235.2
2024-12-17,JBL Flip 6 Bluetooth Speaker,Electronics,21,9779.02,205359.42
2024-12-17,Mi 10000mAh Power Bank,Electronics,26,1026.97,26701.22
2024-12-17,Plum Green Tea Toner 200ml,Beauty,37,369.19,13660.03
2024-12-17,Portronics Table Lamp LED,Office & Computing,40,1240.29,49611.6
2024-12-17,Prestige Induction Cooktop 1200W,Home & Living,36,3065.38,110353.68
2024-12-17,Puma Classic Track Pants,Fashion,11,2111.34,23224.74
2024-12-17,Woodland Casual Sneakers,Fashion,16,2626.99,42031.84
2024-12-18,Allen Solly Polo T-Shirt,Fashion,16,972.23,15555.68
2024-12-18,AmazonBasics Adjustable Laptop Stand,Office & Computing,4,1715.53,6862.12
2024-12-18,Anker 65W GaN Fast Charger,Electronics,43,2490.25,107080.75
2024-12-18,FabIndia Cotton Kurta,Fashion,43,1430.2,61498.6
2024-12-18,Mamaearth Vitamin C Face Wash,Beauty,48,302.5,14520.0
2024-12-18,Mi 10000mAh Power Bank,Electronics,27,1047.65,28286.55
2024-12-18,Milton Thermosteel Flask 1L,Home & Living,29,739.82,21454.78
2024-12-18,Minimalist 10% Niacinamide Serum,Beauty,15,399.36,5990.4
2024-12-18,Pigeon Aluminium Non-Stick Pan,Home & Living,46,880.66,40510.36
2024-12-18,Portronics Table Lamp LED,Office & Computing,10,1263.02,12630.2
2024-12-18,Puma Classic Track Pants,Fashion,2,2084.56,4169.12
2024-12-18,Samsung Galaxy Buds3 Pro,Electronics,18,13622.95,245213.1
2024-12-18,Sony WH-1000XM5 Headphones,Electronics,45,25535.24,1149085.8
2024-12-18,Story@Home Blackout Curtains,Home & Living,14,1242.36,17393.04
2024-12-18,Woodland Casual Sneakers,Fashion,11,2644.2,29086.2
2024-12-18,Zebronics ZEB-Crystal Pro Webcam,Electronics,12,1438.14,17257.68
2024-12-19,Anker 65W GaN Fast Charger,Electronics,18,2425.28,43655.04
2024-12-19,HP 65W Laptop Power Adapter,Office & Computing,2,1962.82,3925.64
2024-12-19,Kuber Industries Storage Box,Home & Living,34,358.0,12172.0
2024-12-19,Logitech MX Keys Keyboard,Electronics,14,8748.15,122474.1
2024-12-19,Mamaearth Vitamin C Face Wash,Beauty,31,312.9,9699.9
2024-12-19,Minimalist 10% Niacinamide Serum,Beauty,32,399.08,12770.56
2024-12-19,Pigeon Aluminium Non-Stick Pan,Home & Living,41,949.61,38934.01
2024-12-19,Portronics Table Lamp LED,Office & Computing,7,1338.49,9369.43
2024-12-19,Prestige Induction Cooktop 1200W,Home & Living,30,2987.51,89625.3
2024-12-19,Puma Classic Track Pants,Fashion,8,1924.64,15397.12
2024-12-19,Sony WH-1000XM5 Headphones,Electronics,44,28326.01,1246344.44
2024-12-19,Story@Home Blackout Curtains,Home & Living,16,1303.81,20860.96
2024-12-19,Syska USB Hub 4-Port,Office & Computing,26,570.85,14842.1
2024-12-19,Zebronics ZEB-Crystal Pro Webcam,Electronics,50,1533.93,76696.5
2024-12-19,boAt Airdopes 141 TWS Earbuds,Electronics,42,1262.24,53014.08
2024-12-20,FabIndia Cotton Kurta,Fashion,22,1545.47,34000.34
2024-12-20,Kuber Industries Storage Box,Home & Living,26,367.67,9559.42
2024-12-20,Logitech MX Keys Keyboard,Electronics,37,8965.62,331727.94
2024-12-20,Minimalist 10% Niacinamide Serum,Beauty,26,382.96,9956.96
2024-12-20,Pigeon Aluminium Non-Stick Pan,Home & Living,19,885.25,16819.75
2024-12-20,Puma Classic Track Pants,Fashion,6,2012.59,12075.54
2024-12-20,Story@Home Blackout Curtains,Home & Living,17,1307.18,22222.06
2024-12-20,Woodland Casual Sneakers,Fashion,17,2426.89,41257.13
2024-12-20,Wow Skin Science Hair Oil,Beauty,21,614.27,12899.67
2024-12-20,Zebronics ZEB-Crystal Pro Webcam,Electronics,4,1422.85,5691.4
2024-12-21,FabIndia Cotton Kurta,Fashion,16,1411.61,22585.76
2024-12-21,H&M Relaxed Fit Shirt,Fashion,11,762.41,8386.51
2024-12-21,HP 65W Laptop Power Adapter,Office & Computing,24,1986.61,47678.64
2024-12-21,JBL Flip 6 Bluetooth Speaker,Electronics,4,9410.06,37640.24
2024-12-21,Kuber Industries Storage Box,Home & Living,29,358.77,10404.33
2024-12-21,Logitech MX Keys Keyboard,Electronics,18,8343.79,150188.22
2024-12-21,Mamaearth Vitamin C Face Wash,Beauty,46,286.35,13172.1
2024-12-21,Minimalist 10% Niacinamide Serum,Beauty,45,395.93,17816.85
2024-12-21,Pigeon Aluminium Non-Stick Pan,Home & Living,23,883.36,20317.28
2024-12-21,Portronics Table Lamp LED,Office & Computing,49,1339.01,65611.49
2024-12-21,Royalford Bamboo Chopping Board,Home & Living,21,483.98,10163.58
2024-12-21,Syska USB Hub 4-Port,Office & Computing,46,578.87,26628.02
2024-12-22,Allen Solly Polo T-Shirt,Fashion,18,966.23,17392.14
2024-12-22,Anker 65W GaN Fast Charger,Electronics,2,2608.71,5217.42
2024-12-22,Biotique Bio Morning Nector SPF,Beauty,40,258.86,10354.4
2024-12-22,FabIndia Cotton Kurta,Fashion,21,1488.21,31252.41
2024-12-22,Lakme Absolute Foundation,Beauty,46,793.89,36518.94
2024-12-22,Mi 10000mAh Power Bank,Electronics,7,958.94,6712.58
2024-12-22,Milton Thermosteel Flask 1L,Home & Living,45,711.16,32002.2
2024-12-22,Pigeon Aluminium Non-Stick Pan,Home & Living,2,855.04,1710.08
2024-12-22,Plum Green Tea Toner 200ml,Beauty,44,353.89,15571.16
2024-12-22,Portronics Table Lamp LED,Office & Computing,1,1232.36,1232.36
2024-12-22,Puma Classic Track Pants,Fashion,11,2092.55,23018.05
2024-12-22,Royalford Bamboo Chopping Board,Home & Living,34,476.64,16205.76
2024-12-22,Syska USB Hub 4-Port,Office & Computing,2,628.47,1256.94
2024-12-22,Woodland Casual Sneakers,Fashion,47,2485.52,116819.44
2024-12-23,Allen Solly Polo T-Shirt,Fashion,19,978.42,18589.98
2024-12-23,AmazonBasics Adjustable Laptop Stand,Office & Computing,11,1870.42,20574.62
2024-12-23,Anker 65W GaN Fast Charger,Electronics,6,2399.54,14397.24
2024-12-23,Biotique Bio Morning Nector SPF,Beauty,5,245.12,1225.6
2024-12-23,FabIndia Cotton Kurta,Fashion,16,1558.51,24936.16
2024-12-23,H&M Relaxed Fit Shirt,Fashion,20,770.56,15411.2
2024-12-23,HP 65W Laptop Power Adapter,Office & Computing,23,2057.97,47333.31
2024-12-23,JBL Flip 6 Bluetooth Speaker,Electronics,10,10229.98,102299.8
2024-12-23,Kuber Industries Storage Box,Home & Living,1,356.99,356.99
2024-12-23,Lakme Absolute Foundation,Beauty,14,789.2,11048.8
2024-12-23,Levi's 511 Slim Fit Jeans,Fashion,4,2987.6,11950.4
2024-12-23,Logitech MX Keys Keyboard,Electronics,30,8787.23,263616.9
2024-12-23,Mamaearth Vitamin C Face Wash,Beauty,16,305.16,4882.56
2024-12-23,Mi 10000mAh Power Bank,Electronics,22,998.2,21960.4
2024-12-23,Milton Thermosteel Flask 1L,Home & Living,19,725.35,13781.65
2024-12-23,Minimalist 10% Niacinamide Serum,Beauty,30,412.89,12386.7
2024-12-23,Pigeon Aluminium Non-Stick Pan,Home & Living,26,931.72,24224.72
2024-12-23,Plum Green Tea Toner 200ml,Beauty,9,382.57,3443.13
2024-12-23,Portronics Table Lamp LED,Office & Computing,18,1314.33,23657.94
2024-12-23,Prestige Induction Cooktop 1200W,Home & Living,22,2969.24,65323.28
2024-12-23,Puma Classic Track Pants,Fashion,10,2029.98,20299.8
2024-12-23,Royalford Bamboo Chopping Board,Home & Living,12,489.27,5871.24
2024-12-23,Samsung Galaxy Buds3 Pro,Electronics,5,12754.62,63773.1
2024-12-23,Sony WH-1000XM5 Headphones,Electronics,22,27057.47,595264.34
2024-12-23,Story@Home Blackout Curtains,Home & Living,2,1256.13,2512.26
2024-12-23,Syska USB Hub 4-Port,Office & Computing,23,617.51,14202.73
2024-12-23,Woodland Casual Sneakers,Fashion,11,2411.42,26525.62
2024-12-23,Wow Skin Science Hair Oil,Beauty,26,594.09,15446.34
2024-12-23,Zebronics ZEB-Crystal Pro Webcam,Electronics,1,1540.97,1540.97
2024-12-23,boAt Airdopes 141 TWS Earbuds,Electronics,21,1350.83,28367.43
2024-12-24,Allen Solly Polo T-Shirt,Fashion,19,980.12,18622.28
2024-12-24,FabIndia Cotton Kurta,Fashion,31,1463.62,45372.22
2024-12-24,Lakme Absolute Foundation,Beauty,14,774.33,10840.62
2024-12-24,Minimalist 10% Niacinamide Serum,Beauty,13,418.23,5436.99
2024-12-24,Plum Green Tea Toner 200ml,Beauty,47,380.06,17862.82
2024-12-24,Portronics Table Lamp LED,Office & Computing,41,1247.43,51144.63
2024-12-24,Samsung Galaxy Buds3 Pro,Electronics,3,12521.94,37565.82
2024-12-24,Story@Home Blackout Curtains,Home & Living,25,1352.0,33800.0
2024-12-24,boAt Airdopes 141 TWS Earbuds,Electronics,15,1286.4,19296.0
2024-12-25,AmazonBasics Adjustable Laptop Stand,Office & Computing,44,1899.02,83556.88
2024-12-25,FabIndia Cotton Kurta,Fashion,22,1492.1,32826.2
2024-12-25,HP 65W Laptop Power Adapter,Office & Computing,27,1940.63,52397.01
2024-12-25,JBL Flip 6 Bluetooth Speaker,Electronics,47,9739.03,457734.41
2024-12-25,Logitech MX Keys Keyboard,Electronics,9,8015.03,72135.27
2024-12-25,Milton Thermosteel Flask 1L,Home & Living,27,677.75,18299.25
2024-12-25,Pigeon Aluminium Non-Stick Pan,Home & Living,32,952.4,30476.8
2024-12-25,Royalford Bamboo Chopping Board,Home & Living,10,516.22,5162.2
2024-12-25,Samsung Galaxy Buds3 Pro,Electronics,22,13550.16,298103.52
2024-12-25,Sony WH-1000XM5 Headphones,Electronics,23,25494.75,586379.25
2024-12-25,Story@Home Blackout Curtains,Home & Living,25,1323.42,33085.5
2024-12-26,Allen Solly Polo T-Shirt,Fashion,15,1022.78,15341.7
2024-12-26,AmazonBasics Adjustable Laptop Stand,Office & Computing,46,1814.11,83449.06
2024-12-26,Biotique Bio Morning Nector SPF,Beauty,28,246.46,6900.88
2024-12-26,FabIndia Cotton Kurta,Fashion,39,1540.22,60068.58
2024-12-26,Lakme Absolute Foundation,Beauty,4,766.14,3064.56
2024-12-26,Levi's 511 Slim Fit Jeans,Fashion,8,3152.55,25220.4
2024-12-26,Logitech MX Keys Keyboard,Electronics,24,8964.77,215154.48
2024-12-26,Mamaearth Vitamin C Face Wash,Beauty,9,308.33,2774.97
2024-12-26,Minimalist 10% Niacinamide Serum,Beauty,12,410.73,4928.76
2024-12-26,Pigeon Aluminium Non-Stick Pan,Home & Living,40,936.85,37474.0
2024-12-26,Plum Green Tea Toner 200ml,Beauty,35,375.49,13142.15
2024-12-26,Portronics Table Lamp LED,Office & Computing,10,1223.01,12230.1
2024-12-26,Woodland Casual Sneakers,Fashion,13,2438.11,31695.43
2024-12-27,Anker 65W GaN Fast Charger,Electronics,9,2361.8,21256.2
2024-12-27,Biotique Bio Morning Nector SPF,Beauty,2,242.28,484.56
2024-12-27,FabIndia Cotton Kurta,Fashion,30,1567.35,47020.5
2024-12-27,H&M Relaxed Fit Shirt,Fashion,46,783.02,36018.92
2024-12-27,HP 65W Laptop Power Adapter,Office & Computing,10,2002.2,20022.0
2024-12-27,JBL Flip 6 Bluetooth Speaker,Electronics,43,9404.06,404374.58
2024-12-27,Kuber Industries Storage Box,Home & Living,19,340.17,6463.23
2024-12-27,Lakme Absolute Foundation,Beauty,35,748.25,26188.75
2024-12-27,Mi 10000mAh Power Bank,Electronics,26,989.51,25727.26
2024-12-27,Royalford Bamboo Chopping Board,Home & Living,50,502.14,25107.0
2024-12-27,Syska USB Hub 4-Port,Office & Computing,34,619.55,21064.7
2024-12-27,Woodland Casual Sneakers,Fashion,32,2472.3,79113.6
2024-12-27,Wow Skin Science Hair Oil,Beauty,46,566.29,26049.34
2024-12-27,Zebronics ZEB-Crystal Pro Webcam,Electronics,16,1449.83,23197.28
2024-12-28,AmazonBasics Adjustable Laptop Stand,Office & Computing,13,1787.31,23235.03
2024-12-28,Anker 65W GaN Fast Charger,Electronics,30,2464.01,73920.3
2024-12-28,Biotique Bio Morning Nector SPF,Beauty,7,238.19,1667.33
2024-12-28,FabIndia Cotton Kurta,Fashion,21,1536.47,32265.87
2024-12-28,Kuber Industries Storage Box,Home & Living,30,349.1,10473.0
2024-12-28,Lakme Absolute Foundation,Beauty,39,821.71,32046.69
2024-12-28,Logitech MX Keys Keyboard,Electronics,47,8266.48,388524.56
2024-12-28,Mamaearth Vitamin C Face Wash,Beauty,15,298.19,4472.85
2024-12-28,Milton Thermosteel Flask 1L,Home & Living,48,706.55,33914.4
2024-12-28,Pigeon Aluminium Non-Stick Pan,Home & Living,27,930.11,25112.97
2024-12-28,Portronics Table Lamp LED,Office & Computing,16,1244.7,19915.2
2024-12-28,Puma Classic Track Pants,Fashion,9,2100.15,18901.35
2024-12-28,Syska USB Hub 4-Port,Office & Computing,9,607.21,5464.89
2024-12-28,Zebronics ZEB-Crystal Pro Webcam,Electronics,26,1534.38,39893.88
2024-12-29,Anker 65W GaN Fast Charger,Electronics,39,2444.52,95336.28
2024-12-29,Biotique Bio Morning Nector SPF,Beauty,7,254.65,1782.55
2024-12-29,FabIndia Cotton Kurta,Fashion,3,1497.95,4493.85
2024-12-29,HP 65W Laptop Power Adapter,Office & Computing,46,2087.16,96009.36
2024-12-29,JBL Flip 6 Bluetooth Speaker,Electronics,44,10162.98,447171.12
2024-12-29,Minimalist 10% Niacinamide Serum,Beauty,27,405.26,10942.02
2024-12-29,Puma Classic Track Pants,Fashion,42,1990.2,83588.4
2024-12-29,Royalford Bamboo Chopping Board,Home & Living,3,515.17,1545.51
2024-12-29,Zebronics ZEB-Crystal Pro Webcam,Electronics,30,1567.8,47034.0
2024-12-30,Allen Solly Polo T-Shirt,Fashion,5,982.32,4911.6
2024-12-30,AmazonBasics Adjustable Laptop Stand,Office & Computing,16,1778.67,28458.72
2024-12-30,Anker 65W GaN Fast Charger,Electronics,15,2536.73,38050.95
2024-12-30,Biotique Bio Morning Nector SPF,Beauty,13,245.66,3193.58
2024-12-30,FabIndia Cotton Kurta,Fashion,15,1498.85,22482.75
2024-12-30,H&M Relaxed Fit Shirt,Fashion,7,786.3,5504.1
2024-12-30,HP 65W Laptop Power Adapter,Office & Computing,17,2041.78,34710.26
2024-12-30,JBL Flip 6 Bluetooth Speaker,Electronics,2,10062.99,20125.98
2024-12-30,Kuber Industries Storage Box,Home & Living,20,351.44,7028.8
2024-12-30,Lakme Absolute Foundation,Beauty,10,787.13,7871.3
2024-12-30,Levi's 511 Slim Fit Jeans,Fashion,8,3105.76,24846.08
2024-12-30,Logitech MX Keys Keyboard,Electronics,28,8265.64,231437.92
2024-12-30,Mamaearth Vitamin C Face Wash,Beauty,26,302.92,7875.92
2024-12-30,Mi 10000mAh Power Bank,Electronics,5,994.7,4973.5
2024-12-30,Milton Thermosteel Flask 1L,Home & Living,25,714.45,17861.25
2024-12-30,Minimalist 10% Niacinamide Serum,Beauty,24,391.78,9402.72
2024-12-30,Pigeon Aluminium Non-Stick Pan,Home & Living,16,890.82,14253.12
2024-12-30,Plum Green Tea Toner 200ml,Beauty,26,383.89,9981.14
2024-12-30,Portronics Table Lamp LED,Office & Computing,20,1276.4,25528.0
2024-12-30,Prestige Induction Cooktop 1200W,Home & Living,5,3013.57,15067.85
2024-12-30,Puma Classic Track Pants,Fashion,16,1951.02,31216.32
2024-12-30,Royalford Bamboo Chopping Board,Home & Living,4,507.78,2031.12
2024-12-30,Samsung Galaxy Buds3 Pro,Electronics,8,13253.78,106030.24
2024-12-30,Sony WH-1000XM5 Headphones,Electronics,18,27195.12,489512.16
2024-12-30,Story@Home Blackout Curtains,Home & Living,13,1261.33,16397.29
2024-12-30,Syska USB Hub 4-Port,Office & Computing,17,589.36,10019.12
2024-12-30,Woodland Casual Sneakers,Fashion,22,2423.39,53314.58
2024-12-30,Wow Skin Science Hair Oil,Beauty,12,620.98,7451.76
2024-12-30,Zebronics ZEB-Crystal Pro Webcam,Electronics,27,1497.8,40440.6
2024-12-30,boAt Airdopes 141 TWS Earbuds,Electronics,27,1248.6,33712.2
2024-12-31,FabIndia Cotton Kurta,Fashion,2,1489.41,2978.82
2024-12-31,H&M Relaxed Fit Shirt,Fashion,20,820.81,16416.2
2024-12-31,HP 65W Laptop Power Adapter,Office & Computing,15,1985.41,29781.15
2024-12-31,JBL Flip 6 Bluetooth Speaker,Electronics,28,10298.97,288371.16
2024-12-31,Lakme Absolute Foundation,Beauty,37,791.66,29291.42
2024-12-31,Logitech MX Keys Keyboard,Electronics,45,8122.07,365493.15
2024-12-31,Milton Thermosteel Flask 1L,Home & Living,38,696.48,26466.24
2024-12-31,Minimalist 10% Niacinamide Serum,Beauty,30,417.47,12524.1
2024-12-31,Pigeon Aluminium Non-Stick Pan,Home & Living,11,863.94,9503.34
2024-12-31,Portronics Table Lamp LED,Office & Computing,10,1347.84,13478.4
2024-12-31,Prestige Induction Cooktop 1200W,Home & Living,26,3132.77,81452.02
2024-12-31,Royalford Bamboo Chopping Board,Home & Living,29,502.39,14569.31
2024-12-31,Sony WH-1000XM5 Headphones,Electronics,25,26898.23,672455.75
2024-12-31,Story@Home Blackout Curtains,Home & Living,3,1303.94,3911.82
2024-12-31,Woodland Casual Sneakers,Fashion,12,2349.79,28197.48
2024-12-31,Wow Skin Science Hair Oil,Beauty,31,584.32,18113.92
2025-01-01,Anker 65W GaN Fast Charger,Electronics,14,2563.22,35885.08
2025-01-01,Biotique Bio Morning Nector SPF,Beauty,8,257.22,2057.76
2025-01-01,H&M Relaxed Fit Shirt,Fashion,38,835.91,31764.58
2025-01-01,JBL Flip 6 Bluetooth Speaker,Electronics,41,9424.06,386386.46
2025-01-01,Lakme Absolute Foundation,Beauty,33,767.41,25324.53
2025-01-01,Levi's 511 Slim Fit Jeans,Fashion,7,3115.96,21811.72
2025-01-01,Logitech MX Keys Keyboard,Electronics,46,8308.96,382212.16
2025-01-01,Mamaearth Vitamin C Face Wash,Beauty,26,299.27,7781.02
2025-01-01,Mi 10000mAh Power Bank,Electronics,6,1036.96,6221.76
2025-01-01,Minimalist 10% Niacinamide Serum,Beauty,1,419.63,419.63
2025-01-01,Plum Green Tea Toner 200ml,Beauty,9,362.29,3260.61
2025-01-01,Portronics Table Lamp LED,Office & Computing,14,1283.28,17965.92
2025-01-01,Puma Classic Track Pants,Fashion,12,2080.36,24964.32
2025-01-01,Royalford Bamboo Chopping Board,Home & Living,42,495.16,20796.72
2025-01-01,Samsung Galaxy Buds3 Pro,Electronics,12,12454.34,149452.08
2025-01-01,Sony WH-1000XM5 Headphones,Electronics,9,27165.43,244488.87
2025-01-01,Story@Home Blackout Curtains,Home & Living,40,1234.96,49398.4
2025-01-01,Woodland Casual Sneakers,Fashion,49,2550.14,124956.86
2025-01-01,Zebronics ZEB-Crystal Pro Webcam,Electronics,37,1534.23,56766.51
2025-01-02,AmazonBasics Adjustable Laptop Stand,Office & Computing,9,1841.28,16571.52
2025-01-02,Biotique Bio Morning Nector SPF,Beauty,35,244.54,8558.9
2025-01-02,FabIndia Cotton Kurta,Fashion,25,1517.74,37943.5
2025-01-02,HP 65W Laptop Power Adapter,Office & Computing,6,2108.75,12652.5
2025-01-02,Kuber Industries Storage Box,Home & Living,35,365.37,12787.95
2025-01-02,Lakme Absolute Foundation,Beauty,20,775.28,15505.6
2025-01-02,Levi's 511 Slim Fit Jeans,Fashion,9,3081.47,27733.23
2025-01-02,Mamaearth Vitamin C Face Wash,Beauty,38,292.39,11110.82
2025-01-02,Minimalist 10% Niacinamide Serum,Beauty,41,400.04,16401.64
2025-01-02,Prestige Induction Cooktop 1200W,Home & Living,30,2977.33,89319.9
2025-01-02,Royalford Bamboo Chopping Board,Home & Living,20,498.2,9964.0
2025-01-02,Samsung Galaxy Buds3 Pro,Electronics,21,13495.56,283406.76
2025-01-02,Sony WH-1000XM5 Headphones,Electronics,19,28174.86,535322.34
2025-01-02,Woodland Casual Sneakers,Fashion,44,2435.87,107178.28
2025-01-02,Wow Skin Science Hair Oil,Beauty,21,601.88,12639.48
2025-01-02,boAt Airdopes 141 TWS Earbuds,Electronics,15,1339.79,20096.85
2025-01-03,AmazonBasics Adjustable Laptop Stand,Office & Computing,7,1695.2,11866.4
2025-01-03,Biotique Bio Morning Nector SPF,Beauty,39,255.3,9956.7
2025-01-03,Kuber Industries Storage Box,Home & Living,31,361.56,11208.36
2025-01-03,Levi's 511 Slim Fit Jeans,Fashion,17,2972.91,50539.47
2025-01-03,Logitech MX Keys Keyboard,Electronics,43,8361.63,359550.09
2025-01-03,Mamaearth Vitamin C Face Wash,Beauty,36,316.25,11385.0
2025-01-03,Minimalist 10% Niacinamide Serum,Beauty,17,400.16,6802.72
2025-01-03,Portronics Table Lamp LED,Office & Computing,27,1245.09,33617.43
2025-01-03,Prestige Induction Cooktop 1200W,Home & Living,32,3135.47,100335.04
2025-01-03,Puma Classic Track Pants,Fashion,25,1919.24,47981.0
2025-01-03,Royalford Bamboo Chopping Board,Home & Living,27,503.09,13583.43
2025-01-03,Woodland Casual Sneakers,Fashion,27,2614.01,70578.27
2025-01-03,boAt Airdopes 141 TWS Earbuds,Electronics,2,1252.11,2504.22
2025-01-04,Anker 65W GaN Fast Charger,Electronics,40,2490.5,99620.0
2025-01-04,FabIndia Cotton Kurta,Fashion,41,1573.2,64501.2
2025-01-04,H&M Relaxed Fit Shirt,Fashion,24,841.91,20205.84
2025-01-04,JBL Flip 6 Bluetooth Speaker,Electronics,45,10512.95,473082.75
2025-01-04,Kuber Industries Storage Box,Home & Living,34,363.2,12348.8
2025-01-04,Levi's 511 Slim Fit Jeans,Fashion,25,3082.07,77051.75
2025-01-04,Milton Thermosteel Flask 1L,Home & Living,44,737.86,32465.84
2025-01-04,Minimalist 10% Niacinamide Serum,Beauty,5,394.69,1973.45
2025-01-04,Puma Classic Track Pants,Fashion,31,2099.15,65073.65
2025-01-04,Royalford Bamboo Chopping Board,Home & Living,25,491.86,12296.5
2025-01-04,Story@Home Blackout Curtains,Home & Living,24,1336.93,32086.32
2025-01-04,Syska USB Hub 4-Port,Office & Computing,28,583.43,16336.04
2025-01-04,Wow Skin Science Hair Oil,Beauty,20,576.66,11533.2
2025-01-04,Zebronics ZEB-Crystal Pro Webcam,Electronics,16,1561.06,24976.96
2025-01-04,boAt Airdopes 141 TWS Earbuds,Electronics,35,1238.73,43355.55
2025-01-05,Anker 65W GaN Fast Charger,Electronics,47,2436.77,114528.19
2025-01-05,JBL Flip 6 Bluetooth Speaker,Electronics,30,9777.02,293310.6
2025-01-05,Kuber Industries Storage Box,Home & Living,28,369.03,10332.84
2025-01-05,Milton Thermosteel Flask 1L,Home & Living,44,707.88,31146.72
2025-01-05,Plum Green Tea Toner 200ml,Beauty,17,360.94,6135.98
2025-01-05,Portronics Table Lamp LED,Office & Computing,27,1233.14,33294.78
2025-01-05,Prestige Induction Cooktop 1200W,Home & Living,16,3138.16,50210.56
2025-01-05,Royalford Bamboo Chopping Board,Home & Living,11,526.49,5791.39
2025-01-05,Samsung Galaxy Buds3 Pro,Electronics,3,12862.51,38587.53
2025-01-05,Woodland Casual Sneakers,Fashion,33,2591.81,85529.73
2025-01-05,boAt Airdopes 141 TWS Earbuds,Electronics,20,1311.6,26232.0
2025-01-06,Allen Solly Polo T-Shirt,Fashion,1,1008.19,1008.19
2025-01-06,AmazonBasics Adjustable Laptop Stand,Office & Computing,7,1750.79,12255.53
2025-01-06,Anker 65W GaN Fast Charger,Electronics,16,2457.27,39316.32
2025-01-06,Biotique Bio Morning Nector SPF,Beauty,20,246.61,4932.2
2025-01-06,FabIndia Cotton Kurta,Fashion,10,1498.7,14987.0
2025-01-06,H&M Relaxed Fit Shirt,Fashion,7,816.1,5712.7
2025-01-06,HP 65W Laptop Power Adapter,Office & Computing,19,2034.78,38660.82
2025-01-06,JBL Flip 6 Bluetooth Speaker,Electronics,24,9704.03,232896.72
2025-01-06,Kuber Industries Storage Box,Home & Living,26,346.77,9016.02
2025-01-06,Lakme Absolute Foundation,Beauty,25,797.38,19934.5
2025-01-06,Levi's 511 Slim Fit Jeans,Fashion,2,3053.58,6107.16
2025-01-06,Logitech MX Keys Keyboard,Electronics,26,8706.53,226369.78
2025-01-06,Mamaearth Vitamin C Face Wash,Beauty,7,305.25,2136.75
2025-01-06,Mi 10000mAh Power Bank,Electronics,16,986.61,15785.76
2025-01-06,Milton Thermosteel Flask 1L,Home & Living,24,721.37,17312.88
2025-01-06,Minimalist 10% Niacinamide Serum,Beauty,4,401.35,1605.4
2025-01-06,Pigeon Aluminium Non-Stick Pan,Home & Living,8,899.0,7192.0
2025-01-06,Plum Green Tea Toner 200ml,Beauty,19,363.04,6897.76
2025-01-06,Portronics Table Lamp LED,Office & Computing,22,1258.21,27680.62
2025-01-06,Prestige Induction Cooktop 1200W,Home & Living,9,3025.55,27229.95
2025-01-06,Puma Classic Track Pants,Fashion,5,2055.37,10276.85
2025-01-06,Royalford Bamboo Chopping Board,Home & Living,2,494.46,988.92
2025-01-06,Samsung Galaxy Buds3 Pro,Electronics,18,12752.02,229536.36
2025-01-06,Sony WH-1000XM5 Headphones,Electronics,25,27834.79,695869.75
2025-01-06,Story@Home Blackout Curtains,Home & Living,7,1313.81,9196.67
2025-01-06,Syska USB Hub 4-Port,Office & Computing,23,601.28,13829.44
2025-01-06,Woodland Casual Sneakers,Fashion,12,2457.08,29484.96
2025-01-06,Wow Skin Science Hair Oil,Beauty,15,602.11,9031.65
2025-01-06,Zebronics ZEB-Crystal Pro Webcam,Electronics,14,1554.31,21760.34
2025-01-06,boAt Airdopes 141 TWS Earbuds,Electronics,3,1343.3,4029.9
2025-01-07,AmazonBasics Adjustable Laptop Stand,Office & Computing,19,1777.59,33774.21
2025-01-07,Anker 65W GaN Fast Charger,Electronics,34,2462.76,83733.84
2025-01-07,FabIndia Cotton Kurta,Fashion,49,1567.8,76822.2
2025-01-07,H&M Relaxed Fit Shirt,Fashion,14,792.77,11098.78
2025-01-07,HP 65W Laptop Power Adapter,Office & Computing,4,1905.65,7622.6
2025-01-07,Kuber Industries Storage Box,Home & Living,17,346.14,5884.38
2025-01-07,Mamaearth Vitamin C Face Wash,Beauty,15,300.02,4500.3
2025-01-07,Mi 10000mAh Power Bank,Electronics,26,975.92,25373.92
2025-01-07,Milton Thermosteel Flask 1L,Home & Living,16,723.26,11572.16
2025-01-07,Puma Classic Track Pants,Fashion,29,2087.16,60527.64
2025-01-07,Royalford Bamboo Chopping Board,Home & Living,40,483.38,19335.2
2025-01-07,Wow Skin Science Hair Oil,Beauty,42,570.37,23955.54
2025-01-07,boAt Airdopes 141 TWS Earbuds,Electronics,50,1237.69,61884.5
2025-01-08,AmazonBasics Adjustable Laptop Stand,Office & Computing,17,1732.44,29451.48
2025-01-08,HP 65W Laptop Power Adapter,Office & Computing,16,1955.82,31293.12
2025-01-08,JBL Flip 6 Bluetooth Speaker,Electronics,41,10520.95,431358.95
2025-01-08,Kuber Industries Storage Box,Home & Living,21,368.19,7731.99
2025-01-08,Mi 10000mAh Power Bank,Electronics,50,994.1,49705.0
2025-01-08,Milton Thermosteel Flask 1L,Home & Living,48,735.91,35323.68
2025-01-08,Plum Green Tea Toner 200ml,Beauty,12,354.53,4254.36
2025-01-08,Prestige Induction Cooktop 1200W,Home & Living,11,3064.78,33712.58
2025-01-08,Puma Classic Track Pants,Fashion,47,2068.77,97232.19
2025-01-08,Royalford Bamboo Chopping Board,Home & Living,46,501.99,23091.54
2025-01-08,Sony WH-1000XM5 Headphones,Electronics,12,28547.32,342567.84
2025-01-08,Syska USB Hub 4-Port,Office & Computing,1,608.22,608.22
2025-01-08,Wow Skin Science Hair Oil,Beauty,19,615.53,11695.07
2025-01-09,Allen Solly Polo T-Shirt,Fashion,50,999.6,49980.0
2025-01-09,AmazonBasics Adjustable Laptop Stand,Office & Computing,43,1805.3,77627.9
2025-01-09,Biotique Bio Morning Nector SPF,Beauty,25,253.08,6327.0
2025-01-09,FabIndia Cotton Kurta,Fashion,17,1437.09,24430.53
2025-01-09,Lakme Absolute Foundation,Beauty,25,787.77,19694.25
2025-01-09,Levi's 511 Slim Fit Jeans,Fashion,39,2874.54,112107.06
2025-01-09,Minimalist 10% Niacinamide Serum,Beauty,40,377.02,15080.8
2025-01-09,Plum Green Tea Toner 200ml,Beauty,43,384.75,16544.25
2025-01-09,Portronics Table Lamp LED,Office & Computing,26,1253.41,32588.66
2025-01-09,Prestige Induction Cooktop 1200W,Home & Living,2,3143.55,6287.1
2025-01-09,Puma Classic Track Pants,Fashion,5,1954.42,9772.1
2025-01-09,Samsung Galaxy Buds3 Pro,Electronics,28,13453.96,376710.88
2025-01-10,Anker 65W GaN Fast Charger,Electronics,42,2516.74,105703.08
2025-01-10,Kuber Industries Storage Box,Home & Living,23,347.57,7994.11
2025-01-10,Lakme Absolute Foundation,Beauty,1,837.06,837.06
2025-01-10,Levi's 511 Slim Fit Jeans,Fashion,9,2856.85,25711.65
2025-01-10,Logitech MX Keys Keyboard,Electronics,13,8228.26,106967.38
2025-01-10,Mamaearth Vitamin C Face Wash,Beauty,1,306.53,306.53
2025-01-10,Minimalist 10% Niacinamide Serum,Beauty,7,382.16,2675.12
2025-01-10,Pigeon Aluminium Non-Stick Pan,Home & Living,44,944.13,41541.72
2025-01-10,Portronics Table Lamp LED,Office & Computing,9,1301.08,11709.72
2025-01-10,Puma Classic Track Pants,Fashion,41,2062.77,84573.57
2025-01-10,Samsung Galaxy Buds3 Pro,Electronics,17,12815.71,217867.07
2025-01-10,Zebronics ZEB-Crystal Pro Webcam,Electronics,11,1577.4,17351.4
2025-01-10,boAt Airdopes 141 TWS Earbuds,Electronics,3,1309.65,3928.95
2025-01-11,Allen Solly Polo T-Shirt,Fashion,13,980.22,12742.86
2025-01-11,Biotique Bio Morning Nector SPF,Beauty,18,247.88,4461.84
2025-01-11,FabIndia Cotton Kurta,Fashion,15,1573.05,23595.75
2025-01-11,HP 65W Laptop Power Adapter,Office & Computing,27,2041.78,55128.06
2025-01-11,Kuber Industries Storage Box,Home & Living,44,367.64,16176.16
2025-01-11,Lakme Absolute Foundation,Beauty,13,794.05,10322.65
2025-01-11,Mamaearth Vitamin C Face Wash,Beauty,43,306.06,13160.58
2025-01-11,Mi 10000mAh Power Bank,Electronics,5,995.4,4977.0
2025-01-11,Minimalist 10% Niacinamide Serum,Beauty,31,401.15,12435.65
2025-01-11,Plum Green Tea Toner 200ml,Beauty,41,396.75,16266.75
2025-01-11,Portronics Table Lamp LED,Office & Computing,20,1239.12,24782.4
2025-01-11,Prestige Induction Cooktop 1200W,Home & Living,5,2867.11,14335.55
2025-01-11,Royalford Bamboo Chopping Board,Home & Living,38,501.79,19068.02
2025-01-11,Samsung Galaxy Buds3 Pro,Electronics,22,12724.72,279943.84
2025-01-11,Sony WH-1000XM5 Headphones,Electronics,9,26479.89,238319.01
2025-01-11,Story@Home Blackout Curtains,Home & Living,2,1288.35,2576.7
2025-01-11,Woodland Casual Sneakers,Fashion,42,2500.74,105031.08
2025-01-11,Wow Skin Science Hair Oil,Beauty,15,617.39,9260.85
2025-01-12,HP 65W Laptop Power Adapter,Office & Computing,25,2075.76,51894.0
2025-01-12,JBL Flip 6 Bluetooth Speaker,Electronics,41,9735.03,399136.23
2025-01-12,Mamaearth Vitamin C Face Wash,Beauty,16,293.35,4693.6
2025-01-12,Mi 10000mAh Power Bank,Electronics,3,943.46,2830.38
2025-01-12,Milton Thermosteel Flask 1L,Home & Living,4,711.65,2846.6
2025-01-12,Minimalist 10% Niacinamide Serum,Beauty,50,418.63,20931.5
2025-01-12,Plum Green Tea Toner 200ml,Beauty,12,372.04,4464.48
2025-01-12,Portronics Table Lamp LED,Office & Computing,35,1375.25,48133.75
2025-01-12,Puma Classic Track Pants,Fashion,22,2113.74,46502.28
2025-01-12,Sony WH-1000XM5 Headphones,Electronics,38,26930.62,1023363.56
2025-01-12,Syska USB Hub 4-Port,Office & Computing,17,621.34,10562.78
2025-01-12,Woodland Casual Sneakers,Fashion,6,2628.73,15772.38
2025-01-13,Allen Solly Polo T-Shirt,Fashion,8,1004.69,8037.52
2025-01-13,AmazonBasics Adjustable Laptop Stand,Office & Computing,30,1859.27,55778.1
2025-01-13,Anker 65W GaN Fast Charger,Electronics,8,2456.52,19652.16
2025-01-13,Biotique Bio Morning Nector SPF,Beauty,28,245.61,6877.08
2025-01-13,FabIndia Cotton Kurta,Fashion,3,1552.36,4657.08
2025-01-13,H&M Relaxed Fit Shirt,Fashion,25,783.34,19583.5
2025-01-13,HP 65W Laptop Power Adapter,Office & Computing,8,2075.36,16602.88
2025-01-13,JBL Flip 6 Bluetooth Speaker,Electronics,30,9835.02,295050.6
2025-01-13,Kuber Industries Storage Box,Home & Living,14,339.23,4749.22
2025-01-13,Lakme Absolute Foundation,Beauty,8,817.18,6537.44
2025-01-13,Levi's 511 Slim Fit Jeans,Fashion,30,3087.17,92615.1
2025-01-13,Logitech MX Keys Keyboard,Electronics,29,8435.53,244630.37
2025-01-13,Mamaearth Vitamin C Face Wash,Beauty,22,305.1,6712.2
2025-01-13,Mi 10000mAh Power Bank,Electronics,18,1019.98,18359.64
2025-01-13,Milton Thermosteel Flask 1L,Home & Living,25,715.57,17889.25
2025-01-13,Minimalist 10% Niacinamide Serum,Beauty,18,395.17,7113.06
2025-01-13,Pigeon Aluminium Non-Stick Pan,Home & Living,20,868.16,17363.2
2025-01-13,Plum Green Tea Toner 200ml,Beauty,28,376.12,10531.36
2025-01-13,Portronics Table Lamp LED,Office & Computing,3,1281.98,3845.94
2025-01-13,Prestige Induction Cooktop 1200W,Home & Living,13,2983.62,38787.06
2025-01-13,Puma Classic Track Pants,Fashion,15,1946.63,29199.45
2025-01-13,Royalford Bamboo Chopping Board,Home & Living,24,495.81,11899.44
2025-01-13,Samsung Galaxy Buds3 Pro,Electronics,19,12924.91,245573.29
2025-01-13,Sony WH-1000XM5 Headphones,Electronics,20,27670.15,553403.0
2025-01-13,Story@Home Blackout Curtains,Home & Living,26,1301.73,33844.98
2025-01-13,Syska USB Hub 4-Port,Office & Computing,11,609.12,6700.32
2025-01-13,Woodland Casual Sneakers,Fashion,21,2534.67,53228.07
2025-01-13,Wow Skin Science Hair Oil,Beauty,23,585.88,13475.24
2025-01-13,Zebronics ZEB-Crystal Pro Webcam,Electronics,21,1545.92,32464.32
2025-01-13,boAt Airdopes 141 TWS Earbuds,Electronics,28,1271.59,35604.52
2025-01-14,Biotique Bio Morning Nector SPF,Beauty,30,255.55,7666.5
2025-01-14,H&M Relaxed Fit Shirt,Fashion,13,814.02,10582.26
2025-01-14,Logitech MX Keys Keyboard,Electronics,28,8309.81,232674.68
2025-01-14,Milton Thermosteel Flask 1L,Home & Living,50,677.96,33898.0
2025-01-14,Minimalist 10% Niacinamide Serum,Beauty,38,407.46,15483.48
2025-01-14,Portronics Table Lamp LED,Office & Computing,24,1223.53,29364.72
2025-01-14,Puma Classic Track Pants,Fashion,31,2032.98,63022.38
2025-01-14,Royalford Bamboo Chopping Board,Home & Living,16,484.63,7754.08
2025-01-14,Sony WH-1000XM5 Headphones,Electronics,48,27076.37,1299665.76
2025-01-14,Syska USB Hub 4-Port,Office & Computing,15,585.7,8785.5
2025-01-15,Allen Solly Polo T-Shirt,Fashion,10,1032.47,10324.7
2025-01-15,Biotique Bio Morning Nector SPF,Beauty,1,259.21,259.21
2025-01-15,H&M Relaxed Fit Shirt,Fashion,50,832.16,41608.0
2025-01-15,HP 65W Laptop Power Adapter,Office & Computing,1,1923.64,1923.64
2025-01-15,Lakme Absolute Foundation,Beauty,39,771.23,30077.97
2025-01-15,Logitech MX Keys Keyboard,Electronics,49,8097.43,396774.07
2025-01-15,Minimalist 10% Niacinamide Serum,Beauty,15,386.63,5799.45
2025-01-15,Prestige Induction Cooktop 1200W,Home & Living,4,3138.76,12555.04
2025-01-15,Royalford Bamboo Chopping Board,Home & Living,20,521.9,10438.0
2025-01-15,Sony WH-1000XM5 Headphones,Electronics,19,26239.68,498553.92
2025-01-15,Syska USB Hub 4-Port,Office & Computing,26,566.29,14723.54
2025-01-15,boAt Airdopes 141 TWS Earbuds,Electronics,41,1337.71,54846.11
2025-01-16,Allen Solly Polo T-Shirt,Fashion,26,972.63,25288.38
2025-01-16,AmazonBasics Adjustable Laptop Stand,Office & Computing,31,1897.41,58819.71
2025-01-16,Anker 65W GaN Fast Charger,Electronics,45,2422.28,109002.6
2025-01-16,Biotique Bio Morning Nector SPF,Beauty,43,253.41,10896.63
2025-01-16,HP 65W Laptop Power Adapter,Office & Computing,45,1908.45,85880.25
2025-01-16,JBL Flip 6 Bluetooth Speaker,Electronics,17,9795.02,166515.34
2025-01-16,Lakme Absolute Foundation,Beauty,32,760.81,24345.92
2025-01-16,Levi's 511 Slim Fit Jeans,Fashion,41,3001.7,123069.7
2025-01-16,Logitech MX Keys Keyboard,Electronics,36,8338.69,300192.84
2025-01-16,Milton Thermosteel Flask 1L,Home & Living,13,660.55,8587.15
2025-01-16,Pigeon Aluminium Non-Stick Pan,Home & Living,11,946.56,10412.16
2025-01-16,Portronics Table Lamp LED,Office & Computing,34,1337.45,45473.3
2025-01-16,Prestige Induction Cooktop 1200W,Home & Living,22,2964.75,65224.5
2025-01-16,Puma Classic Track Pants,Fashion,9,2036.18,18325.62
2025-01-16,Royalford Bamboo Chopping Board,Home & Living,32,493.71,15798.72
2025-01-16,Samsung Galaxy Buds3 Pro,Electronics,19,12757.22,242387.18
2025-01-16,Woodland Casual Sneakers,Fashion,1,2376.74,2376.74
2025-01-16,Zebronics ZEB-Crystal Pro Webcam,Electronics,35,1483.86,51935.1
2025-01-17,Lakme Absolute Foundation,Beauty,4,753.02,3012.08
2025-01-17,Logitech MX Keys Keyboard,Electronics,41,8830.55,362052.55
2025-01-17,Mi 10000mAh Power Bank,Electronics,27,1044.85,28210.95
2025-01-17,Pigeon Aluminium Non-Stick Pan,Home & Living,24,923.36,22160.64
2025-01-17,Puma Classic Track Pants,Fashion,32,1952.82,62490.24
2025-01-17,Royalford Bamboo Chopping Board,Home & Living,19,520.96,9898.24
2025-01-17,Samsung Galaxy Buds3 Pro,Electronics,36,13583.95,489022.2
2025-01-17,Syska USB Hub 4-Port,Office & Computing,17,607.75,10331.75
2025-01-17,Wow Skin Science Hair Oil,Beauty,26,600.68,15617.68
2025-01-17,Zebronics ZEB-Crystal Pro Webcam,Electronics,40,1506.79,60271.6
2025-01-17,boAt Airdopes 141 TWS Earbuds,Electronics,29,1347.97,39091.13
2025-01-18,AmazonBasics Adjustable Laptop Stand,Office & Computing,15,1695.56,25433.4
2025-01-18,Anker 65W GaN Fast Charger,Electronics,7,2599.71,18197.97
2025-01-18,Biotique Bio Morning Nector SPF,Beauty,12,260.7,3128.4
2025-01-18,H&M Relaxed Fit Shirt,Fashion,19,797.64,15155.16
2025-01-18,HP 65W Laptop Power Adapter,Office & Computing,42,2072.16,87030.72
2025-01-18,JBL Flip 6 Bluetooth Speaker,Electronics,26,9980.0,259480.0
2025-01-18,Lakme Absolute Foundation,Beauty,33,789.83,26064.39
2025-01-18,Levi's 511 Slim Fit Jeans,Fashion,36,2849.65,102587.4
2025-01-18,Mamaearth Vitamin C Face Wash,Beauty,19,288.3,5477.7
2025-01-18,Minimalist 10% Niacinamide Serum,Beauty,6,417.07,2502.42
2025-01-18,Pigeon Aluminium Non-Stick Pan,Home & Living,30,850.36,25510.8
2025-01-18,Portronics Table Lamp LED,Office & Computing,34,1348.88,45861.92
2025-01-18,Prestige Induction Cooktop 1200W,Home & Living,20,2891.97,57839.4
2025-01-18,Samsung Galaxy Buds3 Pro,Electronics,31,12467.34,386487.54
2025-01-18,Syska USB Hub 4-Port,Office & Computing,16,577.44,9239.04
2025-01-18,Woodland Casual Sneakers,Fashion,39,2473.79,96477.81
2025-01-18,boAt Airdopes 141 TWS Earbuds,Electronics,35,1248.34,43691.9
2025-01-19,AmazonBasics Adjustable Laptop Stand,Office & Computing,50,1832.82,91641.0
2025-01-19,Biotique Bio Morning Nector SPF,Beauty,39,251.91,9824.49
2025-01-19,Levi's 511 Slim Fit Jeans,Fashion,47,3087.17,145096.99
2025-01-19,Logitech MX Keys Keyboard,Electronics,35,8752.4,306334.0
2025-01-19,Mi 10000mAh Power Bank,Electronics,26,961.14,24989.64
2025-01-19,Plum Green Tea Toner 200ml,Beauty,34,391.65,13316.1
2025-01-19,Portronics Table Lamp LED,Office & Computing,37,1318.36,48779.32
2025-01-19,Prestige Induction Cooktop 1200W,Home & Living,35,3118.09,109133.15
2025-01-19,Royalford Bamboo Chopping Board,Home & Living,45,528.39,23777.55
2025-01-19,Samsung Galaxy Buds3 Pro,Electronics,29,13572.26,393595.54
2025-01-19,Story@Home Blackout Curtains,Home & Living,3,1307.18,3921.54
2025-01-19,Syska USB Hub 4-Port,Office & Computing,1,589.18,589.18
2025-01-19,Woodland Casual Sneakers,Fashion,24,2585.82,62059.68
2025-01-19,Wow Skin Science Hair Oil,Beauty,39,597.62,23307.18
2025-01-19,Zebronics ZEB-Crystal Pro Webcam,Electronics,35,1449.38,50728.3
2025-01-19,boAt Airdopes 141 TWS Earbuds,Electronics,7,1229.76,8608.32
2025-01-20,Allen Solly Polo T-Shirt,Fashion,6,1012.09,6072.54
2025-01-20,AmazonBasics Adjustable Laptop Stand,Office & Computing,13,1729.74,22486.62
2025-01-20,Anker 65W GaN Fast Charger,Electronics,10,2539.48,25394.8
2025-01-20,Biotique Bio Morning Nector SPF,Beauty,11,247.61,2723.71
2025-01-20,FabIndia Cotton Kurta,Fashion,17,1493.9,25396.3
2025-01-20,H&M Relaxed Fit Shirt,Fashion,11,774.71,8521.81
2025-01-20,HP 65W Laptop Power Adapter,Office & Computing,22,2058.77,45292.94
2025-01-20,JBL Flip 6 Bluetooth Speaker,Electronics,24,9931.01,238344.24
2025-01-20,Kuber Industries Storage Box,Home & Living,19,351.44,6677.36
2025-01-20,Lakme Absolute Foundation,Beauty,10,817.74,8177.4
2025-01-20,Levi's 511 Slim Fit Jeans,Fashion,17,2951.32,50172.44
2025-01-20,Logitech MX Keys Keyboard,Electronics,6,8655.56,51933.36
2025-01-20,Mamaearth Vitamin C Face Wash,Beauty,28,305.88,8564.64
2025-01-20,Mi 10000mAh Power Bank,Electronics,13,995.4,12940.2
2025-01-20,Milton Thermosteel Flask 1L,Home & Living,5,671.39,3356.95
2025-01-20,Minimalist 10% Niacinamide Serum,Beauty,13,409.17,5319.21
2025-01-20,Pigeon Aluminium Non-Stick Pan,Home & Living,29,933.34,27066.86
2025-01-20,Plum Green Tea Toner 200ml,Beauty,12,369.79,4437.48
2025-01-20,Portronics Table Lamp LED,Office & Computing,9,1313.55,11821.95
2025-01-20,Prestige Induction Cooktop 1200W,Home & Living,21,3065.68,64379.28
2025-01-20,Puma Classic Track Pants,Fashion,23,1990.2,45774.6
2025-01-20,Royalford Bamboo Chopping Board,Home & Living,6,514.37,3086.22
2025-01-20,Samsung Galaxy Buds3 Pro,Electronics,19,12895.01,245005.19
2025-01-20,Sony WH-1000XM5 Headphones,Electronics,29,27000.8,783023.2
2025-01-20,Story@Home Blackout Curtains,Home & Living,21,1350.31,28356.51
2025-01-20,Syska USB Hub 4-Port,Office & Computing,30,601.58,18047.4
2025-01-20,Woodland Casual Sneakers,Fashion,13,2420.9,31471.7
2025-01-20,Wow Skin Science Hair Oil,Beauty,22,614.69,13523.18
2025-01-20,Zebronics ZEB-Crystal Pro Webcam,Electronics,15,1523.88,22858.2
2025-01-20,boAt Airdopes 141 TWS Earbuds,Electronics,14,1297.57,18165.98
2025-01-21,Allen Solly Polo T-Shirt,Fashion,47,955.24,44896.28
2025-01-21,Anker 65W GaN Fast Charger,Electronics,40,2646.69,105867.6
2025-01-21,Biotique Bio Morning Nector SPF,Beauty,11,262.02,2882.22
2025-01-21,FabIndia Cotton Kurta,Fashion,27,1487.46,40161.42
2025-01-21,Kuber Industries Storage Box,Home & Living,17,338.81,5759.77
2025-01-21,Lakme Absolute Foundation,Beauty,16,765.9,12254.4
2025-01-21,Logitech MX Keys Keyboard,Electronics,47,8034.57,377624.79
2025-01-21,Mamaearth Vitamin C Face Wash,Beauty,47,310.96,14615.12
2025-01-21,Mi 10000mAh Power Bank,Electronics,23,964.23,22177.29
2025-01-21,Milton Thermosteel Flask 1L,Home & Living,9,693.13,6238.17
2025-01-21,Pigeon Aluminium Non-Stick Pan,Home & Living,38,942.33,35808.54
2025-01-21,Plum Green Tea Toner 200ml,Beauty,44,368.36,16207.84
2025-01-21,Portronics Table Lamp LED,Office & Computing,37,1256.0,46472.0
2025-01-21,Prestige Induction Cooktop 1200W,Home & Living,7,3162.42,22136.94
2025-01-21,Royalford Bamboo Chopping Board,Home & Living,13,524.7,6821.1
2025-01-21,Story@Home Blackout Curtains,Home & Living,34,1259.12,42810.08
2025-01-21,Woodland Casual Sneakers,Fashion,45,2364.76,106414.2
2025-01-21,Wow Skin Science Hair Oil,Beauty,37,590.91,21863.67
2025-01-22,Allen Solly Polo T-Shirt,Fashion,38,1017.38,38660.44
2025-01-22,Biotique Bio Morning Nector SPF,Beauty,48,242.05,11618.4
2025-01-22,FabIndia Cotton Kurta,Fashion,1,1470.82,1470.82
2025-01-22,JBL Flip 6 Bluetooth Speaker,Electronics,17,9494.05,161398.85
2025-01-22,Lakme Absolute Foundation,Beauty,42,838.49,35216.58
2025-01-22,Levi's 511 Slim Fit Jeans,Fashion,19,3021.79,57414.01
2025-01-22,Milton Thermosteel Flask 1L,Home & Living,49,672.79,32966.71
2025-01-22,Minimalist 10% Niacinamide Serum,Beauty,12,404.11,4849.32
2025-01-22,Pigeon Aluminium Non-Stick Pan,Home & Living,44,909.7,40026.8
2025-01-22,Plum Green Tea Toner 200ml,Beauty,23,368.29,8470.67
2025-01-22,Puma Classic Track Pants,Fashion,9,1905.05,17145.45
2025-01-22,Royalford Bamboo Chopping Board,Home & Living,17,508.53,8645.01
2025-01-22,Samsung Galaxy Buds3 Pro,Electronics,11,12651.93,139171.23
2025-01-22,Sony WH-1000XM5 Headphones,Electronics,7,26455.6,185189.2
2025-01-22,Syska USB Hub 4-Port,Office & Computing,11,605.65,6662.15
2025-01-22,Wow Skin Science Hair Oil,Beauty,10,631.17,6311.7
2025-01-23,AmazonBasics Adjustable Laptop Stand,Office & Computing,50,1735.5,86775.0
2025-01-23,Anker 65W GaN Fast Charger,Electronics,43,2478.26,106565.18
2025-01-23,H&M Relaxed Fit Shirt,Fashion,16,788.69,12619.04
2025-01-23,Levi's 511 Slim Fit Jeans,Fashion,45,2880.24,129610.8
2025-01-23,Logitech MX Keys Keyboard,Electronics,50,8703.98,435199.0
2025-01-23,Pigeon Aluminium Non-Stick Pan,Home & Living,11,933.52,10268.72
2025-01-23,Royalford Bamboo Chopping Board,Home & Living,21,503.94,10582.74
2025-01-23,Sony WH-1000XM5 Headphones,Electronics,15,27799.7,416995.5
2025-01-23,Story@Home Blackout Curtains,Home & Living,12,1358.75,16305.0
2025-01-23,Woodland Casual Sneakers,Fashion,32,2538.41,81229.12
2025-01-23,boAt Airdopes 141 TWS Earbuds,Electronics,31,1328.75,41191.25
2025-01-24,Allen Solly Polo T-Shirt,Fashion,41,964.53,39545.73
2025-01-24,Anker 65W GaN Fast Charger,Electronics,4,2589.96,10359.84
2025-01-24,H&M Relaxed Fit Shirt,Fashion,50,807.07,40353.5
2025-01-24,HP 65W Laptop Power Adapter,Office & Computing,12,2072.36,24868.32
2025-01-24,Levi's 511 Slim Fit Jeans,Fashion,15,2891.34,43370.1
2025-01-24,Logitech MX Keys Keyboard,Electronics,20,8288.57,165771.4
2025-01-24,Mi 10000mAh Power Bank,Electronics,31,984.61,30522.91
2025-01-24,Minimalist 10% Niacinamide Serum,Beauty,20,396.77,7935.4
2025-01-24,Plum Green Tea Toner 200ml,Beauty,1,373.46,373.46
2025-01-24,Prestige Induction Cooktop 1200W,Home & Living,38,2899.76,110190.88
2025-01-24,Royalford Bamboo Chopping Board,Home & Living,5,526.74,2633.7
2025-01-24,Samsung Galaxy Buds3 Pro,Electronics,35,13412.37,469432.95
2025-01-24,Story@Home Blackout Curtains,Home & Living,21,1282.5,26932.5
2025-01-24,boAt Airdopes 141 TWS Earbuds,Electronics,50,1247.69,62384.5
2025-01-25,Allen Solly Polo T-Shirt,Fashion,38,1035.56,39351.28
2025-01-25,FabIndia Cotton Kurta,Fashion,36,1417.9,51044.4
2025-01-25,H&M Relaxed Fit Shirt,Fashion,26,815.46,21201.96
2025-01-25,HP 65W Laptop Power Adapter,Office & Computing,40,2030.98,81239.2
2025-01-25,Kuber Industries Storage Box,Home & Living,13,345.51,4491.63
2025-01-25,Logitech MX Keys Keyboard,Electronics,50,8042.22,402111.0
2025-01-25,Mamaearth Vitamin C Face Wash,Beauty,6,307.43,1844.58
2025-01-25,Milton Thermosteel Flask 1L,Home & Living,17,671.74,11419.58
2025-01-25,Portronics Table Lamp LED,Office & Computing,24,1349.14,32379.36
2025-01-25,Prestige Induction Cooktop 1200W,Home & Living,42,3097.43,130092.06
2025-01-25,Puma Classic Track Pants,Fashion,43,1886.46,81117.78
2025-01-25,Samsung Galaxy Buds3 Pro,Electronics,33,12479.04,411808.32
2025-01-25,Sony WH-1000XM5 Headphones,Electronics,13,28145.17,365887.21
2025-01-25,Syska USB Hub 4-Port,Office & Computing,8,590.79,4726.32
2025-01-25,Woodland Casual Sneakers,Fashion,26,2572.34,66880.84
2025-01-25,Zebronics ZEB-Crystal Pro Webcam,Electronics,2,1504.25,3008.5
2025-01-26,AmazonBasics Adjustable Laptop Stand,Office & Computing,13,1887.33,24535.29
2025-01-26,Biotique Bio Morning Nector SPF,Beauty,20,256.0,5120.0
2025-01-26,Milton Thermosteel Flask 1L,Home & Living,25,693.34,17333.5
2025-01-26,Portronics Table Lamp LED,Office & Computing,37,1251.98,46323.26
2025-01-26,Prestige Induction Cooktop 1200W,Home & Living,25,3063.29,76582.25
2025-01-26,Samsung Galaxy Buds3 Pro,Electronics,12,12908.01,154896.12
2025-01-26,Story@Home Blackout Curtains,Home & Living,30,1291.47,38744.1
2025-01-26,Woodland Casual Sneakers,Fashion,36,2512.96,90466.56
2025-01-26,Wow Skin Science Hair Oil,Beauty,23,623.92,14350.16
2025-01-26,boAt Airdopes 141 TWS Earbuds,Electronics,39,1237.82,48274.98
2025-01-27,Allen Solly Polo T-Shirt,Fashion,3,1000.9,3002.7
2025-01-27,AmazonBasics Adjustable Laptop Stand,Office & Computing,8,1831.74,14653.92
2025-01-27,Anker 65W GaN Fast Charger,Electronics,15,2413.28,36199.2
2025-01-27,Biotique Bio Morning Nector SPF,Beauty,27,256.17,6916.59
2025-01-27,FabIndia Cotton Kurta,Fashion,8,1464.82,11718.56
2025-01-27,H&M Relaxed Fit Shirt,Fashion,16,814.82,13037.12
2025-01-27,HP 65W Laptop Power Adapter,Office & Computing,17,2002.6,34044.2
2025-01-27,JBL Flip 6 Bluetooth Speaker,Electronics,7,9705.03,67935.21
2025-01-27,Kuber Industries Storage Box,Home & Living,25,361.98,9049.5
2025-01-27,Lakme Absolute Foundation,Beauty,5,814.48,4072.4
2025-01-27,Levi's 511 Slim Fit Jeans,Fashion,21,3110.26,65315.46
2025-01-27,Logitech MX Keys Keyboard,Electronics,11,8686.99,95556.89
2025-01-27,Mamaearth Vitamin C Face Wash,Beauty,17,297.71,5061.07
2025-01-27,Mi 10000mAh Power Bank,Electronics,11,1028.57,11314.27
2025-01-27,Milton Thermosteel Flask 1L,Home & Living,14,672.37,9413.18
2025-01-27,Minimalist 10% Niacinamide Serum,Beauty,25,408.74,10218.5
2025-01-27,Pigeon Aluminium Non-Stick Pan,Home & Living,12,930.2,11162.4
2025-01-27,Plum Green Tea Toner 200ml,Beauty,15,363.41,5451.15
2025-01-27,Portronics Table Lamp LED,Office & Computing,28,1275.88,35724.64
2025-01-27,Prestige Induction Cooktop 1200W,Home & Living,25,2897.36,72434.0
2025-01-27,Puma Classic Track Pants,Fashion,3,2048.58,6145.74
2025-01-27,Royalford Bamboo Chopping Board,Home & Living,16,514.22,8227.52
2025-01-27,Samsung Galaxy Buds3 Pro,Electronics,8,13516.36,108130.88
2025-01-27,Sony WH-1000XM5 Headphones,Electronics,27,27867.17,752413.59
2025-01-27,Story@Home Blackout Curtains,Home & Living,18,1329.66,23933.88
2025-01-27,Syska USB Hub 4-Port,Office & Computing,7,584.68,4092.76
2025-01-27,Woodland Casual Sneakers,Fashion,23,2582.32,59393.36
2025-01-27,Wow Skin Science Hair Oil,Beauty,3,606.37,1819.11
2025-01-27,Zebronics ZEB-Crystal Pro Webcam,Electronics,14,1460.18,20442.52
2025-01-27,boAt Airdopes 141 TWS Earbuds,Electronics,7,1336.93,9358.51
2025-01-28,H&M Relaxed Fit Shirt,Fashion,41,842.94,34560.54
2025-01-28,JBL Flip 6 Bluetooth Speaker,Electronics,36,10011.0,360396.0
2025-01-28,Levi's 511 Slim Fit Jeans,Fashion,41,2901.23,118950.43
2025-01-28,Mamaearth Vitamin C Face Wash,Beauty,2,312.01,624.02
2025-01-28,Milton Thermosteel Flask 1L,Home & Living,5,739.89,3699.45
2025-01-28,Minimalist 10% Niacinamide Serum,Beauty,3,385.79,1157.37
2025-01-28,Pigeon Aluminium Non-Stick Pan,Home & Living,46,933.79,42954.34
2025-01-28,Puma Classic Track Pants,Fashion,46,2019.59,92901.14
2025-01-28,Royalford Bamboo Chopping Board,Home & Living,27,524.3,14156.1
2025-01-28,Wow Skin Science Hair Oil,Beauty,10,624.64,6246.4
2025-01-29,AmazonBasics Adjustable Laptop Stand,Office & Computing,8,1728.12,13824.96
2025-01-29,FabIndia Cotton Kurta,Fashion,2,1566.16,3132.32
2025-01-29,JBL Flip 6 Bluetooth Speaker,Electronics,49,9812.02,480788.98
2025-01-29,Lakme Absolute Foundation,Beauty,23,810.98,18652.54
2025-01-29,Logitech MX Keys Keyboard,Electronics,27,8961.38,241957.26
2025-01-29,Mi 10000mAh Power Bank,Electronics,32,951.55,30449.6
2025-01-29,Milton Thermosteel Flask 1L,Home & Living,31,686.84,21292.04
2025-01-29,Pigeon Aluminium Non-Stick Pan,Home & Living,14,868.16,12154.24
2025-01-29,Prestige Induction Cooktop 1200W,Home & Living,4,3100.72,12402.88
2025-01-29,Royalford Bamboo Chopping Board,Home & Living,40,521.85,20874.0
2025-01-29,Samsung Galaxy Buds3 Pro,Electronics,19,13742.54,261108.26
2025-01-29,Sony WH-1000XM5 Headphones,Electronics,18,25567.63,460217.34
2025-01-29,Story@Home Blackout Curtains,Home & Living,42,1347.06,56576.52
2025-01-29,Wow Skin Science Hair Oil,Beauty,2,627.27,1254.54
2025-01-29,Zebronics ZEB-Crystal Pro Webcam,Electronics,23,1526.88,35118.24
2025-01-30,AmazonBasics Adjustable Laptop Stand,Office & Computing,49,1806.02,88494.98
2025-01-30,H&M Relaxed Fit Shirt,Fashion,14,773.43,10828.02
2025-01-30,HP 65W Laptop Power Adapter,Office & Computing,42,2088.36,87711.12
2025-01-30,JBL Flip 6 Bluetooth Speaker,Electronics,25,10009.0,250225.0
2025-01-30,Kuber Industries Storage Box,Home & Living,40,351.83,14073.2
2025-01-30,Levi's 511 Slim Fit Jeans,Fashion,37,2972.61,109986.57
2025-01-30,Milton Thermosteel Flask 1L,Home & Living,8,737.38,5899.04
2025-01-30,Minimalist 10% Niacinamide Serum,Beauty,14,386.19,5406.66
2025-01-30,Pigeon Aluminium Non-Stick Pan,Home & Living,11,891.27,9803.97
2025-01-30,Plum Green Tea Toner 200ml,Beauty,31,396.49,12291.19
2025-01-30,Syska USB Hub 4-Port,Office & Computing,2,624.88,1249.76
2025-01-31,AmazonBasics Adjustable Laptop Stand,Office & Computing,42,1860.35,78134.7
2025-01-31,FabIndia Cotton Kurta,Fashion,9,1566.01,14094.09
2025-01-31,H&M Relaxed Fit Shirt,Fashion,49,839.67,41143.83
2025-01-31,JBL Flip 6 Bluetooth Speaker,Electronics,14,10594.94,148329.16
2025-01-31,Kuber Industries Storage Box,Home & Living,27,344.04,9289.08
2025-01-31,Lakme Absolute Foundation,Beauty,13,754.45,9807.85
2025-01-31,Mamaearth Vitamin C Face Wash,Beauty,31,285.99,8865.69
2025-01-31,Mi 10000mAh Power Bank,Electronics,44,1003.99,44175.56
2025-01-31,Milton Thermosteel Flask 1L,Home & Living,34,666.78,22670.52
2025-01-31,Royalford Bamboo Chopping Board,Home & Living,37,476.25,17621.25
2025-01-31,Story@Home Blackout Curtains,Home & Living,17,1331.22,22630.74
2025-01-31,Syska USB Hub 4-Port,Office & Computing,23,630.03,14490.69
2025-01-31,Woodland Casual Sneakers,Fashion,8,2387.22,19097.76
2025-01-31,Zebronics ZEB-Crystal Pro Webcam,Electronics,33,1520.44,50174.52
2025-02-01,Allen Solly Polo T-Shirt,Fashion,14,975.52,13657.28
2025-02-01,Anker 65W GaN Fast Charger,Electronics,13,2575.22,33477.86
2025-02-01,Biotique Bio Morning Nector SPF,Beauty,11,238.49,2623.39
2025-02-01,FabIndia Cotton Kurta,Fashion,21,1547.87,32505.27
2025-02-01,JBL Flip 6 Bluetooth Speaker,Electronics,26,9932.01,258232.26
2025-02-01,Kuber Industries Storage Box,Home & Living,35,355.42,12439.7
2025-02-01,Levi's 511 Slim Fit Jeans,Fashion,15,2930.62,43959.3
2025-02-01,Mamaearth Vitamin C Face Wash,Beauty,18,301.27,5422.86
2025-02-01,Milton Thermosteel Flask 1L,Home & Living,19,690.96,13128.24
2025-02-01,Pigeon Aluminium Non-Stick Pan,Home & Living,32,901.79,28857.28
2025-02-01,Plum Green Tea Toner 200ml,Beauty,30,387.82,11634.6
2025-02-01,Portronics Table Lamp LED,Office & Computing,17,1341.61,22807.37
2025-02-01,Prestige Induction Cooktop 1200W,Home & Living,6,3108.21,18649.26
2025-02-01,Royalford Bamboo Chopping Board,Home & Living,15,493.26,7398.9
2025-02-01,Samsung Galaxy Buds3 Pro,Electronics,26,13665.85,355312.1
2025-02-01,Sony WH-1000XM5 Headphones,Electronics,2,25621.61,51243.22
2025-02-01,Story@Home Blackout Curtains,Home & Living,21,1292.38,27139.98
2025-02-01,Syska USB Hub 4-Port,Office & Computing,19,564.62,10727.78
2025-02-01,Woodland Casual Sneakers,Fashion,4,2422.64,9690.56
2025-02-01,Wow Skin Science Hair Oil,Beauty,30,610.8,18324.0
2025-02-02,Allen Solly Polo T-Shirt,Fashion,13,1043.36,13563.68
2025-02-02,Anker 65W GaN Fast Charger,Electronics,39,2384.05,92977.95
2025-02-02,Biotique Bio Morning Nector SPF,Beauty,23,244.79,5630.17
2025-02-02,H&M Relaxed Fit Shirt,Fashion,32,846.22,27079.04
2025-02-02,Kuber Industries Storage Box,Home & Living,29,367.6,10660.4
2025-02-02,Mamaearth Vitamin C Face Wash,Beauty,49,284.98,13964.02
2025-02-02,Mi 10000mAh Power Bank,Electronics,30,965.43,28962.9
2025-02-02,Minimalist 10% Niacinamide Serum,Beauty,27,401.75,10847.25
2025-02-02,Pigeon Aluminium Non-Stick Pan,Home & Living,49,848.12,41557.88
2025-02-02,Portronics Table Lamp LED,Office & Computing,1,1308.48,1308.48
2025-02-02,Samsung Galaxy Buds3 Pro,Electronics,38,12690.92,482254.96
2025-02-02,Sony WH-1000XM5 Headphones,Electronics,30,28482.55,854476.5
2025-02-02,Woodland Casual Sneakers,Fashion,41,2597.05,106479.05
2025-02-02,Wow Skin Science Hair Oil,Beauty,33,625.12,20628.96
2025-02-02,Zebronics ZEB-Crystal Pro Webcam,Electronics,8,1581.3,12650.4
2025-02-02,boAt Airdopes 141 TWS Earbuds,Electronics,44,1330.57,58545.08
2025-02-03,Allen Solly Polo T-Shirt,Fashion,12,964.43,11573.16
2025-02-03,AmazonBasics Adjustable Laptop Stand,Office & Computing,5,1757.44,8787.2
2025-02-03,Anker 65W GaN Fast Charger,Electronics,8,2583.72,20669.76
2025-02-03,Biotique Bio Morning Nector SPF,Beauty,20,241.75,4835.0
2025-02-03,FabIndia Cotton Kurta,Fashion,12,1444.89,17338.68
2025-02-03,H&M Relaxed Fit Shirt,Fashion,6,775.27,4651.62
2025-02-03,HP 65W Laptop Power Adapter,Office & Computing,23,2017.99,46413.77
2025-02-03,JBL Flip 6 Bluetooth Speaker,Electronics,18,10299.97,185399.46
2025-02-03,Kuber Industries Storage Box,Home & Living,4,360.87,1443.48
2025-02-03,Lakme Absolute Foundation,Beauty,30,766.86,23005.8
2025-02-03,Levi's 511 Slim Fit Jeans,Fashion,2,3118.66,6237.32
2025-02-03,Logitech MX Keys Keyboard,Electronics,14,8700.58,121808.12
2025-02-03,Mamaearth Vitamin C Face Wash,Beauty,23,295.68,6800.64
2025-02-03,Mi 10000mAh Power Bank,Electronics,23,978.12,22496.76
2025-02-03,Milton Thermosteel Flask 1L,Home & Living,18,690.4,12427.2
2025-02-03,Minimalist 10% Niacinamide Serum,Beauty,10,384.4,3844.0
2025-02-03,Pigeon Aluminium Non-Stick Pan,Home & Living,5,890.82,4454.1
2025-02-03,Plum Green Tea Toner 200ml,Beauty,22,385.87,8489.14
2025-02-03,Portronics Table Lamp LED,Office & Computing,21,1320.95,27739.95
2025-02-03,Prestige Induction Cooktop 1200W,Home & Living,17,3054.9,51933.3
2025-02-03,Puma Classic Track Pants,Fashion,28,2076.76,58149.28
2025-02-03,Royalford Bamboo Chopping Board,Home & Living,12,500.85,6010.2
2025-02-03,Samsung Galaxy Buds3 Pro,Electronics,5,13009.4,65047.0
2025-02-03,Sony WH-1000XM5 Headphones,Electronics,15,27848.28,417724.2
2025-02-03,Story@Home Blackout Curtains,Home & Living,13,1328.36,17268.68
2025-02-03,Syska USB Hub 4-Port,Office & Computing,20,609.3,12186.0
2025-02-03,Woodland Casual Sneakers,Fashion,10,2506.73,25067.3
2025-02-03,Wow Skin Science Hair Oil,Beauty,28,606.19,16973.32
2025-02-03,Zebronics ZEB-Crystal Pro Webcam,Electronics,17,1554.76,26430.92
2025-02-03,boAt Airdopes 141 TWS Earbuds,Electronics,29,1253.15,36341.35
2025-02-04,Allen Solly Polo T-Shirt,Fashion,24,942.16,22611.84
2025-02-04,HP 65W Laptop Power Adapter,Office & Computing,25,1921.24,48031.0
2025-02-04,Kuber Industries Storage Box,Home & Living,35,340.41,11914.35
2025-02-04,Lakme Absolute Foundation,Beauty,7,755.25,5286.75
2025-02-04,Levi's 511 Slim Fit Jeans,Fashion,32,3031.69,97014.08
2025-02-04,Mi 10000mAh Power Bank,Electronics,39,1042.06,40640.34
2025-02-04,Pigeon Aluminium Non-Stick Pan,Home & Living,8,886.68,7093.44
2025-02-04,Plum Green Tea Toner 200ml,Beauty,49,359.93,17636.57
2025-02-04,Puma Classic Track Pants,Fashion,14,2106.55,29491.7
2025-02-04,Samsung Galaxy Buds3 Pro,Electronics,24,12312.65,295503.6
2025-02-04,Story@Home Blackout Curtains,Home & Living,23,1372.91,31576.93
2025-02-04,Syska USB Hub 4-Port,Office & Computing,25,567.55,14188.75
2025-02-04,Woodland Casual Sneakers,Fashion,12,2479.53,29754.36
2025-02-05,Anker 65W GaN Fast Charger,Electronics,36,2396.79,86284.44
2025-02-05,Biotique Bio Morning Nector SPF,Beauty,43,261.85,11259.55
2025-02-05,FabIndia Cotton Kurta,Fashion,15,1440.24,21603.6
2025-02-05,H&M Relaxed Fit Shirt,Fashion,20,762.09,15241.8
2025-02-05,Levi's 511 Slim Fit Jeans,Fashion,34,2863.75,97367.5
2025-02-05,Pigeon Aluminium Non-Stick Pan,Home & Living,24,871.94,20926.56
2025-02-05,Sony WH-1000XM5 Headphones,Electronics,50,25888.81,1294440.5
2025-02-05,Woodland Casual Sneakers,Fashion,11,2527.43,27801.73
2025-02-05,Zebronics ZEB-Crystal Pro Webcam,Electronics,1,1509.34,1509.34
2025-02-05,boAt Airdopes 141 TWS Earbuds,Electronics,22,1222.23,26889.06
2025-02-06,Allen Solly Polo T-Shirt,Fashion,29,1013.39,29388.31
2025-02-06,H&M Relaxed Fit Shirt,Fashion,5,758.57,3792.85
2025-02-06,JBL Flip 6 Bluetooth Speaker,Electronics,37,9820.02,363340.74
2025-02-06,Kuber Industries Storage Box,Home & Living,19,369.31,7016.89
2025-02-06,Mamaearth Vitamin C Face Wash,Beauty,30,294.57,8837.1
2025-02-06,Mi 10000mAh Power Bank,Electronics,47,947.55,44534.85
2025-02-06,Minimalist 10% Niacinamide Serum,Beauty,49,403.55,19773.95
2025-02-06,Portronics Table Lamp LED,Office & Computing,50,1304.33,65216.5
2025-02-06,Royalford Bamboo Chopping Board,Home & Living,3,508.58,1525.74
2025-02-06,Samsung Galaxy Buds3 Pro,Electronics,5,12514.14,62570.7
2025-02-06,Syska USB Hub 4-Port,Office & Computing,24,584.56,14029.44
2025-02-06,Woodland Casual Sneakers,Fashion,40,2525.19,101007.6
2025-02-06,Wow Skin Science Hair Oil,Beauty,6,619.67,3718.02
2025-02-06,boAt Airdopes 141 TWS Earbuds,Electronics,40,1359.92,54396.8
2025-02-07,Allen Solly Polo T-Shirt,Fashion,49,1004.59,49224.91
2025-02-07,AmazonBasics Adjustable Laptop Stand,Office & Computing,44,1858.55,81776.2
2025-02-07,FabIndia Cotton Kurta,Fashion,47,1466.17,68909.99
2025-02-07,HP 65W Laptop Power Adapter,Office & Computing,1,1957.42,1957.42
2025-02-07,JBL Flip 6 Bluetooth Speaker,Electronics,3,9452.05,28356.15
2025-02-07,Logitech MX Keys Keyboard,Electronics,42,8478.01,356076.42
2025-02-07,Mamaearth Vitamin C Face Wash,Beauty,1,310.03,310.03
2025-02-07,Mi 10000mAh Power Bank,Electronics,20,1050.45,21009.0
2025-02-07,Pigeon Aluminium Non-Stick Pan,Home & Living,34,888.48,30208.32
2025-02-07,Prestige Induction Cooktop 1200W,Home & Living,21,2850.04,59850.84
2025-02-07,Royalford Bamboo Chopping Board,Home & Living,35,485.93,17007.55
2025-02-07,Samsung Galaxy Buds3 Pro,Electronics,13,13252.48,172282.24
2025-02-07,Sony WH-1000XM5 Headphones,Electronics,9,26417.81,237760.29
2025-02-07,Syska USB Hub 4-Port,Office & Computing,4,620.44,2481.76
2025-02-07,Wow Skin Science Hair Oil,Beauty,36,631.11,22719.96
2025-02-07,Zebronics ZEB-Crystal Pro Webcam,Electronics,9,1469.47,13225.23
2025-02-08,Allen Solly Polo T-Shirt,Fashion,22,985.71,21685.62
2025-02-08,AmazonBasics Adjustable Laptop Stand,Office & Computing,17,1817.17,30891.89
2025-02-08,Anker 65W GaN Fast Charger,Electronics,48,2446.02,117408.96
2025-02-08,FabIndia Cotton Kurta,Fashion,48,1468.57,70491.36
2025-02-08,JBL Flip 6 Bluetooth Speaker,Electronics,37,10116.99,374328.63
2025-02-08,Kuber Industries Storage Box,Home & Living,20,331.72,6634.4
2025-02-08,Levi's 511 Slim Fit Jeans,Fashion,29,3100.07,89902.03
2025-02-08,Mamaearth Vitamin C Face Wash,Beauty,26,308.54,8022.04
2025-02-08,Mi 10000mAh Power Bank,Electronics,27,976.72,26371.44
2025-02-08,Portronics Table Lamp LED,Office & Computing,21,1247.43,26196.03
2025-02-08,Prestige Induction Cooktop 1200W,Home & Living,37,2885.68,106770.16
2025-02-08,Puma Classic Track Pants,Fashion,38,1927.04,73227.52
2025-02-08,Samsung Galaxy Buds3 Pro,Electronics,29,13093.89,379722.81
2025-02-08,Syska USB Hub 4-Port,Office & Computing,30,590.07,17702.1
2025-02-08,Wow Skin Science Hair Oil,Beauty,35,615.23,21533.05
2025-02-08,Zebronics ZEB-Crystal Pro Webcam,Electronics,29,1450.73,42071.17
2025-02-09,Allen Solly Polo T-Shirt,Fashion,6,1003.1,6018.6
2025-02-09,AmazonBasics Adjustable Laptop Stand,Office & Computing,46,1740.53,80064.38
2025-02-09,Anker 65W GaN Fast Charger,Electronics,21,2532.99,53192.79
2025-02-09,HP 65W Laptop Power Adapter,Office & Computing,37,2080.76,76988.12
2025-02-09,JBL Flip 6 Bluetooth Speaker,Electronics,12,9500.05,114000.6
2025-02-09,Kuber Industries Storage Box,Home & Living,11,363.76,4001.36
2025-02-09,Logitech MX Keys Keyboard,Electronics,27,8883.22,239846.94
2025-02-09,Mamaearth Vitamin C Face Wash,Beauty,46,298.79,13744.34
2025-02-09,Mi 10000mAh Power Bank,Electronics,14,1058.04,14812.56
2025-02-09,Milton Thermosteel Flask 1L,Home & Living,10,703.05,7030.5
2025-02-09,Minimalist 10% Niacinamide Serum,Beauty,31,399.24,12376.44
2025-02-09,Samsung Galaxy Buds3 Pro,Electronics,24,13439.67,322552.08
2025-02-09,Sony WH-1000XM5 Headphones,Electronics,18,27214.02,489852.36
2025-02-09,Story@Home Blackout Curtains,Home & Living,3,1307.96,3923.88
2025-02-09,Zebronics ZEB-Crystal Pro Webcam,Electronics,23,1456.58,33501.34
2025-02-10,Allen Solly Polo T-Shirt,Fashion,17,1002.5,17042.5
2025-02-10,AmazonBasics Adjustable Laptop Stand,Office & Computing,1,1811.95,1811.95
2025-02-10,Anker 65W GaN Fast Charger,Electronics,26,2557.23,66487.98
2025-02-10,Biotique Bio Morning Nector SPF,Beauty,11,251.07,2761.77
2025-02-10,FabIndia Cotton Kurta,Fashion,10,1498.4,14984.0
2025-02-10,H&M Relaxed Fit Shirt,Fashion,18,812.02,14616.36
2025-02-10,HP 65W Laptop Power Adapter,Office & Computing,14,2024.79,28347.06
2025-02-10,JBL Flip 6 Bluetooth Speaker,Electronics,12,10024.0,120288.0
2025-02-10,Kuber Industries Storage Box,Home & Living,19,356.82,6779.58
2025-02-10,Lakme Absolute Foundation,Beauty,14,824.73,11546.22
2025-02-10,Levi's 511 Slim Fit Jeans,Fashion,28,2975.31,83308.68
2025-02-10,Logitech MX Keys Keyboard,Electronics,28,8654.71,242331.88
2025-02-10,Mamaearth Vitamin C Face Wash,Beauty,30,300.52,9015.6
2025-02-10,Mi 10000mAh Power Bank,Electronics,13,977.72,12710.36
2025-02-10,Milton Thermosteel Flask 1L,Home & Living,27,709.83,19165.41
2025-02-10,Minimalist 10% Niacinamide Serum,Beauty,23,385.55,8867.65
2025-02-10,Pigeon Aluminium Non-Stick Pan,Home & Living,27,903.94,24406.38
2025-02-10,Plum Green Tea Toner 200ml,Beauty,17,388.99,6612.83
2025-02-10,Portronics Table Lamp LED,Office & Computing,29,1314.72,38126.88
2025-02-10,Prestige Induction Cooktop 1200W,Home & Living,23,3099.53,71289.19
2025-02-10,Puma Classic Track Pants,Fashion,22,1974.61,43441.42
2025-02-10,Royalford Bamboo Chopping Board,Home & Living,4,512.12,2048.48
2025-02-10,Samsung Galaxy Buds3 Pro,Electronics,3,13265.48,39796.44
2025-02-10,Sony WH-1000XM5 Headphones,Electronics,24,27770.01,666480.24
2025-02-10,Story@Home Blackout Curtains,Home & Living,12,1296.92,15563.04
2025-02-10,Syska USB Hub 4-Port,Office & Computing,22,591.57,13014.54
2025-02-10,Woodland Casual Sneakers,Fashion,21,2553.13,53615.73
2025-02-10,Wow Skin Science Hair Oil,Beauty,2,579.53,1159.06
2025-02-10,Zebronics ZEB-Crystal Pro Webcam,Electronics,9,1512.94,13616.46
2025-02-10,boAt Airdopes 141 TWS Earbuds,Electronics,13,1247.3,16214.9
2025-02-11,Allen Solly Polo T-Shirt,Fashion,47,999.7,46985.9
2025-02-11,Anker 65W GaN Fast Charger,Electronics,19,2540.98,48278.62
2025-02-11,Biotique Bio Morning Nector SPF,Beauty,5,263.54,1317.7
2025-02-11,H&M Relaxed Fit Shirt,Fashion,35,778.55,27249.25
2025-02-11,JBL Flip 6 Bluetooth Speaker,Electronics,15,10266.97,154004.55
2025-02-11,Lakme Absolute Foundation,Beauty,13,777.27,10104.51
2025-02-11,Mamaearth Vitamin C Face Wash,Beauty,44,300.17,13207.48
2025-02-11,Milton Thermosteel Flask 1L,Home & Living,30,719.69,21590.7
2025-02-11,Minimalist 10% Niacinamide Serum,Beauty,49,403.51,19771.99
2025-02-11,Pigeon Aluminium Non-Stick Pan,Home & Living,14,922.01,12908.14
2025-02-11,Plum Green Tea Toner 200ml,Beauty,45,355.91,16015.95
2025-02-11,Portronics Table Lamp LED,Office & Computing,47,1340.96,63025.12
2025-02-11,Royalford Bamboo Chopping Board,Home & Living,14,483.58,6770.12
2025-02-11,Sony WH-1000XM5 Headphones,Electronics,3,25567.63,76702.89
2025-02-11,Story@Home Blackout Curtains,Home & Living,9,1354.34,12189.06
2025-02-11,Syska USB Hub 4-Port,Office & Computing,5,609.48,3047.4
2025-02-11,Wow Skin Science Hair Oil,Beauty,33,563.84,18606.72
2025-02-11,boAt Airdopes 141 TWS Earbuds,Electronics,41,1244.57,51027.37
2025-02-12,HP 65W Laptop Power Adapter,Office & Computing,17,1952.02,33184.34
2025-02-12,JBL Flip 6 Bluetooth Speaker,Electronics,46,10476.95,481939.7
2025-02-12,Kuber Industries Storage Box,Home & Living,2,331.62,663.24
2025-02-12,Levi's 511 Slim Fit Jeans,Fashion,6,2962.41,17774.46
2025-02-12,Logitech MX Keys Keyboard,Electronics,2,8854.34,17708.68
2025-02-12,Mamaearth Vitamin C Face Wash,Beauty,10,287.55,2875.5
2025-02-12,Mi 10000mAh Power Bank,Electronics,14,1031.47,14440.58
2025-02-12,Milton Thermosteel Flask 1L,Home & Living,39,738.07,28784.73
2025-02-12,Minimalist 10% Niacinamide Serum,Beauty,46,397.32,18276.72
2025-02-12,Pigeon Aluminium Non-Stick Pan,Home & Living,18,912.84,16431.12
2025-02-12,Plum Green Tea Toner 200ml,Beauty,16,376.16,6018.56
2025-02-12,Prestige Induction Cooktop 1200W,Home & Living,12,3060.59,36727.08
2025-02-12,Puma Classic Track Pants,Fashion,40,1892.85,75714.0
2025-02-12,Syska USB Hub 4-Port,Office & Computing,12,611.82,7341.84
2025-02-12,Woodland Casual Sneakers,Fashion,10,2478.28,24782.8
2025-02-12,Wow Skin Science Hair Oil,Beauty,25,617.93,15448.25
2025-02-12,Zebronics ZEB-Crystal Pro Webcam,Electronics,47,1504.4,70706.8
2025-02-13,AmazonBasics Adjustable Laptop Stand,Office & Computing,7,1767.7,12373.9
2025-02-13,FabIndia Cotton Kurta,Fashion,10,1588.79,15887.9
2025-02-13,H&M Relaxed Fit Shirt,Fashion,50,828.16,41408.0
2025-02-13,JBL Flip 6 Bluetooth Speaker,Electronics,7,9948.01,69636.07
2025-02-13,Lakme Absolute Foundation,Beauty,47,835.39,39263.33
2025-02-13,Mi 10000mAh Power Bank,Electronics,5,972.33,4861.65
2025-02-13,Minimalist 10% Niacinamide Serum,Beauty,49,394.05,19308.45
2025-02-13,Pigeon Aluminium Non-Stick Pan,Home & Living,10,855.22,8552.2
2025-02-13,Plum Green Tea Toner 200ml,Beauty,29,395.36,11465.44
2025-02-13,Portronics Table Lamp LED,Office & Computing,45,1263.41,56853.45
2025-02-13,Royalford Bamboo Chopping Board,Home & Living,21,522.85,10979.85
2025-02-13,Samsung Galaxy Buds3 Pro,Electronics,25,12287.95,307198.75
2025-02-13,Sony WH-1000XM5 Headphones,Electronics,5,27608.07,138040.35
2025-02-13,Zebronics ZEB-Crystal Pro Webcam,Electronics,9,1458.68,13128.12
2025-02-14,Allen Solly Polo T-Shirt,Fashion,36,1007.59,36273.24
2025-02-14,Anker 65W GaN Fast Charger,Electronics,8,2560.23,20481.84
2025-02-14,Biotique Bio Morning Nector SPF,Beauty,16,240.31,3844.96
2025-02-14,FabIndia Cotton Kurta,Fashion,16,1551.91,24830.56
2025-02-14,H&M Relaxed Fit Shirt,Fashion,25,837.43,20935.75
2025-02-14,Lakme Absolute Foundation,Beauty,5,753.66,3768.3
2025-02-14,Levi's 511 Slim Fit Jeans,Fashion,7,2899.43,20296.01
2025-02-14,Mamaearth Vitamin C Face Wash,Beauty,27,305.88,8258.76
2025-02-14,Mi 10000mAh Power Bank,Electronics,41,975.72,40004.52
2025-02-14,Pigeon Aluminium Non-Stick Pan,Home & Living,4,899.9,3599.6
2025-02-14,Plum Green Tea Toner 200ml,Beauty,42,375.94,15789.48
2025-02-14,Portronics Table Lamp LED,Office & Computing,24,1246.78,29922.72
2025-02-14,Prestige Induction Cooktop 1200W,Home & Living,38,3048.91,115858.58
2025-02-14,Royalford Bamboo Chopping Board,Home & Living,23,515.82,11863.86
2025-02-14,Samsung Galaxy Buds3 Pro,Electronics,7,13490.36,94432.52
2025-02-14,Wow Skin Science Hair Oil,Beauty,27,588.34,15885.18
2025-02-14,Zebronics ZEB-Crystal Pro Webcam,Electronics,48,1566.75,75204.0
2025-02-14,boAt Airdopes 141 TWS Earbuds,Electronics,21,1333.03,27993.63
2025-02-15,Anker 65W GaN Fast Charger,Electronics,38,2396.79,91078.02
2025-02-15,Biotique Bio Morning Nector SPF,Beauty,3,248.75,746.25
2025-02-15,FabIndia Cotton Kurta,Fashion,50,1418.8,70940.0
2025-02-15,H&M Relaxed Fit Shirt,Fashion,26,822.89,21395.14
2025-02-15,JBL Flip 6 Bluetooth Speaker,Electronics,28,9692.03,271376.84
2025-02-15,Kuber Industries Storage Box,Home & Living,15,354.2,5313.0
2025-02-15,Logitech MX Keys Keyboard,Electronics,13,8239.3,107110.9
2025-02-15,Mi 10000mAh Power Bank,Electronics,15,981.12,14716.8
2025-02-15,Pigeon Aluminium Non-Stick Pan,Home & Living,47,892.8,41961.6
2025-02-15,Plum Green Tea Toner 200ml,Beauty,15,372.56,5588.4
2025-02-15,Puma Classic Track Pants,Fashion,46,2061.57,94832.22
2025-02-15,Royalford Bamboo Chopping Board,Home & Living,11,495.06,5445.66
2025-02-15,Story@Home Blackout Curtains,Home & Living,9,1225.09,11025.81
2025-02-15,Woodland Casual Sneakers,Fashion,8,2637.46,21099.68
2025-02-15,Zebronics ZEB-Crystal Pro Webcam,Electronics,29,1423.3,41275.7
2025-02-15,boAt Airdopes 141 TWS Earbuds,Electronics,20,1316.41,26328.2
2025-02-16,AmazonBasics Adjustable Laptop Stand,Office & Computing,32,1741.97,55743.04
2025-02-16,Anker 65W GaN Fast Charger,Electronics,29,2625.45,76138.05
2025-02-16,FabIndia Cotton Kurta,Fashion,43,1529.58,65771.94
2025-02-16,JBL Flip 6 Bluetooth Speaker,Electronics,44,9619.04,423237.76
2025-02-16,Kuber Industries Storage Box,Home & Living,30,353.36,10600.8
2025-02-16,Lakme Absolute Foundation,Beauty,21,783.71,16457.91
2025-02-16,Mamaearth Vitamin C Face Wash,Beauty,38,285.63,10853.94
2025-02-16,Mi 10000mAh Power Bank,Electronics,11,961.84,10580.24
2025-02-16,Minimalist 10% Niacinamide Serum,Beauty,16,403.47,6455.52
2025-02-16,Plum Green Tea Toner 200ml,Beauty,37,353.1,13064.7
2025-02-16,Prestige Induction Cooktop 1200W,Home & Living,45,2864.72,128912.4
2025-02-16,Royalford Bamboo Chopping Board,Home & Living,39,511.33,19941.87
2025-02-16,Sony WH-1000XM5 Headphones,Electronics,38,28247.73,1073413.74
2025-02-16,Zebronics ZEB-Crystal Pro Webcam,Electronics,28,1457.03,40796.84
2025-02-16,boAt Airdopes 141 TWS Earbuds,Electronics,35,1364.21,47747.35
2025-02-17,Allen Solly Polo T-Shirt,Fashion,26,1038.06,26989.56
2025-02-17,AmazonBasics Adjustable Laptop Stand,Office & Computing,6,1744.85,10469.1
2025-02-17,Anker 65W GaN Fast Charger,Electronics,19,2531.24,48093.56
2025-02-17,Biotique Bio Morning Nector SPF,Beauty,23,243.05,5590.15
2025-02-17,FabIndia Cotton Kurta,Fashion,29,1540.07,44662.03
2025-02-17,H&M Relaxed Fit Shirt,Fashion,17,802.76,13646.92
2025-02-17,HP 65W Laptop Power Adapter,Office & Computing,8,1996.2,15969.6
2025-02-17,JBL Flip 6 Bluetooth Speaker,Electronics,30,9817.02,294510.6
2025-02-17,Kuber Industries Storage Box,Home & Living,26,343.03,8918.78
2025-02-17,Lakme Absolute Foundation,Beauty,18,796.91,14344.38
2025-02-17,Levi's 511 Slim Fit Jeans,Fashion,22,2904.83,63906.26
2025-02-17,Logitech MX Keys Keyboard,Electronics,8,8336.14,66689.12
2025-02-17,Mamaearth Vitamin C Face Wash,Beauty,2,306.86,613.72
2025-02-17,Mi 10000mAh Power Bank,Electronics,25,991.91,24797.75
2025-02-17,Milton Thermosteel Flask 1L,Home & Living,1,724.23,724.23
2025-02-17,Minimalist 10% Niacinamide Serum,Beauty,30,397.16,11914.8
2025-02-17,Pigeon Aluminium Non-Stick Pan,Home & Living,12,902.33,10827.96
2025-02-17,Plum Green Tea Toner 200ml,Beauty,11,377.93,4157.23
2025-02-17,Portronics Table Lamp LED,Office & Computing,7,1262.63,8838.41
2025-02-17,Prestige Induction Cooktop 1200W,Home & Living,12,2984.22,35810.64
2025-02-17,Puma Classic Track Pants,Fashion,3,2007.0,6021.0
2025-02-17,Royalford Bamboo Chopping Board,Home & Living,26,513.52,13351.52
2025-02-17,Samsung Galaxy Buds3 Pro,Electronics,28,12593.43,352616.04
2025-02-17,Sony WH-1000XM5 Headphones,Electronics,15,26469.09,397036.35
2025-02-17,Story@Home Blackout Curtains,Home & Living,26,1297.44,33733.44
2025-02-17,Syska USB Hub 4-Port,Office & Computing,22,581.39,12790.58
2025-02-17,Woodland Casual Sneakers,Fashion,27,2420.65,65357.55
2025-02-17,Wow Skin Science Hair Oil,Beauty,13,593.13,7710.69
2025-02-17,Zebronics ZEB-Crystal Pro Webcam,Electronics,30,1503.65,45109.5
2025-02-17,boAt Airdopes 141 TWS Earbuds,Electronics,13,1274.58,16569.54
2025-02-18,AmazonBasics Adjustable Laptop Stand,Office & Computing,5,1708.15,8540.75
2025-02-18,Anker 65W GaN Fast Charger,Electronics,17,2373.05,40341.85
2025-02-18,Biotique Bio Morning Nector SPF,Beauty,10,255.95,2559.5
2025-02-18,H&M Relaxed Fit Shirt,Fashion,49,796.6,39033.4
2025-02-18,HP 65W Laptop Power Adapter,Office & Computing,25,2066.97,51674.25
2025-02-18,Lakme Absolute Foundation,Beauty,50,824.34,41217.0
2025-02-18,Levi's 511 Slim Fit Jeans,Fashion,16,3076.37,49221.92
2025-02-18,Logitech MX Keys Keyboard,Electronics,20,8876.43,177528.6
2025-02-18,Mamaearth Vitamin C Face Wash,Beauty,33,291.08,9605.64
2025-02-18,Mi 10000mAh Power Bank,Electronics,33,1018.48,33609.84
2025-02-18,Milton Thermosteel Flask 1L,Home & Living,21,739.19,15522.99
2025-02-18,Portronics Table Lamp LED,Office & Computing,36,1253.79,45136.44
2025-02-18,Prestige Induction Cooktop 1200W,Home & Living,21,3174.4,66662.4
2025-02-18,Puma Classic Track Pants,Fashion,26,1903.45,49489.7
2025-02-18,Royalford Bamboo Chopping Board,Home & Living,38,481.78,18307.64
2025-02-18,Sony WH-1000XM5 Headphones,Electronics,1,25537.94,25537.94
2025-02-18,Syska USB Hub 4-Port,Office & Computing,27,630.63,17027.01
2025-02-18,boAt Airdopes 141 TWS Earbuds,Electronics,38,1267.82,48177.16
2025-02-19,Anker 65W GaN Fast Charger,Electronics,24,2536.98,60887.52
2025-02-19,FabIndia Cotton Kurta,Fashion,16,1460.63,23370.08
2025-02-19,Mamaearth Vitamin C Face Wash,Beauty,37,313.86,11612.82
2025-02-19,Minimalist 10% Niacinamide Serum,Beauty,14,396.77,5554.78
2025-02-19,Pigeon Aluminium Non-Stick Pan,Home & Living,32,907.0,29024.0
2025-02-19,Plum Green Tea Toner 200ml,Beauty,37,381.19,14104.03
2025-02-19,Prestige Induction Cooktop 1200W,Home & Living,34,2930.31,99630.54
2025-02-19,Puma Classic Track Pants,Fashion,33,1960.62,64700.46
2025-02-19,Samsung Galaxy Buds3 Pro,Electronics,24,13747.74,329945.76
2025-02-19,Woodland Casual Sneakers,Fashion,40,2494.25,99770.0
2025-02-20,AmazonBasics Adjustable Laptop Stand,Office & Computing,1,1748.99,1748.99
2025-02-20,Anker 65W GaN Fast Charger,Electronics,38,2469.51,93841.38
2025-02-20,FabIndia Cotton Kurta,Fashion,20,1575.6,31512.0
2025-02-20,HP 65W Laptop Power Adapter,Office & Computing,24,2040.18,48964.32
2025-02-20,JBL Flip 6 Bluetooth Speaker,Electronics,16,9950.0,159200.0
2025-02-20,Kuber Industries Storage Box,Home & Living,3,339.54,1018.62
2025-02-20,Levi's 511 Slim Fit Jeans,Fashion,8,3063.78,24510.24
2025-02-20,Logitech MX Keys Keyboard,Electronics,22,8637.72,190029.84
2025-02-20,Mi 10000mAh Power Bank,Electronics,12,960.34,11524.08
2025-02-20,Milton Thermosteel Flask 1L,Home & Living,22,688.45,15145.9
2025-02-20,Minimalist 10% Niacinamide Serum,Beauty,21,396.37,8323.77
2025-02-20,Plum Green Tea Toner 200ml,Beauty,39,364.5,14215.5
2025-02-20,Prestige Induction Cooktop 1200W,Home & Living,49,3043.52,149132.48
2025-02-20,Puma Classic Track Pants,Fashion,14,1923.84,26933.76
2025-02-20,Royalford Bamboo Chopping Board,Home & Living,36,512.17,18438.12
2025-02-20,Samsung Galaxy Buds3 Pro,Electronics,2,13750.34,27500.68
2025-02-20,Wow Skin Science Hair Oil,Beauty,18,597.8,10760.4
2025-02-20,Zebronics ZEB-Crystal Pro Webcam,Electronics,25,1449.08,36227.0
2025-02-20,boAt Airdopes 141 TWS Earbuds,Electronics,10,1349.66,13496.6
2025-02-21,Anker 65W GaN Fast Charger,Electronics,43,2571.22,110562.46
2025-02-21,FabIndia Cotton Kurta,Fashion,24,1435.44,34450.56
2025-02-21,HP 65W Laptop Power Adapter,Office & Computing,1,1961.02,1961.02
2025-02-21,Kuber Industries Storage Box,Home & Living,8,369.91,2959.28
2025-02-21,Logitech MX Keys Keyboard,Electronics,14,8514.54,119203.56
2025-02-21,Mi 10000mAh Power Bank,Electronics,11,1036.76,11404.36
2025-02-21,Milton Thermosteel Flask 1L,Home & Living,49,739.96,36258.04
2025-02-21,Pigeon Aluminium Non-Stick Pan,Home & Living,38,916.89,34841.82
2025-02-21,Plum Green Tea Toner 200ml,Beauty,2,378.86,757.72
2025-02-21,Puma Classic Track Pants,Fashion,1,1935.43,1935.43
2025-02-21,Story@Home Blackout Curtains,Home & Living,3,1350.31,4050.93
2025-02-21,Zebronics ZEB-Crystal Pro Webcam,Electronics,49,1523.13,74633.37
2025-02-21,boAt Airdopes 141 TWS Earbuds,Electronics,35,1279.77,44791.95
2025-02-22,Allen Solly Polo T-Shirt,Fashion,32,977.02,31264.64
2025-02-22,AmazonBasics Adjustable Laptop Stand,Office & Computing,35,1786.41,62524.35
2025-02-22,Anker 65W GaN Fast Charger,Electronics,37,2594.21,95985.77
2025-02-22,FabIndia Cotton Kurta,Fashion,33,1585.94,52336.02
2025-02-22,Kuber Industries Storage Box,Home & Living,17,363.76,6183.92
2025-02-22,Lakme Absolute Foundation,Beauty,32,811.14,25956.48
2025-02-22,Levi's 511 Slim Fit Jeans,Fashion,13,2821.16,36675.08
2025-02-22,Mamaearth Vitamin C Face Wash,Beauty,14,304.02,4256.28
2025-02-22,Milton Thermosteel Flask 1L,Home & Living,33,716.68,23650.44
2025-02-22,Minimalist 10% Niacinamide Serum,Beauty,41,418.79,17170.39
2025-02-22,Pigeon Aluminium Non-Stick Pan,Home & Living,26,889.47,23126.22
2025-02-22,Samsung Galaxy Buds3 Pro,Electronics,22,12576.53,276683.66
2025-02-22,Sony WH-1000XM5 Headphones,Electronics,27,28091.19,758462.13
2025-02-22,boAt Airdopes 141 TWS Earbuds,Electronics,36,1341.35,48288.6
2025-02-23,Allen Solly Polo T-Shirt,Fashion,6,981.22,5887.32
2025-02-23,AmazonBasics Adjustable Laptop Stand,Office & Computing,13,1815.55,23602.15
2025-02-23,H&M Relaxed Fit Shirt,Fashion,39,830.32,32382.48
2025-02-23,Kuber Industries Storage Box,Home & Living,36,348.02,12528.72
2025-02-23,Levi's 511 Slim Fit Jeans,Fashion,4,2984.3,11937.2
2025-02-23,Mi 10000mAh Power Bank,Electronics,13,1035.66,13463.58
2025-02-23,Milton Thermosteel Flask 1L,Home & Living,14,703.26,9845.64
2025-02-23,Pigeon Aluminium Non-Stick Pan,Home & Living,34,876.44,29798.96
2025-02-23,Prestige Induction Cooktop 1200W,Home & Living,32,2995.9,95868.8
2025-02-23,Puma Classic Track Pants,Fashion,15,2094.95,31424.25
2025-02-23,Samsung Galaxy Buds3 Pro,Electronics,48,13292.78,638053.44
2025-02-23,Sony WH-1000XM5 Headphones,Electronics,30,28344.9,850347.0
2025-02-23,Wow Skin Science Hair Oil,Beauty,26,572.82,14893.32
2025-02-24,Allen Solly Polo T-Shirt,Fashion,18,960.64,17291.52
2025-02-24,AmazonBasics Adjustable Laptop Stand,Office & Computing,23,1820.59,41873.57
2025-02-24,Anker 65W GaN Fast Charger,Electronics,30,2438.52,73155.6
2025-02-24,Biotique Bio Morning Nector SPF,Beauty,11,242.58,2668.38
2025-02-24,FabIndia Cotton Kurta,Fashion,22,1495.4,32898.8
2025-02-24,H&M Relaxed Fit Shirt,Fashion,22,818.58,18008.76
2025-02-24,HP 65W Laptop Power Adapter,Office & Computing,22,2027.19,44598.18
2025-02-24,JBL Flip 6 Bluetooth Speaker,Electronics,6,9805.02,58830.12
2025-02-24,Kuber Industries Storage Box,Home & Living,18,359.61,6472.98
2025-02-24,Lakme Absolute Foundation,Beauty,13,778.62,10122.06
2025-02-24,Levi's 511 Slim Fit Jeans,Fashion,23,3097.37,71239.51
2025-02-24,Logitech MX Keys Keyboard,Electronics,26,8631.77,224426.02
2025-02-24,Mamaearth Vitamin C Face Wash,Beauty,29,299.12,8674.48
2025-02-24,Mi 10000mAh Power Bank,Electronics,11,1018.58,11204.38
2025-02-24,Milton Thermosteel Flask 1L,Home & Living,1,713.47,713.47
2025-02-24,Minimalist 10% Niacinamide Serum,Beauty,9,406.9,3662.1
2025-02-24,Pigeon Aluminium Non-Stick Pan,Home & Living,6,917.88,5507.28
2025-02-24,Plum Green Tea Toner 200ml,Beauty,20,371.77,7435.4
2025-02-24,Portronics Table Lamp LED,Office & Computing,25,1271.98,31799.5
2025-02-24,Prestige Induction Cooktop 1200W,Home & Living,16,2953.67,47258.72
2025-02-24,Puma Classic Track Pants,Fashion,10,2061.57,20615.7
2025-02-24,Royalford Bamboo Chopping Board,Home & Living,21,509.33,10695.93
2025-02-24,Samsung Galaxy Buds3 Pro,Electronics,21,12645.43,265554.03
2025-02-24,Sony WH-1000XM5 Headphones,Electronics,8,27724.13,221793.04
2025-02-24,Story@Home Blackout Curtains,Home & Living,30,1305.88,39176.4
2025-02-24,Syska USB Hub 4-Port,Office & Computing,23,606.19,13942.37
2025-02-24,Woodland Casual Sneakers,Fashion,23,2560.62,58894.26
2025-02-24,Wow Skin Science Hair Oil,Beauty,16,577.74,9243.84
2025-02-24,Zebronics ZEB-Crystal Pro Webcam,Electronics,16,1494.8,23916.8
2025-02-24,boAt Airdopes 141 TWS Earbuds,Electronics,26,1328.62,34544.12
2025-02-25,Allen Solly Polo T-Shirt,Fashion,4,1018.28,4073.12
2025-02-25,Anker 65W GaN Fast Charger,Electronics,25,2388.04,59701.0
2025-02-25,Biotique Bio Morning Nector SPF,Beauty,22,253.66,5580.52
2025-02-25,FabIndia Cotton Kurta,Fashion,38,1586.84,60299.92
2025-02-25,Levi's 511 Slim Fit Jeans,Fashion,17,3034.09,51579.53
2025-02-25,Logitech MX Keys Keyboard,Electronics,6,8049.01,48294.06
2025-02-25,Pigeon Aluminium Non-Stick Pan,Home & Living,9,909.43,8184.87
2025-02-25,Prestige Induction Cooktop 1200W,Home & Living,10,2833.27,28332.7
2025-02-25,Royalford Bamboo Chopping Board,Home & Living,49,483.98,23715.02
2025-02-25,Sony WH-1000XM5 Headphones,Electronics,32,27799.7,889590.4
2025-02-25,Syska USB Hub 4-Port,Office & Computing,38,583.73,22181.74
2025-02-25,Wow Skin Science Hair Oil,Beauty,29,568.93,16498.97
2025-02-25,boAt Airdopes 141 TWS Earbuds,Electronics,12,1228.07,14736.84
2025-02-26,Allen Solly Polo T-Shirt,Fashion,9,1010.39,9093.51
2025-02-26,AmazonBasics Adjustable Laptop Stand,Office & Computing,24,1900.28,45606.72
2025-02-26,Anker 65W GaN Fast Charger,Electronics,41,2380.3,97592.3
2025-02-26,H&M Relaxed Fit Shirt,Fashion,24,766.16,18387.84
2025-02-26,HP 65W Laptop Power Adapter,Office & Computing,21,1941.03,40761.63
2025-02-26,Kuber Industries Storage Box,Home & Living,39,337.73,13171.47
2025-02-26,Logitech MX Keys Keyboard,Electronics,3,8895.96,26687.88
2025-02-26,Portronics Table Lamp LED,Office & Computing,45,1247.56,56140.2
2025-02-26,Prestige Induction Cooktop 1200W,Home & Living,20,2830.57,56611.4
2025-02-26,Puma Classic Track Pants,Fashion,25,1950.82,48770.5
2025-02-26,Royalford Bamboo Chopping Board,Home & Living,25,483.33,12083.25
2025-02-26,Woodland Casual Sneakers,Fashion,18,2469.05,44442.9
2025-02-26,Wow Skin Science Hair Oil,Beauty,48,568.27,27276.96
2025-02-26,boAt Airdopes 141 TWS Earbuds,Electronics,13,1254.96,16314.48
2025-02-27,Biotique Bio Morning Nector SPF,Beauty,36,234.48,8441.28
2025-02-27,FabIndia Cotton Kurta,Fashion,24,1471.72,35321.28
2025-02-27,JBL Flip 6 Bluetooth Speaker,Electronics,40,9691.03,387641.2
2025-02-27,Lakme Absolute Foundation,Beauty,17,770.51,13098.67
2025-02-27,Levi's 511 Slim Fit Jeans,Fashion,31,3019.09,93591.79
2025-02-27,Logitech MX Keys Keyboard,Electronics,31,8872.18,275037.58
2025-02-27,Milton Thermosteel Flask 1L,Home & Living,25,717.31,17932.75
2025-02-27,Minimalist 10% Niacinamide Serum,Beauty,50,414.32,20716.0
2025-02-27,Plum Green Tea Toner 200ml,Beauty,41,367.5,15067.5
2025-02-27,Portronics Table Lamp LED,Office & Computing,41,1277.44,52375.04
2025-02-27,Prestige Induction Cooktop 1200W,Home & Living,29,3055.5,88609.5
2025-02-27,Puma Classic Track Pants,Fashion,18,2081.16,37460.88
2025-02-27,Sony WH-1000XM5 Headphones,Electronics,36,25500.15,918005.4
2025-02-27,Syska USB Hub 4-Port,Office & Computing,48,567.07,27219.36
2025-02-27,Wow Skin Science Hair Oil,Beauty,45,613.62,27612.9
2025-02-28,Allen Solly Polo T-Shirt,Fashion,12,986.21,11834.52
2025-02-28,AmazonBasics Adjustable Laptop Stand,Office & Computing,30,1719.48,51584.4
2025-02-28,FabIndia Cotton Kurta,Fashion,3,1469.17,4407.51
2025-02-28,H&M Relaxed Fit Shirt,Fashion,50,818.9,40945.0
2025-02-28,JBL Flip 6 Bluetooth Speaker,Electronics,18,9621.04,173178.72
2025-02-28,Kuber Industries Storage Box,Home & Living,34,363.9,12372.6
2025-02-28,Mi 10000mAh Power Bank,Electronics,20,1020.58,20411.6
2025-02-28,Pigeon Aluminium Non-Stick Pan,Home & Living,9,874.73,7872.57
2025-02-28,Prestige Induction Cooktop 1200W,Home & Living,19,3085.15,58617.85
2025-02-28,Puma Classic Track Pants,Fashion,39,2012.59,78491.01
2025-02-28,Royalford Bamboo Chopping Board,Home & Living,17,484.53,8237.01
2025-02-28,Sony WH-1000XM5 Headphones,Electronics,36,25783.55,928207.8
2025-02-28,Wow Skin Science Hair Oil,Beauty,5,565.94,2829.7
2025-02-28,Zebronics ZEB-Crystal Pro Webcam,Electronics,38,1516.69,57634.22
2025-02-28,boAt Airdopes 141 TWS Earbuds,Electronics,1,1225.09,1225.09
2025-03-01,AmazonBasics Adjustable Laptop Stand,Office & Computing,30,1883.91,56517.3
2025-03-01,JBL Flip 6 Bluetooth Speaker,Electronics,47,9964.0,468308.0
2025-03-01,Kuber Industries Storage Box,Home & Living,29,340.14,9864.06
2025-03-01,Lakme Absolute Foundation,Beauty,48,813.44,39045.12
2025-03-01,Levi's 511 Slim Fit Jeans,Fashion,32,2876.64,92052.48
2025-03-01,Logitech MX Keys Keyboard,Electronics,42,8420.24,353650.08
2025-03-01,Mamaearth Vitamin C Face Wash,Beauty,20,289.49,5789.8
2025-03-01,Milton Thermosteel Flask 1L,Home & Living,27,687.75,18569.25
2025-03-01,Portronics Table Lamp LED,Office & Computing,24,1344.85,32276.4
2025-03-01,Puma Classic Track Pants,Fashion,29,1989.4,57692.6
2025-03-01,Royalford Bamboo Chopping Board,Home & Living,50,469.46,23473.0
2025-03-01,Samsung Galaxy Buds3 Pro,Electronics,1,13377.27,13377.27
2025-03-01,Sony WH-1000XM5 Headphones,Electronics,28,25459.67,712870.76
2025-03-01,Syska USB Hub 4-Port,Office & Computing,45,597.68,26895.6
2025-03-02,Anker 65W GaN Fast Charger,Electronics,11,2550.73,28058.03
2025-03-02,FabIndia Cotton Kurta,Fashion,20,1427.95,28559.0
2025-03-02,H&M Relaxed Fit Shirt,Fashion,44,758.89,33391.16
2025-03-02,Pigeon Aluminium Non-Stick Pan,Home & Living,35,945.57,33094.95
2025-03-02,Portronics Table Lamp LED,Office & Computing,45,1349.14,60711.3
2025-03-02,Prestige Induction Cooktop 1200W,Home & Living,19,3078.86,58498.34
2025-03-02,Puma Classic Track Pants,Fashion,5,1991.8,9959.0
2025-03-02,Royalford Bamboo Chopping Board,Home & Living,47,485.18,22803.46
2025-03-02,Samsung Galaxy Buds3 Pro,Electronics,33,13573.56,447927.48
2025-03-02,Sony WH-1000XM5 Headphones,Electronics,5,26344.94,131724.7
2025-03-02,Syska USB Hub 4-Port,Office & Computing,5,580.73,2903.65
2025-03-02,Zebronics ZEB-Crystal Pro Webcam,Electronics,49,1441.89,70652.61
2025-03-03,Allen Solly Polo T-Shirt,Fashion,28,996.6,27904.8
2025-03-03,AmazonBasics Adjustable Laptop Stand,Office & Computing,2,1781.01,3562.02
2025-03-03,Anker 65W GaN Fast Charger,Electronics,4,2508.0,10032.0
2025-03-03,Biotique Bio Morning Nector SPF,Beauty,13,258.34,3358.42
2025-03-03,FabIndia Cotton Kurta,Fashion,18,1440.09,25921.62
2025-03-03,H&M Relaxed Fit Shirt,Fashion,3,792.45,2377.35
2025-03-03,HP 65W Laptop Power Adapter,Office & Computing,13,1942.83,25256.79
2025-03-03,JBL Flip 6 Bluetooth Speaker,Electronics,27,10353.96,279556.92
2025-03-03,Kuber Industries Storage Box,Home & Living,29,346.52,10049.08
2025-03-03,Lakme Absolute Foundation,Beauty,7,784.19,5489.33
2025-03-03,Levi's 511 Slim Fit Jeans,Fashion,3,3094.67,9284.01
2025-03-03,Logitech MX Keys Keyboard,Electronics,13,8748.15,113725.95
2025-03-03,Mamaearth Vitamin C Face Wash,Beauty,19,299.87,5697.53
2025-03-03,Mi 10000mAh Power Bank,Electronics,23,1032.07,23737.61
2025-03-03,Milton Thermosteel Flask 1L,Home & Living,13,718.5,9340.5
2025-03-03,Minimalist 10% Niacinamide Serum,Beauty,7,389.5,2726.5
2025-03-03,Pigeon Aluminium Non-Stick Pan,Home & Living,25,868.25,21706.25
2025-03-03,Plum Green Tea Toner 200ml,Beauty,4,370.43,1481.72
2025-03-03,Portronics Table Lamp LED,Office & Computing,2,1330.7,2661.4
2025-03-03,Prestige Induction Cooktop 1200W,Home & Living,1,3083.35,3083.35
2025-03-03,Puma Classic Track Pants,Fashion,28,1944.23,54438.44
2025-03-03,Royalford Bamboo Chopping Board,Home & Living,8,485.53,3884.24
2025-03-03,Samsung Galaxy Buds3 Pro,Electronics,22,12918.41,284205.02
2025-03-03,Sony WH-1000XM5 Headphones,Electronics,9,27564.89,248084.01
2025-03-03,Story@Home Blackout Curtains,Home & Living,11,1287.44,14161.84
2025-03-03,Syska USB Hub 4-Port,Office & Computing,6,599.18,3595.08
2025-03-03,Woodland Casual Sneakers,Fashion,24,2594.3,62263.2
2025-03-03,Wow Skin Science Hair Oil,Beauty,1,608.7,608.7
2025-03-03,Zebronics ZEB-Crystal Pro Webcam,Electronics,27,1526.73,41221.71
2025-03-03,boAt Airdopes 141 TWS Earbuds,Electronics,10,1290.95,12909.5
2025-03-04,Allen Solly Polo T-Shirt,Fashion,33,962.84,31773.72
2025-03-04,Anker 65W GaN Fast Charger,Electronics,49,2452.02,120148.98
2025-03-04,FabIndia Cotton Kurta,Fashion,13,1523.58,19806.54
2025-03-04,Levi's 511 Slim Fit Jeans,Fashion,10,2943.52,29435.2
2025-03-04,Logitech MX Keys Keyboard,Electronics,41,8165.39,334780.99
2025-03-04,Mi 10000mAh Power Bank,Electronics,48,1013.98,48671.04
2025-03-04,Milton Thermosteel Flask 1L,Home & Living,30,672.44,20173.2
2025-03-04,Minimalist 10% Niacinamide Serum,Beauty,2,422.66,845.32
2025-03-04,Plum Green Tea Toner 200ml,Beauty,20,379.91,7598.2
2025-03-04,Puma Classic Track Pants,Fashion,1,1950.22,1950.22
2025-03-04,Royalford Bamboo Chopping Board,Home & Living,21,501.05,10522.05
2025-03-04,Sony WH-1000XM5 Headphones,Electronics,43,27265.3,1172407.9
2025-03-04,Woodland Casual Sneakers,Fashion,25,2505.23,62630.75
2025-03-04,Wow Skin Science Hair Oil,Beauty,47,571.75,26872.25
2025-03-04,boAt Airdopes 141 TWS Earbuds,Electronics,41,1225.87,50260.67
2025-03-05,Anker 65W GaN Fast Charger,Electronics,12,2547.23,30566.76
2025-03-05,Biotique Bio Morning Nector SPF,Beauty,22,243.0,5346.0
2025-03-05,Lakme Absolute Foundation,Beauty,33,822.75,27150.75
2025-03-05,Levi's 511 Slim Fit Jeans,Fashion,37,3076.37,113825.69
2025-03-05,Logitech MX Keys Keyboard,Electronics,25,8945.23,223630.75
2025-03-05,Mamaearth Vitamin C Face Wash,Beauty,31,300.29,9308.99
2025-03-05,Minimalist 10% Niacinamide Serum,Beauty,26,405.98,10555.48
2025-03-05,Plum Green Tea Toner 200ml,Beauty,28,378.0,10584.0
2025-03-05,Portronics Table Lamp LED,Office & Computing,8,1229.76,9838.08
2025-03-05,Puma Classic Track Pants,Fashion,44,2047.18,90075.92
2025-03-05,Royalford Bamboo Chopping Board,Home & Living,46,476.89,21936.94
2025-03-05,Samsung Galaxy Buds3 Pro,Electronics,12,13069.19,156830.28
2025-03-05,Sony WH-1000XM5 Headphones,Electronics,7,27097.96,189685.72
2025-03-05,Wow Skin Science Hair Oil,Beauty,1,593.49,593.49
2025-03-06,Allen Solly Polo T-Shirt,Fashion,3,1022.68,3068.04
2025-03-06,Anker 65W GaN Fast Charger,Electronics,16,2542.98,40687.68
2025-03-06,Kuber Industries Storage Box,Home & Living,2,368.44,736.88
2025-03-06,Mamaearth Vitamin C Face Wash,Beauty,21,292.33,6138.93
2025-03-06,Mi 10000mAh Power Bank,Electronics,16,960.94,15375.04
2025-03-06,Milton Thermosteel Flask 1L,Home & Living,28,685.58,19196.24
2025-03-06,Plum Green Tea Toner 200ml,Beauty,29,373.24,10823.96
2025-03-06,Royalford Bamboo Chopping Board,Home & Living,40,503.34,20133.6
2025-03-06,Sony WH-1000XM5 Headphones,Electronics,6,27845.58,167073.48
2025-03-06,Story@Home Blackout Curtains,Home & Living,47,1334.07,62701.29
2025-03-06,Syska USB Hub 4-Port,Office & Computing,10,580.01,5800.1
2025-03-06,Zebronics ZEB-Crystal Pro Webcam,Electronics,39,1539.17,60027.63
2025-03-07,AmazonBasics Adjustable Laptop Stand,Office & Computing,12,1747.37,20968.44
2025-03-07,Anker 65W GaN Fast Charger,Electronics,11,2468.51,27153.61
2025-03-07,HP 65W Laptop Power Adapter,Office & Computing,31,1991.4,61733.4
2025-03-07,JBL Flip 6 Bluetooth Speaker,Electronics,14,10391.96,145487.44
2025-03-07,Kuber Industries Storage Box,Home & Living,15,333.85,5007.75
2025-03-07,Lakme Absolute Foundation,Beauty,37,821.39,30391.43
2025-03-07,Levi's 511 Slim Fit Jeans,Fashion,13,2939.32,38211.16
2025-03-07,Logitech MX Keys Keyboard,Electronics,49,8128.87,398314.63
2025-03-07,Mamaearth Vitamin C Face Wash,Beauty,47,303.34,14256.98
2025-03-07,Mi 10000mAh Power Bank,Electronics,27,970.43,26201.61
2025-03-07,Milton Thermosteel Flask 1L,Home & Living,41,680.83,27914.03
2025-03-07,Portronics Table Lamp LED,Office & Computing,26,1333.03,34658.78
2025-03-07,Prestige Induction Cooktop 1200W,Home & Living,19,2959.06,56222.14
2025-03-07,Royalford Bamboo Chopping Board,Home & Living,9,514.02,4626.18
2025-03-07,boAt Airdopes 141 TWS Earbuds,Electronics,41,1237.43,50734.63
2025-03-08,Allen Solly Polo T-Shirt,Fashion,43,956.44,41126.92
2025-03-08,Anker 65W GaN Fast Charger,Electronics,10,2369.3,23693.0
2025-03-08,Biotique Bio Morning Nector SPF,Beauty,33,261.0,8613.0
2025-03-08,H&M Relaxed Fit Shirt,Fashion,40,839.19,33567.6
2025-03-08,Lakme Absolute Foundation,Beauty,8,817.1,6536.8
2025-03-08,Logitech MX Keys Keyboard,Electronics,36,8245.25,296829.0
2025-03-08,Mi 10000mAh Power Bank,Electronics,19,961.74,18273.06
2025-03-08,Pigeon Aluminium Non-Stick Pan,Home & Living,31,951.86,29507.66
2025-03-08,Plum Green Tea Toner 200ml,Beauty,43,376.72,16198.96
2025-03-08,Puma Classic Track Pants,Fashion,7,2093.35,14653.45
2025-03-08,Royalford Bamboo Chopping Board,Home & Living,45,514.87,23169.15
2025-03-08,Samsung Galaxy Buds3 Pro,Electronics,33,12284.05,405373.65
2025-03-08,Woodland Casual Sneakers,Fashion,39,2604.78,101586.42
2025-03-09,AmazonBasics Adjustable Laptop Stand,Office & Computing,24,1796.84,43124.16
2025-03-09,Anker 65W GaN Fast Charger,Electronics,4,2582.72,10330.88
2025-03-09,Biotique Bio Morning Nector SPF,Beauty,24,252.34,6056.16
2025-03-09,H&M Relaxed Fit Shirt,Fashion,11,788.93,8678.23
2025-03-09,HP 65W Laptop Power Adapter,Office & Computing,20,2028.39,40567.8
2025-03-09,Kuber Industries Storage Box,Home & Living,49,344.64,16887.36
2025-03-09,Levi's 511 Slim Fit Jeans,Fashion,4,2841.85,11367.4
2025-03-09,Logitech MX Keys Keyboard,Electronics,49,8416.0,412384.0
2025-03-09,Mi 10000mAh Power Bank,Electronics,3,1045.95,3137.85
2025-03-09,Milton Thermosteel Flask 1L,Home & Living,1,682.08,682.08
2025-03-09,Minimalist 10% Niacinamide Serum,Beauty,45,419.63,18883.35
2025-03-09,Plum Green Tea Toner 200ml,Beauty,12,387.37,4648.44
2025-03-09,Portronics Table Lamp LED,Office & Computing,31,1370.57,42487.67
2025-03-09,Samsung Galaxy Buds3 Pro,Electronics,29,12235.96,354842.84
2025-03-09,Story@Home Blackout Curtains,Home & Living,39,1260.94,49176.66
2025-03-09,Wow Skin Science Hair Oil,Beauty,15,627.09,9406.35
2025-03-09,Zebronics ZEB-Crystal Pro Webcam,Electronics,17,1535.28,26099.76
2025-03-10,Allen Solly Polo T-Shirt,Fashion,21,990.01,20790.21
2025-03-10,AmazonBasics Adjustable Laptop Stand,Office & Computing,21,1763.92,37042.32
2025-03-10,Anker 65W GaN Fast Charger,Electronics,21,2428.78,51004.38
2025-03-10,Biotique Bio Morning Nector SPF,Beauty,10,253.68,2536.8
2025-03-10,FabIndia Cotton Kurta,Fashion,4,1490.76,5963.04
2025-03-10,H&M Relaxed Fit Shirt,Fashion,24,769.76,18474.24
2025-03-10,HP 65W Laptop Power Adapter,Office & Computing,27,2008.4,54226.8
2025-03-10,JBL Flip 6 Bluetooth Speaker,Electronics,26,9835.02,255710.52
2025-03-10,Kuber Industries Storage Box,Home & Living,13,353.33,4593.29
2025-03-10,Lakme Absolute Foundation,Beauty,3,821.87,2465.61
2025-03-10,Levi's 511 Slim Fit Jeans,Fashion,11,3025.09,33275.99
2025-03-10,Logitech MX Keys Keyboard,Electronics,28,8475.46,237312.88
2025-03-10,Mamaearth Vitamin C Face Wash,Beauty,6,294.87,1769.22
2025-03-10,Mi 10000mAh Power Bank,Electronics,13,989.91,12868.83
2025-03-10,Milton Thermosteel Flask 1L,Home & Living,24,688.24,16517.76
2025-03-10,Minimalist 10% Niacinamide Serum,Beauty,18,391.7,7050.6
2025-03-10,Pigeon Aluminium Non-Stick Pan,Home & Living,19,867.89,16489.91
2025-03-10,Plum Green Tea Toner 200ml,Beauty,28,373.73,10464.44
2025-03-10,Portronics Table Lamp LED,Office & Computing,26,1331.22,34611.72
2025-03-10,Prestige Induction Cooktop 1200W,Home & Living,28,3050.71,85419.88
2025-03-10,Puma Classic Track Pants,Fashion,23,2067.37,47549.51
2025-03-10,Royalford Bamboo Chopping Board,Home & Living,3,510.93,1532.79
2025-03-10,Samsung Galaxy Buds3 Pro,Electronics,3,12879.41,38638.23
2025-03-10,Sony WH-1000XM5 Headphones,Electronics,17,26957.61,458279.37
2025-03-10,Story@Home Blackout Curtains,Home & Living,6,1249.77,7498.62
2025-03-10,Syska USB Hub 4-Port,Office & Computing,23,605.59,13928.57
2025-03-10,Woodland Casual Sneakers,Fashion,30,2500.24,75007.2
2025-03-10,Wow Skin Science Hair Oil,Beauty,3,599.0,1797.0
2025-03-10,Zebronics ZEB-Crystal Pro Webcam,Electronics,9,1477.71,13299.39
2025-03-10,boAt Airdopes 141 TWS Earbuds,Electronics,24,1350.44,32410.56
2025-03-11,Anker 65W GaN Fast Charger,Electronics,12,2384.55,28614.6
2025-03-11,Biotique Bio Morning Nector SPF,Beauty,34,249.42,8480.28
2025-03-11,FabIndia Cotton Kurta,Fashion,36,1496.3,53866.8
2025-03-11,H&M Relaxed Fit Shirt,Fashion,3,833.36,2500.08
2025-03-11,JBL Flip 6 Bluetooth Speaker,Electronics,38,9824.02,373312.76
2025-03-11,Kuber Industries Storage Box,Home & Living,36,368.26,13257.36
2025-03-11,Levi's 511 Slim Fit Jeans,Fashion,48,3047.28,146269.44
2025-03-11,Logitech MX Keys Keyboard,Electronics,10,8730.31,87303.1
2025-03-11,Mamaearth Vitamin C Face Wash,Beauty,17,294.99,5014.83
2025-03-11,Milton Thermosteel Flask 1L,Home & Living,35,719.97,25198.95
2025-03-11,Plum Green Tea Toner 200ml,Beauty,12,372.94,4475.28
2025-03-11,Royalford Bamboo Chopping Board,Home & Living,12,480.09,5761.08
2025-03-11,Sony WH-1000XM5 Headphones,Electronics,29,27988.63,811670.27
2025-03-11,Story@Home Blackout Curtains,Home & Living,18,1375.9,24766.2
2025-03-11,Syska USB Hub 4-Port,Office & Computing,28,605.11,16943.08
2025-03-11,Wow Skin Science Hair Oil,Beauty,48,576.18,27656.64
2025-03-11,Zebronics ZEB-Crystal Pro Webcam,Electronics,43,1532.73,65907.39
2025-03-11,boAt Airdopes 141 TWS Earbuds,Electronics,45,1295.62,58302.9
2025-03-12,AmazonBasics Adjustable Laptop Stand,Office & Computing,15,1879.95,28199.25
2025-03-12,FabIndia Cotton Kurta,Fashion,39,1578.6,61565.4
2025-03-12,H&M Relaxed Fit Shirt,Fashion,39,782.62,30522.18
2025-03-12,HP 65W Laptop Power Adapter,Office & Computing,17,1984.61,33738.37
2025-03-12,Lakme Absolute Foundation,Beauty,49,779.34,38187.66
2025-03-12,Logitech MX Keys Keyboard,Electronics,3,8508.59,25525.77
2025-03-12,Milton Thermosteel Flask 1L,Home & Living,28,707.04,19797.12
2025-03-12,Plum Green Tea Toner 200ml,Beauty,25,390.11,9752.75
2025-03-12,Prestige Induction Cooktop 1200W,Home & Living,38,2906.35,110441.3
2025-03-12,Puma Classic Track Pants,Fashion,12,2048.18,24578.16
2025-03-12,Royalford Bamboo Chopping Board,Home & Living,1,497.4,497.4
2025-03-12,Samsung Galaxy Buds3 Pro,Electronics,40,12531.04,501241.6
2025-03-12,Sony WH-1000XM5 Headphones,Electronics,44,25872.61,1138394.84
2025-03-13,H&M Relaxed Fit Shirt,Fashion,2,757.45,1514.9
2025-03-13,HP 65W Laptop Power Adapter,Office & Computing,7,1919.04,13433.28
2025-03-13,JBL Flip 6 Bluetooth Speaker,Electronics,47,9409.06,442225.82
2025-03-13,Kuber Industries Storage Box,Home & Living,39,364.64,14220.96
2025-03-13,Logitech MX Keys Keyboard,Electronics,33,8342.09,275288.97
2025-03-13,Mamaearth Vitamin C Face Wash,Beauty,14,286.08,4005.12
2025-03-13,Mi 10000mAh Power Bank,Electronics,22,968.53,21307.66
2025-03-13,Milton Thermosteel Flask 1L,Home & Living,10,679.99,6799.9
2025-03-13,Pigeon Aluminium Non-Stick Pan,Home & Living,11,944.94,10394.34
2025-03-13,Portronics Table Lamp LED,Office & Computing,36,1231.19,44322.84
2025-03-13,Samsung Galaxy Buds3 Pro,Electronics,20,13135.49,262709.8
2025-03-13,Story@Home Blackout Curtains,Home & Living,18,1243.66,22385.88
2025-03-13,Syska USB Hub 4-Port,Office & Computing,8,611.76,4894.08
2025-03-13,Wow Skin Science Hair Oil,Beauty,9,571.39,5142.51
2025-03-13,Zebronics ZEB-Crystal Pro Webcam,Electronics,50,1495.1,74755.0
2025-03-14,FabIndia Cotton Kurta,Fashion,48,1417.45,68037.6
2025-03-14,HP 65W Laptop Power Adapter,Office & Computing,40,2027.59,81103.6
2025-03-14,Kuber Industries Storage Box,Home & Living,30,343.35,10300.5
2025-03-14,Lakme Absolute Foundation,Beauty,34,781.88,26583.92
2025-03-14,Levi's 511 Slim Fit Jeans,Fashion,2,3023.89,6047.78
2025-03-14,Mamaearth Vitamin C Face Wash,Beauty,6,314.58,1887.48
2025-03-14,Mi 10000mAh Power Bank,Electronics,5,1046.35,5231.75
2025-03-14,Milton Thermosteel Flask 1L,Home & Living,43,682.71,29356.53
2025-03-14,Pigeon Aluminium Non-Stick Pan,Home & Living,29,912.31,26456.99
2025-03-14,Plum Green Tea Toner 200ml,Beauty,33,375.82,12402.06
2025-03-14,Puma Classic Track Pants,Fashion,44,2101.55,92468.2
2025-03-14,Royalford Bamboo Chopping Board,Home & Living,22,516.71,11367.62
2025-03-14,Sony WH-1000XM5 Headphones,Electronics,15,26064.24,390963.6
2025-03-14,Story@Home Blackout Curtains,Home & Living,12,1338.88,16066.56
2025-03-14,Syska USB Hub 4-Port,Office & Computing,36,567.31,20423.16
2025-03-14,Woodland Casual Sneakers,Fashion,2,2385.97,4771.94
2025-03-15,Allen Solly Polo T-Shirt,Fashion,33,1041.56,34371.48
2025-03-15,Biotique Bio Morning Nector SPF,Beauty,7,236.7,1656.9
2025-03-15,FabIndia Cotton Kurta,Fashion,27,1570.65,42407.55
2025-03-15,JBL Flip 6 Bluetooth Speaker,Electronics,31,10345.97,320725.07
2025-03-15,Lakme Absolute Foundation,Beauty,5,780.61,3903.05
2025-03-15,Levi's 511 Slim Fit Jeans,Fashion,20,3053.88,61077.6
2025-03-15,Minimalist 10% Niacinamide Serum,Beauty,2,397.96,795.92
2025-03-15,Plum Green Tea Toner 200ml,Beauty,48,352.88,16938.24
2025-03-15,Prestige Induction Cooktop 1200W,Home & Living,11,3122.59,34348.49
2025-03-15,Royalford Bamboo Chopping Board,Home & Living,46,512.77,23587.42
2025-03-15,Samsung Galaxy Buds3 Pro,Electronics,18,12926.21,232671.78
2025-03-15,boAt Airdopes 141 TWS Earbuds,Electronics,9,1350.57,12155.13
2025-03-16,Allen Solly Polo T-Shirt,Fashion,7,982.02,6874.14
2025-03-16,Biotique Bio Morning Nector SPF,Beauty,21,254.4,5342.4
2025-03-16,HP 65W Laptop Power Adapter,Office & Computing,40,1975.81,79032.4
2025-03-16,JBL Flip 6 Bluetooth Speaker,Electronics,36,10566.94,380409.84
2025-03-16,Levi's 511 Slim Fit Jeans,Fashion,22,2837.95,62434.9
2025-03-16,Logitech MX Keys Keyboard,Electronics,24,8630.07,207121.68
2025-03-16,Mi 10000mAh Power Bank,Electronics,40,1018.98,40759.2
2025-03-16,Plum Green Tea Toner 200ml,Beauty,45,367.69,16546.05
2025-03-16,Portronics Table Lamp LED,Office & Computing,47,1271.46,59758.62
2025-03-16,Puma Classic Track Pants,Fashion,37,2013.39,74495.43
2025-03-16,Samsung Galaxy Buds3 Pro,Electronics,32,12338.65,394836.8
2025-03-16,Sony WH-1000XM5 Headphones,Electronics,48,26701.21,1281658.08
2025-03-16,Woodland Casual Sneakers,Fashion,44,2622.0,115368.0
2025-03-16,boAt Airdopes 141 TWS Earbuds,Electronics,41,1327.58,54430.78
2025-03-17,Allen Solly Polo T-Shirt,Fashion,12,979.32,11751.84
2025-03-17,AmazonBasics Adjustable Laptop Stand,Office & Computing,18,1816.81,32702.58
2025-03-17,Anker 65W GaN Fast Charger,Electronics,9,2564.22,23077.98
2025-03-17,Biotique Bio Morning Nector SPF,Beauty,21,248.83,5225.43
2025-03-17,FabIndia Cotton Kurta,Fashion,29,1470.82,42653.78
2025-03-17,H&M Relaxed Fit Shirt,Fashion,1,796.44,796.44
2025-03-17,HP 65W Laptop Power Adapter,Office & Computing,20,1927.84,38556.8
2025-03-17,JBL Flip 6 Bluetooth Speaker,Electronics,28,9870.01,276360.28
2025-03-17,Kuber Industries Storage Box,Home & Living,19,352.04,6688.76
2025-03-17,Lakme Absolute Foundation,Beauty,28,786.81,22030.68
2025-03-17,Levi's 511 Slim Fit Jeans,Fashion,3,2909.33,8727.99
2025-03-17,Logitech MX Keys Keyboard,Electronics,7,8709.92,60969.44
2025-03-17,Mamaearth Vitamin C Face Wash,Beauty,17,297.59,5059.03
2025-03-17,Mi 10000mAh Power Bank,Electronics,22,1022.38,22492.36
2025-03-17,Milton Thermosteel Flask 1L,Home & Living,7,700.68,4904.76
2025-03-17,Minimalist 10% Niacinamide Serum,Beauty,18,405.26,7294.68
2025-03-17,Pigeon Aluminium Non-Stick Pan,Home & Living,9,878.59,7907.31
2025-03-17,Plum Green Tea Toner 200ml,Beauty,6,384.41,2306.46
2025-03-17,Portronics Table Lamp LED,Office & Computing,13,1315.63,17103.19
2025-03-17,Prestige Induction Cooktop 1200W,Home & Living,24,3108.21,74597.04
2025-03-17,Puma Classic Track Pants,Fashion,21,1946.83,40883.43
2025-03-17,Royalford Bamboo Chopping Board,Home & Living,2,490.82,981.64
2025-03-17,Samsung Galaxy Buds3 Pro,Electronics,20,13515.06,270301.2
2025-03-17,Sony WH-1000XM5 Headphones,Electronics,8,26504.18,212033.44
2025-03-17,Story@Home Blackout Curtains,Home & Living,20,1269.77,25395.4
2025-03-17,Syska USB Hub 4-Port,Office & Computing,23,580.55,13352.65
2025-03-17,Woodland Casual Sneakers,Fashion,21,2528.93,53107.53
2025-03-17,Wow Skin Science Hair Oil,Beauty,14,605.95,8483.3
2025-03-17,Zebronics ZEB-Crystal Pro Webcam,Electronics,8,1538.72,12309.76
2025-03-17,boAt Airdopes 141 TWS Earbuds,Electronics,18,1315.76,23683.68
2025-03-18,AmazonBasics Adjustable Laptop Stand,Office & Computing,22,1901.9,41841.8
2025-03-18,Anker 65W GaN Fast Charger,Electronics,29,2356.31,68332.99
2025-03-18,FabIndia Cotton Kurta,Fashion,32,1541.57,49330.24
2025-03-18,HP 65W Laptop Power Adapter,Office & Computing,2,1975.41,3950.82
2025-03-18,JBL Flip 6 Bluetooth Speaker,Electronics,48,10358.96,497230.08
2025-03-18,Logitech MX Keys Keyboard,Electronics,7,8675.94,60731.58
2025-03-18,Mamaearth Vitamin C Face Wash,Beauty,3,299.21,897.63
2025-03-18,Milton Thermosteel Flask 1L,Home & Living,12,731.92,8783.04
2025-03-18,Minimalist 10% Niacinamide Serum,Beauty,25,418.67,10466.75
2025-03-18,Pigeon Aluminium Non-Stick Pan,Home & Living,2,868.34,1736.68
2025-03-18,Plum Green Tea Toner 200ml,Beauty,42,391.12,16427.04
2025-03-18,Prestige Induction Cooktop 1200W,Home & Living,30,2823.99,84719.7
2025-03-18,Samsung Galaxy Buds3 Pro,Electronics,11,13338.27,146720.97
2025-03-18,Sony WH-1000XM5 Headphones,Electronics,33,27883.37,920151.21
2025-03-18,Story@Home Blackout Curtains,Home & Living,20,1361.87,27237.4
2025-03-18,Wow Skin Science Hair Oil,Beauty,31,610.32,18919.92
2025-03-18,Zebronics ZEB-Crystal Pro Webcam,Electronics,27,1494.2,40343.4
2025-03-18,boAt Airdopes 141 TWS Earbuds,Electronics,21,1342.78,28198.38
2025-03-19,AmazonBasics Adjustable Laptop Stand,Office & Computing,20,1773.45,35469.0
2025-03-19,Biotique Bio Morning Nector SPF,Beauty,4,236.6,946.4
2025-03-19,Kuber Industries Storage Box,Home & Living,43,348.69,14993.67
2025-03-19,Mamaearth Vitamin C Face Wash,Beauty,13,302.77,3936.01
2025-03-19,Mi 10000mAh Power Bank,Electronics,26,978.42,25438.92
2025-03-19,Pigeon Aluminium Non-Stick Pan,Home & Living,12,886.95,10643.4
2025-03-19,Royalford Bamboo Chopping Board,Home & Living,10,518.16,5181.6
2025-03-19,Story@Home Blackout Curtains,Home & Living,39,1332.77,51978.03
2025-03-20,Allen Solly Polo T-Shirt,Fashion,10,1047.25,10472.5
2025-03-20,AmazonBasics Adjustable Laptop Stand,Office & Computing,28,1859.99,52079.72
2025-03-20,FabIndia Cotton Kurta,Fashion,29,1515.04,43936.16
2025-03-20,H&M Relaxed Fit Shirt,Fashion,37,763.04,28232.48
2025-03-20,HP 65W Laptop Power Adapter,Office & Computing,46,1894.65,87153.9
2025-03-20,Milton Thermosteel Flask 1L,Home & Living,30,697.32,20919.6
2025-03-20,Portronics Table Lamp LED,Office & Computing,34,1347.06,45800.04
2025-03-20,Puma Classic Track Pants,Fashion,2,2110.34,4220.68
2025-03-20,Royalford Bamboo Chopping Board,Home & Living,45,476.84,21457.8
2025-03-20,Samsung Galaxy Buds3 Pro,Electronics,23,13596.95,312729.85
2025-03-20,Sony WH-1000XM5 Headphones,Electronics,7,27713.33,193993.31
2025-03-20,Syska USB Hub 4-Port,Office & Computing,37,615.29,22765.73
2025-03-20,Woodland Casual Sneakers,Fashion,2,2509.72,5019.44
2025-03-20,Wow Skin Science Hair Oil,Beauty,20,632.42,12648.4
2025-03-21,AmazonBasics Adjustable Laptop Stand,Office & Computing,11,1796.3,19759.3
2025-03-21,Anker 65W GaN Fast Charger,Electronics,21,2554.23,53638.83
2025-03-21,Biotique Bio Morning Nector SPF,Beauty,22,250.32,5507.04
2025-03-21,FabIndia Cotton Kurta,Fashion,32,1482.96,47454.72
2025-03-21,H&M Relaxed Fit Shirt,Fashion,47,839.43,39453.21
2025-03-21,JBL Flip 6 Bluetooth Speaker,Electronics,45,10373.96,466828.2
2025-03-21,Lakme Absolute Foundation,Beauty,41,808.28,33139.48
2025-03-21,Logitech MX Keys Keyboard,Electronics,31,8833.1,273826.1
2025-03-21,Mamaearth Vitamin C Face Wash,Beauty,26,291.73,7584.98
2025-03-21,Milton Thermosteel Flask 1L,Home & Living,23,740.1,17022.3
2025-03-21,Minimalist 10% Niacinamide Serum,Beauty,2,377.17,754.34
2025-03-21,Prestige Induction Cooktop 1200W,Home & Living,5,3083.65,15418.25
2025-03-21,Puma Classic Track Pants,Fashion,6,1996.8,11980.8
2025-03-21,Royalford Bamboo Chopping Board,Home & Living,38,482.53,18336.14
2025-03-21,Story@Home Blackout Curtains,Home & Living,26,1294.84,33665.84
2025-03-21,Syska USB Hub 4-Port,Office & Computing,46,617.81,28419.26
2025-03-21,Woodland Casual Sneakers,Fashion,21,2404.68,50498.28
2025-03-21,Wow Skin Science Hair Oil,Beauty,14,610.68,8549.52
2025-03-21,Zebronics ZEB-Crystal Pro Webcam,Electronics,31,1470.67,45590.77
2025-03-21,boAt Airdopes 141 TWS Earbuds,Electronics,48,1287.96,61822.08
2025-03-22,AmazonBasics Adjustable Laptop Stand,Office & Computing,31,1720.56,53337.36
2025-03-22,Biotique Bio Morning Nector SPF,Beauty,45,252.26,11351.7
2025-03-22,FabIndia Cotton Kurta,Fashion,42,1572.0,66024.0
2025-03-22,H&M Relaxed Fit Shirt,Fashion,49,796.84,39045.16
2025-03-22,HP 65W Laptop Power Adapter,Office & Computing,40,1940.03,77601.2
2025-03-22,Kuber Industries Storage Box,Home & Living,10,335.56,3355.6
2025-03-22,Lakme Absolute Foundation,Beauty,32,815.83,26106.56
2025-03-22,Levi's 511 Slim Fit Jeans,Fashion,50,3147.75,157387.5
2025-03-22,Logitech MX Keys Keyboard,Electronics,11,8008.24,88090.64
2025-03-22,Mamaearth Vitamin C Face Wash,Beauty,33,294.28,9711.24
2025-03-22,Mi 10000mAh Power Bank,Electronics,32,1015.28,32488.96
2025-03-22,Pigeon Aluminium Non-Stick Pan,Home & Living,21,931.81,19568.01
2025-03-22,Plum Green Tea Toner 200ml,Beauty,16,371.55,5944.8
2025-03-22,Puma Classic Track Pants,Fashion,47,2066.37,97119.39
2025-03-22,Story@Home Blackout Curtains,Home & Living,29,1362.78,39520.62
2025-03-22,Wow Skin Science Hair Oil,Beauty,6,632.54,3795.24
2025-03-22,Zebronics ZEB-Crystal Pro Webcam,Electronics,17,1480.11,25161.87
2025-03-23,Allen Solly Polo T-Shirt,Fashion,37,995.7,36840.9
2025-03-23,H&M Relaxed Fit Shirt,Fashion,3,755.85,2267.55
2025-03-23,HP 65W Laptop Power Adapter,Office & Computing,26,1983.81,51579.06
2025-03-23,JBL Flip 6 Bluetooth Speaker,Electronics,7,10250.97,71756.79
2025-03-23,Kuber Industries Storage Box,Home & Living,15,337.41,5061.15
2025-03-23,Levi's 511 Slim Fit Jeans,Fashion,48,3067.08,147219.84
2025-03-23,Logitech MX Keys Keyboard,Electronics,47,8235.05,387047.35
2025-03-23,Mi 10000mAh Power Bank,Electronics,12,970.03,11640.36
2025-03-23,Milton Thermosteel Flask 1L,Home & Living,39,674.4,26301.6
2025-03-23,Pigeon Aluminium Non-Stick Pan,Home & Living,20,910.6,18212.0
2025-03-23,Plum Green Tea Toner 200ml,Beauty,45,357.83,16102.35
2025-03-23,Portronics Table Lamp LED,Office & Computing,24,1308.48,31403.52
2025-03-23,Prestige Induction Cooktop 1200W,Home & Living,19,3067.78,58287.82
2025-03-23,Puma Classic Track Pants,Fashion,16,1918.24,30691.84
2025-03-23,Sony WH-1000XM5 Headphones,Electronics,9,27076.37,243687.33
2025-03-23,Zebronics ZEB-Crystal Pro Webcam,Electronics,6,1433.79,8602.74
2025-03-23,boAt Airdopes 141 TWS Earbuds,Electronics,33,1357.2,44787.6
2025-03-24,Allen Solly Polo T-Shirt,Fashion,1,987.61,987.61
2025-03-24,AmazonBasics Adjustable Laptop Stand,Office & Computing,20,1870.24,37404.8
2025-03-24,Anker 65W GaN Fast Charger,Electronics,3,2411.04,7233.12
2025-03-24,Biotique Bio Morning Nector SPF,Beauty,19,254.63,4837.97
2025-03-24,FabIndia Cotton Kurta,Fashion,12,1530.63,18367.56
2025-03-24,H&M Relaxed Fit Shirt,Fashion,3,822.17,2466.51
2025-03-24,HP 65W Laptop Power Adapter,Office & Computing,21,2068.37,43435.77
2025-03-24,JBL Flip 6 Bluetooth Speaker,Electronics,4,9974.0,39896.0
2025-03-24,Kuber Industries Storage Box,Home & Living,2,339.86,679.72
2025-03-24,Lakme Absolute Foundation,Beauty,18,809.31,14567.58
2025-03-24,Levi's 511 Slim Fit Jeans,Fashion,20,3030.79,60615.8
2025-03-24,Logitech MX Keys Keyboard,Electronics,15,8393.06,125895.9
2025-03-24,Mamaearth Vitamin C Face Wash,Beauty,22,291.94,6422.68
2025-03-24,Mi 10000mAh Power Bank,Electronics,21,1037.46,21786.66
2025-03-24,Milton Thermosteel Flask 1L,Home & Living,8,694.53,5556.24
2025-03-24,Minimalist 10% Niacinamide Serum,Beauty,5,386.51,1932.55
2025-03-24,Pigeon Aluminium Non-Stick Pan,Home & Living,30,867.36,26020.8
2025-03-24,Plum Green Tea Toner 200ml,Beauty,23,384.0,8832.0
2025-03-24,Portronics Table Lamp LED,Office & Computing,22,1261.59,27754.98
2025-03-24,Prestige Induction Cooktop 1200W,Home & Living,21,3034.23,63718.83
2025-03-24,Puma Classic Track Pants,Fashion,12,2000.4,24004.8
2025-03-24,Royalford Bamboo Chopping Board,Home & Living,11,489.47,5384.17
2025-03-24,Samsung Galaxy Buds3 Pro,Electronics,17,12740.32,216585.44
2025-03-24,Sony WH-1000XM5 Headphones,Electronics,3,27451.53,82354.59
2025-03-24,Story@Home Blackout Curtains,Home & Living,29,1331.35,38609.15
2025-03-24,Syska USB Hub 4-Port,Office & Computing,12,601.99,7223.88
2025-03-24,Woodland Casual Sneakers,Fashion,17,2467.31,41944.27
2025-03-24,Wow Skin Science Hair Oil,Beauty,11,602.17,6623.87
2025-03-24,Zebronics ZEB-Crystal Pro Webcam,Electronics,3,1472.47,4417.41
2025-03-24,boAt Airdopes 141 TWS Earbuds,Electronics,16,1263.15,20210.4
2025-03-25,AmazonBasics Adjustable Laptop Stand,Office & Computing,40,1796.84,71873.6
2025-03-25,Anker 65W GaN Fast Charger,Electronics,9,2455.02,22095.18
2025-03-25,JBL Flip 6 Bluetooth Speaker,Electronics,38,9448.06,359026.28
2025-03-25,Mamaearth Vitamin C Face Wash,Beauty,17,282.64,4804.88
2025-03-25,Mi 10000mAh Power Bank,Electronics,1,983.12,983.12
2025-03-25,Minimalist 10% Niacinamide Serum,Beauty,36,376.5,13554.0
2025-03-25,Plum Green Tea Toner 200ml,Beauty,24,373.57,8965.68
2025-03-25,Royalford Bamboo Chopping Board,Home & Living,7,506.48,3545.36
2025-03-25,Samsung Galaxy Buds3 Pro,Electronics,13,13546.26,176101.38
2025-03-26,AmazonBasics Adjustable Laptop Stand,Office & Computing,18,1714.09,30853.62
2025-03-26,Biotique Bio Morning Nector SPF,Beauty,21,235.3,4941.3
2025-03-26,FabIndia Cotton Kurta,Fashion,43,1493.9,64237.7
2025-03-26,H&M Relaxed Fit Shirt,Fashion,33,787.57,25989.81
2025-03-26,Kuber Industries Storage Box,Home & Living,24,360.69,8656.56
2025-03-26,Lakme Absolute Foundation,Beauty,24,789.04,18936.96
2025-03-26,Minimalist 10% Niacinamide Serum,Beauty,30,392.1,11763.0
2025-03-26,Pigeon Aluminium Non-Stick Pan,Home & Living,14,847.49,11864.86
2025-03-26,Sony WH-1000XM5 Headphones,Electronics,49,28433.97,1393264.53
2025-03-26,Story@Home Blackout Curtains,Home & Living,41,1247.17,51133.97
2025-03-26,Syska USB Hub 4-Port,Office & Computing,6,568.87,3413.22
2025-03-26,boAt Airdopes 141 TWS Earbuds,Electronics,13,1244.18,16174.34
2025-03-27,Anker 65W GaN Fast Charger,Electronics,37,2432.53,90003.61
2025-03-27,Biotique Bio Morning Nector SPF,Beauty,37,239.49,8861.13
2025-03-27,FabIndia Cotton Kurta,Fashion,33,1518.64,50115.12
2025-03-27,JBL Flip 6 Bluetooth Speaker,Electronics,46,9911.01,455906.46
2025-03-27,Lakme Absolute Foundation,Beauty,19,803.43,15265.17
2025-03-27,Levi's 511 Slim Fit Jeans,Fashion,30,2973.81,89214.3
2025-03-27,Logitech MX Keys Keyboard,Electronics,23,8926.55,205310.65
2025-03-27,Mamaearth Vitamin C Face Wash,Beauty,42,296.7,12461.4
2025-03-27,Milton Thermosteel Flask 1L,Home & Living,9,675.58,6080.22
2025-03-27,Samsung Galaxy Buds3 Pro,Electronics,6,13522.86,81137.16
2025-03-27,Story@Home Blackout Curtains,Home & Living,19,1321.34,25105.46
2025-03-27,Wow Skin Science Hair Oil,Beauty,15,630.63,9459.45
2025-03-27,Zebronics ZEB-Crystal Pro Webcam,Electronics,36,1452.08,52274.88
2025-03-27,boAt Airdopes 141 TWS Earbuds,Electronics,37,1242.23,45962.51
2025-03-28,AmazonBasics Adjustable Laptop Stand,Office & Computing,17,1761.22,29940.74
2025-03-28,Biotique Bio Morning Nector SPF,Beauty,17,235.75,4007.75
2025-03-28,FabIndia Cotton Kurta,Fashion,26,1455.98,37855.48
2025-03-28,HP 65W Laptop Power Adapter,Office & Computing,39,2004.6,78179.4
2025-03-28,Levi's 511 Slim Fit Jeans,Fashion,25,2853.55,71338.75
2025-03-28,Logitech MX Keys Keyboard,Electronics,28,8720.12,244163.36
2025-03-28,Mamaearth Vitamin C Face Wash,Beauty,38,297.59,11308.42
2025-03-28,Milton Thermosteel Flask 1L,Home & Living,23,731.5,16824.5
2025-03-28,Plum Green Tea Toner 200ml,Beauty,10,372.34,3723.4
2025-03-28,Prestige Induction Cooktop 1200W,Home & Living,9,3153.14,28378.26
2025-03-28,Puma Classic Track Pants,Fashion,11,1882.46,20707.06
2025-03-28,Royalford Bamboo Chopping Board,Home & Living,33,498.9,16463.7
2025-03-28,Samsung Galaxy Buds3 Pro,Electronics,25,13200.48,330012.0
2025-03-28,Woodland Casual Sneakers,Fashion,45,2378.98,107054.1
2025-03-29,FabIndia Cotton Kurta,Fashion,1,1440.24,1440.24
2025-03-29,HP 65W Laptop Power Adapter,Office & Computing,29,2092.55,60683.95
2025-03-29,JBL Flip 6 Bluetooth Speaker,Electronics,48,10591.94,508413.12
2025-03-29,Milton Thermosteel Flask 1L,Home & Living,13,727.87,9462.31
2025-03-29,Pigeon Aluminium Non-Stick Pan,Home & Living,44,883.54,38875.76
2025-03-29,Plum Green Tea Toner 200ml,Beauty,25,372.9,9322.5
2025-03-29,Portronics Table Lamp LED,Office & Computing,15,1363.17,20447.55
2025-03-29,Prestige Induction Cooktop 1200W,Home & Living,43,2850.34,122564.62
2025-03-29,Royalford Bamboo Chopping Board,Home & Living,42,480.74,20191.08
2025-03-29,Story@Home Blackout Curtains,Home & Living,18,1321.73,23791.14
2025-03-29,Syska USB Hub 4-Port,Office & Computing,23,627.93,14442.39
2025-03-29,Woodland Casual Sneakers,Fashion,35,2612.51,91437.85
2025-03-30,FabIndia Cotton Kurta,Fashion,16,1573.8,25180.8
2025-03-30,JBL Flip 6 Bluetooth Speaker,Electronics,36,9888.01,355968.36
2025-03-30,Kuber Industries Storage Box,Home & Living,42,333.75,14017.5
2025-03-30,Lakme Absolute Foundation,Beauty,8,816.7,6533.6
2025-03-30,Logitech MX Keys Keyboard,Electronics,35,8603.74,301130.9
2025-03-30,Mi 10000mAh Power Bank,Electronics,45,939.36,42271.2
2025-03-30,Minimalist 10% Niacinamide Serum,Beauty,2,396.13,792.26
2025-03-30,Portronics Table Lamp LED,Office & Computing,11,1268.99,13958.89
2025-03-30,Puma Classic Track Pants,Fashion,4,2101.15,8404.6
2025-03-30,Sony WH-1000XM5 Headphones,Electronics,33,25621.61,845513.13
2025-03-30,Story@Home Blackout Curtains,Home & Living,22,1241.97,27323.34
2025-03-30,Syska USB Hub 4-Port,Office & Computing,18,613.74,11047.32
2025-03-31,Allen Solly Polo T-Shirt,Fashion,3,986.61,2959.83
2025-03-31,AmazonBasics Adjustable Laptop Stand,Office & Computing,22,1742.51,38335.22
2025-03-31,Anker 65W GaN Fast Charger,Electronics,26,2460.52,63973.52
2025-03-31,Biotique Bio Morning Nector SPF,Beauty,11,246.53,2711.83
2025-03-31,FabIndia Cotton Kurta,Fashion,12,1444.44,17333.28
2025-03-31,H&M Relaxed Fit Shirt,Fashion,19,794.45,15094.55
2025-03-31,HP 65W Laptop Power Adapter,Office & Computing,17,2054.77,34931.09
2025-03-31,JBL Flip 6 Bluetooth Speaker,Electronics,3,9712.03,29136.09
2025-03-31,Kuber Industries Storage Box,Home & Living,13,339.05,4407.65
2025-03-31,Lakme Absolute Foundation,Beauty,7,766.46,5365.22
2025-03-31,Levi's 511 Slim Fit Jeans,Fashion,18,3049.98,54899.64
2025-03-31,Logitech MX Keys Keyboard,Electronics,27,8695.48,234777.96
2025-03-31,Mamaearth Vitamin C Face Wash,Beauty,19,298.73,5675.87
2025-03-31,Mi 10000mAh Power Bank,Electronics,16,1036.16,16578.56
2025-03-31,Milton Thermosteel Flask 1L,Home & Living,2,725.42,1450.84
2025-03-31,Minimalist 10% Niacinamide Serum,Beauty,24,401.75,9642.0
2025-03-31,Pigeon Aluminium Non-Stick Pan,Home & Living,26,891.63,23182.38
2025-03-31,Plum Green Tea Toner 200ml,Beauty,30,378.45,11353.5
2025-03-31,Portronics Table Lamp LED,Office & Computing,1,1315.11,1315.11
2025-03-31,Prestige Induction Cooktop 1200W,Home & Living,12,3078.86,36946.32
2025-03-31,Puma Classic Track Pants,Fashion,4,2076.56,8306.24
2025-03-31,Royalford Bamboo Chopping Board,Home & Living,4,481.98,1927.92
2025-03-31,Samsung Galaxy Buds3 Pro,Electronics,18,13374.67,240744.06
2025-03-31,Sony WH-1000XM5 Headphones,Electronics,8,26496.08,211968.64
2025-03-31,Story@Home Blackout Curtains,Home & Living,9,1253.15,11278.35
2025-03-31,Syska USB Hub 4-Port,Office & Computing,19,602.41,11445.79
2025-03-31,Woodland Casual Sneakers,Fashion,12,2456.83,29481.96
2025-03-31,Wow Skin Science Hair Oil,Beauty,28,621.7,17407.6
2025-03-31,Zebronics ZEB-Crystal Pro Webcam,Electronics,15,1468.27,22024.05
2025-03-31,boAt Airdopes 141 TWS Earbuds,Electronics,10,1269.64,12696.4
2025-04-01,H&M Relaxed Fit Shirt,Fashion,41,768.4,31504.4
2025-04-01,Kuber Industries Storage Box,Home & Living,1,330.85,330.85
2025-04-01,Milton Thermosteel Flask 1L,Home & Living,35,703.4,24619.0
2025-04-01,Pigeon Aluminium Non-Stick Pan,Home & Living,43,948.36,40779.48
2025-04-01,Plum Green Tea Toner 200ml,Beauty,23,366.56,8430.88
2025-04-01,Samsung Galaxy Buds3 Pro,Electronics,32,12451.74,398455.68
2025-04-01,Story@Home Blackout Curtains,Home & Living,14,1249.77,17496.78
2025-04-02,Allen Solly Polo T-Shirt,Fashion,12,970.43,11645.16
2025-04-02,Anker 65W GaN Fast Charger,Electronics,8,2604.96,20839.68
2025-04-02,H&M Relaxed Fit Shirt,Fashion,25,751.54,18788.5
2025-04-02,HP 65W Laptop Power Adapter,Office & Computing,6,2059.77,12358.62
2025-04-02,JBL Flip 6 Bluetooth Speaker,Electronics,48,9987.0,479376.0
2025-04-02,Kuber Industries Storage Box,Home & Living,24,366.38,8793.12
2025-04-02,Logitech MX Keys Keyboard,Electronics,36,8271.58,297776.88
2025-04-02,Mamaearth Vitamin C Face Wash,Beauty,7,308.24,2157.68
2025-04-02,Mi 10000mAh Power Bank,Electronics,18,975.72,17562.96
2025-04-02,Milton Thermosteel Flask 1L,Home & Living,38,721.86,27430.68
2025-04-02,Plum Green Tea Toner 200ml,Beauty,38,372.26,14145.88
2025-04-02,Woodland Casual Sneakers,Fashion,16,2543.65,40698.4
2025-04-02,Wow Skin Science Hair Oil,Beauty,21,570.31,11976.51
2025-04-02,Zebronics ZEB-Crystal Pro Webcam,Electronics,49,1482.21,72628.29
2025-04-03,AmazonBasics Adjustable Laptop Stand,Office & Computing,21,1700.95,35719.95
2025-04-03,Biotique Bio Morning Nector SPF,Beauty,29,261.65,7587.85
2025-04-03,H&M Relaxed Fit Shirt,Fashion,50,802.6,40130.0
2025-04-03,Kuber Industries Storage Box,Home & Living,1,369.77,369.77
2025-04-03,Lakme Absolute Foundation,Beauty,40,816.86,32674.4
2025-04-03,Levi's 511 Slim Fit Jeans,Fashion,21,3033.19,63696.99
2025-04-03,Logitech MX Keys Keyboard,Electronics,43,8540.87,367257.41
2025-04-03,Mi 10000mAh Power Bank,Electronics,20,1012.99,20259.8
2025-04-03,Puma Classic Track Pants,Fashion,35,1906.65,66732.75
2025-04-03,Samsung Galaxy Buds3 Pro,Electronics,7,13682.75,95779.25
2025-04-03,Sony WH-1000XM5 Headphones,Electronics,32,28093.89,899004.48
2025-04-03,Syska USB Hub 4-Port,Office & Computing,7,612.42,4286.94
2025-04-03,boAt Airdopes 141 TWS Earbuds,Electronics,43,1359.53,58459.79
2025-04-04,AmazonBasics Adjustable Laptop Stand,Office & Computing,41,1724.34,70697.94
2025-04-04,Anker 65W GaN Fast Charger,Electronics,44,2627.95,115629.8
2025-04-04,Biotique Bio Morning Nector SPF,Beauty,4,249.07,996.28
2025-04-04,FabIndia Cotton Kurta,Fashion,28,1454.18,40717.04
2025-04-04,HP 65W Laptop Power Adapter,Office & Computing,9,2053.17,18478.53
2025-04-04,JBL Flip 6 Bluetooth Speaker,Electronics,21,10420.96,218840.16
2025-04-04,Plum Green Tea Toner 200ml,Beauty,27,370.91,10014.57
2025-04-04,Puma Classic Track Pants,Fashion,33,2032.78,67081.74
2025-04-04,Royalford Bamboo Chopping Board,Home & Living,3,475.9,1427.7
2025-04-04,Samsung Galaxy Buds3 Pro,Electronics,9,13651.55,122863.95
2025-04-04,Syska USB Hub 4-Port,Office & Computing,32,586.72,18775.04
2025-04-04,Wow Skin Science Hair Oil,Beauty,42,567.19,23821.98
2025-04-04,Zebronics ZEB-Crystal Pro Webcam,Electronics,43,1533.03,65920.29
2025-04-04,boAt Airdopes 141 TWS Earbuds,Electronics,33,1245.61,41105.13
2025-04-05,Anker 65W GaN Fast Charger,Electronics,34,2419.78,82272.52
2025-04-05,Biotique Bio Morning Nector SPF,Beauty,40,258.31,10332.4
2025-04-05,FabIndia Cotton Kurta,Fashion,17,1548.77,26329.09
2025-04-05,H&M Relaxed Fit Shirt,Fashion,2,821.61,1643.22
2025-04-05,HP 65W Laptop Power Adapter,Office & Computing,34,1921.04,65315.36
2025-04-05,JBL Flip 6 Bluetooth Speaker,Electronics,26,9402.06,244453.56
2025-04-05,Levi's 511 Slim Fit Jeans,Fashion,14,2941.42,41179.88
2025-04-05,Mi 10000mAh Power Bank,Electronics,33,1054.94,34813.02
2025-04-05,Minimalist 10% Niacinamide Serum,Beauty,35,379.29,13275.15
2025-04-05,Pigeon Aluminium Non-Stick Pan,Home & Living,9,872.48,7852.32
2025-04-05,Plum Green Tea Toner 200ml,Beauty,17,367.88,6253.96
2025-04-05,Portronics Table Lamp LED,Office & Computing,1,1350.7,1350.7
2025-04-05,Puma Classic Track Pants,Fashion,23,1933.23,44464.29
2025-04-05,Samsung Galaxy Buds3 Pro,Electronics,3,12748.12,38244.36
2025-04-05,Story@Home Blackout Curtains,Home & Living,2,1297.83,2595.66
2025-04-05,Syska USB Hub 4-Port,Office & Computing,43,569.17,24474.31
2025-04-05,Wow Skin Science Hair Oil,Beauty,29,583.13,16910.77
2025-04-06,Allen Solly Polo T-Shirt,Fashion,15,1051.75,15776.25
2025-04-06,Anker 65W GaN Fast Charger,Electronics,17,2411.29,40991.93
2025-04-06,Kuber Industries Storage Box,Home & Living,20,360.24,7204.8
2025-04-06,Lakme Absolute Foundation,Beauty,24,821.79,19722.96
2025-04-06,Mi 10000mAh Power Bank,Electronics,42,1055.34,44324.28
2025-04-06,Milton Thermosteel Flask 1L,Home & Living,17,704.73,11980.41
2025-04-06,Pigeon Aluminium Non-Stick Pan,Home & Living,4,858.37,3433.48
2025-04-06,Plum Green Tea Toner 200ml,Beauty,29,376.69,10924.01
2025-04-06,Prestige Induction Cooktop 1200W,Home & Living,26,2971.04,77247.04
2025-04-06,Puma Classic Track Pants,Fashion,35,2046.38,71623.3
2025-04-06,Woodland Casual Sneakers,Fashion,37,2603.03,96312.11
2025-04-06,Wow Skin Science Hair Oil,Beauty,17,565.64,9615.88
2025-04-06,boAt Airdopes 141 TWS Earbuds,Electronics,48,1294.84,62152.32
2025-04-07,Allen Solly Polo T-Shirt,Fashion,24,1011.59,24278.16
2025-04-07,AmazonBasics Adjustable Laptop Stand,Office & Computing,27,1729.92,46707.84
2025-04-07,Anker 65W GaN Fast Charger,Electronics,24,2563.72,61529.28
2025-04-07,Biotique Bio Morning Nector SPF,Beauty,27,254.7,6876.9
2025-04-07,FabIndia Cotton Kurta,Fashion,2,1507.39,3014.78
2025-04-07,H&M Relaxed Fit Shirt,Fashion,13,812.42,10561.46
2025-04-07,HP 65W Laptop Power Adapter,Office & Computing,28,1998.4,55955.2
2025-04-07,JBL Flip 6 Bluetooth Speaker,Electronics,8,10286.97,82295.76
2025-04-07,Kuber Industries Storage Box,Home & Living,20,354.06,7081.2
2025-04-07,Lakme Absolute Foundation,Beauty,13,806.05,10478.65
2025-04-07,Levi's 511 Slim Fit Jeans,Fashion,13,3117.76,40530.88
2025-04-07,Logitech MX Keys Keyboard,Electronics,8,8306.41,66451.28
2025-04-07,Mamaearth Vitamin C Face Wash,Beauty,29,299.24,8677.96
2025-04-07,Mi 10000mAh Power Bank,Electronics,5,999.2,4996.0
2025-04-07,Milton Thermosteel Flask 1L,Home & Living,5,710.81,3554.05
2025-04-07,Minimalist 10% Niacinamide Serum,Beauty,8,384.68,3077.44
2025-04-07,Pigeon Aluminium Non-Stick Pan,Home & Living,10,908.26,9082.6
2025-04-07,Plum Green Tea Toner 200ml,Beauty,3,380.18,1140.54
2025-04-07,Portronics Table Lamp LED,Office & Computing,10,1274.06,12740.6
2025-04-07,Prestige Induction Cooktop 1200W,Home & Living,26,3003.39,78088.14
2025-04-07,Puma Classic Track Pants,Fashion,26,1941.23,50471.98
2025-04-07,Royalford Bamboo Chopping Board,Home & Living,6,514.47,3086.82
2025-04-07,Samsung Galaxy Buds3 Pro,Electronics,1,13186.19,13186.19
2025-04-07,Sony WH-1000XM5 Headphones,Electronics,11,27837.49,306212.39
2025-04-07,Story@Home Blackout Curtains,Home & Living,16,1302.12,20833.92
2025-04-07,Syska USB Hub 4-Port,Office & Computing,22,609.06,13399.32
2025-04-07,Woodland Casual Sneakers,Fashion,7,2463.31,17243.17
2025-04-07,Wow Skin Science Hair Oil,Beauty,29,600.38,17411.02
2025-04-07,Zebronics ZEB-Crystal Pro Webcam,Electronics,15,1507.39,22610.85
2025-04-07,boAt Airdopes 141 TWS Earbuds,Electronics,2,1307.18,2614.36
2025-04-08,Anker 65W GaN Fast Charger,Electronics,39,2508.75,97841.25
2025-04-08,H&M Relaxed Fit Shirt,Fashion,50,834.48,41724.0
2025-04-08,JBL Flip 6 Bluetooth Speaker,Electronics,6,9562.04,57372.24
2025-04-08,Levi's 511 Slim Fit Jeans,Fashion,38,3109.66,118167.08
2025-04-08,Mamaearth Vitamin C Face Wash,Beauty,42,306.68,12880.56
2025-04-08,Milton Thermosteel Flask 1L,Home & Living,11,707.53,7782.83
2025-04-08,Minimalist 10% Niacinamide Serum,Beauty,25,397.24,9931.0
2025-04-08,Plum Green Tea Toner 200ml,Beauty,8,362.78,2902.24
2025-04-08,Royalford Bamboo Chopping Board,Home & Living,18,491.32,8843.76
2025-04-08,Sony WH-1000XM5 Headphones,Electronics,16,25546.03,408736.48
2025-04-08,Story@Home Blackout Curtains,Home & Living,1,1299.91,1299.91
2025-04-08,Woodland Casual Sneakers,Fashion,47,2644.7,124300.9
2025-04-08,Zebronics ZEB-Crystal Pro Webcam,Electronics,19,1434.54,27256.26
2025-04-09,AmazonBasics Adjustable Laptop Stand,Office & Computing,18,1720.56,30970.08
2025-04-09,FabIndia Cotton Kurta,Fashion,50,1440.99,72049.5
2025-04-09,H&M Relaxed Fit Shirt,Fashion,11,807.31,8880.41
2025-04-09,Lakme Absolute Foundation,Beauty,22,803.35,17673.7
2025-04-09,Levi's 511 Slim Fit Jeans,Fashion,13,2826.86,36749.18
2025-04-09,Mi 10000mAh Power Bank,Electronics,9,1040.56,9365.04
2025-04-09,Milton Thermosteel Flask 1L,Home & Living,3,734.58,2203.74
2025-04-09,Plum Green Tea Toner 200ml,Beauty,38,355.61,13513.18
2025-04-09,Portronics Table Lamp LED,Office & Computing,44,1298.09,57115.96
2025-04-09,Prestige Induction Cooktop 1200W,Home & Living,18,3028.84,54519.12
2025-04-09,Puma Classic Track Pants,Fashion,21,1984.21,41668.41
2025-04-09,Royalford Bamboo Chopping Board,Home & Living,4,487.97,1951.88
2025-04-09,Samsung Galaxy Buds3 Pro,Electronics,50,13214.78,660739.0
2025-04-09,Sony WH-1000XM5 Headphones,Electronics,2,26987.3,53974.6
2025-04-09,Story@Home Blackout Curtains,Home & Living,45,1251.98,56339.1
2025-04-09,Syska USB Hub 4-Port,Office & Computing,37,604.99,22384.63
2025-04-09,Woodland Casual Sneakers,Fashion,43,2641.96,113604.28
2025-04-09,Zebronics ZEB-Crystal Pro Webcam,Electronics,45,1570.05,70652.25
2025-04-09,boAt Airdopes 141 TWS Earbuds,Electronics,14,1265.23,17713.22
2025-04-10,Anker 65W GaN Fast Charger,Electronics,25,2461.02,61525.5
2025-04-10,Biotique Bio Morning Nector SPF,Beauty,23,242.68,5581.64
2025-04-10,FabIndia Cotton Kurta,Fashion,4,1492.7,5970.8
2025-04-10,HP 65W Laptop Power Adapter,Office & Computing,3,1998.0,5994.0
2025-04-10,Lakme Absolute Foundation,Beauty,30,816.15,24484.5
2025-04-10,Milton Thermosteel Flask 1L,Home & Living,9,682.85,6145.65
2025-04-10,Pigeon Aluminium Non-Stick Pan,Home & Living,41,917.16,37603.56
2025-04-10,Sony WH-1000XM5 Headphones,Electronics,8,26183.0,209464.0
2025-04-10,Syska USB Hub 4-Port,Office & Computing,3,580.49,1741.47
2025-04-10,Wow Skin Science Hair Oil,Beauty,46,622.66,28642.36
2025-04-10,Zebronics ZEB-Crystal Pro Webcam,Electronics,5,1567.35,7836.75
2025-04-11,Anker 65W GaN Fast Charger,Electronics,12,2618.95,31427.4
2025-04-11,FabIndia Cotton Kurta,Fashion,27,1472.32,39752.64
2025-04-11,H&M Relaxed Fit Shirt,Fashion,44,812.82,35764.08
2025-04-11,Mi 10000mAh Power Bank,Electronics,18,1057.24,19030.32
2025-04-11,Plum Green Tea Toner 200ml,Beauty,29,364.76,10578.04
2025-04-11,Samsung Galaxy Buds3 Pro,Electronics,14,13327.87,186590.18
2025-04-11,Zebronics ZEB-Crystal Pro Webcam,Electronics,39,1460.03,56941.17
2025-04-11,boAt Airdopes 141 TWS Earbuds,Electronics,46,1252.37,57609.02
2025-04-12,Allen Solly Polo T-Shirt,Fashion,45,1040.06,46802.7
2025-04-12,AmazonBasics Adjustable Laptop Stand,Office & Computing,17,1768.42,30063.14
2025-04-12,FabIndia Cotton Kurta,Fashion,48,1560.01,74880.48
2025-04-12,JBL Flip 6 Bluetooth Speaker,Electronics,7,10591.94,74143.58
2025-04-12,Kuber Industries Storage Box,Home & Living,19,348.16,6615.04
2025-04-12,Logitech MX Keys Keyboard,Electronics,34,8286.87,281753.58
2025-04-12,Milton Thermosteel Flask 1L,Home & Living,31,665.1,20618.1
2025-04-12,Plum Green Tea Toner 200ml,Beauty,48,366.53,17593.44
2025-04-12,Samsung Galaxy Buds3 Pro,Electronics,17,13395.47,227722.99
2025-04-12,Sony WH-1000XM5 Headphones,Electronics,3,27362.46,82087.38
2025-04-12,Woodland Casual Sneakers,Fashion,49,2607.77,127780.73
2025-04-13,Allen Solly Polo T-Shirt,Fashion,20,959.74,19194.8
2025-04-13,Biotique Bio Morning Nector SPF,Beauty,24,247.16,5931.84
2025-04-13,H&M Relaxed Fit Shirt,Fashion,12,776.47,9317.64
2025-04-13,HP 65W Laptop Power Adapter,Office & Computing,16,1981.61,31705.76
2025-04-13,JBL Flip 6 Bluetooth Speaker,Electronics,7,10551.94,73863.58
2025-04-13,Lakme Absolute Foundation,Beauty,34,791.82,26921.88
2025-04-13,Logitech MX Keys Keyboard,Electronics,6,8383.72,50302.32
2025-04-13,Portronics Table Lamp LED,Office & Computing,8,1239.77,9918.16
2025-04-13,Royalford Bamboo Chopping Board,Home & Living,28,524.95,14698.6
2025-04-13,Sony WH-1000XM5 Headphones,Electronics,45,27049.38,1217222.1
2025-04-13,Story@Home Blackout Curtains,Home & Living,13,1319.52,17153.76
2025-04-13,Wow Skin Science Hair Oil,Beauty,46,564.62,25972.52
2025-04-14,Allen Solly Polo T-Shirt,Fashion,4,1020.68,4082.72
2025-04-14,AmazonBasics Adjustable Laptop Stand,Office & Computing,23,1743.77,40106.71
2025-04-14,Anker 65W GaN Fast Charger,Electronics,30,2456.77,73703.1
2025-04-14,Biotique Bio Morning Nector SPF,Beauty,12,241.31,2895.72
2025-04-14,FabIndia Cotton Kurta,Fashion,7,1482.51,10377.57
2025-04-14,H&M Relaxed Fit Shirt,Fashion,14,785.58,10998.12
2025-04-14,HP 65W Laptop Power Adapter,Office & Computing,6,1931.03,11586.18
2025-04-14,JBL Flip 6 Bluetooth Speaker,Electronics,24,10138.99,243335.76
2025-04-14,Kuber Industries Storage Box,Home & Living,13,336.12,4369.56
2025-04-14,Lakme Absolute Foundation,Beauty,20,765.74,15314.8
2025-04-14,Levi's 511 Slim Fit Jeans,Fashion,17,2949.82,50146.94
2025-04-14,Logitech MX Keys Keyboard,Electronics,22,8286.87,182311.14
2025-04-14,Mamaearth Vitamin C Face Wash,Beauty,26,288.39,7498.14
2025-04-14,Mi 10000mAh Power Bank,Electronics,19,985.61,18726.59
2025-04-14,Milton Thermosteel Flask 1L,Home & Living,3,673.49,2020.47
2025-04-14,Minimalist 10% Niacinamide Serum,Beauty,29,400.0,11600.0
2025-04-14,Pigeon Aluminium Non-Stick Pan,Home & Living,17,918.24,15610.08
2025-04-14,Plum Green Tea Toner 200ml,Beauty,11,363.53,3998.83
2025-04-14,Portronics Table Lamp LED,Office & Computing,14,1289.13,18047.82
2025-04-14,Prestige Induction Cooktop 1200W,Home & Living,7,3107.31,21751.17
2025-04-14,Puma Classic Track Pants,Fashion,26,1998.0,51948.0
2025-04-14,Royalford Bamboo Chopping Board,Home & Living,6,508.28,3049.68
2025-04-14,Samsung Galaxy Buds3 Pro,Electronics,4,13187.49,52749.96
2025-04-14,Sony WH-1000XM5 Headphones,Electronics,3,26209.99,78629.97
2025-04-14,Story@Home Blackout Curtains,Home & Living,25,1307.7,32692.5
2025-04-14,Syska USB Hub 4-Port,Office & Computing,22,610.86,13438.92
2025-04-14,Woodland Casual Sneakers,Fashion,25,2492.26,62306.5
2025-04-14,Wow Skin Science Hair Oil,Beauty,2,586.06,1172.12
2025-04-14,Zebronics ZEB-Crystal Pro Webcam,Electronics,22,1484.46,32658.12
2025-04-14,boAt Airdopes 141 TWS Earbuds,Electronics,18,1253.41,22561.38
2025-04-15,Biotique Bio Morning Nector SPF,Beauty,41,261.15,10707.15
2025-04-15,FabIndia Cotton Kurta,Fashion,31,1461.67,45311.77
2025-04-15,H&M Relaxed Fit Shirt,Fashion,38,786.7,29894.6
2025-04-15,Kuber Industries Storage Box,Home & Living,22,353.89,7785.58
2025-04-15,Mamaearth Vitamin C Face Wash,Beauty,19,300.17,5703.23
2025-04-15,Mi 10000mAh Power Bank,Electronics,36,970.03,34921.08
2025-04-15,Pigeon Aluminium Non-Stick Pan,Home & Living,23,877.15,20174.45
2025-04-15,Plum Green Tea Toner 200ml,Beauty,22,353.21,7770.62
2025-04-15,Story@Home Blackout Curtains,Home & Living,46,1317.32,60596.72
2025-04-15,Syska USB Hub 4-Port,Office & Computing,39,571.87,22302.93
2025-04-15,Zebronics ZEB-Crystal Pro Webcam,Electronics,15,1422.55,21338.25
2025-04-15,boAt Airdopes 141 TWS Earbuds,Electronics,3,1248.6,3745.8
2025-04-16,Allen Solly Polo T-Shirt,Fashion,40,982.82,39312.8
2025-04-16,Anker 65W GaN Fast Charger,Electronics,12,2467.76,29613.12
2025-04-16,Biotique Bio Morning Nector SPF,Beauty,27,253.03,6831.81
2025-04-16,FabIndia Cotton Kurta,Fashion,30,1544.42,46332.6
2025-04-16,HP 65W Laptop Power Adapter,Office & Computing,38,2085.76,79258.88
2025-04-16,JBL Flip 6 Bluetooth Speaker,Electronics,34,9868.01,335512.34
2025-04-16,Lakme Absolute Foundation,Beauty,40,786.81,31472.4
2025-04-16,Logitech MX Keys Keyboard,Electronics,40,8403.25,336130.0
2025-04-16,Plum Green Tea Toner 200ml,Beauty,23,387.9,8921.7
2025-04-16,Portronics Table Lamp LED,Office & Computing,17,1244.31,21153.27
2025-04-16,Prestige Induction Cooktop 1200W,Home & Living,22,3097.73,68150.06
2025-04-16,Puma Classic Track Pants,Fashion,36,2108.15,75893.4
2025-04-16,Royalford Bamboo Chopping Board,Home & Living,29,509.03,14761.87
2025-04-16,Samsung Galaxy Buds3 Pro,Electronics,7,12788.42,89518.94
2025-04-16,Story@Home Blackout Curtains,Home & Living,10,1255.35,12553.5
2025-04-16,Woodland Casual Sneakers,Fashion,10,2589.56,25895.6
2025-04-17,Anker 65W GaN Fast Charger,Electronics,15,2569.22,38538.3
2025-04-17,H&M Relaxed Fit Shirt,Fashion,9,831.76,7485.84
2025-04-17,HP 65W Laptop Power Adapter,Office & Computing,6,1941.43,11648.58
2025-04-17,JBL Flip 6 Bluetooth Speaker,Electronics,30,9491.05,284731.5
2025-04-17,Logitech MX Keys Keyboard,Electronics,13,8752.4,113781.2
2025-04-17,Mamaearth Vitamin C Face Wash,Beauty,40,300.17,12006.8
2025-04-17,Mi 10000mAh Power Bank,Electronics,29,1004.99,29144.71
2025-04-17,Prestige Induction Cooktop 1200W,Home & Living,36,2841.66,102299.76
2025-04-17,Puma Classic Track Pants,Fashion,22,2057.97,45275.34
2025-04-17,Royalford Bamboo Chopping Board,Home & Living,44,513.92,22612.48
2025-04-17,Samsung Galaxy Buds3 Pro,Electronics,1,12757.22,12757.22
2025-04-17,Story@Home Blackout Curtains,Home & Living,38,1285.23,48838.74
2025-04-17,Woodland Casual Sneakers,Fashion,26,2604.03,67704.78
2025-04-17,Wow Skin Science Hair Oil,Beauty,12,590.07,7080.84
2025-04-17,Zebronics ZEB-Crystal Pro Webcam,Electronics,46,1436.94,66099.24
2025-04-17,boAt Airdopes 141 TWS Earbuds,Electronics,2,1297.96,2595.92
2025-04-18,AmazonBasics Adjustable Laptop Stand,Office & Computing,48,1798.82,86343.36
2025-04-18,Anker 65W GaN Fast Charger,Electronics,31,2575.22,79831.82
2025-04-18,Kuber Industries Storage Box,Home & Living,43,332.35,14291.05
2025-04-18,Lakme Absolute Foundation,Beauty,5,780.93,3904.65
2025-04-18,Mi 10000mAh Power Bank,Electronics,22,1050.15,23103.3
2025-04-18,Pigeon Aluminium Non-Stick Pan,Home & Living,38,901.16,34244.08
2025-04-18,Plum Green Tea Toner 200ml,Beauty,41,366.82,15039.62
2025-04-18,Royalford Bamboo Chopping Board,Home & Living,33,525.45,17339.85
2025-04-18,Story@Home Blackout Curtains,Home & Living,35,1316.02,46060.7
2025-04-18,Wow Skin Science Hair Oil,Beauty,49,589.6,28890.4
2025-04-19,Allen Solly Polo T-Shirt,Fashion,2,1002.9,2005.8
2025-04-19,AmazonBasics Adjustable Laptop Stand,Office & Computing,42,1773.63,74492.46
2025-04-19,Anker 65W GaN Fast Charger,Electronics,13,2430.53,31596.89
2025-04-19,Biotique Bio Morning Nector SPF,Beauty,29,254.53,7381.37
2025-04-19,FabIndia Cotton Kurta,Fashion,37,1538.42,56921.54
2025-04-19,HP 65W Laptop Power Adapter,Office & Computing,2,2045.78,4091.56
2025-04-19,Logitech MX Keys Keyboard,Electronics,9,8844.99,79604.91
2025-04-19,Mamaearth Vitamin C Face Wash,Beauty,11,296.34,3259.74
2025-04-19,Mi 10000mAh Power Bank,Electronics,2,1000.5,2001.0
2025-04-19,Milton Thermosteel Flask 1L,Home & Living,16,721.09,11537.44
2025-04-19,Minimalist 10% Niacinamide Serum,Beauty,8,422.66,3381.28
2025-04-19,Pigeon Aluminium Non-Stick Pan,Home & Living,15,914.91,13723.65
2025-04-19,Plum Green Tea Toner 200ml,Beauty,36,354.71,12769.56
2025-04-19,Puma Classic Track Pants,Fashion,4,2096.75,8387.0
2025-04-19,Story@Home Blackout Curtains,Home & Living,32,1325.11,42403.52
2025-04-19,Syska USB Hub 4-Port,Office & Computing,18,603.25,10858.5
2025-04-19,Wow Skin Science Hair Oil,Beauty,49,619.96,30378.04
2025-04-19,boAt Airdopes 141 TWS Earbuds,Electronics,41,1257.3,51549.3
2025-04-20,AmazonBasics Adjustable Laptop Stand,Office & Computing,43,1785.15,76761.45
2025-04-20,FabIndia Cotton Kurta,Fashion,35,1488.21,52087.35
2025-04-20,H&M Relaxed Fit Shirt,Fashion,29,766.08,22216.32
2025-04-20,JBL Flip 6 Bluetooth Speaker,Electronics,29,9520.05,276081.45
2025-04-20,Lakme Absolute Foundation,Beauty,16,750.08,12001.28
2025-04-20,Mamaearth Vitamin C Face Wash,Beauty,30,283.51,8505.3
2025-04-20,Milton Thermosteel Flask 1L,Home & Living,32,694.88,22236.16
2025-04-20,Minimalist 10% Niacinamide Serum,Beauty,10,381.84,3818.4
2025-04-20,Pigeon Aluminium Non-Stick Pan,Home & Living,1,862.5,862.5
2025-04-20,Plum Green Tea Toner 200ml,Beauty,17,387.22,6582.74
2025-04-20,Portronics Table Lamp LED,Office & Computing,24,1322.51,31740.24
2025-04-20,Puma Classic Track Pants,Fashion,20,1953.22,39064.4
2025-04-20,Story@Home Blackout Curtains,Home & Living,1,1340.96,1340.96
2025-04-20,Wow Skin Science Hair Oil,Beauty,27,567.79,15330.33
2025-04-20,Zebronics ZEB-Crystal Pro Webcam,Electronics,41,1458.98,59818.18
2025-04-21,Allen Solly Polo T-Shirt,Fashion,24,1019.48,24467.52
2025-04-21,AmazonBasics Adjustable Laptop Stand,Office & Computing,15,1781.73,26725.95
2025-04-21,Anker 65W GaN Fast Charger,Electronics,4,2492.75,9971.0
2025-04-21,Biotique Bio Morning Nector SPF,Beauty,19,243.02,4617.38
2025-04-21,FabIndia Cotton Kurta,Fashion,10,1447.88,14478.8
2025-04-21,H&M Relaxed Fit Shirt,Fashion,13,768.4,9989.2
2025-04-21,HP 65W Laptop Power Adapter,Office & Computing,16,1970.41,31526.56
2025-04-21,JBL Flip 6 Bluetooth Speaker,Electronics,13,10372.96,134848.48
2025-04-21,Kuber Industries Storage Box,Home & Living,29,359.57,10427.53
2025-04-21,Lakme Absolute Foundation,Beauty,3,775.2,2325.6
2025-04-21,Levi's 511 Slim Fit Jeans,Fashion,17,3024.19,51411.23
2025-04-21,Logitech MX Keys Keyboard,Electronics,11,8344.64,91791.04
2025-04-21,Mamaearth Vitamin C Face Wash,Beauty,5,299.33,1496.65
2025-04-21,Mi 10000mAh Power Bank,Electronics,4,1028.87,4115.48
2025-04-21,Milton Thermosteel Flask 1L,Home & Living,8,721.23,5769.84
2025-04-21,Minimalist 10% Niacinamide Serum,Beauty,21,390.46,8199.66
2025-04-21,Pigeon Aluminium Non-Stick Pan,Home & Living,14,913.47,12788.58
2025-04-21,Plum Green Tea Toner 200ml,Beauty,10,363.53,3635.3
2025-04-21,Portronics Table Lamp LED,Office & Computing,24,1250.68,30016.32
2025-04-21,Prestige Induction Cooktop 1200W,Home & Living,27,2925.82,78997.14
2025-04-21,Puma Classic Track Pants,Fashion,12,2007.6,24091.2
2025-04-21,Royalford Bamboo Chopping Board,Home & Living,18,516.61,9298.98
2025-04-21,Samsung Galaxy Buds3 Pro,Electronics,18,13260.28,238685.04
2025-04-21,Sony WH-1000XM5 Headphones,Electronics,8,26736.29,213890.32
2025-04-21,Story@Home Blackout Curtains,Home & Living,8,1348.23,10785.84
2025-04-21,Syska USB Hub 4-Port,Office & Computing,27,600.62,16216.74
2025-04-21,Woodland Casual Sneakers,Fashion,8,2594.8,20758.4
2025-04-21,Wow Skin Science Hair Oil,Beauty,29,616.61,17881.69
2025-04-21,Zebronics ZEB-Crystal Pro Webcam,Electronics,1,1498.25,1498.25
2025-04-21,boAt Airdopes 141 TWS Earbuds,Electronics,11,1253.02,13783.22
2025-04-22,Biotique Bio Morning Nector SPF,Beauty,35,251.91,8816.85
2025-04-22,JBL Flip 6 Bluetooth Speaker,Electronics,11,10357.96,113937.56
2025-04-22,Lakme Absolute Foundation,Beauty,15,816.7,12250.5
2025-04-22,Mamaearth Vitamin C Face Wash,Beauty,24,299.63,7191.12
2025-04-22,Mi 10000mAh Power Bank,Electronics,19,1018.48,19351.12
2025-04-22,Minimalist 10% Niacinamide Serum,Beauty,38,390.54,14840.52
2025-04-22,Plum Green Tea Toner 200ml,Beauty,14,363.26,5085.64
2025-04-22,Portronics Table Lamp LED,Office & Computing,34,1272.24,43256.16
2025-04-22,Prestige Induction Cooktop 1200W,Home & Living,16,3041.12,48657.92
2025-04-22,Royalford Bamboo Chopping Board,Home & Living,43,489.77,21060.11
2025-04-22,Woodland Casual Sneakers,Fashion,42,2566.86,107808.12
2025-04-22,boAt Airdopes 141 TWS Earbuds,Electronics,23,1295.88,29805.24
2025-04-23,Allen Solly Polo T-Shirt,Fashion,50,974.12,48706.0
2025-04-23,Anker 65W GaN Fast Charger,Electronics,29,2635.45,76428.05
2025-04-23,Biotique Bio Morning Nector SPF,Beauty,21,245.19,5148.99
2025-04-23,FabIndia Cotton Kurta,Fashion,8,1588.04,12704.32
2025-04-23,H&M Relaxed Fit Shirt,Fashion,11,820.25,9022.75
2025-04-23,Levi's 511 Slim Fit Jeans,Fashion,41,3010.7,123438.7
2025-04-23,Mi 10000mAh Power Bank,Electronics,25,1019.58,25489.5
2025-04-23,Milton Thermosteel Flask 1L,Home & Living,39,687.82,26824.98
2025-04-23,Pigeon Aluminium Non-Stick Pan,Home & Living,5,914.01,4570.05
2025-04-23,Plum Green Tea Toner 200ml,Beauty,45,367.39,16532.55
2025-04-23,Prestige Induction Cooktop 1200W,Home & Living,18,2847.35,51252.3
2025-04-23,Royalford Bamboo Chopping Board,Home & Living,47,492.41,23143.27
2025-04-23,Samsung Galaxy Buds3 Pro,Electronics,10,13193.98,131939.8
2025-04-23,Sony WH-1000XM5 Headphones,Electronics,17,25492.06,433365.02
2025-04-23,Story@Home Blackout Curtains,Home & Living,16,1241.58,19865.28
2025-04-24,Allen Solly Polo T-Shirt,Fashion,28,995.0,27860.0
2025-04-24,Biotique Bio Morning Nector SPF,Beauty,12,260.33,3123.96
2025-04-24,H&M Relaxed Fit Shirt,Fashion,17,832.56,14153.52
2025-04-24,HP 65W Laptop Power Adapter,Office & Computing,19,1930.23,36674.37
2025-04-24,JBL Flip 6 Bluetooth Speaker,Electronics,30,9834.02,295020.6
2025-04-24,Minimalist 10% Niacinamide Serum,Beauty,5,410.21,2051.05
2025-04-24,Prestige Induction Cooktop 1200W,Home & Living,35,3138.76,109856.6
2025-04-24,Royalford Bamboo Chopping Board,Home & Living,34,523.6,17802.4
2025-04-24,Story@Home Blackout Curtains,Home & Living,30,1274.19,38225.7
2025-04-24,Syska USB Hub 4-Port,Office & Computing,20,574.92,11498.4
2025-04-24,Woodland Casual Sneakers,Fashion,39,2564.61,100019.79
2025-04-24,Zebronics ZEB-Crystal Pro Webcam,Electronics,19,1539.17,29244.23
2025-04-24,boAt Airdopes 141 TWS Earbuds,Electronics,44,1359.79,59830.76
2025-04-25,Anker 65W GaN Fast Charger,Electronics,5,2486.26,12431.3
2025-04-25,Biotique Bio Morning Nector SPF,Beauty,47,243.97,11466.59
2025-04-25,Mamaearth Vitamin C Face Wash,Beauty,7,285.07,1995.49
2025-04-25,Milton Thermosteel Flask 1L,Home & Living,42,688.45,28914.9
2025-04-25,Prestige Induction Cooktop 1200W,Home & Living,10,2937.2,29372.0
2025-04-25,Puma Classic Track Pants,Fashion,11,1915.64,21072.04
2025-04-25,Wow Skin Science Hair Oil,Beauty,27,620.56,16755.12
2025-04-25,Zebronics ZEB-Crystal Pro Webcam,Electronics,9,1452.53,13072.77
2025-04-25,boAt Airdopes 141 TWS Earbuds,Electronics,7,1298.48,9089.36
2025-04-26,Allen Solly Polo T-Shirt,Fashion,40,1033.87,41354.8
2025-04-26,Anker 65W GaN Fast Charger,Electronics,33,2398.04,79135.32
2025-04-26,FabIndia Cotton Kurta,Fashion,11,1451.48,15966.28
2025-04-26,Kuber Industries Storage Box,Home & Living,43,353.82,15214.26
2025-04-26,Lakme Absolute Foundation,Beauty,32,784.11,25091.52
2025-04-26,Levi's 511 Slim Fit Jeans,Fashion,44,2843.95,125133.8
2025-04-26,Logitech MX Keys Keyboard,Electronics,14,8685.29,121594.06
2025-04-26,Mamaearth Vitamin C Face Wash,Beauty,36,311.71,11221.56
2025-04-26,Minimalist 10% Niacinamide Serum,Beauty,42,410.85,17255.7
2025-04-26,Pigeon Aluminium Non-Stick Pan,Home & Living,25,901.52,22538.0
2025-04-26,Portronics Table Lamp LED,Office & Computing,25,1289.39,32234.75
2025-04-26,Puma Classic Track Pants,Fashion,22,1889.85,41576.7
2025-04-26,Sony WH-1000XM5 Headphones,Electronics,27,27713.33,748259.91
2025-04-26,Story@Home Blackout Curtains,Home & Living,7,1240.8,8685.6
2025-04-26,Woodland Casual Sneakers,Fashion,19,2428.88,46148.72
2025-04-26,Zebronics ZEB-Crystal Pro Webcam,Electronics,3,1515.49,4546.47
2025-04-26,boAt Airdopes 141 TWS Earbuds,Electronics,50,1323.81,66190.5
2025-04-27,Allen Solly Polo T-Shirt,Fashion,50,983.52,49176.0
2025-04-27,AmazonBasics Adjustable Laptop Stand,Office & Computing,31,1727.94,53566.14
2025-04-27,JBL Flip 6 Bluetooth Speaker,Electronics,43,9925.01,426775.43
2025-04-27,Mamaearth Vitamin C Face Wash,Beauty,12,297.45,3569.4
2025-04-27,Milton Thermosteel Flask 1L,Home & Living,17,689.7,11724.9
2025-04-27,Pigeon Aluminium Non-Stick Pan,Home & Living,37,851.17,31493.29
2025-04-27,Plum Green Tea Toner 200ml,Beauty,41,372.94,15290.54
2025-04-27,Portronics Table Lamp LED,Office & Computing,50,1335.37,66768.5
2025-04-27,Puma Classic Track Pants,Fashion,34,2048.38,69644.92
2025-04-27,Royalford Bamboo Chopping Board,Home & Living,14,508.08,7113.12
2025-04-27,Samsung Galaxy Buds3 Pro,Electronics,29,13131.59,380816.11
2025-04-27,Sony WH-1000XM5 Headphones,Electronics,35,26768.68,936903.8
2025-04-27,Story@Home Blackout Curtains,Home & Living,27,1365.51,36868.77
2025-04-27,Syska USB Hub 4-Port,Office & Computing,39,594.33,23178.87
2025-04-27,Zebronics ZEB-Crystal Pro Webcam,Electronics,8,1534.08,12272.64
2025-04-28,Allen Solly Polo T-Shirt,Fashion,5,962.54,4812.7
2025-04-28,AmazonBasics Adjustable Laptop Stand,Office & Computing,18,1763.38,31740.84
2025-04-28,Anker 65W GaN Fast Charger,Electronics,10,2538.98,25389.8
2025-04-28,Biotique Bio Morning Nector SPF,Beauty,18,242.63,4367.34
2025-04-28,FabIndia Cotton Kurta,Fashion,17,1493.0,25381.0
2025-04-28,H&M Relaxed Fit Shirt,Fashion,11,777.99,8557.89
2025-04-28,HP 65W Laptop Power Adapter,Office & Computing,11,2074.16,22815.76
2025-04-28,JBL Flip 6 Bluetooth Speaker,Electronics,26,10045.0,261170.0
2025-04-28,Kuber Industries Storage Box,Home & Living,23,341.67,7858.41
2025-04-28,Lakme Absolute Foundation,Beauty,25,800.56,20014.0
2025-04-28,Levi's 511 Slim Fit Jeans,Fashion,4,3069.18,12276.72
2025-04-28,Logitech MX Keys Keyboard,Electronics,3,8812.71,26438.13
2025-04-28,Mamaearth Vitamin C Face Wash,Beauty,15,300.52,4507.8
2025-04-28,Mi 10000mAh Power Bank,Electronics,15,967.03,14505.45
2025-04-28,Milton Thermosteel Flask 1L,Home & Living,17,694.11,11799.87
2025-04-28,Minimalist 10% Niacinamide Serum,Beauty,4,396.25,1585.0
2025-04-28,Pigeon Aluminium Non-Stick Pan,Home & Living,3,909.07,2727.21
2025-04-28,Plum Green Tea Toner 200ml,Beauty,12,380.81,4569.72
2025-04-28,Portronics Table Lamp LED,Office & Computing,23,1350.44,31060.12
2025-04-28,Prestige Induction Cooktop 1200W,Home & Living,9,2952.47,26572.23
2025-04-28,Puma Classic Track Pants,Fashion,12,1993.8,23925.6
2025-04-28,Royalford Bamboo Chopping Board,Home & Living,3,492.51,1477.53
2025-04-28,Samsung Galaxy Buds3 Pro,Electronics,25,13145.89,328647.25
2025-04-28,Sony WH-1000XM5 Headphones,Electronics,5,27435.33,137176.65
2025-04-28,Story@Home Blackout Curtains,Home & Living,4,1272.76,5091.04
2025-04-28,Syska USB Hub 4-Port,Office & Computing,29,615.65,17853.85
2025-04-28,Woodland Casual Sneakers,Fashion,5,2410.67,12053.35
2025-04-28,Wow Skin Science Hair Oil,Beauty,29,602.17,17462.93
2025-04-28,Zebronics ZEB-Crystal Pro Webcam,Electronics,11,1460.78,16068.58
2025-04-28,boAt Airdopes 141 TWS Earbuds,Electronics,19,1296.53,24634.07
2025-04-29,Allen Solly Polo T-Shirt,Fashion,34,995.5,33847.0
2025-04-29,Biotique Bio Morning Nector SPF,Beauty,11,251.17,2762.87
2025-04-29,JBL Flip 6 Bluetooth Speaker,Electronics,22,10397.96,228755.12
2025-04-29,Kuber Industries Storage Box,Home & Living,49,343.42,16827.58
2025-04-29,Lakme Absolute Foundation,Beauty,47,827.44,38889.68
2025-04-29,Levi's 511 Slim Fit Jeans,Fashion,42,2984.9,125365.8
2025-04-29,Mi 10000mAh Power Bank,Electronics,11,939.36,10332.96
2025-04-29,Pigeon Aluminium Non-Stick Pan,Home & Living,6,934.51,5607.06
2025-04-29,Prestige Induction Cooktop 1200W,Home & Living,3,2946.18,8838.54
2025-04-29,Puma Classic Track Pants,Fashion,44,2109.54,92819.76
2025-04-29,Samsung Galaxy Buds3 Pro,Electronics,4,12663.63,50654.52
2025-04-29,Sony WH-1000XM5 Headphones,Electronics,32,27386.75,876376.0
2025-04-29,boAt Airdopes 141 TWS Earbuds,Electronics,48,1245.48,59783.04
2025-04-30,Allen Solly Polo T-Shirt,Fashion,27,992.31,26792.37
2025-04-30,Anker 65W GaN Fast Charger,Electronics,4,2384.3,9537.2
2025-04-30,H&M Relaxed Fit Shirt,Fashion,9,813.06,7317.54
2025-04-30,HP 65W Laptop Power Adapter,Office & Computing,19,2111.74,40123.06
2025-04-30,Kuber Industries Storage Box,Home & Living,3,355.11,1065.33
2025-04-30,Lakme Absolute Foundation,Beauty,23,781.33,17970.59
2025-04-30,Mamaearth Vitamin C Face Wash,Beauty,16,299.57,4793.12
2025-04-30,Milton Thermosteel Flask 1L,Home & Living,45,726.54,32694.3
2025-04-30,Portronics Table Lamp LED,Office & Computing,30,1226.39,36791.7
2025-04-30,Puma Classic Track Pants,Fashion,40,1956.62,78264.8
2025-04-30,Royalford Bamboo Chopping Board,Home & Living,13,501.0,6513.0
2025-04-30,Samsung Galaxy Buds3 Pro,Electronics,21,12869.01,270249.21
2025-04-30,Sony WH-1000XM5 Headphones,Electronics,29,27394.85,794450.65
2025-04-30,Syska USB Hub 4-Port,Office & Computing,25,629.43,15735.75
2025-04-30,Woodland Casual Sneakers,Fashion,19,2496.5,47433.5
2025-04-30,Zebronics ZEB-Crystal Pro Webcam,Electronics,22,1442.04,31724.88
2025-05-01,Allen Solly Polo T-Shirt,Fashion,46,940.56,43265.76
2025-05-01,Anker 65W GaN Fast Charger,Electronics,39,2521.49,98338.11
2025-05-01,Lakme Absolute Foundation,Beauty,27,810.26,21877.02
2025-05-01,Logitech MX Keys Keyboard,Electronics,11,8638.57,95024.27
2025-05-01,Portronics Table Lamp LED,Office & Computing,8,1258.6,10068.8
2025-05-01,Prestige Induction Cooktop 1200W,Home & Living,35,2966.25,103818.75
2025-05-01,Samsung Galaxy Buds3 Pro,Electronics,3,12308.75,36926.25
2025-05-01,Sony WH-1000XM5 Headphones,Electronics,25,26552.76,663819.0
2025-05-01,Syska USB Hub 4-Port,Office & Computing,37,609.24,22541.88
2025-05-01,Woodland Casual Sneakers,Fashion,10,2369.0,23690.0
2025-05-01,Wow Skin Science Hair Oil,Beauty,49,633.56,31044.44
2025-05-01,Zebronics ZEB-Crystal Pro Webcam,Electronics,13,1509.04,19617.52
2025-05-01,boAt Airdopes 141 TWS Earbuds,Electronics,14,1281.46,17940.44
2025-05-02,Allen Solly Polo T-Shirt,Fashion,28,1025.27,28707.56
2025-05-02,Biotique Bio Morning Nector SPF,Beauty,48,235.53,11305.44
2025-05-02,H&M Relaxed Fit Shirt,Fashion,31,822.57,25499.67
2025-05-02,Kuber Industries Storage Box,Home & Living,18,351.3,6323.4
2025-05-02,Lakme Absolute Foundation,Beauty,2,758.75,1517.5
2025-05-02,Mamaearth Vitamin C Face Wash,Beauty,17,285.66,4856.22
2025-05-02,Milton Thermosteel Flask 1L,Home & Living,9,674.33,6068.97
2025-05-02,Minimalist 10% Niacinamide Serum,Beauty,27,396.21,10697.67
2025-05-02,Pigeon Aluminium Non-Stick Pan,Home & Living,24,864.39,20745.36
2025-05-02,Prestige Induction Cooktop 1200W,Home & Living,41,3063.59,125607.19
2025-05-02,Sony WH-1000XM5 Headphones,Electronics,18,26841.56,483148.08
2025-05-02,Syska USB Hub 4-Port,Office & Computing,37,609.42,22548.54
2025-05-02,Woodland Casual Sneakers,Fashion,49,2414.66,118318.34
2025-05-02,boAt Airdopes 141 TWS Earbuds,Electronics,24,1270.68,30496.32
2025-05-03,AmazonBasics Adjustable Laptop Stand,Office & Computing,26,1811.05,47087.3
2025-05-03,Anker 65W GaN Fast Charger,Electronics,50,2355.06,117753.0
2025-05-03,Biotique Bio Morning Nector SPF,Beauty,3,242.73,728.19
2025-05-03,FabIndia Cotton Kurta,Fashion,49,1414.76,69323.24
2025-05-03,H&M Relaxed Fit Shirt,Fashion,1,824.49,824.49
2025-05-03,Kuber Industries Storage Box,Home & Living,1,362.02,362.02
2025-05-03,Levi's 511 Slim Fit Jeans,Fashion,24,3074.87,73796.88
2025-05-03,Mamaearth Vitamin C Face Wash,Beauty,16,281.72,4507.52
2025-05-03,Milton Thermosteel Flask 1L,Home & Living,48,732.76,35172.48
2025-05-03,Minimalist 10% Niacinamide Serum,Beauty,45,394.45,17750.25
2025-05-03,Pigeon Aluminium Non-Stick Pan,Home & Living,41,850.45,34868.45
2025-05-03,Plum Green Tea Toner 200ml,Beauty,19,358.88,6818.72
2025-05-03,Story@Home Blackout Curtains,Home & Living,20,1353.95,27079.0
2025-05-03,Zebronics ZEB-Crystal Pro Webcam,Electronics,33,1561.21,51519.93
2025-05-04,AmazonBasics Adjustable Laptop Stand,Office & Computing,31,1864.12,57787.72
2025-05-04,Biotique Bio Morning Nector SPF,Beauty,21,251.49,5281.29
2025-05-04,Logitech MX Keys Keyboard,Electronics,46,8195.98,377015.08
2025-05-04,Mamaearth Vitamin C Face Wash,Beauty,44,308.36,13567.84
2025-05-04,Mi 10000mAh Power Bank,Electronics,19,972.53,18478.07
2025-05-04,Milton Thermosteel Flask 1L,Home & Living,43,696.83,29963.69
2025-05-04,Plum Green Tea Toner 200ml,Beauty,39,382.91,14933.49
2025-05-04,Portronics Table Lamp LED,Office & Computing,5,1238.73,6193.65
2025-05-04,Prestige Induction Cooktop 1200W,Home & Living,14,2993.2,41904.8
2025-05-04,Samsung Galaxy Buds3 Pro,Electronics,29,12224.26,354503.54
2025-05-04,Story@Home Blackout Curtains,Home & Living,49,1311.47,64262.03
2025-05-04,Wow Skin Science Hair Oil,Beauty,3,599.18,1797.54
2025-05-04,Zebronics ZEB-Crystal Pro Webcam,Electronics,26,1550.87,40322.62
2025-05-04,boAt Airdopes 141 TWS Earbuds,Electronics,24,1319.39,31665.36
2025-05-05,Allen Solly Polo T-Shirt,Fashion,18,986.11,17749.98
2025-05-05,AmazonBasics Adjustable Laptop Stand,Office & Computing,23,1749.17,40230.91
2025-05-05,Anker 65W GaN Fast Charger,Electronics,9,2499.0,22491.0
2025-05-05,Biotique Bio Morning Nector SPF,Beauty,25,250.0,6250.0
2025-05-05,FabIndia Cotton Kurta,Fashion,18,1472.62,26507.16
2025-05-05,H&M Relaxed Fit Shirt,Fashion,20,796.44,15928.8
2025-05-05,HP 65W Laptop Power Adapter,Office & Computing,2,2000.2,4000.4
2025-05-05,JBL Flip 6 Bluetooth Speaker,Electronics,3,10231.98,30695.94
2025-05-05,Kuber Industries Storage Box,Home & Living,24,348.3,8359.2
2025-05-05,Lakme Absolute Foundation,Beauty,22,798.74,17572.28
2025-05-05,Levi's 511 Slim Fit Jeans,Fashion,4,3083.57,12334.28
2025-05-05,Logitech MX Keys Keyboard,Electronics,9,8393.91,75545.19
2025-05-05,Mamaearth Vitamin C Face Wash,Beauty,18,298.1,5365.8
2025-05-05,Mi 10000mAh Power Bank,Electronics,30,995.6,29868.0
2025-05-05,Milton Thermosteel Flask 1L,Home & Living,29,691.87,20064.23
2025-05-05,Minimalist 10% Niacinamide Serum,Beauty,23,398.12,9156.76
2025-05-05,Pigeon Aluminium Non-Stick Pan,Home & Living,18,907.36,16332.48
2025-05-05,Plum Green Tea Toner 200ml,Beauty,17,371.66,6318.22
2025-05-05,Portronics Table Lamp LED,Office & Computing,27,1266.78,34203.06
2025-05-05,Prestige Induction Cooktop 1200W,Home & Living,10,2956.07,29560.7
2025-05-05,Puma Classic Track Pants,Fashion,18,1939.83,34916.94
2025-05-05,Royalford Bamboo Chopping Board,Home & Living,20,514.72,10294.4
2025-05-05,Samsung Galaxy Buds3 Pro,Electronics,4,12784.52,51138.08
2025-05-05,Sony WH-1000XM5 Headphones,Electronics,3,26806.47,80419.41
2025-05-05,Story@Home Blackout Curtains,Home & Living,8,1274.71,10197.68
2025-05-05,Syska USB Hub 4-Port,Office & Computing,26,575.64,14966.64
2025-05-05,Woodland Casual Sneakers,Fashion,28,2552.38,71466.64
2025-05-05,Wow Skin Science Hair Oil,Beauty,9,577.26,5195.34
2025-05-05,Zebronics ZEB-Crystal Pro Webcam,Electronics,7,1481.61,10371.27
2025-05-05,boAt Airdopes 141 TWS Earbuds,Electronics,30,1335.63,40068.9
2025-05-06,Allen Solly Polo T-Shirt,Fashion,32,975.02,31200.64
2025-05-06,FabIndia Cotton Kurta,Fashion,2,1515.64,3031.28
2025-05-06,H&M Relaxed Fit Shirt,Fashion,19,797.64,15155.16
2025-05-06,JBL Flip 6 Bluetooth Speaker,Electronics,29,10484.95,304063.55
2025-05-06,Levi's 511 Slim Fit Jeans,Fashion,45,3087.17,138922.65
2025-05-06,Logitech MX Keys Keyboard,Electronics,47,8690.38,408447.86
2025-05-06,Milton Thermosteel Flask 1L,Home & Living,50,718.08,35904.0
2025-05-06,Minimalist 10% Niacinamide Serum,Beauty,21,387.51,8137.71
2025-05-06,Puma Classic Track Pants,Fashion,45,2092.35,94155.75
2025-05-06,Royalford Bamboo Chopping Board,Home & Living,44,470.66,20709.04
2025-05-06,Syska USB Hub 4-Port,Office & Computing,47,628.65,29546.55
2025-05-06,boAt Airdopes 141 TWS Earbuds,Electronics,7,1270.16,8891.12
2025-05-07,Biotique Bio Morning Nector SPF,Beauty,28,260.01,7280.28
2025-05-07,Levi's 511 Slim Fit Jeans,Fashion,37,2831.66,104771.42
2025-05-07,Mamaearth Vitamin C Face Wash,Beauty,23,287.79,6619.17
2025-05-07,Milton Thermosteel Flask 1L,Home & Living,25,667.27,16681.75
2025-05-07,Pigeon Aluminium Non-Stick Pan,Home & Living,47,851.62,40026.14
2025-05-07,Portronics Table Lamp LED,Office & Computing,47,1230.41,57829.27
2025-05-07,Prestige Induction Cooktop 1200W,Home & Living,33,3146.55,103836.15
2025-05-07,Puma Classic Track Pants,Fashion,5,2032.18,10160.9
2025-05-07,Royalford Bamboo Chopping Board,Home & Living,10,504.34,5043.4
2025-05-07,Sony WH-1000XM5 Headphones,Electronics,38,27904.96,1060388.48
2025-05-07,Syska USB Hub 4-Port,Office & Computing,43,567.85,24417.55
2025-05-07,Wow Skin Science Hair Oil,Beauty,42,617.15,25920.3
2025-05-08,Allen Solly Polo T-Shirt,Fashion,40,976.92,39076.8
2025-05-08,AmazonBasics Adjustable Laptop Stand,Office & Computing,18,1906.76,34321.68
2025-05-08,Anker 65W GaN Fast Charger,Electronics,31,2618.2,81164.2
2025-05-08,Biotique Bio Morning Nector SPF,Beauty,38,234.41,8907.58
2025-05-08,H&M Relaxed Fit Shirt,Fashion,38,830.56,31561.28
2025-05-08,Kuber Industries Storage Box,Home & Living,28,332.18,9301.04
2025-05-08,Lakme Absolute Foundation,Beauty,31,835.94,25914.14
2025-05-08,Levi's 511 Slim Fit Jeans,Fashion,39,2909.33,113463.87
2025-05-08,Logitech MX Keys Keyboard,Electronics,4,8787.23,35148.92
2025-05-08,Mamaearth Vitamin C Face Wash,Beauty,16,281.27,4500.32
2025-05-08,Mi 10000mAh Power Bank,Electronics,34,940.46,31975.64
2025-05-08,Pigeon Aluminium Non-Stick Pan,Home & Living,35,871.04,30486.4
2025-05-08,Puma Classic Track Pants,Fashion,2,2056.97,4113.94
2025-05-08,Samsung Galaxy Buds3 Pro,Electronics,49,12814.41,627906.09
2025-05-08,Sony WH-1000XM5 Headphones,Electronics,17,25589.22,435016.74
2025-05-08,Woodland Casual Sneakers,Fashion,36,2358.27,84897.72
2025-05-08,Zebronics ZEB-Crystal Pro Webcam,Electronics,41,1491.95,61169.95
2025-05-09,Allen Solly Polo T-Shirt,Fashion,24,947.25,22734.0
2025-05-09,Anker 65W GaN Fast Charger,Electronics,24,2516.74,60401.76
2025-05-09,FabIndia Cotton Kurta,Fashion,7,1583.84,11086.88
2025-05-09,H&M Relaxed Fit Shirt,Fashion,10,771.19,7711.9
2025-05-09,HP 65W Laptop Power Adapter,Office & Computing,33,1916.04,63229.32
2025-05-09,JBL Flip 6 Bluetooth Speaker,Electronics,6,9716.03,58296.18
2025-05-09,Kuber Industries Storage Box,Home & Living,5,337.24,1686.2
2025-05-09,Levi's 511 Slim Fit Jeans,Fashion,27,3100.97,83726.19
2025-05-09,Mamaearth Vitamin C Face Wash,Beauty,3,296.55,889.65
2025-05-09,Milton Thermosteel Flask 1L,Home & Living,32,696.83,22298.56
2025-05-09,Minimalist 10% Niacinamide Serum,Beauty,36,385.91,13892.76
2025-05-09,Pigeon Aluminium Non-Stick Pan,Home & Living,9,848.03,7632.27
2025-05-09,Plum Green Tea Toner 200ml,Beauty,47,397.16,18666.52
2025-05-09,Portronics Table Lamp LED,Office & Computing,29,1285.62,37282.98
2025-05-09,Samsung Galaxy Buds3 Pro,Electronics,35,12237.26,428304.1
2025-05-09,Woodland Casual Sneakers,Fashion,21,2603.28,54668.88
2025-05-09,Wow Skin Science Hair Oil,Beauty,10,619.37,6193.7
2025-05-09,boAt Airdopes 141 TWS Earbuds,Electronics,39,1247.3,48644.7
2025-05-10,AmazonBasics Adjustable Laptop Stand,Office & Computing,44,1729.56,76100.64
2025-05-10,Anker 65W GaN Fast Charger,Electronics,34,2498.0,84932.0
2025-05-10,FabIndia Cotton Kurta,Fashion,48,1424.05,68354.4
2025-05-10,HP 65W Laptop Power Adapter,Office & Computing,48,1894.65,90943.2
2025-05-10,JBL Flip 6 Bluetooth Speaker,Electronics,6,10355.96,62135.76
2025-05-10,Kuber Industries Storage Box,Home & Living,31,347.71,10779.01
2025-05-10,Levi's 511 Slim Fit Jeans,Fashion,20,3026.89,60537.8
2025-05-10,Logitech MX Keys Keyboard,Electronics,1,8860.28,8860.28
2025-05-10,Mamaearth Vitamin C Face Wash,Beauty,8,305.4,2443.2
2025-05-10,Mi 10000mAh Power Bank,Electronics,14,994.2,13918.8
2025-05-10,Plum Green Tea Toner 200ml,Beauty,39,377.1,14706.9
2025-05-10,Royalford Bamboo Chopping Board,Home & Living,16,514.42,8230.72
2025-05-10,Sony WH-1000XM5 Headphones,Electronics,18,27591.88,496653.84
2025-05-10,Syska USB Hub 4-Port,Office & Computing,36,625.18,22506.48
2025-05-10,Zebronics ZEB-Crystal Pro Webcam,Electronics,12,1472.47,17669.64
2025-05-10,boAt Airdopes 141 TWS Earbuds,Electronics,30,1313.68,39410.4
2025-05-11,AmazonBasics Adjustable Laptop Stand,Office & Computing,37,1880.49,69578.13
2025-05-11,Kuber Industries Storage Box,Home & Living,40,331.1,13244.0
2025-05-11,Mamaearth Vitamin C Face Wash,Beauty,37,290.6,10752.2
2025-05-11,Minimalist 10% Niacinamide Serum,Beauty,32,380.45,12174.4
2025-05-11,Prestige Induction Cooktop 1200W,Home & Living,11,3128.28,34411.08
2025-05-11,Puma Classic Track Pants,Fashion,48,2025.99,97247.52
2025-05-11,Story@Home Blackout Curtains,Home & Living,37,1351.74,50014.38
2025-05-11,Syska USB Hub 4-Port,Office & Computing,43,628.11,27008.73
2025-05-11,boAt Airdopes 141 TWS Earbuds,Electronics,28,1243.66,34822.48
2025-05-12,Allen Solly Polo T-Shirt,Fashion,21,973.03,20433.63
2025-05-12,AmazonBasics Adjustable Laptop Stand,Office & Computing,23,1825.81,41993.63
2025-05-12,Anker 65W GaN Fast Charger,Electronics,16,2486.51,39784.16
2025-05-12,Biotique Bio Morning Nector SPF,Beauty,24,248.23,5957.52
2025-05-12,FabIndia Cotton Kurta,Fashion,20,1520.59,30411.8
2025-05-12,H&M Relaxed Fit Shirt,Fashion,23,825.85,18994.55
2025-05-12,HP 65W Laptop Power Adapter,Office & Computing,18,2021.99,36395.82
2025-05-12,JBL Flip 6 Bluetooth Speaker,Electronics,1,9811.02,9811.02
2025-05-12,Kuber Industries Storage Box,Home & Living,9,360.1,3240.9
2025-05-12,Lakme Absolute Foundation,Beauty,16,776.48,12423.68
2025-05-12,Levi's 511 Slim Fit Jeans,Fashion,21,3089.57,64880.97
2025-05-12,Logitech MX Keys Keyboard,Electronics,17,8427.04,143259.68
2025-05-12,Mamaearth Vitamin C Face Wash,Beauty,26,294.43,7655.18
2025-05-12,Mi 10000mAh Power Bank,Electronics,24,970.53,23292.72
2025-05-12,Milton Thermosteel Flask 1L,Home & Living,24,675.79,16218.96
2025-05-12,Minimalist 10% Niacinamide Serum,Beauty,22,407.66,8968.52
2025-05-12,Pigeon Aluminium Non-Stick Pan,Home & Living,9,869.06,7821.54
2025-05-12,Plum Green Tea Toner 200ml,Beauty,20,364.12,7282.4
2025-05-12,Portronics Table Lamp LED,Office & Computing,24,1321.21,31709.04
2025-05-12,Prestige Induction Cooktop 1200W,Home & Living,19,2906.35,55220.65
2025-05-12,Puma Classic Track Pants,Fashion,29,1932.83,56052.07
2025-05-12,Royalford Bamboo Chopping Board,Home & Living,23,480.29,11046.67
2025-05-12,Samsung Galaxy Buds3 Pro,Electronics,6,12950.9,77705.4
2025-05-12,Sony WH-1000XM5 Headphones,Electronics,11,27081.77,297899.47
2025-05-12,Story@Home Blackout Curtains,Home & Living,27,1329.27,35890.29
2025-05-12,Syska USB Hub 4-Port,Office & Computing,4,576.24,2304.96
2025-05-12,Woodland Casual Sneakers,Fashion,17,2549.14,43335.38
2025-05-12,Wow Skin Science Hair Oil,Beauty,3,607.87,1823.61
2025-05-12,Zebronics ZEB-Crystal Pro Webcam,Electronics,9,1479.81,13318.29
2025-05-12,boAt Airdopes 141 TWS Earbuds,Electronics,6,1253.02,7518.12
2025-05-13,H&M Relaxed Fit Shirt,Fashion,17,804.99,13684.83
2025-05-13,HP 65W Laptop Power Adapter,Office & Computing,22,1914.64,42122.08
2025-05-13,JBL Flip 6 Bluetooth Speaker,Electronics,18,10582.94,190492.92
2025-05-13,Kuber Industries Storage Box,Home & Living,4,362.89,1451.56
2025-05-13,Levi's 511 Slim Fit Jeans,Fashion,24,2984.3,71623.2
2025-05-13,Logitech MX Keys Keyboard,Electronics,1,7992.95,7992.95
2025-05-13,Minimalist 10% Niacinamide Serum,Beauty,19,408.86,7768.34
2025-05-13,Prestige Induction Cooktop 1200W,Home & Living,1,2897.66,2897.66
2025-05-13,Royalford Bamboo Chopping Board,Home & Living,19,482.53,9168.07
2025-05-13,Sony WH-1000XM5 Headphones,Electronics,38,27300.39,1037414.82
2025-05-13,Story@Home Blackout Curtains,Home & Living,5,1366.68,6833.4
2025-05-13,Syska USB Hub 4-Port,Office & Computing,37,586.84,21713.08
2025-05-13,Woodland Casual Sneakers,Fashion,23,2383.72,54825.56
2025-05-14,Allen Solly Polo T-Shirt,Fashion,40,1027.77,41110.8
2025-05-14,Anker 65W GaN Fast Charger,Electronics,16,2357.81,37724.96
2025-05-14,Biotique Bio Morning Nector SPF,Beauty,12,244.72,2936.64
2025-05-14,FabIndia Cotton Kurta,Fashion,29,1485.21,43071.09
2025-05-14,H&M Relaxed Fit Shirt,Fashion,44,836.79,36818.76
2025-05-14,JBL Flip 6 Bluetooth Speaker,Electronics,46,9472.05,435714.3
2025-05-14,Milton Thermosteel Flask 1L,Home & Living,6,687.75,4126.5
2025-05-14,Portronics Table Lamp LED,Office & Computing,45,1330.57,59875.65
2025-05-14,Royalford Bamboo Chopping Board,Home & Living,36,496.41,17870.76
2025-05-14,Samsung Galaxy Buds3 Pro,Electronics,21,13612.55,285863.55
2025-05-14,Story@Home Blackout Curtains,Home & Living,37,1239.9,45876.3
2025-05-14,Wow Skin Science Hair Oil,Beauty,39,623.26,24307.14
2025-05-14,boAt Airdopes 141 TWS Earbuds,Electronics,23,1221.97,28105.31
2025-05-15,AmazonBasics Adjustable Laptop Stand,Office & Computing,42,1828.14,76781.88
2025-05-15,H&M Relaxed Fit Shirt,Fashion,1,792.29,792.29
2025-05-15,JBL Flip 6 Bluetooth Speaker,Electronics,48,10245.98,491807.04
2025-05-15,Kuber Industries Storage Box,Home & Living,15,358.04,5370.6
2025-05-15,Levi's 511 Slim Fit Jeans,Fashion,35,3073.97,107588.95
2025-05-15,Logitech MX Keys Keyboard,Electronics,12,8532.38,102388.56
2025-05-15,Mi 10000mAh Power Bank,Electronics,47,948.85,44595.95
2025-05-15,Pigeon Aluminium Non-Stick Pan,Home & Living,48,949.7,45585.6
2025-05-15,Plum Green Tea Toner 200ml,Beauty,27,383.44,10352.88
2025-05-15,Portronics Table Lamp LED,Office & Computing,6,1372.13,8232.78
2025-05-15,Prestige Induction Cooktop 1200W,Home & Living,43,3141.75,135095.25
2025-05-15,Samsung Galaxy Buds3 Pro,Electronics,8,13073.09,104584.72
2025-05-15,Sony WH-1000XM5 Headphones,Electronics,21,27740.32,582546.72
2025-05-15,Story@Home Blackout Curtains,Home & Living,39,1276.92,49799.88
2025-05-15,Syska USB Hub 4-Port,Office & Computing,26,580.43,15091.18
2025-05-15,Woodland Casual Sneakers,Fashion,35,2644.45,92555.75
2025-05-15,Wow Skin Science Hair Oil,Beauty,32,585.58,18738.56
2025-05-15,boAt Airdopes 141 TWS Earbuds,Electronics,30,1241.06,37231.8
2025-05-16,FabIndia Cotton Kurta,Fashion,39,1430.8,55801.2
2025-05-16,Kuber Industries Storage Box,Home & Living,41,344.5,14124.5
2025-05-16,Lakme Absolute Foundation,Beauty,17,838.57,14255.69
2025-05-16,Levi's 511 Slim Fit Jeans,Fashion,21,3097.07,65038.47
2025-05-16,Mamaearth Vitamin C Face Wash,Beauty,13,304.11,3953.43
2025-05-16,Mi 10000mAh Power Bank,Electronics,37,961.44,35573.28
2025-05-16,Milton Thermosteel Flask 1L,Home & Living,17,714.52,12146.84
2025-05-16,Minimalist 10% Niacinamide Serum,Beauty,23,400.16,9203.68
2025-05-16,Plum Green Tea Toner 200ml,Beauty,7,373.95,2617.65
2025-05-16,Puma Classic Track Pants,Fashion,48,1916.64,91998.72
2025-05-16,Royalford Bamboo Chopping Board,Home & Living,9,491.81,4426.29
2025-05-16,Story@Home Blackout Curtains,Home & Living,27,1349.53,36437.31
2025-05-17,FabIndia Cotton Kurta,Fashion,46,1546.52,71139.92
2025-05-17,H&M Relaxed Fit Shirt,Fashion,40,832.24,33289.6
2025-05-17,JBL Flip 6 Bluetooth Speaker,Electronics,25,10503.95,262598.75
2025-05-17,Lakme Absolute Foundation,Beauty,17,799.05,13583.85
2025-05-17,Mi 10000mAh Power Bank,Electronics,26,944.05,24545.3
2025-05-17,Milton Thermosteel Flask 1L,Home & Living,21,700.89,14718.69
2025-05-17,Minimalist 10% Niacinamide Serum,Beauty,30,402.63,12078.9
2025-05-17,Pigeon Aluminium Non-Stick Pan,Home & Living,36,918.96,33082.56
2025-05-17,Portronics Table Lamp LED,Office & Computing,16,1332.64,21322.24
2025-05-17,Royalford Bamboo Chopping Board,Home & Living,6,476.84,2861.04
2025-05-17,Sony WH-1000XM5 Headphones,Electronics,18,27292.29,491261.22
2025-05-17,Story@Home Blackout Curtains,Home & Living,23,1375.38,31633.74
2025-05-17,Syska USB Hub 4-Port,Office & Computing,45,570.37,25666.65
2025-05-17,Woodland Casual Sneakers,Fashion,41,2557.87,104872.67
2025-05-17,Zebronics ZEB-Crystal Pro Webcam,Electronics,32,1582.34,50634.88
2025-05-17,boAt Airdopes 141 TWS Earbuds,Electronics,20,1351.22,27024.4
2025-05-18,Allen Solly Polo T-Shirt,Fashion,22,975.52,21461.44
2025-05-18,AmazonBasics Adjustable Laptop Stand,Office & Computing,22,1781.91,39202.02
2025-05-18,FabIndia Cotton Kurta,Fashion,34,1470.67,50002.78
2025-05-18,H&M Relaxed Fit Shirt,Fashion,33,844.38,27864.54
2025-05-18,HP 65W Laptop Power Adapter,Office & Computing,7,1899.25,13294.75
2025-05-18,Kuber Industries Storage Box,Home & Living,47,356.82,16770.54
2025-05-18,Levi's 511 Slim Fit Jeans,Fashion,7,3116.86,21818.02
2025-05-18,Logitech MX Keys Keyboard,Electronics,13,8038.82,104504.66
2025-05-18,Mamaearth Vitamin C Face Wash,Beauty,36,302.47,10888.92
2025-05-18,Mi 10000mAh Power Bank,Electronics,21,941.36,19768.56
2025-05-18,Milton Thermosteel Flask 1L,Home & Living,46,680.41,31298.86
2025-05-18,Pigeon Aluminium Non-Stick Pan,Home & Living,7,887.85,6214.95
2025-05-18,Plum Green Tea Toner 200ml,Beauty,49,367.39,18002.11
2025-05-18,Portronics Table Lamp LED,Office & Computing,35,1233.53,43173.55
2025-05-18,Sony WH-1000XM5 Headphones,Electronics,10,27122.25,271222.5
2025-05-18,Syska USB Hub 4-Port,Office & Computing,26,605.35,15739.1
2025-05-18,boAt Airdopes 141 TWS Earbuds,Electronics,32,1270.94,40670.08
2025-05-19,Allen Solly Polo T-Shirt,Fashion,25,1013.79,25344.75
2025-05-19,AmazonBasics Adjustable Laptop Stand,Office & Computing,1,1770.4,1770.4
2025-05-19,Anker 65W GaN Fast Charger,Electronics,20,2407.04,48140.8
2025-05-19,Biotique Bio Morning Nector SPF,Beauty,23,243.22,5594.06
2025-05-19,FabIndia Cotton Kurta,Fashion,4,1454.48,5817.92
2025-05-19,H&M Relaxed Fit Shirt,Fashion,3,794.93,2384.79
2025-05-19,HP 65W Laptop Power Adapter,Office & Computing,13,2049.77,26647.01
2025-05-19,JBL Flip 6 Bluetooth Speaker,Electronics,4,9963.0,39852.0
2025-05-19,Kuber Industries Storage Box,Home & Living,1,344.46,344.46
2025-05-19,Lakme Absolute Foundation,Beauty,30,784.35,23530.5
2025-05-19,Levi's 511 Slim Fit Jeans,Fashion,18,3052.08,54937.44
2025-05-19,Logitech MX Keys Keyboard,Electronics,27,8519.64,230030.28
2025-05-19,Mamaearth Vitamin C Face Wash,Beauty,1,296.52,296.52
2025-05-19,Mi 10000mAh Power Bank,Electronics,28,1011.39,28318.92
2025-05-19,Milton Thermosteel Flask 1L,Home & Living,4,699.28,2797.12
2025-05-19,Minimalist 10% Niacinamide Serum,Beauty,1,413.84,413.84
2025-05-19,Pigeon Aluminium Non-Stick Pan,Home & Living,3,899.81,2699.43
2025-05-19,Plum Green Tea Toner 200ml,Beauty,13,372.68,4844.84
2025-05-19,Portronics Table Lamp LED,Office & Computing,22,1302.64,28658.08
2025-05-19,Prestige Induction Cooktop 1200W,Home & Living,28,2991.41,83759.48
2025-05-19,Puma Classic Track Pants,Fashion,10,1982.81,19828.1
2025-05-19,Royalford Bamboo Chopping Board,Home & Living,21,485.63,10198.23
2025-05-19,Samsung Galaxy Buds3 Pro,Electronics,24,13390.27,321366.48
2025-05-19,Sony WH-1000XM5 Headphones,Electronics,14,26045.35,364634.9
2025-05-19,Story@Home Blackout Curtains,Home & Living,24,1252.89,30069.36
2025-05-19,Syska USB Hub 4-Port,Office & Computing,5,577.56,2887.8
2025-05-19,Woodland Casual Sneakers,Fashion,27,2542.65,68651.55
2025-05-19,Wow Skin Science Hair Oil,Beauty,9,618.11,5562.99
2025-05-19,Zebronics ZEB-Crystal Pro Webcam,Electronics,29,1510.54,43805.66
2025-05-19,boAt Airdopes 141 TWS Earbuds,Electronics,17,1255.35,21340.95
2025-05-20,Allen Solly Polo T-Shirt,Fashion,3,972.73,2918.19
2025-05-20,Anker 65W GaN Fast Charger,Electronics,36,2407.29,86662.44
2025-05-20,FabIndia Cotton Kurta,Fashion,18,1471.12,26480.16
2025-05-20,JBL Flip 6 Bluetooth Speaker,Electronics,14,10105.99,141483.86
2025-05-20,Lakme Absolute Foundation,Beauty,28,757.71,21215.88
2025-05-20,Levi's 511 Slim Fit Jeans,Fashion,27,2931.22,79142.94
2025-05-20,Logitech MX Keys Keyboard,Electronics,37,8907.01,329559.37
2025-05-20,Mi 10000mAh Power Bank,Electronics,22,989.41,21767.02
2025-05-20,Plum Green Tea Toner 200ml,Beauty,4,377.59,1510.36
2025-05-20,Story@Home Blackout Curtains,Home & Living,3,1344.34,4033.02
2025-05-21,JBL Flip 6 Bluetooth Speaker,Electronics,38,9920.01,376960.38
2025-05-21,Levi's 511 Slim Fit Jeans,Fashion,41,3060.48,125479.68
2025-05-21,Mi 10000mAh Power Bank,Electronics,30,1028.07,30842.1
2025-05-21,Milton Thermosteel Flask 1L,Home & Living,38,727.45,27643.1
2025-05-21,Pigeon Aluminium Non-Stick Pan,Home & Living,35,889.02,31115.7
2025-05-21,Plum Green Tea Toner 200ml,Beauty,40,377.93,15117.2
2025-05-21,Portronics Table Lamp LED,Office & Computing,45,1371.22,61704.9
2025-05-21,Prestige Induction Cooktop 1200W,Home & Living,50,2886.58,144329.0
2025-05-21,Samsung Galaxy Buds3 Pro,Electronics,40,13608.65,544346.0
2025-05-21,Story@Home Blackout Curtains,Home & Living,8,1272.76,10182.08
2025-05-21,Wow Skin Science Hair Oil,Beauty,50,595.95,29797.5
2025-05-21,Zebronics ZEB-Crystal Pro Webcam,Electronics,15,1522.38,22835.7
2025-05-21,boAt Airdopes 141 TWS Earbuds,Electronics,29,1276.66,37023.14
2025-05-22,Allen Solly Polo T-Shirt,Fashion,49,988.51,48436.99
2025-05-22,AmazonBasics Adjustable Laptop Stand,Office & Computing,5,1750.25,8751.25
2025-05-22,FabIndia Cotton Kurta,Fashion,33,1579.35,52118.55
2025-05-22,HP 65W Laptop Power Adapter,Office & Computing,8,1975.21,15801.68
2025-05-22,Kuber Industries Storage Box,Home & Living,44,357.97,15750.68
2025-05-22,Levi's 511 Slim Fit Jeans,Fashion,13,3078.47,40020.11
2025-05-22,Mamaearth Vitamin C Face Wash,Beauty,26,312.28,8119.28
2025-05-22,Milton Thermosteel Flask 1L,Home & Living,47,669.85,31482.95
2025-05-22,Minimalist 10% Niacinamide Serum,Beauty,23,411.01,9453.23
2025-05-22,Pigeon Aluminium Non-Stick Pan,Home & Living,9,845.96,7613.64
2025-05-22,Plum Green Tea Toner 200ml,Beauty,46,360.86,16599.56
2025-05-22,Portronics Table Lamp LED,Office & Computing,5,1230.54,6152.7
2025-05-22,Puma Classic Track Pants,Fashion,11,1968.62,21654.82
2025-05-22,Royalford Bamboo Chopping Board,Home & Living,24,505.79,12138.96
2025-05-22,Woodland Casual Sneakers,Fashion,10,2615.01,26150.1
2025-05-22,Wow Skin Science Hair Oil,Beauty,36,628.41,22622.76
2025-05-22,Zebronics ZEB-Crystal Pro Webcam,Electronics,15,1570.05,23550.75
2025-05-23,Allen Solly Polo T-Shirt,Fashion,45,990.61,44577.45
2025-05-23,Anker 65W GaN Fast Charger,Electronics,15,2429.53,36442.95
2025-05-23,Biotique Bio Morning Nector SPF,Beauty,14,250.02,3500.28
2025-05-23,Lakme Absolute Foundation,Beauty,47,807.56,37955.32
2025-05-23,Logitech MX Keys Keyboard,Electronics,17,8374.37,142364.29
2025-05-23,Mamaearth Vitamin C Face Wash,Beauty,20,284.5,5690.0
2025-05-23,Portronics Table Lamp LED,Office & Computing,2,1342.13,2684.26
2025-05-23,Royalford Bamboo Chopping Board,Home & Living,11,500.4,5504.4
2025-05-23,Samsung Galaxy Buds3 Pro,Electronics,14,12407.55,173705.7
2025-05-23,Sony WH-1000XM5 Headphones,Electronics,9,27732.23,249590.07
2025-05-23,Story@Home Blackout Curtains,Home & Living,7,1313.03,9191.21
2025-05-23,Syska USB Hub 4-Port,Office & Computing,26,619.37,16103.62
2025-05-24,Anker 65W GaN Fast Charger,Electronics,48,2551.73,122483.04
2025-05-24,JBL Flip 6 Bluetooth Speaker,Electronics,41,10529.95,431727.95
2025-05-24,Lakme Absolute Foundation,Beauty,44,842.54,37071.76
2025-05-24,Levi's 511 Slim Fit Jeans,Fashion,47,2921.03,137288.41
2025-05-24,Mamaearth Vitamin C Face Wash,Beauty,21,309.58,6501.18
2025-05-24,Minimalist 10% Niacinamide Serum,Beauty,43,421.34,18117.62
2025-05-24,Puma Classic Track Pants,Fashion,11,1951.82,21470.02
2025-05-24,Royalford Bamboo Chopping Board,Home & Living,5,494.96,2474.8
2025-05-24,Samsung Galaxy Buds3 Pro,Electronics,16,13119.89,209918.24
2025-05-24,Sony WH-1000XM5 Headphones,Electronics,1,25832.13,25832.13
2025-05-24,Story@Home Blackout Curtains,Home & Living,28,1288.87,36088.36
2025-05-25,Allen Solly Polo T-Shirt,Fashion,30,1022.58,30677.4
2025-05-25,AmazonBasics Adjustable Laptop Stand,Office & Computing,47,1742.15,81881.05
2025-05-25,Anker 65W GaN Fast Charger,Electronics,35,2414.53,84508.55
2025-05-25,FabIndia Cotton Kurta,Fashion,17,1547.27,26303.59
2025-05-25,JBL Flip 6 Bluetooth Speaker,Electronics,34,9842.02,334628.68
2025-05-25,Logitech MX Keys Keyboard,Electronics,16,8432.99,134927.84
2025-05-25,Pigeon Aluminium Non-Stick Pan,Home & Living,7,940.8,6585.6
2025-05-25,Plum Green Tea Toner 200ml,Beauty,46,385.12,17715.52
2025-05-25,Prestige Induction Cooktop 1200W,Home & Living,13,2822.49,36692.37
2025-05-25,Wow Skin Science Hair Oil,Beauty,1,606.79,606.79
2025-05-25,boAt Airdopes 141 TWS Earbuds,Electronics,8,1298.61,10388.88
2025-05-26,Allen Solly Polo T-Shirt,Fashion,23,997.3,22937.9
2025-05-26,AmazonBasics Adjustable Laptop Stand,Office & Computing,22,1741.61,38315.42
2025-05-26,Anker 65W GaN Fast Charger,Electronics,14,2545.98,35643.72
2025-05-26,Biotique Bio Morning Nector SPF,Beauty,26,244.84,6365.84
2025-05-26,FabIndia Cotton Kurta,Fashion,4,1486.26,5945.04
2025-05-26,H&M Relaxed Fit Shirt,Fashion,4,782.62,3130.48
2025-05-26,HP 65W Laptop Power Adapter,Office & Computing,3,1992.4,5977.2
2025-05-26,JBL Flip 6 Bluetooth Speaker,Electronics,22,10197.98,224355.56
2025-05-26,Kuber Industries Storage Box,Home & Living,26,343.49,8930.74
2025-05-26,Lakme Absolute Foundation,Beauty,30,764.15,22924.5
2025-05-26,Levi's 511 Slim Fit Jeans,Fashion,7,2982.21,20875.47
2025-05-26,Logitech MX Keys Keyboard,Electronics,1,8233.35,8233.35
2025-05-26,Mamaearth Vitamin C Face Wash,Beauty,27,287.1,7751.7
2025-05-26,Mi 10000mAh Power Bank,Electronics,5,965.03,4825.15
2025-05-26,Milton Thermosteel Flask 1L,Home & Living,21,716.89,15054.69
2025-05-26,Minimalist 10% Niacinamide Serum,Beauty,30,388.07,11642.1
2025-05-26,Pigeon Aluminium Non-Stick Pan,Home & Living,7,933.07,6531.49
2025-05-26,Plum Green Tea Toner 200ml,Beauty,16,379.05,6064.8
2025-05-26,Portronics Table Lamp LED,Office & Computing,26,1296.53,33709.78
2025-05-26,Prestige Induction Cooktop 1200W,Home & Living,11,3089.34,33982.74
2025-05-26,Puma Classic Track Pants,Fashion,23,2033.98,46781.54
2025-05-26,Royalford Bamboo Chopping Board,Home & Living,29,496.36,14394.44
2025-05-26,Samsung Galaxy Buds3 Pro,Electronics,9,13490.36,121413.24
2025-05-26,Sony WH-1000XM5 Headphones,Electronics,27,26817.26,724066.02
2025-05-26,Story@Home Blackout Curtains,Home & Living,8,1306.92,10455.36
2025-05-26,Syska USB Hub 4-Port,Office & Computing,2,584.62,1169.24
2025-05-26,Woodland Casual Sneakers,Fashion,17,2402.68,40845.56
2025-05-26,Wow Skin Science Hair Oil,Beauty,19,606.55,11524.45
2025-05-26,Zebronics ZEB-Crystal Pro Webcam,Electronics,29,1472.17,42692.93
2025-05-26,boAt Airdopes 141 TWS Earbuds,Electronics,6,1254.18,7525.08
2025-05-27,AmazonBasics Adjustable Laptop Stand,Office & Computing,22,1826.16,40175.52
2025-05-27,Anker 65W GaN Fast Charger,Electronics,50,2576.72,128836.0
2025-05-27,HP 65W Laptop Power Adapter,Office & Computing,20,2015.59,40311.8
2025-05-27,Lakme Absolute Foundation,Beauty,12,826.48,9917.76
2025-05-27,Milton Thermosteel Flask 1L,Home & Living,14,687.12,9619.68
2025-05-27,Minimalist 10% Niacinamide Serum,Beauty,8,392.38,3139.04
2025-05-27,Pigeon Aluminium Non-Stick Pan,Home & Living,14,850.72,11910.08
2025-05-27,Prestige Induction Cooktop 1200W,Home & Living,8,3104.02,24832.16
2025-05-27,Samsung Galaxy Buds3 Pro,Electronics,1,12394.55,12394.55
2025-05-27,Sony WH-1000XM5 Headphones,Electronics,12,27891.47,334697.64
2025-05-27,Syska USB Hub 4-Port,Office & Computing,8,600.56,4804.48
2025-05-27,Woodland Casual Sneakers,Fashion,11,2423.39,26657.29
2025-05-27,Wow Skin Science Hair Oil,Beauty,7,601.76,4212.32
2025-05-27,Zebronics ZEB-Crystal Pro Webcam,Electronics,19,1549.22,29435.18
2025-05-27,boAt Airdopes 141 TWS Earbuds,Electronics,1,1247.56,1247.56
2025-05-28,Biotique Bio Morning Nector SPF,Beauty,38,256.05,9729.9
2025-05-28,H&M Relaxed Fit Shirt,Fashion,46,772.87,35552.02
2025-05-28,JBL Flip 6 Bluetooth Speaker,Electronics,40,9448.06,377922.4
2025-05-28,Lakme Absolute Foundation,Beauty,35,808.67,28303.45
2025-05-28,Levi's 511 Slim Fit Jeans,Fashion,27,3152.55,85118.85
2025-05-28,Mi 10000mAh Power Bank,Electronics,14,956.74,13394.36
2025-05-28,Portronics Table Lamp LED,Office & Computing,25,1310.3,32757.5
2025-05-28,Puma Classic Track Pants,Fashion,32,1889.25,60456.0
2025-05-28,Royalford Bamboo Chopping Board,Home & Living,6,510.98,3065.88
2025-05-28,Sony WH-1000XM5 Headphones,Electronics,42,26695.81,1121224.02
2025-05-28,Woodland Casual Sneakers,Fashion,34,2457.33,83549.22
2025-05-28,Wow Skin Science Hair Oil,Beauty,3,600.38,1801.14
2025-05-28,boAt Airdopes 141 TWS Earbuds,Electronics,38,1267.43,48162.34
2025-05-29,Allen Solly Polo T-Shirt,Fashion,27,939.26,25360.02
2025-05-29,AmazonBasics Adjustable Laptop Stand,Office & Computing,25,1773.09,44327.25
2025-05-29,JBL Flip 6 Bluetooth Speaker,Electronics,29,9727.03,282083.87
2025-05-29,Kuber Industries Storage Box,Home & Living,12,358.39,4300.68
2025-05-29,Milton Thermosteel Flask 1L,Home & Living,22,668.66,14710.52
2025-05-29,Pigeon Aluminium Non-Stick Pan,Home & Living,50,905.56,45278.0
2025-05-29,Plum Green Tea Toner 200ml,Beauty,12,360.98,4331.76
2025-05-29,Puma Classic Track Pants,Fashion,5,1982.41,9912.05
2025-05-29,Sony WH-1000XM5 Headphones,Electronics,19,27918.46,530450.74
2025-05-29,Syska USB Hub 4-Port,Office & Computing,32,594.87,19035.84
2025-05-29,Woodland Casual Sneakers,Fashion,32,2455.58,78578.56
2025-05-29,Zebronics ZEB-Crystal Pro Webcam,Electronics,20,1581.44,31628.8
2025-05-30,AmazonBasics Adjustable Laptop Stand,Office & Computing,24,1722.9,41349.6
2025-05-30,FabIndia Cotton Kurta,Fashion,14,1505.45,21076.3
2025-05-30,H&M Relaxed Fit Shirt,Fashion,9,760.17,6841.53
2025-05-30,Kuber Industries Storage Box,Home & Living,23,358.84,8253.32
2025-05-30,Lakme Absolute Foundation,Beauty,37,789.12,29197.44
2025-05-30,Mi 10000mAh Power Bank,Electronics,36,975.42,35115.12
2025-05-30,Milton Thermosteel Flask 1L,Home & Living,47,701.1,32951.7
2025-05-30,Minimalist 10% Niacinamide Serum,Beauty,34,385.23,13097.82
2025-05-30,Portronics Table Lamp LED,Office & Computing,17,1304.2,22171.4
2025-05-30,Prestige Induction Cooktop 1200W,Home & Living,38,3161.82,120149.16
2025-05-30,Royalford Bamboo Chopping Board,Home & Living,13,515.07,6695.91
2025-05-30,Sony WH-1000XM5 Headphones,Electronics,33,27985.93,923535.69
2025-05-30,Story@Home Blackout Curtains,Home & Living,5,1235.48,6177.4
2025-05-30,Syska USB Hub 4-Port,Office & Computing,33,627.75,20715.75
2025-05-30,Wow Skin Science Hair Oil,Beauty,48,620.14,29766.72
2025-05-30,boAt Airdopes 141 TWS Earbuds,Electronics,5,1273.67,6368.35
2025-05-31,AmazonBasics Adjustable Laptop Stand,Office & Computing,46,1793.6,82505.6
2025-05-31,Anker 65W GaN Fast Charger,Electronics,26,2594.96,67468.96
2025-05-31,H&M Relaxed Fit Shirt,Fashion,16,826.89,13230.24
2025-05-31,HP 65W Laptop Power Adapter,Office & Computing,4,1973.61,7894.44
2025-05-31,Kuber Industries Storage Box,Home & Living,21,365.09,7666.89
2025-05-31,Logitech MX Keys Keyboard,Electronics,15,8425.34,126380.1
2025-05-31,Mamaearth Vitamin C Face Wash,Beauty,42,289.16,12144.72
2025-05-31,Portronics Table Lamp LED,Office & Computing,31,1315.76,40788.56
2025-05-31,Royalford Bamboo Chopping Board,Home & Living,50,488.57,24428.5
2025-05-31,Zebronics ZEB-Crystal Pro Webcam,Electronics,30,1539.62,46188.6
2025-05-31,boAt Airdopes 141 TWS Earbuds,Electronics,9,1298.74,11688.66
2025-06-01,Allen Solly Polo T-Shirt,Fashion,27,1028.07,27757.89
2025-06-01,Anker 65W GaN Fast Charger,Electronics,27,2511.99,67823.73
2025-06-01,FabIndia Cotton Kurta,Fashion,12,1523.28,18279.36
2025-06-01,Kuber Industries Storage Box,Home & Living,30,338.95,10168.5
2025-06-01,Levi's 511 Slim Fit Jeans,Fashion,34,2959.71,100630.14
2025-06-01,Logitech MX Keys Keyboard,Electronics,24,8651.31,207631.44
2025-06-01,Mamaearth Vitamin C Face Wash,Beauty,49,315.56,15462.44
2025-06-01,Minimalist 10% Niacinamide Serum,Beauty,18,402.07,7237.26
2025-06-01,Portronics Table Lamp LED,Office & Computing,38,1343.82,51065.16
2025-06-01,Puma Classic Track Pants,Fashion,4,2115.94,8463.76
2025-06-01,Syska USB Hub 4-Port,Office & Computing,27,633.86,17114.22
2025-06-01,Woodland Casual Sneakers,Fashion,28,2462.81,68958.68
2025-06-01,Zebronics ZEB-Crystal Pro Webcam,Electronics,5,1452.23,7261.15
2025-06-02,Allen Solly Polo T-Shirt,Fashion,6,1023.88,6143.28
2025-06-02,AmazonBasics Adjustable Laptop Stand,Office & Computing,17,1765.9,30020.3
2025-06-02,Anker 65W GaN Fast Charger,Electronics,20,2449.02,48980.4
2025-06-02,Biotique Bio Morning Nector SPF,Beauty,23,240.41,5529.43
2025-06-02,FabIndia Cotton Kurta,Fashion,26,1557.31,40490.06
2025-06-02,H&M Relaxed Fit Shirt,Fashion,19,792.61,15059.59
2025-06-02,HP 65W Laptop Power Adapter,Office & Computing,26,2010.59,52275.34
2025-06-02,JBL Flip 6 Bluetooth Speaker,Electronics,9,10066.99,90602.91
2025-06-02,Kuber Industries Storage Box,Home & Living,9,358.56,3227.04
2025-06-02,Lakme Absolute Foundation,Beauty,30,775.28,23258.4
2025-06-02,Levi's 511 Slim Fit Jeans,Fashion,29,2933.92,85083.68
2025-06-02,Logitech MX Keys Keyboard,Electronics,9,8276.68,74490.12
2025-06-02,Mamaearth Vitamin C Face Wash,Beauty,7,300.88,2106.16
2025-06-02,Mi 10000mAh Power Bank,Electronics,26,1036.46,26947.96
2025-06-02,Milton Thermosteel Flask 1L,Home & Living,3,704.17,2112.51
2025-06-02,Minimalist 10% Niacinamide Serum,Beauty,21,412.89,8670.69
2025-06-02,Pigeon Aluminium Non-Stick Pan,Home & Living,5,901.61,4508.05
2025-06-02,Plum Green Tea Toner 200ml,Beauty,23,387.56,8913.88
2025-06-02,Portronics Table Lamp LED,Office & Computing,22,1284.32,28255.04
2025-06-02,Prestige Induction Cooktop 1200W,Home & Living,25,2886.88,72172.0
2025-06-02,Puma Classic Track Pants,Fashion,17,1984.81,33741.77
2025-06-02,Royalford Bamboo Chopping Board,Home & Living,2,483.08,966.16
2025-06-02,Samsung Galaxy Buds3 Pro,Electronics,25,12664.93,316623.25
2025-06-02,Sony WH-1000XM5 Headphones,Electronics,29,27572.98,799616.42
2025-06-02,Story@Home Blackout Curtains,Home & Living,26,1287.44,33473.44
2025-06-02,Syska USB Hub 4-Port,Office & Computing,25,612.66,15316.5
2025-06-02,Woodland Casual Sneakers,Fashion,11,2570.1,28271.1
2025-06-02,Wow Skin Science Hair Oil,Beauty,6,619.55,3717.3
2025-06-02,Zebronics ZEB-Crystal Pro Webcam,Electronics,1,1500.95,1500.95
2025-06-02,boAt Airdopes 141 TWS Earbuds,Electronics,3,1317.19,3951.57
2025-06-03,FabIndia Cotton Kurta,Fashion,22,1448.33,31863.26
2025-06-03,H&M Relaxed Fit Shirt,Fashion,18,835.43,15037.74
2025-06-03,HP 65W Laptop Power Adapter,Office & Computing,1,1959.82,1959.82
2025-06-03,JBL Flip 6 Bluetooth Speaker,Electronics,30,10322.97,309689.1
2025-06-03,Mamaearth Vitamin C Face Wash,Beauty,33,291.26,9611.58
2025-06-03,Minimalist 10% Niacinamide Serum,Beauty,49,418.79,20520.71
2025-06-03,Pigeon Aluminium Non-Stick Pan,Home & Living,23,852.79,19614.17
2025-06-03,Plum Green Tea Toner 200ml,Beauty,25,390.22,9755.5
2025-06-03,Prestige Induction Cooktop 1200W,Home & Living,2,3107.31,6214.62
2025-06-03,Puma Classic Track Pants,Fashion,44,1988.21,87481.24
2025-06-03,Royalford Bamboo Chopping Board,Home & Living,43,500.55,21523.65
2025-06-03,Samsung Galaxy Buds3 Pro,Electronics,46,13403.27,616550.42
2025-06-03,Sony WH-1000XM5 Headphones,Electronics,27,26749.79,722244.33
2025-06-03,Story@Home Blackout Curtains,Home & Living,48,1244.05,59714.4
2025-06-03,Woodland Casual Sneakers,Fashion,42,2556.63,107378.46
2025-06-04,FabIndia Cotton Kurta,Fashion,10,1546.97,15469.7
2025-06-04,H&M Relaxed Fit Shirt,Fashion,5,802.36,4011.8
2025-06-04,HP 65W Laptop Power Adapter,Office & Computing,39,1948.83,76004.37
2025-06-04,Kuber Industries Storage Box,Home & Living,38,357.9,13600.2
2025-06-04,Lakme Absolute Foundation,Beauty,12,795.79,9549.48
2025-06-04,Levi's 511 Slim Fit Jeans,Fashion,26,2992.7,77810.2
2025-06-04,Mamaearth Vitamin C Face Wash,Beauty,46,300.29,13813.34
2025-06-04,Samsung Galaxy Buds3 Pro,Electronics,5,13733.44,68667.2
2025-06-04,Story@Home Blackout Curtains,Home & Living,38,1264.58,48054.04
2025-06-05,Allen Solly Polo T-Shirt,Fashion,32,1001.3,32041.6
2025-06-05,AmazonBasics Adjustable Laptop Stand,Office & Computing,7,1747.91,12235.37
2025-06-05,Anker 65W GaN Fast Charger,Electronics,19,2396.79,45539.01
2025-06-05,HP 65W Laptop Power Adapter,Office & Computing,8,1884.66,15077.28
2025-06-05,JBL Flip 6 Bluetooth Speaker,Electronics,27,9405.06,253936.62
2025-06-05,Logitech MX Keys Keyboard,Electronics,10,8898.51,88985.1
2025-06-05,Mamaearth Vitamin C Face Wash,Beauty,32,286.92,9181.44
2025-06-05,Mi 10000mAh Power Bank,Electronics,39,1035.16,40371.24
2025-06-05,Minimalist 10% Niacinamide Serum,Beauty,49,387.99,19011.51
2025-06-05,Puma Classic Track Pants,Fashion,27,2047.78,55290.06
2025-06-05,Wow Skin Science Hair Oil,Beauty,12,594.39,7132.68
2025-06-06,Anker 65W GaN Fast Charger,Electronics,33,2380.05,78541.65
2025-06-06,Biotique Bio Morning Nector SPF,Beauty,46,243.22,11188.12
2025-06-06,FabIndia Cotton Kurta,Fashion,27,1426.0,38502.0
2025-06-06,H&M Relaxed Fit Shirt,Fashion,3,766.56,2299.68
2025-06-06,HP 65W Laptop Power Adapter,Office & Computing,31,2101.35,65141.85
2025-06-06,Lakme Absolute Foundation,Beauty,45,769.4,34623.0
2025-06-06,Mamaearth Vitamin C Face Wash,Beauty,50,307.49,15374.5
2025-06-06,Minimalist 10% Niacinamide Serum,Beauty,47,417.19,19607.93
2025-06-06,Pigeon Aluminium Non-Stick Pan,Home & Living,36,945.03,34021.08
2025-06-06,Plum Green Tea Toner 200ml,Beauty,49,384.56,18843.44
2025-06-06,Royalford Bamboo Chopping Board,Home & Living,19,498.55,9472.45
2025-06-06,Woodland Casual Sneakers,Fashion,48,2612.76,125412.48
2025-06-06,Wow Skin Science Hair Oil,Beauty,2,579.05,1158.1
2025-06-06,Zebronics ZEB-Crystal Pro Webcam,Electronics,49,1421.35,69646.15
2025-06-07,Anker 65W GaN Fast Charger,Electronics,25,2531.24,63281.0
2025-06-07,HP 65W Laptop Power Adapter,Office & Computing,27,1913.04,51652.08
2025-06-07,Levi's 511 Slim Fit Jeans,Fashion,26,2899.13,75377.38
2025-06-07,Logitech MX Keys Keyboard,Electronics,22,7987.0,175714.0
2025-06-07,Mi 10000mAh Power Bank,Electronics,10,1039.76,10397.6
2025-06-07,Plum Green Tea Toner 200ml,Beauty,11,369.53,4064.83
2025-06-07,Prestige Induction Cooktop 1200W,Home & Living,42,2973.44,124884.48
2025-06-07,Samsung Galaxy Buds3 Pro,Electronics,20,12238.56,244771.2
2025-06-07,Sony WH-1000XM5 Headphones,Electronics,26,26447.5,687635.0
2025-06-07,Story@Home Blackout Curtains,Home & Living,46,1229.37,56551.02
2025-06-07,boAt Airdopes 141 TWS Earbuds,Electronics,43,1277.31,54924.33
2025-06-08,Biotique Bio Morning Nector SPF,Beauty,40,248.18,9927.2
2025-06-08,FabIndia Cotton Kurta,Fashion,28,1443.84,40427.52
2025-06-08,JBL Flip 6 Bluetooth Speaker,Electronics,47,9680.03,454961.41
2025-06-08,Minimalist 10% Niacinamide Serum,Beauty,27,384.88,10391.76
2025-06-08,Pigeon Aluminium Non-Stick Pan,Home & Living,17,939.37,15969.29
2025-06-08,Portronics Table Lamp LED,Office & Computing,37,1232.62,45606.94
2025-06-08,Prestige Induction Cooktop 1200W,Home & Living,7,3011.47,21080.29
2025-06-08,Puma Classic Track Pants,Fashion,13,1996.8,25958.4
2025-06-08,Royalford Bamboo Chopping Board,Home & Living,26,481.34,12514.84
2025-06-08,Sony WH-1000XM5 Headphones,Electronics,50,27365.16,1368258.0
2025-06-08,Story@Home Blackout Curtains,Home & Living,50,1264.45,63222.5
2025-06-08,Wow Skin Science Hair Oil,Beauty,31,566.0,17546.0
2025-06-08,Zebronics ZEB-Crystal Pro Webcam,Electronics,11,1442.19,15864.09
2025-06-08,boAt Airdopes 141 TWS Earbuds,Electronics,37,1243.92,46025.04
2025-06-09,Allen Solly Polo T-Shirt,Fashion,3,1016.28,3048.84
2025-06-09,AmazonBasics Adjustable Laptop Stand,Office & Computing,20,1827.96,36559.2
2025-06-09,Anker 65W GaN Fast Charger,Electronics,3,2444.77,7334.31
2025-06-09,Biotique Bio Morning Nector SPF,Beauty,28,254.9,7137.2
2025-06-09,FabIndia Cotton Kurta,Fashion,18,1551.61,27928.98
2025-06-09,H&M Relaxed Fit Shirt,Fashion,3,792.37,2377.11
2025-06-09,HP 65W Laptop Power Adapter,Office & Computing,3,2055.97,6167.91
2025-06-09,JBL Flip 6 Bluetooth Speaker,Electronics,27,10109.99,272969.73
2025-06-09,Kuber Industries Storage Box,Home & Living,28,354.48,9925.44
2025-06-09,Lakme Absolute Foundation,Beauty,24,770.67,18496.08
2025-06-09,Levi's 511 Slim Fit Jeans,Fashion,11,3077.57,33853.27
2025-06-09,Logitech MX Keys Keyboard,Electronics,9,8181.53,73633.77
2025-06-09,Mamaearth Vitamin C Face Wash,Beauty,2,297.18,594.36
2025-06-09,Mi 10000mAh Power Bank,Electronics,11,1008.89,11097.79
2025-06-09,Milton Thermosteel Flask 1L,Home & Living,2,695.37,1390.74
2025-06-09,Minimalist 10% Niacinamide Serum,Beauty,29,398.24,11548.96
2025-06-09,Pigeon Aluminium Non-Stick Pan,Home & Living,13,905.2,11767.6
2025-06-09,Plum Green Tea Toner 200ml,Beauty,30,390.0,11700.0
2025-06-09,Portronics Table Lamp LED,Office & Computing,10,1334.85,13348.5
2025-06-09,Prestige Induction Cooktop 1200W,Home & Living,4,3025.25,12101.0
2025-06-09,Puma Classic Track Pants,Fashion,14,2050.77,28710.78
2025-06-09,Royalford Bamboo Chopping Board,Home & Living,7,517.96,3625.72
2025-06-09,Samsung Galaxy Buds3 Pro,Electronics,30,12589.53,377685.9
2025-06-09,Sony WH-1000XM5 Headphones,Electronics,23,25953.58,596932.34
2025-06-09,Story@Home Blackout Curtains,Home & Living,30,1334.2,40026.0
2025-06-09,Syska USB Hub 4-Port,Office & Computing,10,607.81,6078.1
2025-06-09,Woodland Casual Sneakers,Fashion,20,2421.4,48428.0
2025-06-09,Wow Skin Science Hair Oil,Beauty,11,575.82,6334.02
2025-06-09,Zebronics ZEB-Crystal Pro Webcam,Electronics,7,1449.23,10144.61
2025-06-09,boAt Airdopes 141 TWS Earbuds,Electronics,8,1289.0,10312.0
2025-06-10,Allen Solly Polo T-Shirt,Fashion,12,967.43,11609.16
2025-06-10,HP 65W Laptop Power Adapter,Office & Computing,5,2081.16,10405.8
2025-06-10,JBL Flip 6 Bluetooth Speaker,Electronics,27,9534.05,257419.35
2025-06-10,Kuber Industries Storage Box,Home & Living,18,332.49,5984.82
2025-06-10,Lakme Absolute Foundation,Beauty,39,790.63,30834.57
2025-06-10,Levi's 511 Slim Fit Jeans,Fashion,34,2861.65,97296.1
2025-06-10,Logitech MX Keys Keyboard,Electronics,7,8156.05,57092.35
2025-06-10,Mi 10000mAh Power Bank,Electronics,18,994.0,17892.0
2025-06-10,Pigeon Aluminium Non-Stick Pan,Home & Living,27,858.72,23185.44
2025-06-10,Plum Green Tea Toner 200ml,Beauty,32,384.82,12314.24
2025-06-10,Royalford Bamboo Chopping Board,Home & Living,47,510.08,23973.76
2025-06-10,Sony WH-1000XM5 Headphones,Electronics,3,26042.65,78127.95
2025-06-10,Story@Home Blackout Curtains,Home & Living,24,1276.27,30630.48
2025-06-10,Wow Skin Science Hair Oil,Beauty,48,634.4,30451.2
2025-06-10,Zebronics ZEB-Crystal Pro Webcam,Electronics,29,1437.69,41693.01
2025-06-10,boAt Airdopes 141 TWS Earbuds,Electronics,43,1342.52,57728.36
2025-06-11,AmazonBasics Adjustable Laptop Stand,Office & Computing,33,1828.32,60334.56
2025-06-11,FabIndia Cotton Kurta,Fashion,43,1420.75,61092.25
2025-06-11,JBL Flip 6 Bluetooth Speaker,Electronics,18,10005.0,180090.0
2025-06-11,Levi's 511 Slim Fit Jeans,Fashion,44,2897.93,127508.92
2025-06-11,Milton Thermosteel Flask 1L,Home & Living,50,698.23,34911.5
2025-06-11,Minimalist 10% Niacinamide Serum,Beauty,43,411.61,17699.23
2025-06-11,Pigeon Aluminium Non-Stick Pan,Home & Living,38,909.25,34551.5
2025-06-11,Plum Green Tea Toner 200ml,Beauty,43,357.19,15359.17
2025-06-11,Portronics Table Lamp LED,Office & Computing,3,1366.81,4100.43
2025-06-11,Prestige Induction Cooktop 1200W,Home & Living,22,3028.54,66627.88
2025-06-11,Samsung Galaxy Buds3 Pro,Electronics,37,13309.68,492458.16
2025-06-11,Sony WH-1000XM5 Headphones,Electronics,32,27335.47,874735.04
2025-06-11,Syska USB Hub 4-Port,Office & Computing,4,614.21,2456.84
2025-06-11,Woodland Casual Sneakers,Fashion,10,2539.16,25391.6
2025-06-11,boAt Airdopes 141 TWS Earbuds,Electronics,14,1370.06,19180.84
2025-06-12,AmazonBasics Adjustable Laptop Stand,Office & Computing,41,1726.86,70801.26
2025-06-12,Biotique Bio Morning Nector SPF,Beauty,40,255.62,10224.8
2025-06-12,Kuber Industries Storage Box,Home & Living,44,343.21,15101.24
2025-06-12,Lakme Absolute Foundation,Beauty,43,802.55,34509.65
2025-06-12,Mi 10000mAh Power Bank,Electronics,7,1040.86,7286.02
2025-06-12,Milton Thermosteel Flask 1L,Home & Living,50,726.75,36337.5
2025-06-12,Portronics Table Lamp LED,Office & Computing,20,1376.42,27528.4
2025-06-12,Puma Classic Track Pants,Fashion,36,1890.85,68070.6
2025-06-12,Royalford Bamboo Chopping Board,Home & Living,41,526.69,21594.29
2025-06-12,Syska USB Hub 4-Port,Office & Computing,35,624.76,21866.6
2025-06-12,Woodland Casual Sneakers,Fashion,41,2535.92,103972.72
2025-06-12,Zebronics ZEB-Crystal Pro Webcam,Electronics,45,1455.53,65498.85
2025-06-13,AmazonBasics Adjustable Laptop Stand,Office & Computing,7,1861.07,13027.49
2025-06-13,Anker 65W GaN Fast Charger,Electronics,11,2555.73,28113.03
2025-06-13,Biotique Bio Morning Nector SPF,Beauty,8,260.45,2083.6
2025-06-13,FabIndia Cotton Kurta,Fashion,8,1424.35,11394.8
2025-06-13,H&M Relaxed Fit Shirt,Fashion,7,762.41,5336.87
2025-06-13,HP 65W Laptop Power Adapter,Office & Computing,10,1990.2,19902.0
2025-06-13,Logitech MX Keys Keyboard,Electronics,6,8330.2,49981.2
2025-06-13,Plum Green Tea Toner 200ml,Beauty,41,355.35,14569.35
2025-06-13,Portronics Table Lamp LED,Office & Computing,7,1293.54,9054.78
2025-06-13,Prestige Induction Cooktop 1200W,Home & Living,25,3172.3,79307.5
2025-06-13,Puma Classic Track Pants,Fashion,31,2027.39,62849.09
2025-06-13,Story@Home Blackout Curtains,Home & Living,19,1321.99,25117.81
2025-06-13,Woodland Casual Sneakers,Fashion,28,2612.51,73150.28
2025-06-13,Wow Skin Science Hair Oil,Beauty,47,585.76,27530.72
2025-06-13,boAt Airdopes 141 TWS Earbuds,Electronics,46,1228.85,56527.1
2025-06-14,Allen Solly Polo T-Shirt,Fashion,20,990.21,19804.2
2025-06-14,AmazonBasics Adjustable Laptop Stand,Office & Computing,44,1830.84,80556.96
2025-06-14,Anker 65W GaN Fast Charger,Electronics,7,2498.25,17487.75
2025-06-14,Biotique Bio Morning Nector SPF,Beauty,43,254.33,10936.19
2025-06-14,H&M Relaxed Fit Shirt,Fashion,13,754.26,9805.38
2025-06-14,HP 65W Laptop Power Adapter,Office & Computing,34,2018.19,68618.46
2025-06-14,Milton Thermosteel Flask 1L,Home & Living,14,698.93,9785.02
2025-06-14,Minimalist 10% Niacinamide Serum,Beauty,4,379.13,1516.52
2025-06-14,Portronics Table Lamp LED,Office & Computing,45,1337.58,60191.1
2025-06-14,Royalford Bamboo Chopping Board,Home & Living,43,520.36,22375.48
2025-06-14,Samsung Galaxy Buds3 Pro,Electronics,11,12728.62,140014.82
2025-06-14,Story@Home Blackout Curtains,Home & Living,8,1352.39,10819.12
2025-06-14,Syska USB Hub 4-Port,Office & Computing,40,599.0,23960.0
2025-06-14,Wow Skin Science Hair Oil,Beauty,2,607.51,1215.02
2025-06-14,Zebronics ZEB-Crystal Pro Webcam,Electronics,20,1479.66,29593.2
2025-06-15,Allen Solly Polo T-Shirt,Fashion,13,973.43,12654.59
2025-06-15,Anker 65W GaN Fast Charger,Electronics,15,2450.02,36750.3
2025-06-15,Biotique Bio Morning Nector SPF,Beauty,18,249.27,4486.86
2025-06-15,FabIndia Cotton Kurta,Fashion,26,1538.57,40002.82
2025-06-15,H&M Relaxed Fit Shirt,Fashion,43,805.23,34624.89
2025-06-15,JBL Flip 6 Bluetooth Speaker,Electronics,9,9578.04,86202.36
2025-06-15,Kuber Industries Storage Box,Home & Living,47,364.29,17121.63
2025-06-15,Levi's 511 Slim Fit Jeans,Fashion,11,3164.54,34809.94
2025-06-15,Mamaearth Vitamin C Face Wash,Beauty,14,296.01,4144.14
2025-06-15,Pigeon Aluminium Non-Stick Pan,Home & Living,18,892.89,16072.02
2025-06-15,Puma Classic Track Pants,Fashion,16,2069.36,33109.76
2025-06-15,Syska USB Hub 4-Port,Office & Computing,27,575.4,15535.8
2025-06-15,Zebronics ZEB-Crystal Pro Webcam,Electronics,9,1534.08,13806.72
2025-06-16,Allen Solly Polo T-Shirt,Fashion,15,962.04,14430.6
2025-06-16,AmazonBasics Adjustable Laptop Stand,Office & Computing,14,1846.67,25853.38
2025-06-16,Anker 65W GaN Fast Charger,Electronics,22,2566.22,56456.84
2025-06-16,Biotique Bio Morning Nector SPF,Beauty,14,252.44,3534.16
2025-06-16,FabIndia Cotton Kurta,Fashion,25,1456.28,36407.0
2025-06-16,H&M Relaxed Fit Shirt,Fashion,10,814.74,8147.4
2025-06-16,HP 65W Laptop Power Adapter,Office & Computing,15,1969.61,29544.15
2025-06-16,JBL Flip 6 Bluetooth Speaker,Electronics,12,9686.03,116232.36
2025-06-16,Kuber Industries Storage Box,Home & Living,4,362.19,1448.76
2025-06-16,Lakme Absolute Foundation,Beauty,25,793.65,19841.25
2025-06-16,Levi's 511 Slim Fit Jeans,Fashion,13,2978.91,38725.83
2025-06-16,Logitech MX Keys Keyboard,Electronics,20,8450.83,169016.6
2025-06-16,Mamaearth Vitamin C Face Wash,Beauty,23,288.56,6636.88
2025-06-16,Mi 10000mAh Power Bank,Electronics,13,1010.99,13142.87
2025-06-16,Milton Thermosteel Flask 1L,Home & Living,5,684.25,3421.25
2025-06-16,Minimalist 10% Niacinamide Serum,Beauty,21,389.42,8177.82
2025-06-16,Pigeon Aluminium Non-Stick Pan,Home & Living,25,923.09,23077.25
2025-06-16,Plum Green Tea Toner 200ml,Beauty,18,364.99,6569.82
2025-06-16,Portronics Table Lamp LED,Office & Computing,27,1315.37,35514.99
2025-06-16,Prestige Induction Cooktop 1200W,Home & Living,27,2985.42,80606.34
2025-06-16,Puma Classic Track Pants,Fashion,3,1939.03,5817.09
2025-06-16,Royalford Bamboo Chopping Board,Home & Living,14,506.88,7096.32
2025-06-16,Samsung Galaxy Buds3 Pro,Electronics,21,12789.72,268584.12
2025-06-16,Sony WH-1000XM5 Headphones,Electronics,29,27562.19,799303.51
2025-06-16,Story@Home Blackout Curtains,Home & Living,28,1265.1,35422.8
2025-06-16,Syska USB Hub 4-Port,Office & Computing,5,615.29,3076.45
2025-06-16,Woodland Casual Sneakers,Fashion,13,2425.89,31536.57
2025-06-16,Wow Skin Science Hair Oil,Beauty,7,603.19,4222.33
2025-06-16,Zebronics ZEB-Crystal Pro Webcam,Electronics,24,1487.76,35706.24
2025-06-16,boAt Airdopes 141 TWS Earbuds,Electronics,29,1306.27,37881.83
2025-06-17,Allen Solly Polo T-Shirt,Fashion,2,992.81,1985.62
2025-06-17,Biotique Bio Morning Nector SPF,Beauty,49,243.7,11941.3
2025-06-17,H&M Relaxed Fit Shirt,Fashion,37,820.57,30361.09
2025-06-17,JBL Flip 6 Bluetooth Speaker,Electronics,20,10288.97,205779.4
2025-06-17,Levi's 511 Slim Fit Jeans,Fashion,40,3121.96,124878.4
2025-06-17,Mi 10000mAh Power Bank,Electronics,43,962.94,41406.42
2025-06-17,Minimalist 10% Niacinamide Serum,Beauty,27,383.08,10343.16
2025-06-17,Plum Green Tea Toner 200ml,Beauty,15,362.18,5432.7
2025-06-17,Prestige Induction Cooktop 1200W,Home & Living,18,3115.4,56077.2
2025-06-17,Sony WH-1000XM5 Headphones,Electronics,17,26927.92,457774.64
2025-06-17,Story@Home Blackout Curtains,Home & Living,1,1375.12,1375.12
2025-06-17,Woodland Casual Sneakers,Fashion,13,2597.29,33764.77
2025-06-17,Wow Skin Science Hair Oil,Beauty,50,571.45,28572.5
2025-06-18,Biotique Bio Morning Nector SPF,Beauty,32,255.65,8180.8
2025-06-18,JBL Flip 6 Bluetooth Speaker,Electronics,13,9691.03,125983.39
2025-06-18,Lakme Absolute Foundation,Beauty,16,802.39,12838.24
2025-06-18,Levi's 511 Slim Fit Jeans,Fashion,45,2854.75,128463.75
2025-06-18,Mi 10000mAh Power Bank,Electronics,38,1052.85,40008.3
2025-06-18,Minimalist 10% Niacinamide Serum,Beauty,27,403.47,10893.69
2025-06-18,Pigeon Aluminium Non-Stick Pan,Home & Living,32,942.15,30148.8
2025-06-18,Plum Green Tea Toner 200ml,Beauty,50,369.41,18470.5
2025-06-18,Woodland Casual Sneakers,Fashion,34,2368.75,80537.5
2025-06-19,FabIndia Cotton Kurta,Fashion,19,1511.29,28714.51
2025-06-19,H&M Relaxed Fit Shirt,Fashion,46,835.99,38455.54
2025-06-19,HP 65W Laptop Power Adapter,Office & Computing,18,2017.39,36313.02
2025-06-19,JBL Flip 6 Bluetooth Speaker,Electronics,16,9706.03,155296.48
2025-06-19,Kuber Industries Storage Box,Home & Living,40,369.45,14778.0
2025-06-19,Levi's 511 Slim Fit Jeans,Fashion,18,2895.53,52119.54
2025-06-19,Mi 10000mAh Power Bank,Electronics,1,943.56,943.56
2025-06-19,Milton Thermosteel Flask 1L,Home & Living,35,689.0,24115.0
2025-06-19,Minimalist 10% Niacinamide Serum,Beauty,41,407.94,16725.54
2025-06-19,Pigeon Aluminium Non-Stick Pan,Home & Living,44,854.23,37586.12
2025-06-19,Plum Green Tea Toner 200ml,Beauty,1,369.04,369.04
2025-06-19,Prestige Induction Cooktop 1200W,Home & Living,43,3072.87,132133.41
2025-06-19,Puma Classic Track Pants,Fashion,38,2041.98,77595.24
2025-06-19,Royalford Bamboo Chopping Board,Home & Living,17,522.5,8882.5
2025-06-19,Sony WH-1000XM5 Headphones,Electronics,34,25394.89,863426.26
2025-06-19,Story@Home Blackout Curtains,Home & Living,11,1252.5,13777.5
2025-06-19,Syska USB Hub 4-Port,Office & Computing,50,587.62,29381.0
2025-06-19,boAt Airdopes 141 TWS Earbuds,Electronics,26,1347.84,35043.84
2025-06-20,H&M Relaxed Fit Shirt,Fashion,50,782.46,39123.0
2025-06-20,HP 65W Laptop Power Adapter,Office & Computing,15,1921.04,28815.6
2025-06-20,JBL Flip 6 Bluetooth Speaker,Electronics,16,9485.05,151760.8
2025-06-20,Kuber Industries Storage Box,Home & Living,46,354.93,16326.78
2025-06-20,Levi's 511 Slim Fit Jeans,Fashion,2,3135.45,6270.9
2025-06-20,Logitech MX Keys Keyboard,Electronics,30,8043.92,241317.6
2025-06-20,Mamaearth Vitamin C Face Wash,Beauty,36,283.21,10195.56
2025-06-20,Mi 10000mAh Power Bank,Electronics,37,1029.17,38079.29
2025-06-20,Minimalist 10% Niacinamide Serum,Beauty,22,400.0,8800.0
2025-06-20,Pigeon Aluminium Non-Stick Pan,Home & Living,35,873.38,30568.3
2025-06-20,Puma Classic Track Pants,Fashion,41,2039.98,83639.18
2025-06-20,Story@Home Blackout Curtains,Home & Living,33,1310.95,43261.35
2025-06-20,Syska USB Hub 4-Port,Office & Computing,9,593.97,5345.73
2025-06-20,Zebronics ZEB-Crystal Pro Webcam,Electronics,3,1426.0,4278.0
2025-06-21,Anker 65W GaN Fast Charger,Electronics,11,2379.05,26169.55
2025-06-21,HP 65W Laptop Power Adapter,Office & Computing,45,1967.42,88533.9
2025-06-21,JBL Flip 6 Bluetooth Speaker,Electronics,9,10237.98,92141.82
2025-06-21,Kuber Industries Storage Box,Home & Living,22,355.49,7820.78
2025-06-21,Lakme Absolute Foundation,Beauty,29,777.51,22547.79
2025-06-21,Levi's 511 Slim Fit Jeans,Fashion,32,3137.25,100392.0
2025-06-21,Logitech MX Keys Keyboard,Electronics,19,8462.72,160791.68
2025-06-21,Mamaearth Vitamin C Face Wash,Beauty,16,310.9,4974.4
2025-06-21,Minimalist 10% Niacinamide Serum,Beauty,42,420.23,17649.66
2025-06-21,Pigeon Aluminium Non-Stick Pan,Home & Living,18,908.26,16348.68
2025-06-21,Plum Green Tea Toner 200ml,Beauty,39,390.82,15241.98
2025-06-21,Prestige Induction Cooktop 1200W,Home & Living,46,3098.03,142509.38
2025-06-21,Puma Classic Track Pants,Fashion,33,1894.05,62503.65
2025-06-21,Sony WH-1000XM5 Headphones,Electronics,16,27958.94,447343.04
2025-06-21,Story@Home Blackout Curtains,Home & Living,8,1231.32,9850.56
2025-06-21,Zebronics ZEB-Crystal Pro Webcam,Electronics,22,1563.76,34402.72
2025-06-22,AmazonBasics Adjustable Laptop Stand,Office & Computing,35,1844.87,64570.45
2025-06-22,Anker 65W GaN Fast Charger,Electronics,9,2368.3,21314.7
2025-06-22,FabIndia Cotton Kurta,Fashion,7,1532.73,10729.11
2025-06-22,HP 65W Laptop Power Adapter,Office & Computing,43,2038.98,87676.14
2025-06-22,JBL Flip 6 Bluetooth Speaker,Electronics,50,10204.98,510249.0
2025-06-22,Logitech MX Keys Keyboard,Electronics,40,8274.98,330999.2
2025-06-22,Milton Thermosteel Flask 1L,Home & Living,23,657.9,15131.7
2025-06-22,Pigeon Aluminium Non-Stick Pan,Home & Living,16,906.55,14504.8
2025-06-22,Prestige Induction Cooktop 1200W,Home & Living,35,3048.61,106701.35
2025-06-22,Puma Classic Track Pants,Fashion,38,2013.19,76501.22
2025-06-22,Royalford Bamboo Chopping Board,Home & Living,44,519.16,22843.04
2025-06-22,Wow Skin Science Hair Oil,Beauty,13,607.87,7902.31
2025-06-23,Allen Solly Polo T-Shirt,Fashion,7,962.54,6737.78
2025-06-23,AmazonBasics Adjustable Laptop Stand,Office & Computing,4,1800.62,7202.48
2025-06-23,Anker 65W GaN Fast Charger,Electronics,19,2516.49,47813.31
2025-06-23,Biotique Bio Morning Nector SPF,Beauty,5,251.66,1258.3
2025-06-23,FabIndia Cotton Kurta,Fashion,20,1500.05,30001.0
2025-06-23,H&M Relaxed Fit Shirt,Fashion,8,788.29,6306.32
2025-06-23,HP 65W Laptop Power Adapter,Office & Computing,16,2038.18,32610.88
2025-06-23,JBL Flip 6 Bluetooth Speaker,Electronics,8,9976.0,79808.0
2025-06-23,Kuber Industries Storage Box,Home & Living,8,338.81,2710.48
2025-06-23,Lakme Absolute Foundation,Beauty,8,807.48,6459.84
2025-06-23,Levi's 511 Slim Fit Jeans,Fashion,4,2954.01,11816.04
2025-06-23,Logitech MX Keys Keyboard,Electronics,24,8689.54,208548.96
2025-06-23,Mamaearth Vitamin C Face Wash,Beauty,2,309.41,618.82
2025-06-23,Mi 10000mAh Power Bank,Electronics,28,985.31,27588.68
2025-06-23,Milton Thermosteel Flask 1L,Home & Living,9,718.64,6467.76
2025-06-23,Minimalist 10% Niacinamide Serum,Beauty,10,393.29,3932.9
2025-06-23,Pigeon Aluminium Non-Stick Pan,Home & Living,22,909.34,20005.48
2025-06-23,Plum Green Tea Toner 200ml,Beauty,10,364.2,3642.0
2025-06-23,Portronics Table Lamp LED,Office & Computing,18,1265.88,22785.84
2025-06-23,Prestige Induction Cooktop 1200W,Home & Living,4,3098.03,12392.12
2025-06-23,Puma Classic Track Pants,Fashion,11,2021.79,22239.69
2025-06-23,Royalford Bamboo Chopping Board,Home & Living,24,515.97,12383.28
2025-06-23,Samsung Galaxy Buds3 Pro,Electronics,21,13006.8,273142.8
2025-06-23,Sony WH-1000XM5 Headphones,Electronics,13,26941.42,350238.46
2025-06-23,Story@Home Blackout Curtains,Home & Living,8,1308.61,10468.88
2025-06-23,Syska USB Hub 4-Port,Office & Computing,23,612.6,14089.8
2025-06-23,Woodland Casual Sneakers,Fashion,6,2561.12,15366.72
2025-06-23,Wow Skin Science Hair Oil,Beauty,25,614.39,15359.75
2025-06-23,Zebronics ZEB-Crystal Pro Webcam,Electronics,18,1530.03,27540.54
2025-06-23,boAt Airdopes 141 TWS Earbuds,Electronics,19,1308.87,24868.53
2025-06-24,FabIndia Cotton Kurta,Fashion,1,1557.31,1557.31
2025-06-24,H&M Relaxed Fit Shirt,Fashion,23,764.08,17573.84
2025-06-24,JBL Flip 6 Bluetooth Speaker,Electronics,35,9919.01,347165.35
2025-06-24,Kuber Industries Storage Box,Home & Living,4,353.5,1414.0
2025-06-24,Lakme Absolute Foundation,Beauty,21,819.88,17217.48
2025-06-24,Mamaearth Vitamin C Face Wash,Beauty,13,310.93,4042.09
2025-06-24,Minimalist 10% Niacinamide Serum,Beauty,50,384.36,19218.0
2025-06-24,Pigeon Aluminium Non-Stick Pan,Home & Living,39,849.64,33135.96
2025-06-24,Portronics Table Lamp LED,Office & Computing,44,1276.14,56150.16
2025-06-24,Royalford Bamboo Chopping Board,Home & Living,45,513.32,23099.4
2025-06-24,Story@Home Blackout Curtains,Home & Living,13,1373.17,17851.21
2025-06-24,Woodland Casual Sneakers,Fashion,12,2438.36,29260.32
2025-06-25,Anker 65W GaN Fast Charger,Electronics,30,2473.01,74190.3
2025-06-25,Biotique Bio Morning Nector SPF,Beauty,40,261.75,10470.0
2025-06-25,FabIndia Cotton Kurta,Fashion,14,1427.8,19989.2
2025-06-25,H&M Relaxed Fit Shirt,Fashion,17,839.83,14277.11
2025-06-25,Kuber Industries Storage Box,Home & Living,32,356.43,11405.76
2025-06-25,Logitech MX Keys Keyboard,Electronics,31,8723.52,270429.12
2025-06-25,Mamaearth Vitamin C Face Wash,Beauty,41,289.07,11851.87
2025-06-25,Milton Thermosteel Flask 1L,Home & Living,39,689.91,26906.49
2025-06-25,Pigeon Aluminium Non-Stick Pan,Home & Living,29,901.43,26141.47
2025-06-25,Plum Green Tea Toner 200ml,Beauty,24,363.23,8717.52
2025-06-25,Royalford Bamboo Chopping Board,Home & Living,29,524.9,15222.1
2025-06-25,Samsung Galaxy Buds3 Pro,Electronics,1,12728.62,12728.62
2025-06-25,Sony WH-1000XM5 Headphones,Electronics,45,26058.85,1172648.25
2025-06-25,Story@Home Blackout Curtains,Home & Living,1,1261.85,1261.85
2025-06-25,Syska USB Hub 4-Port,Office & Computing,50,627.27,31363.5
2025-06-25,Zebronics ZEB-Crystal Pro Webcam,Electronics,27,1417.3,38267.1
2025-06-26,Allen Solly Polo T-Shirt,Fashion,20,974.02,19480.4
2025-06-26,Anker 65W GaN Fast Charger,Electronics,46,2384.8,109700.8
2025-06-26,HP 65W Laptop Power Adapter,Office & Computing,16,2010.99,32175.84
2025-06-26,Logitech MX Keys Keyboard,Electronics,38,8448.28,321034.64
2025-06-26,Mamaearth Vitamin C Face Wash,Beauty,5,299.69,1498.45
2025-06-26,Mi 10000mAh Power Bank,Electronics,31,1037.06,32148.86
2025-06-26,Plum Green Tea Toner 200ml,Beauty,44,369.15,16242.6
2025-06-26,Portronics Table Lamp LED,Office & Computing,36,1290.43,46455.48
2025-06-26,Prestige Induction Cooktop 1200W,Home & Living,29,3010.87,87315.23
2025-06-26,Sony WH-1000XM5 Headphones,Electronics,40,26541.97,1061678.8
2025-06-26,Syska USB Hub 4-Port,Office & Computing,25,628.05,15701.25
2025-06-26,Zebronics ZEB-Crystal Pro Webcam,Electronics,6,1461.67,8770.02
2025-06-27,Allen Solly Polo T-Shirt,Fashion,26,942.66,24509.16
2025-06-27,Anker 65W GaN Fast Charger,Electronics,18,2418.53,43533.54
2025-06-27,Biotique Bio Morning Nector SPF,Beauty,9,261.65,2354.85
2025-06-27,HP 65W Laptop Power Adapter,Office & Computing,38,2094.75,79600.5
2025-06-27,JBL Flip 6 Bluetooth Speaker,Electronics,35,9840.02,344400.7
2025-06-27,Kuber Industries Storage Box,Home & Living,13,363.48,4725.24
2025-06-27,Lakme Absolute Foundation,Beauty,4,823.62,3294.48
2025-06-27,Levi's 511 Slim Fit Jeans,Fashion,32,2927.02,93664.64
2025-06-27,Mamaearth Vitamin C Face Wash,Beauty,28,288.59,8080.52
2025-06-27,Mi 10000mAh Power Bank,Electronics,8,1052.25,8418.0
2025-06-27,Milton Thermosteel Flask 1L,Home & Living,20,735.84,14716.8
2025-06-27,Pigeon Aluminium Non-Stick Pan,Home & Living,12,939.72,11276.64
2025-06-27,Plum Green Tea Toner 200ml,Beauty,49,358.8,17581.2
2025-06-27,Portronics Table Lamp LED,Office & Computing,19,1328.49,25241.31
2025-06-27,Prestige Induction Cooktop 1200W,Home & Living,7,2938.39,20568.73
2025-06-27,Story@Home Blackout Curtains,Home & Living,41,1357.58,55660.78
2025-06-27,Syska USB Hub 4-Port,Office & Computing,36,601.22,21643.92
2025-06-27,Woodland Casual Sneakers,Fashion,39,2399.69,93587.91
2025-06-27,Zebronics ZEB-Crystal Pro Webcam,Electronics,2,1452.23,2904.46
2025-06-28,Anker 65W GaN Fast Charger,Electronics,2,2431.53,4863.06
2025-06-28,Biotique Bio Morning Nector SPF,Beauty,42,247.63,10400.46
2025-06-28,FabIndia Cotton Kurta,Fashion,16,1434.69,22955.04
2025-06-28,Lakme Absolute Foundation,Beauty,26,819.49,21306.74
2025-06-28,Logitech MX Keys Keyboard,Electronics,12,8188.33,98259.96
2025-06-28,Mamaearth Vitamin C Face Wash,Beauty,50,315.03,15751.5
2025-06-28,Mi 10000mAh Power Bank,Electronics,35,1044.45,36555.75
2025-06-28,Pigeon Aluminium Non-Stick Pan,Home & Living,44,928.4,40849.6
2025-06-28,Puma Classic Track Pants,Fashion,28,2110.34,59089.52
2025-06-28,Royalford Bamboo Chopping Board,Home & Living,25,521.16,13029.0
2025-06-28,Samsung Galaxy Buds3 Pro,Electronics,21,12264.56,257555.76
2025-06-28,Woodland Casual Sneakers,Fashion,44,2502.24,110098.56
2025-06-28,Wow Skin Science Hair Oil,Beauty,39,626.43,24430.77
2025-06-29,Allen Solly Polo T-Shirt,Fashion,45,987.01,44415.45
2025-06-29,H&M Relaxed Fit Shirt,Fashion,29,835.75,24236.75
2025-06-29,HP 65W Laptop Power Adapter,Office & Computing,19,1987.41,37760.79
2025-06-29,JBL Flip 6 Bluetooth Speaker,Electronics,25,10218.98,255474.5
2025-06-29,Logitech MX Keys Keyboard,Electronics,17,8867.93,150754.81
2025-06-29,Mi 10000mAh Power Bank,Electronics,29,1022.58,29654.82
2025-06-29,Milton Thermosteel Flask 1L,Home & Living,8,691.1,5528.8
2025-06-29,Minimalist 10% Niacinamide Serum,Beauty,42,406.9,17089.8
2025-06-29,Pigeon Aluminium Non-Stick Pan,Home & Living,49,942.69,46191.81
2025-06-29,Plum Green Tea Toner 200ml,Beauty,36,367.8,13240.8
2025-06-29,Portronics Table Lamp LED,Office & Computing,39,1271.07,49571.73
2025-06-29,Prestige Induction Cooktop 1200W,Home & Living,50,3132.47,156623.5
2025-06-29,Royalford Bamboo Chopping Board,Home & Living,22,512.32,11271.04
2025-06-29,Woodland Casual Sneakers,Fashion,32,2413.41,77229.12
2025-06-29,Wow Skin Science Hair Oil,Beauty,15,590.73,8860.95
2025-06-29,boAt Airdopes 141 TWS Earbuds,Electronics,45,1244.83,56017.35
2025-06-30,Allen Solly Polo T-Shirt,Fashion,7,1029.87,7209.09
2025-06-30,AmazonBasics Adjustable Laptop Stand,Office & Computing,20,1743.95,34879.0
2025-06-30,Anker 65W GaN Fast Charger,Electronics,1,2598.96,2598.96
2025-06-30,Biotique Bio Morning Nector SPF,Beauty,8,244.07,1952.56
2025-06-30,FabIndia Cotton Kurta,Fashion,17,1443.84,24545.28
2025-06-30,H&M Relaxed Fit Shirt,Fashion,6,771.91,4631.46
2025-06-30,HP 65W Laptop Power Adapter,Office & Computing,1,1935.43,1935.43
2025-06-30,JBL Flip 6 Bluetooth Speaker,Electronics,20,10305.97,206119.4
2025-06-30,Kuber Industries Storage Box,Home & Living,24,347.39,8337.36
2025-06-30,Lakme Absolute Foundation,Beauty,23,776.24,17853.52
2025-06-30,Levi's 511 Slim Fit Jeans,Fashion,11,3038.59,33424.49
2025-06-30,Logitech MX Keys Keyboard,Electronics,14,8567.21,119940.94
2025-06-30,Mamaearth Vitamin C Face Wash,Beauty,3,310.63,931.89
2025-06-30,Mi 10000mAh Power Bank,Electronics,22,1027.67,22608.74
2025-06-30,Milton Thermosteel Flask 1L,Home & Living,30,715.85,21475.5
2025-06-30,Minimalist 10% Niacinamide Serum,Beauty,21,384.92,8083.32
2025-06-30,Pigeon Aluminium Non-Stick Pan,Home & Living,10,913.29,9132.9
2025-06-30,Plum Green Tea Toner 200ml,Beauty,11,385.28,4238.08
2025-06-30,Portronics Table Lamp LED,Office & Computing,4,1296.01,5184.04
2025-06-30,Prestige Induction Cooktop 1200W,Home & Living,6,2980.92,17885.52
2025-06-30,Puma Classic Track Pants,Fashion,15,1993.6,29904.0
2025-06-30,Royalford Bamboo Chopping Board,Home & Living,18,489.62,8813.16
2025-06-30,Samsung Galaxy Buds3 Pro,Electronics,7,12637.63,88463.41
2025-06-30,Sony WH-1000XM5 Headphones,Electronics,12,26555.46,318665.52
2025-06-30,Story@Home Blackout Curtains,Home & Living,26,1323.68,34415.68
2025-06-30,Syska USB Hub 4-Port,Office & Computing,7,611.16,4278.12
2025-06-30,Woodland Casual Sneakers,Fashion,25,2519.95,62998.75
2025-06-30,Wow Skin Science Hair Oil,Beauty,27,594.15,16042.05
2025-06-30,Zebronics ZEB-Crystal Pro Webcam,Electronics,23,1496.15,34411.45
2025-06-30,boAt Airdopes 141 TWS Earbuds,Electronics,20,1255.61,25112.2
